timestamp,co2_ppm,rh_pct,temp_in_c,temp_out_c,light_lux,presence,co2_age_min,rh_age_min,temp_in_age_min,temp_out_age_min,light_age_min
2020-05-01 15:15:00,557.44,43.73,20.88,6.65,10.0,0,5.88,3.72,1.22,1.33,25.87
2020-05-01 15:30:00,523.95,43.0,20.98,7.01,9.0,0,1.88,18.72,16.22,1.15,0.02
2020-05-01 15:45:00,528.28,42.47,21.21,7.15,1.33,1,1.87,0.2,3.2,5.07,2.5
2020-05-01 16:00:00,596.1,42.07,21.61,7.16,1.33,1,2.85,0.18,2.18,6.2,0.5
2020-05-01 16:15:00,581.5,42.0,20.94,6.97,4.67,1,0.85,0.18,0.17,8.77,4.98
2020-05-01 16:30:00,657.81,42.07,21.47,6.87,0.0,1,0.33,13.02,1.17,6.7,19.98
2020-05-01 16:45:00,733.57,41.33,21.93,6.91,0.0,1,0.33,8.0,2.15,1.1,34.98
2020-05-01 17:00:00,797.48,41.07,22.2,7.04,0.0,1,9.32,12.98,5.48,2.58,49.98
2020-05-01 17:15:00,846.51,41.0,22.41,7.14,4.67,1,2.98,27.98,3.63,17.58,4.62
2020-05-01 17:30:00,789.8,40.13,22.55,7.14,3.73,1,6.97,12.47,4.63,32.58,10.12
2020-05-01 17:45:00,783.87,39.4,22.78,7.14,0.0,1,0.12,3.45,7.12,47.58,25.12
2020-05-01 18:00:00,635.67,38.13,22.84,7.14,0.0,1,4.62,11.28,22.12,62.58,40.12
2020-05-01 18:15:00,592.55,38.13,22.45,7.14,0.0,1,1.6,0.43,1.1,77.58,55.12
2020-05-01 18:30:00,518.17,40.07,21.7,7.15,0.0,1,0.6,0.42,4.58,0.5,70.12
2020-05-01 18:45:00,640.15,40.2,21.96,7.22,0.0,1,10.25,7.42,5.92,5.47,85.12
2020-05-01 19:00:00,721.88,40.8,22.11,7.14,0.0,1,0.57,8.4,13.08,20.47,100.12
2020-05-01 19:15:00,765.65,40.87,22.15,7.14,0.0,1,4.57,0.4,3.07,35.47,115.12
2020-05-01 19:30:00,695.59,40.0,22.24,7.14,0.0,1,1.57,15.4,18.07,50.47,130.12
2020-05-01 19:45:00,681.43,40.0,22.26,7.14,0.0,1,4.55,30.4,2.22,65.47,145.12
2020-05-01 20:00:00,689.28,38.93,22.34,7.14,0.0,1,5.55,6.03,17.22,80.47,160.12
2020-05-01 20:15:00,658.47,38.0,22.34,7.14,0.0,1,3.53,21.03,32.22,95.47,175.12
2020-05-01 20:30:00,641.17,38.0,22.42,7.05,0.0,1,5.52,36.03,11.18,10.55,190.12
2020-05-01 20:45:00,643.5,38.8,22.44,7.02,0.0,1,0.02,3.52,26.18,25.55,205.12
2020-05-01 21:00:00,871.13,40.2,22.44,7.02,0.0,1,0.33,0.5,41.18,40.55,220.12
2020-05-01 21:15:00,704.0,41.67,22.48,6.99,0.0,1,4.5,4.5,5.82,2.3,235.12
2020-05-01 21:30:00,689.92,41.0,22.54,6.89,0.0,1,19.5,19.5,20.82,17.3,250.12
2020-05-01 21:45:00,726.36,40.47,22.54,6.89,0.0,1,0.47,6.98,35.82,32.3,265.12
2020-05-01 22:00:00,720.77,40.0,22.54,6.81,0.0,1,5.47,0.13,50.82,9.62,280.12
2020-05-01 22:15:00,698.07,38.67,22.54,6.77,0.0,1,0.45,9.62,65.82,24.62,295.12
2020-05-01 22:30:00,657.05,38.0,22.54,6.77,0.0,1,1.45,24.62,80.82,39.62,310.12
2020-05-01 22:45:00,658.05,38.0,22.54,6.67,0.0,0,2.43,39.62,95.82,11.18,325.12
2020-05-01 23:00:00,655.83,38.67,22.45,6.64,0.0,1,1.6,0.42,12.93,26.18,340.12
2020-05-01 23:15:00,667.26,39.87,22.44,6.64,0.0,1,1.58,10.42,27.93,41.18,355.12
2020-05-01 23:30:00,653.76,39.87,22.52,6.64,0.0,1,16.58,10.92,11.92,56.18,370.12
2020-05-01 23:45:00,653.76,40.0,22.54,6.64,0.0,1,31.58,25.92,26.92,71.18,385.12
2020-05-02 00:00:00,655.51,40.0,22.54,6.65,0.0,1,1.55,40.92,41.92,0.52,400.12
2020-05-02 00:15:00,673.54,40.0,22.54,6.77,0.0,1,5.55,13.72,56.92,15.52,415.12
2020-05-02 00:30:00,670.95,39.87,22.54,6.79,0.0,1,1.53,10.37,71.92,1.1,430.12
2020-05-02 00:45:00,659.37,40.0,22.54,6.89,0.0,1,0.52,10.03,86.92,16.1,445.12
2020-05-02 01:00:00,662.53,39.73,22.54,6.94,0.0,0,2.52,0.02,101.92,5.22,460.12
2020-05-02 01:15:00,641.92,39.33,22.54,7.02,0.0,0,17.52,0.5,116.92,20.22,475.12
2020-05-02 01:30:00,607.3,38.13,22.54,7.02,0.0,1,0.83,5.67,131.92,35.22,490.12
2020-05-02 01:45:00,584.28,39.0,22.54,7.02,0.0,1,1.82,2.48,146.92,50.22,505.12
2020-05-02 02:00:00,622.12,40.0,22.54,7.08,0.0,1,0.82,14.48,161.92,6.4,520.12
2020-05-02 02:15:00,651.09,39.6,22.54,7.14,0.0,1,1.8,2.13,176.92,21.4,535.12
2020-05-02 02:30:00,671.91,38.0,22.54,7.1,0.0,1,3.3,17.13,191.92,4.1,550.12
2020-05-02 02:45:00,659.52,38.0,22.54,6.95,0.0,0,2.28,32.13,206.92,7.52,565.12
2020-05-02 03:00:00,644.46,37.87,22.54,6.83,0.0,1,1.28,6.95,221.92,6.57,580.12
2020-05-02 03:15:00,630.85,37.67,22.6,6.67,0.0,1,3.27,4.93,5.93,10.27,595.12
2020-05-02 03:30:00,624.41,37.73,22.68,6.67,0.0,1,0.25,10.93,20.93,2.82,610.12
2020-05-02 03:45:00,658.22,37.33,22.68,6.86,0.0,1,2.08,9.92,35.93,10.17,625.12
2020-05-02 04:00:00,669.03,36.87,22.68,7.01,2.67,1,0.07,0.73,50.93,3.43,3.05
2020-05-02 04:15:00,631.04,36.07,22.68,7.24,10.0,0,0.73,10.73,65.93,11.9,18.05
2020-05-02 04:30:00,565.44,36.0,22.68,7.38,10.0,0,7.72,25.73,80.93,2.43,33.05
2020-05-02 04:45:00,557.76,36.0,22.68,7.54,15.13,1,22.72,40.73,95.93,1.32,0.02
2020-05-02 05:00:00,550.68,36.0,22.7,7.64,42.33,1,3.7,55.73,2.87,16.32,2.18
2020-05-02 05:15:00,532.27,35.0,22.83,7.66,412.38,1,2.7,14.7,0.02,2.03,0.17
2020-05-02 05:30:00,483.86,35.67,22.29,7.82,834.18,1,10.68,9.68,6.18,2.98,0.15
2020-05-02 05:45:00,471.25,36.0,21.95,8.07,712.48,1,12.68,24.68,3.33,2.47,0.15
2020-05-02 06:00:00,469.76,36.0,21.51,8.11,672.19,1,27.68,39.68,4.67,11.82,0.13
2020-05-02 06:15:00,469.76,36.0,21.18,8.2,633.0,1,42.68,54.68,0.65,4.85,0.13
2020-05-02 06:30:00,491.43,36.33,21.32,8.46,559.23,1,1.82,9.65,0.82,0.15,1.62
2020-05-02 06:45:00,517.8,35.73,21.92,8.74,192.9,1,6.82,3.63,4.13,1.7,1.62
2020-05-02 07:00:00,540.74,35.0,22.23,8.7,251.23,1,5.8,18.63,1.12,0.22,0.27
2020-05-02 07:15:00,560.75,34.53,22.41,8.82,217.63,1,7.8,6.95,5.12,0.53,0.27
2020-05-02 07:30:00,566.72,34.0,22.56,8.8,241.69,1,22.8,21.95,0.6,3.15,0.25
2020-05-02 07:45:00,571.97,34.0,22.81,9.01,429.24,1,1.77,36.95,1.1,0.08,0.75
2020-05-02 08:00:00,678.31,34.07,23.13,9.08,349.42,1,1.25,4.92,0.08,1.5,0.23
2020-05-02 08:15:00,665.64,34.07,23.42,9.45,654.21,1,6.25,13.92,3.58,0.22,1.22
2020-05-02 08:30:00,630.4,33.53,23.6,9.67,438.29,1,0.23,6.9,11.9,0.77,0.22
2020-05-02 08:45:00,583.57,33.0,23.68,9.73,405.55,1,1.57,21.9,7.88,0.68,0.7
2020-05-02 09:00:00,533.8,31.8,23.85,9.75,597.12,0,7.55,8.22,4.88,2.33,0.35
2020-05-02 09:15:00,488.58,31.0,24.05,10.38,343.35,0,10.22,23.22,13.05,0.23,0.35
2020-05-02 09:30:00,483.84,31.0,24.06,9.88,355.07,0,25.22,38.22,28.05,0.78,0.33
2020-05-02 09:45:00,475.16,30.4,24.15,10.42,186.95,0,10.2,3.18,13.02,3.07,4.33
2020-05-02 10:00:00,465.17,30.87,24.16,10.38,206.64,0,9.18,0.17,28.02,0.18,0.32
2020-05-02 10:15:00,461.76,30.0,24.16,10.5,187.14,0,24.18,14.17,43.02,1.52,0.82
2020-05-02 10:30:00,454.72,30.0,24.16,10.87,207.91,0,3.15,29.17,58.02,0.13,0.8
2020-05-02 10:45:00,454.72,30.0,24.16,11.13,262.43,0,18.15,44.17,73.02,1.32,2.47
2020-05-02 11:00:00,454.72,30.0,24.16,11.6,298.85,0,33.15,59.17,88.02,2.48,0.45
2020-05-02 11:15:00,449.64,30.0,24.22,11.73,323.89,0,3.3,74.17,8.13,0.02,1.95
2020-05-02 11:30:00,454.72,29.73,24.26,12.05,224.68,0,18.3,0.95,23.13,1.35,1.43
2020-05-02 11:45:00,447.49,29.0,24.33,11.82,230.17,0,8.28,15.95,10.1,0.4,0.42
2020-05-02 12:00:00,451.84,29.0,24.36,13.03,218.08,0,23.28,30.95,25.1,0.03,2.42
2020-05-02 12:15:00,451.84,29.0,24.36,12.45,100.6,0,38.28,45.95,40.1,0.27,6.4
2020-05-02 12:30:00,445.72,29.0,24.25,11.97,95.08,0,6.25,60.95,0.07,0.73,0.88
2020-05-02 12:45:00,448.96,29.0,24.16,12.06,101.75,0,14.25,75.95,15.07,0.22,1.55
2020-05-02 13:00:00,448.96,29.0,24.14,13.42,120.74,0,29.25,90.95,2.05,0.15,0.03
2020-05-02 13:15:00,448.96,29.0,24.06,13.78,111.61,0,44.25,105.95,17.05,0.0,0.53
2020-05-02 13:30:00,459.07,29.47,24.06,13.19,79.01,1,0.2,5.87,32.05,1.65,3.02
2020-05-02 13:45:00,480.02,30.6,23.76,13.64,87.82,1,5.2,1.87,0.52,0.82,1.5
2020-05-02 14:00:00,477.85,30.2,23.89,14.28,79.0,1,4.18,11.85,10.52,0.02,16.5
2020-05-02 14:15:00,476.44,29.53,23.83,14.74,71.8,1,1.18,0.33,9.52,0.15,8.0
2020-05-02 14:30:00,490.71,29.47,23.67,14.54,64.33,1,1.17,7.33,0.33,1.68,3.48
2020-05-02 14:45:00,564.03,29.93,23.48,13.47,52.33,1,5.17,13.33,15.33,0.18,6.13
2020-05-02 15:00:00,597.76,30.0,23.48,13.18,47.0,1,14.17,28.33,30.33,0.02,21.13
2020-05-02 15:15:00,610.01,30.0,23.48,13.14,47.0,1,13.98,43.33,45.33,0.27,36.13
2020-05-02 15:30:00,617.98,30.0,23.48,13.09,47.0,1,8.97,58.33,60.33,1.28,51.13
2020-05-02 15:45:00,644.27,30.13,23.48,12.98,32.73,1,4.97,4.62,75.33,1.72,5.6
2020-05-02 16:00:00,644.78,30.0,23.48,12.49,26.0,1,7.95,19.62,90.33,0.58,20.6
2020-05-02 16:15:00,647.32,30.13,23.48,11.96,26.0,1,13.95,0.6,105.33,2.45,35.6
2020-05-02 16:30:00,648.0,30.93,23.48,11.79,24.67,1,28.95,13.6,120.33,1.37,1.73
2020-05-02 16:45:00,609.45,33.53,23.43,11.93,16.0,1,3.92,0.42,7.58,4.6,16.73
2020-05-02 17:00:00,673.17,39.73,23.45,11.78,16.0,1,1.92,0.9,9.57,2.62,31.73
2020-05-02 17:15:00,581.38,35.6,23.48,11.59,4.27,1,4.9,7.57,24.57,4.08,10.72
2020-05-02 17:30:00,542.72,34.53,23.57,11.54,0.0,1,19.9,4.55,13.72,12.4,25.72
2020-05-02 17:45:00,538.13,33.8,23.58,11.22,0.0,1,1.88,0.72,28.72,1.4,40.72
2020-05-02 18:00:00,503.38,33.0,23.58,10.65,0.0,1,1.38,15.72,43.72,1.03,55.72
2020-05-02 18:15:00,478.31,31.4,23.5,10.12,0.0,1,7.37,11.87,11.87,2.45,70.72
2020-05-02 18:30:00,505.43,33.0,23.41,9.98,0.0,1,1.52,13.18,10.02,2.38,85.72
2020-05-02 18:45:00,583.36,33.6,23.38,9.94,0.0,1,6.52,8.18,25.02,7.53,100.72
2020-05-02 19:00:00,594.88,33.2,23.41,9.95,0.0,1,21.52,1.17,4.0,3.32,115.72
2020-05-02 19:15:00,599.57,33.0,23.51,9.93,0.0,1,4.0,16.17,3.32,3.57,130.72
2020-05-02 19:30:00,600.77,33.0,23.58,9.88,0.0,1,11.98,31.17,18.32,14.08,145.72
2020-05-02 19:45:00,597.27,33.0,23.58,9.78,0.0,1,1.97,46.17,33.32,12.13,160.72
2020-05-02 20:00:00,591.51,33.0,23.58,9.69,0.0,1,6.97,61.17,48.32,0.33,175.72
2020-05-02 20:15:00,604.8,33.0,23.58,9.3,0.0,1,21.97,76.17,63.32,2.22,190.72
2020-05-02 20:30:00,614.83,33.47,23.57,9.13,0.0,1,9.95,2.1,0.27,0.28,205.72
2020-05-02 20:45:00,600.06,33.0,23.48,9.06,0.0,1,7.93,14.1,15.27,15.28,220.72
2020-05-02 21:00:00,578.11,33.53,23.48,9.13,0.0,1,2.92,7.08,30.27,1.12,235.72
2020-05-02 21:15:00,611.22,33.8,23.51,9.08,0.0,1,6.92,2.07,2.23,6.18,250.72
2020-05-02 21:30:00,515.09,32.87,23.44,8.99,0.0,1,5.4,6.9,4.57,3.55,265.72
2020-05-02 21:45:00,529.22,33.8,23.22,8.96,0.0,1,9.4,11.88,19.57,4.6,280.72
2020-05-02 22:00:00,540.69,34.0,23.22,8.86,0.0,1,1.38,26.88,34.57,2.3,295.72
2020-05-02 22:15:00,569.92,34.53,23.22,8.87,0.0,1,16.38,4.03,49.57,10.07,310.72
2020-05-02 22:30:00,575.89,35.0,23.22,8.9,0.0,1,6.37,19.03,64.57,7.3,325.72
2020-05-02 22:45:00,592.23,35.2,23.22,8.78,0.0,1,2.35,7.18,79.57,7.95,340.72
2020-05-02 23:00:00,595.9,35.0,23.22,8.72,0.0,1,10.35,22.18,94.57,22.95,355.72
2020-05-02 23:15:00,581.08,35.0,23.22,8.72,0.0,0,10.5,37.18,109.57,37.95,370.72
2020-05-02 23:30:00,570.45,35.0,23.22,8.72,0.0,1,9.5,52.18,124.57,52.95,385.72
2020-05-02 23:45:00,566.72,35.0,23.22,8.55,0.0,1,24.5,67.18,139.57,2.3,400.72
2020-05-03 00:00:00,568.87,35.0,23.22,8.42,0.0,1,4.47,82.18,154.57,9.2,415.72
2020-05-03 00:15:00,573.29,35.0,23.14,8.31,0.0,1,12.47,97.18,9.95,2.73,430.72
2020-05-03 00:30:00,558.83,35.0,23.1,8.13,0.0,0,4.45,112.18,24.95,17.73,445.72
2020-05-03 00:45:00,561.17,35.0,23.1,8.07,0.0,1,9.45,127.18,39.95,1.33,460.72
2020-05-03 01:00:00,564.8,35.0,23.1,8.0,0.0,1,24.45,142.18,54.95,6.33,475.72
2020-05-03 01:15:00,565.8,35.0,23.1,7.81,0.0,1,0.43,157.18,69.95,8.33,490.72
2020-05-03 01:30:00,576.21,35.0,23.1,7.7,0.0,1,4.42,172.18,84.95,6.55,505.72
2020-05-03 01:45:00,565.61,35.0,23.1,7.76,0.0,1,5.42,187.18,99.95,2.05,520.72
2020-05-03 02:00:00,569.92,35.0,23.1,7.94,0.0,1,20.42,202.18,114.95,5.23,535.72
2020-05-03 02:15:00,560.21,35.0,23.1,8.07,0.0,1,12.4,217.18,129.95,1.33,550.72
2020-05-03 02:30:00,554.13,35.0,23.1,7.97,0.0,0,4.38,232.18,144.95,9.35,565.72
2020-05-03 02:45:00,553.64,35.13,23.1,7.97,0.0,0,10.38,1.03,159.95,4.35,580.72
2020-05-03 03:00:00,569.9,35.93,23.1,7.97,0.0,1,1.37,0.03,174.95,7.75,595.72
2020-05-03 03:15:00,569.26,36.0,23.17,7.94,0.0,1,5.37,15.03,9.02,4.7,610.72
2020-05-03 03:30:00,561.73,36.0,23.2,8.07,0.0,1,5.35,30.03,24.02,0.0,625.72
2020-05-03 03:45:00,561.49,36.0,23.2,7.89,0.0,1,2.33,45.03,39.02,15.0,640.72
2020-05-03 04:00:00,542.83,34.67,23.27,7.97,7.2,1,1.83,8.0,7.98,7.13,0.63
2020-05-03 04:15:00,482.2,34.0,23.14,7.75,23.0,1,2.82,23.0,4.32,0.93,15.63
2020-05-03 04:30:00,470.72,34.53,22.75,7.67,40.2,1,17.82,4.13,5.3,3.37,8.78
2020-05-03 04:45:00,470.72,34.33,22.57,8.19,204.28,1,32.82,4.13,0.78,5.25,0.27
2020-05-03 05:00:00,470.72,35.0,22.07,8.66,963.88,1,47.82,19.13,13.78,1.25,3.27
2020-05-03 05:15:00,470.72,35.0,21.97,9.2,1324.71,1,62.82,34.13,12.95,0.37,0.25
2020-05-03 05:30:00,473.71,35.0,21.84,9.45,1356.89,1,3.93,49.13,14.93,0.7,0.23
2020-05-03 05:45:00,474.45,35.0,21.81,9.86,1292.93,1,9.93,64.13,4.75,1.8,1.23
2020-05-03 06:00:00,473.45,35.0,21.86,10.22,1173.59,1,8.93,79.13,19.75,5.12,0.72
2020-05-03 06:15:00,470.72,35.0,21.89,10.74,1036.71,1,23.93,94.13,2.23,1.0,0.88
2020-05-03 06:30:00,470.72,34.13,22.16,11.18,979.29,1,38.93,12.07,0.55,1.8,3.37
2020-05-03 06:45:00,463.47,33.87,22.35,11.03,865.41,1,9.9,5.55,0.72,1.12,0.87
2020-05-03 07:00:00,469.99,34.0,22.52,11.49,865.15,1,13.88,20.55,1.53,1.0,0.35
2020-05-03 07:15:00,470.72,33.4,22.81,11.62,944.09,1,28.88,4.03,0.02,3.02,0.35
2020-05-03 07:30:00,470.72,32.6,23.09,11.87,967.59,1,43.88,2.85,10.02,2.07,0.33
2020-05-03 07:45:00,470.72,31.73,23.19,12.07,749.63,1,58.88,3.85,0.0,0.38,3.83
2020-05-03 08:00:00,509.97,29.0,23.71,12.31,289.86,1,1.85,18.85,0.0,0.32,5.32
2020-05-03 08:15:00,506.65,28.8,24.22,12.89,481.76,1,13.85,2.83,0.98,0.18,5.48
2020-05-03 08:30:00,487.96,28.0,24.56,13.21,526.24,1,8.83,17.83,1.65,0.12,0.47
2020-05-03 08:45:00,465.43,27.53,24.86,13.01,219.26,1,6.82,6.32,4.65,1.57,0.45
2020-05-03 09:00:00,457.92,27.0,25.0,13.23,151.56,1,21.82,21.32,8.97,0.03,0.45
2020-05-03 09:15:00,455.3,27.0,25.1,13.51,477.83,0,2.8,36.32,0.45,0.13,2.43
2020-05-03 09:30:00,444.8,25.53,25.31,14.03,511.51,0,17.8,9.12,6.45,0.23,0.42
2020-05-03 09:45:00,449.79,25.0,25.46,14.17,243.02,0,7.78,24.12,12.27,0.88,1.92
2020-05-03 10:00:00,445.76,25.0,25.53,12.88,73.4,0,22.78,39.12,6.77,0.07,4.92
2020-05-03 10:15:00,445.76,25.0,25.58,11.56,72.6,0,37.78,3.25,21.77,3.82,1.07
2020-05-03 10:30:00,451.43,25.4,25.53,10.54,47.67,1,6.92,2.73,7.73,0.22,1.05
2020-05-03 10:45:00,519.66,27.93,25.48,9.83,35.67,1,6.9,0.23,22.73,0.48,4.55
2020-05-03 11:00:00,556.86,29.2,25.48,9.31,74.2,1,8.9,2.22,37.73,0.22,0.03
2020-05-03 11:15:00,570.43,30.0,25.48,10.67,211.04,1,11.88,17.22,52.73,0.27,2.02
2020-05-03 11:30:00,578.94,30.0,25.51,11.55,151.42,1,3.88,32.22,4.7,1.22,1.52
2020-05-03 11:45:00,579.11,30.0,25.58,11.86,104.2,1,0.53,47.22,19.7,1.7,2.5
2020-05-03 12:00:00,599.25,30.0,25.58,11.82,135.49,1,1.52,62.22,34.7,0.57,0.67
2020-05-03 12:15:00,617.3,30.07,25.48,11.82,94.43,1,0.68,11.85,14.68,1.75,1.65
2020-05-03 12:30:00,612.2,30.0,25.46,12.21,65.67,1,1.67,26.85,2.67,0.22,6.65
2020-05-03 12:45:00,588.99,29.73,25.37,12.1,34.33,1,1.65,3.82,0.15,0.33,6.13
2020-05-03 13:00:00,537.79,29.0,25.23,10.83,20.33,1,1.65,18.82,3.13,2.38,9.63
2020-05-03 13:15:00,502.66,29.0,25.11,10.52,73.89,0,11.65,33.82,7.13,2.3,4.12
2020-05-03 13:30:00,487.34,29.0,25.06,11.06,75.67,0,0.3,48.82,22.13,2.87,1.6
2020-05-03 13:45:00,475.22,29.33,24.69,11.46,73.01,1,7.28,5.78,2.95,2.47,6.1
2020-05-03 14:00:00,528.09,29.0,24.39,11.58,40.53,1,1.27,20.78,0.77,0.05,4.25
2020-05-03 14:15:00,564.33,29.53,24.52,9.59,20.33,1,6.27,7.77,15.77,1.1,9.25
2020-05-03 14:30:00,564.54,30.73,24.52,8.39,17.0,1,2.42,10.58,30.77,4.42,24.25
2020-05-03 14:45:00,577.45,31.53,24.52,8.24,17.73,1,6.42,3.23,45.77,6.7,0.72
2020-05-03 15:00:00,586.54,33.0,24.52,8.25,46.0,1,5.07,18.23,60.77,3.85,3.7
2020-05-03 15:15:00,578.84,33.0,24.56,8.5,51.33,1,0.05,33.23,4.72,1.6,9.7
2020-05-03 15:30:00,553.71,33.0,24.75,8.99,38.0,1,12.05,48.23,2.87,2.28,14.2
2020-05-03 15:45:00,534.02,32.87,24.84,9.29,41.33,1,0.03,0.7,17.87,1.83,4.85
2020-05-03 16:00:00,531.2,32.47,24.87,9.47,48.0,1,4.03,0.18,3.68,0.1,19.85
2020-05-03 16:15:00,571.61,33.0,24.94,9.47,39.33,1,6.02,12.52,18.68,5.28,12.33
2020-05-03 16:30:00,574.27,32.87,24.94,9.48,34.0,1,0.0,6.83,33.68,8.25,5.32
2020-05-03 16:45:00,597.65,33.0,24.94,9.32,28.0,1,0.0,21.83,48.68,0.7,20.32
2020-05-03 17:00:00,573.25,32.6,24.94,9.36,17.0,1,3.15,0.32,63.68,2.52,14.8
2020-05-03 17:15:00,568.0,32.73,24.94,9.53,3.4,1,18.15,0.97,78.68,13.3,11.78
2020-05-03 17:30:00,552.19,31.8,24.8,9.54,0.0,1,0.13,1.47,1.12,28.3,26.78
2020-05-03 17:45:00,508.5,33.27,24.1,9.54,0.0,1,9.13,1.78,7.45,43.3,41.78
2020-05-03 18:00:00,536.7,34.93,23.97,9.48,0.0,1,1.78,1.78,3.43,2.13,56.78
2020-05-03 18:15:00,589.08,34.93,24.04,9.4,0.0,1,2.78,0.77,18.43,2.62,71.78
2020-05-03 18:30:00,581.91,33.33,24.1,9.24,0.0,1,0.77,10.27,1.25,0.15,86.78
2020-05-03 18:45:00,492.12,34.6,23.35,9.37,0.0,1,8.6,10.42,0.25,5.48,101.78
2020-05-03 19:00:00,513.73,35.0,23.48,9.23,0.0,1,0.58,25.42,8.23,8.72,116.78
2020-05-03 19:15:00,563.33,35.0,23.62,8.95,0.0,1,2.57,40.42,14.4,0.0,131.78
2020-05-03 19:30:00,586.15,35.0,23.62,8.55,0.0,1,13.57,55.42,29.4,3.18,146.78
2020-05-03 19:45:00,579.71,35.0,23.64,8.23,0.0,1,8.88,70.42,1.37,5.6,161.78
2020-05-03 20:00:00,596.05,34.93,23.74,8.23,0.0,1,2.88,0.53,16.37,11.98,176.78
2020-05-03 20:15:00,619.88,34.13,23.74,8.26,0.0,1,6.87,7.53,31.37,26.98,191.78
2020-05-03 20:30:00,618.97,34.0,23.74,8.21,0.0,1,6.87,22.53,46.37,5.17,206.78
2020-05-03 20:45:00,615.0,34.0,23.75,7.93,0.0,1,6.85,37.53,1.33,1.45,221.78
2020-05-03 21:00:00,620.8,34.0,23.84,7.04,0.0,1,21.85,52.53,16.33,5.55,236.78
2020-05-03 21:15:00,604.54,34.0,23.84,6.79,0.0,1,6.83,67.53,31.33,12.47,251.78
2020-05-03 21:30:00,592.0,34.53,23.79,6.74,0.0,1,21.83,0.48,6.47,2.7,266.78
2020-05-03 21:45:00,580.8,34.47,23.74,6.8,0.0,1,14.82,0.47,21.47,1.33,281.78
2020-05-03 22:00:00,571.37,34.0,23.74,7.15,0.0,1,12.8,14.47,36.47,3.58,296.78
2020-05-03 22:15:00,569.92,34.0,23.74,7.14,0.0,1,27.8,29.47,51.47,14.3,311.78
2020-05-03 22:30:00,568.94,34.0,23.74,7.12,0.0,1,2.78,44.47,66.47,2.1,326.78
2020-05-03 22:45:00,614.74,34.0,23.74,7.02,0.0,1,8.77,59.47,81.47,17.1,341.78
2020-05-03 23:00:00,559.94,34.0,23.74,7.05,0.0,0,6.77,74.47,96.47,3.12,356.78
2020-05-03 23:15:00,566.46,34.0,23.74,7.08,0.0,1,4.75,89.47,111.47,7.78,371.78
2020-05-03 23:30:00,579.84,34.0,23.74,6.62,0.0,1,19.75,104.47,126.47,4.57,386.78
2020-05-03 23:45:00,594.39,34.0,23.74,6.2,0.0,1,4.73,119.47,141.47,7.45,401.78
2020-05-04 00:00:00,595.63,34.0,23.74,5.91,0.0,1,4.72,134.47,156.47,3.42,416.78
2020-05-04 00:15:00,602.47,34.0,23.74,5.62,0.0,1,3.72,149.47,171.47,4.23,431.78
2020-05-04 00:30:00,614.72,34.0,23.74,5.53,0.0,1,18.72,164.47,186.47,19.23,446.78
2020-05-04 00:45:00,608.41,34.0,23.74,5.53,0.0,1,7.87,179.47,201.47,34.23,461.78
2020-05-04 01:00:00,605.25,34.0,23.74,5.37,0.0,1,2.85,194.47,216.47,6.43,476.78
2020-05-04 01:15:00,585.9,34.0,23.74,5.34,0.0,1,3.83,209.47,231.47,6.07,491.78
2020-05-04 01:30:00,557.95,34.0,23.74,5.41,0.0,0,2.83,224.47,246.47,21.07,506.78
2020-05-04 01:45:00,541.06,33.93,23.74,4.94,0.0,0,6.82,0.15,261.47,1.7,521.78
2020-05-04 02:00:00,556.97,33.6,23.74,4.23,0.0,0,13.82,0.13,276.47,1.02,536.78
2020-05-04 02:15:00,594.67,34.0,23.74,3.73,0.0,1,2.8,14.13,291.47,10.28,551.78
2020-05-04 02:30:00,602.11,33.47,23.74,3.7,0.0,1,6.78,6.28,306.47,25.28,566.78
2020-05-04 02:45:00,600.15,33.07,23.74,3.91,0.0,1,6.78,11.28,321.47,3.7,581.78
2020-05-04 03:00:00,595.33,33.0,23.74,4.23,0.0,1,5.77,26.28,336.47,4.28,596.78
2020-05-04 03:15:00,645.97,33.87,23.74,4.53,0.0,1,0.1,12.27,351.47,1.45,611.78
2020-05-04 03:30:00,646.91,33.33,23.74,5.04,0.0,1,1.08,9.25,366.47,1.63,626.78
2020-05-04 03:45:00,589.76,33.0,23.73,5.4,0.0,1,16.08,24.25,0.4,4.65,641.78
2020-05-04 04:00:00,582.08,33.0,23.64,5.81,0.0,0,8.07,39.25,15.4,1.45,656.78
2020-05-04 04:15:00,576.96,33.0,23.64,6.34,0.0,0,23.07,54.25,30.4,3.47,671.78
2020-05-04 04:30:00,568.77,33.0,23.64,6.77,0.0,1,11.05,69.25,45.4,5.95,686.78
2020-05-04 04:45:00,570.92,33.0,23.65,7.11,68.35,1,0.03,84.25,0.68,0.75,1.33
2020-05-04 05:00:00,495.53,32.93,23.23,7.84,781.31,1,6.03,0.68,0.35,1.72,0.33
2020-05-04 05:15:00,475.2,33.87,22.43,8.63,962.6,1,8.02,10.68,1.83,0.22,0.48
2020-05-04 05:30:00,470.72,33.8,22.07,8.98,922.79,1,23.02,6.67,9.67,3.1,0.48
2020-05-04 05:45:00,470.72,34.0,21.79,9.15,785.92,1,38.02,21.67,10.65,3.92,0.47
2020-05-04 06:00:00,470.72,34.0,21.65,9.32,410.68,1,53.02,36.67,1.82,1.7,0.45
2020-05-04 06:15:00,470.72,34.0,21.37,9.79,604.48,1,68.02,51.67,5.8,4.38,0.45
2020-05-04 06:30:00,470.72,34.13,21.33,9.91,303.91,1,83.02,3.97,0.12,8.38,0.43
2020-05-04 06:45:00,481.17,34.4,21.81,9.96,145.82,1,0.95,5.95,2.78,0.77,0.43
2020-05-04 07:00:00,550.21,35.0,22.23,10.37,240.1,1,2.95,20.95,4.6,1.62,0.42
2020-05-04 07:15:00,574.1,34.53,22.54,10.62,263.2,1,8.95,6.93,1.93,0.97,0.08
2020-05-04 07:30:00,580.8,34.0,22.87,11.35,246.21,1,23.95,21.93,2.58,0.03,0.07
2020-05-04 07:45:00,588.27,33.93,23.09,11.13,166.09,1,9.77,0.92,2.58,1.83,4.57
2020-05-04 08:00:00,597.4,33.0,23.25,11.17,399.52,1,2.75,15.92,5.57,2.38,0.05
2020-05-04 08:15:00,592.49,32.2,23.53,11.42,685.6,1,3.73,5.73,1.05,0.78,0.03
2020-05-04 08:30:00,580.71,32.4,23.79,11.74,487.38,1,1.72,2.38,3.55,1.82,0.03
2020-05-04 08:45:00,635.39,36.4,24.12,11.68,621.93,1,2.72,0.38,1.53,0.78,0.02
2020-05-04 09:00:00,621.31,39.07,24.55,12.14,606.27,1,1.7,0.2,1.37,1.12,0.18
2020-05-04 09:15:00,623.47,38.6,24.92,11.03,200.23,1,1.7,2.37,1.35,0.08,0.17
2020-05-04 09:30:00,613.76,35.8,25.15,7.67,30.07,1,16.7,0.02,9.35,0.37,7.17
2020-05-04 09:45:00,599.23,33.33,25.16,5.52,24.0,1,4.68,10.02,2.17,2.08,5.65
2020-05-04 10:00:00,591.0,31.4,25.08,5.0,54.73,1,1.67,0.0,17.17,1.38,0.13
2020-05-04 10:15:00,577.73,30.93,24.98,5.39,103.77,1,4.83,13.0,14.15,1.03,0.13
2020-05-04 10:30:00,579.39,31.0,24.98,5.77,83.62,1,2.82,5.15,29.15,0.28,0.62
2020-05-04 10:45:00,544.92,30.47,25.07,5.8,144.61,1,3.8,7.13,13.13,2.22,0.62
2020-05-04 11:00:00,518.74,30.6,25.09,5.78,34.0,1,2.8,8.13,0.12,5.37,6.6
2020-05-04 11:15:00,589.06,31.0,25.22,5.61,20.0,1,4.78,23.13,5.12,1.13,21.6
2020-05-04 11:30:00,592.68,31.0,25.36,5.67,20.0,1,1.78,38.13,9.1,2.17,36.6
2020-05-04 11:45:00,621.93,31.0,25.4,4.95,20.0,1,13.77,53.13,24.1,1.7,51.6
2020-05-04 12:00:00,623.7,31.0,25.4,4.67,20.0,1,11.77,68.13,39.1,0.17,66.6
2020-05-04 12:15:00,648.49,31.13,25.33,4.67,20.0,1,6.75,9.75,9.57,0.43,81.6
2020-05-04 12:30:00,713.86,32.6,25.31,4.48,20.0,1,0.07,0.4,1.57,10.97,96.6
2020-05-04 12:45:00,550.06,32.2,25.12,4.41,20.0,1,0.57,8.9,2.38,6.38,111.6
2020-05-04 13:00:00,474.11,32.73,24.31,4.56,25.33,1,2.55,1.38,0.37,13.4,7.87
2020-05-04 13:15:00,511.06,32.73,23.84,4.68,18.0,1,5.55,0.2,1.37,0.57,8.35
2020-05-04 13:30:00,559.81,33.53,23.98,4.92,34.0,1,0.53,4.87,16.37,13.65,7.33
2020-05-04 13:45:00,619.07,34.53,23.98,5.05,48.93,1,2.52,5.85,31.37,2.25,0.33
2020-05-04 14:00:00,577.09,33.47,23.56,5.09,103.54,1,0.52,6.67,1.67,1.98,1.32
2020-05-04 14:15:00,592.21,33.53,23.65,5.27,62.34,1,7.5,2.67,4.65,6.7,0.8
2020-05-04 14:30:00,601.45,33.0,23.89,5.01,49.07,1,12.5,17.67,4.32,8.37,5.3
2020-05-04 14:45:00,600.73,33.0,24.01,4.93,51.2,1,0.48,32.67,3.8,23.37,0.45
2020-05-04 15:00:00,604.01,32.33,24.13,4.93,62.47,1,0.47,3.47,0.62,38.37,3.95
2020-05-04 15:15:00,509.33,31.0,24.4,4.93,28.67,1,7.47,0.12,8.28,53.37,10.43
2020-05-04 15:30:00,539.93,32.93,24.24,4.73,26.0,1,2.45,0.12,2.6,4.52,25.43
2020-05-04 15:45:00,486.89,31.0,24.05,4.54,26.0,1,10.45,15.12,7.6,2.8,40.43
2020-05-04 16:00:00,473.92,31.0,23.85,4.43,26.0,1,25.45,1.58,6.25,0.55,55.43
2020-05-04 16:15:00,484.93,31.27,23.63,4.31,29.67,1,1.42,0.08,2.57,15.55,4.9
2020-05-04 16:30:00,598.34,32.47,23.44,4.25,34.33,1,0.42,0.73,17.57,6.77,3.38
2020-05-04 16:45:00,644.67,34.0,23.57,4.09,27.0,1,2.4,15.73,3.55,11.73,18.38
2020-05-04 17:00:00,614.08,35.13,23.77,3.97,27.0,1,1.38,4.72,4.55,3.93,33.38
2020-05-04 17:15:00,575.06,34.8,24.02,3.64,25.2,1,3.72,4.72,2.53,10.5,0.02
2020-05-04 17:30:00,571.63,33.53,24.18,3.55,0.0,1,4.72,6.87,17.53,5.62,15.02
2020-05-04 17:45:00,553.92,31.8,24.18,3.46,0.0,1,14.7,6.87,32.53,1.85,30.02
2020-05-04 18:00:00,587.82,31.13,24.19,3.47,0.0,1,3.7,8.18,1.35,16.85,45.02
2020-05-04 18:15:00,614.95,30.47,24.28,3.23,0.0,1,3.68,4.18,16.35,6.65,60.02
2020-05-04 18:30:00,597.25,29.53,24.28,3.04,0.0,1,11.68,6.17,31.35,7.12,75.02
2020-05-04 18:45:00,589.53,29.0,24.28,2.91,0.0,1,4.67,21.17,46.35,6.3,90.02
2020-05-04 19:00:00,571.43,28.27,24.3,2.76,0.0,1,11.65,1.15,1.3,8.23,105.02
2020-05-04 19:15:00,548.18,28.0,24.32,2.66,0.0,1,2.63,16.15,11.3,7.63,120.02
2020-05-04 19:30:00,498.41,27.87,24.18,2.59,0.0,1,7.63,0.97,14.3,0.58,135.02
2020-05-04 19:45:00,485.27,27.27,24.11,2.61,0.0,0,6.8,4.95,9.28,5.08,150.02
2020-05-04 20:00:00,479.13,27.4,24.08,2.53,7.33,1,1.78,5.95,24.28,8.62,4.58
2020-05-04 20:15:00,553.07,28.07,24.08,2.48,22.0,1,6.77,10.93,39.28,23.62,19.58
2020-05-04 20:30:00,599.62,28.07,24.13,2.5,22.0,1,2.77,3.92,7.75,6.1,34.58
2020-05-04 20:45:00,581.57,30.07,24.18,2.48,22.0,1,4.75,0.08,22.75,21.1,49.58
2020-05-04 21:00:00,624.9,37.6,24.35,2.48,19.07,1,1.75,0.4,1.73,36.1,1.72
2020-05-04 21:15:00,643.05,34.2,24.49,2.58,0.0,1,3.73,0.05,3.72,11.62,16.72
2020-05-04 21:30:00,621.59,30.93,24.42,2.61,0.0,1,12.73,2.88,18.72,26.62,31.72
2020-05-04 21:45:00,613.85,29.6,24.32,2.68,0.0,1,2.72,4.87,14.88,10.9,46.72
2020-05-04 22:00:00,584.26,28.93,24.26,2.73,0.0,1,1.7,2.87,8.37,1.87,61.72
2020-05-04 22:15:00,575.38,28.27,24.22,2.84,0.0,1,4.7,0.85,23.37,16.87,76.72
2020-05-04 22:30:00,576.43,28.0,24.22,2.92,0.0,1,12.68,15.85,38.37,11.28,91.72
2020-05-04 22:45:00,566.72,28.0,24.22,3.03,0.0,1,14.68,30.85,53.37,9.48,106.72
2020-05-04 23:00:00,574.59,28.0,24.11,3.19,0.0,1,8.67,45.85,13.32,1.53,121.72
2020-05-04 23:15:00,567.64,27.67,24.1,3.25,0.0,1,12.67,1.32,28.32,5.15,136.72
2020-05-04 23:30:00,565.76,27.27,24.07,3.2,0.0,1,27.67,6.3,3.97,2.35,151.72
2020-05-04 23:45:00,565.76,27.07,24.0,3.3,0.0,1,42.67,13.3,18.97,17.35,166.72
2020-05-05 00:00:00,564.05,27.0,24.0,3.25,0.0,1,1.62,28.3,33.97,5.43,181.72
2020-05-05 00:15:00,556.86,27.07,24.0,3.17,0.0,0,6.62,5.45,48.97,20.43,196.72
2020-05-05 00:30:00,562.15,27.6,24.0,3.27,0.0,1,3.6,5.43,63.97,11.9,211.72
2020-05-05 00:45:00,597.18,28.0,24.0,3.3,0.0,1,1.77,6.08,78.97,26.9,226.72
2020-05-05 01:00:00,584.6,27.4,24.0,3.3,0.0,1,6.75,6.58,93.97,41.9,241.72
2020-05-05 01:15:00,576.06,27.2,24.0,3.34,0.0,1,1.73,4.57,108.97,5.23,256.72
2020-05-05 01:30:00,572.8,27.27,23.99,3.4,0.0,1,16.73,3.57,0.05,20.23,271.72
2020-05-05 01:45:00,567.64,27.13,23.9,3.44,0.0,1,1.72,3.55,15.05,4.43,286.72
2020-05-05 02:00:00,575.42,27.0,23.9,3.53,0.0,1,1.72,18.55,30.05,19.43,301.72
2020-05-05 02:15:00,572.29,27.47,23.9,3.53,0.0,1,2.7,6.53,45.05,34.43,316.72
2020-05-05 02:30:00,627.31,27.6,23.9,3.53,0.0,1,4.7,0.68,60.05,49.43,331.72
2020-05-05 02:45:00,596.05,27.0,23.9,3.45,0.0,1,2.68,15.68,75.05,8.37,346.72
2020-05-05 03:00:00,601.47,27.07,23.9,3.36,0.0,0,2.67,4.67,90.05,0.07,361.72
2020-05-05 03:15:00,580.35,27.0,23.9,3.35,0.0,0,1.67,19.67,105.05,5.43,376.72
2020-05-05 03:30:00,569.92,27.0,23.86,3.32,0.0,0,16.67,34.67,5.48,2.27,391.72
2020-05-05 03:45:00,566.85,27.0,23.8,3.4,0.0,1,4.65,49.67,20.48,17.27,406.72
2020-05-05 04:00:00,590.89,27.27,23.8,3.5,13.67,1,1.63,1.63,35.48,10.55,0.93
2020-05-05 04:15:00,613.63,27.13,23.8,3.65,31.0,1,3.62,2.62,50.48,3.65,3.93
2020-05-05 04:30:00,614.51,27.13,23.8,3.86,37.67,1,1.62,6.6,65.48,3.37,4.08
2020-05-05 04:45:00,604.8,27.0,23.8,4.05,37.2,1,16.62,21.6,80.48,3.6,0.58
2020-05-05 05:00:00,604.8,27.53,23.8,4.31,75.94,1,31.62,3.58,95.48,7.58,0.07
2020-05-05 05:15:00,603.18,27.93,23.8,4.62,62.08,1,3.58,6.58,110.48,0.15,3.57
2020-05-05 05:30:00,593.92,28.0,23.8,4.96,60.67,1,18.58,21.58,125.48,9.2,5.55
2020-05-05 05:45:00,593.92,28.0,23.8,5.1,38.33,1,33.58,36.58,140.48,0.95,8.05
2020-05-05 06:00:00,564.84,28.6,23.8,5.23,38.33,1,13.72,8.38,155.48,6.97,4.53
2020-05-05 06:15:00,578.69,29.0,23.8,5.28,40.27,1,1.72,23.38,170.48,21.97,7.68
2020-05-05 06:30:00,601.96,29.07,23.82,5.38,32.47,1,3.7,4.37,2.52,11.48,12.18
2020-05-05 06:45:00,544.23,28.07,23.92,5.54,38.6,1,3.68,13.37,17.52,3.57,3.67
2020-05-05 07:00:00,485.01,28.0,23.92,5.78,40.67,1,6.68,28.37,32.52,2.13,0.65
2020-05-05 07:15:00,475.84,28.0,23.83,6.02,59.87,1,21.68,43.37,13.5,0.78,4.15
2020-05-05 07:30:00,467.16,28.0,23.73,6.32,58.07,0,10.17,58.37,13.48,6.62,3.13
2020-05-05 07:45:00,464.0,28.53,23.61,6.42,54.87,0,25.17,7.32,13.98,1.08,6.62
2020-05-05 08:00:00,464.0,29.0,23.51,6.16,44.93,0,40.17,22.32,12.97,12.68,1.78
2020-05-05 08:15:00,464.0,29.0,23.47,6.27,55.33,0,55.17,37.32,4.95,1.78,4.27
2020-05-05 08:30:00,464.0,29.0,23.4,6.62,52.13,1,70.17,52.32,19.95,11.85,0.77
2020-05-05 08:45:00,455.13,29.0,23.4,7.1,83.8,1,12.12,67.32,34.95,1.43,0.75
2020-05-05 09:00:00,457.86,29.0,23.33,7.26,85.14,0,5.1,82.32,10.93,1.57,1.25
2020-05-05 09:15:00,464.0,29.0,23.3,7.71,123.04,0,20.1,97.32,25.93,4.75,14.73
2020-05-05 09:30:00,458.77,29.0,23.28,8.37,134.61,0,6.08,112.32,1.57,0.7,0.22
2020-05-05 09:45:00,452.8,29.0,23.18,9.09,205.03,1,21.08,127.32,16.57,0.55,1.7
2020-05-05 10:00:00,461.72,29.07,23.18,9.44,172.51,1,10.07,10.4,31.57,0.02,6.87
2020-05-05 10:15:00,485.57,29.47,23.12,9.72,159.19,1,0.05,6.38,6.55,2.57,2.35
2020-05-05 10:30:00,571.9,30.0,23.06,10.01,137.43,1,3.72,21.38,21.55,4.97,0.85
2020-05-05 10:45:00,592.75,30.0,23.06,10.28,102.77,1,1.7,36.38,36.55,0.88,12.85
2020-05-05 11:00:00,546.03,29.53,23.06,10.52,101.04,1,1.7,6.37,51.55,0.1,27.85
2020-05-05 11:15:00,499.63,29.0,22.99,11.02,101.04,0,12.7,21.37,10.52,0.62,42.85
2020-05-05 11:30:00,490.05,29.0,22.96,11.09,76.21,0,8.68,36.37,25.52,0.35,8.32
2020-05-05 11:45:00,478.49,29.0,22.96,10.9,55.0,0,7.67,51.37,40.52,3.17,14.3
2020-05-05 12:00:00,472.96,29.0,22.94,10.74,55.67,1,22.67,66.37,2.47,1.05,0.45
2020-05-05 12:15:00,472.96,28.87,22.84,10.86,78.75,1,37.67,1.3,17.47,3.03,2.45
2020-05-05 12:30:00,465.09,28.0,22.84,11.15,116.1,0,8.8,16.3,32.47,0.82,0.43
2020-05-05 12:45:00,464.11,28.0,22.87,11.46,107.01,1,0.95,31.3,4.28,0.13,4.43
2020-05-05 13:00:00,494.25,28.0,23.08,11.48,91.04,1,2.95,46.3,5.43,2.82,8.92
2020-05-05 13:15:00,546.94,27.4,23.25,11.58,90.6,1,2.93,8.6,13.43,0.03,1.4
2020-05-05 13:30:00,507.24,25.8,23.26,11.63,62.0,1,0.93,7.6,28.43,8.43,0.9
2020-05-05 13:45:00,484.97,25.0,23.26,11.6,48.67,0,0.92,22.6,43.43,4.97,4.38
2020-05-05 14:00:00,473.92,25.0,23.22,11.88,38.67,0,15.92,37.6,5.4,1.48,13.55
2020-05-05 14:15:00,473.92,25.0,23.16,11.8,38.0,0,30.92,52.6,20.4,2.42,28.55
2020-05-05 14:30:00,469.87,24.87,23.07,11.64,38.0,0,4.88,0.55,12.55,8.87,43.55
2020-05-05 14:45:00,461.76,24.07,23.06,11.69,38.0,0,19.88,13.55,27.55,4.0,58.55
2020-05-05 15:00:00,468.59,24.0,23.06,11.89,33.33,0,9.88,28.55,42.55,1.05,6.52
2020-05-05 15:15:00,461.76,24.0,23.06,11.44,28.0,0,14.87,43.55,57.55,14.73,21.52
2020-05-05 15:30:00,461.76,24.0,23.06,11.42,28.0,0,29.87,58.55,72.55,2.32,36.52
2020-05-05 15:45:00,461.76,24.0,23.06,11.28,28.0,0,44.87,73.55,87.55,4.33,51.52
2020-05-05 16:00:00,454.51,23.53,23.06,11.2,28.0,0,9.83,4.33,102.55,19.33,66.52
2020-05-05 16:15:00,450.88,23.0,23.06,11.1,28.0,0,24.83,19.33,117.55,11.35,81.52
2020-05-05 16:30:00,461.14,23.0,23.02,10.86,20.0,0,12.82,34.33,5.63,3.67,11.62
2020-05-05 16:45:00,462.72,23.0,22.96,10.58,18.0,0,27.82,49.33,20.63,4.65,26.62
2020-05-05 17:00:00,462.72,23.0,22.96,10.39,6.0,0,42.82,64.33,35.63,10.33,9.6
2020-05-05 17:15:00,489.83,23.0,22.96,10.13,0.0,1,2.78,79.33,50.63,1.08,24.6
2020-05-05 17:30:00,544.98,23.0,22.96,9.94,0.0,1,10.77,94.33,65.63,6.13,39.6
2020-05-05 17:45:00,562.11,23.87,22.99,9.64,0.0,1,3.58,2.25,3.75,1.25,54.6
2020-05-05 18:00:00,614.34,24.27,23.1,9.38,0.0,1,3.58,10.25,5.73,4.13,69.6
2020-05-05 18:15:00,639.23,23.27,23.16,9.22,0.0,1,7.57,9.23,20.73,0.78,84.6
2020-05-05 18:30:00,623.85,23.0,23.1,8.93,0.0,1,6.57,24.23,8.72,0.53,99.6
2020-05-05 18:45:00,627.24,23.0,23.06,8.66,0.0,1,2.55,39.23,23.72,6.7,114.6
2020-05-05 19:00:00,618.88,23.0,22.99,8.32,0.0,1,17.55,54.23,10.7,2.35,129.6
2020-05-05 19:15:00,637.76,23.0,22.96,8.06,0.0,1,4.53,69.23,25.7,8.05,144.6
2020-05-05 19:30:00,635.09,23.13,22.96,7.91,0.0,1,1.53,1.35,40.7,11.48,159.6
2020-05-05 19:45:00,624.0,23.73,22.96,7.99,0.0,1,16.53,3.35,55.7,4.07,174.6
2020-05-05 20:00:00,574.51,24.0,23.12,8.26,0.0,1,1.67,18.35,7.67,19.07,189.6
2020-05-05 20:15:00,493.91,24.0,23.2,8.19,0.0,1,2.67,33.35,22.67,7.63,204.6
2020-05-05 20:30:00,483.84,24.0,23.11,8.07,0.0,1,17.67,48.35,1.63,6.6,219.6
2020-05-05 20:45:00,512.02,23.93,22.5,8.01,0.0,1,1.65,0.97,12.13,21.6,234.6
2020-05-05 21:00:00,621.14,24.13,22.54,7.96,0.0,1,3.63,9.97,8.12,5.85,249.6
2020-05-05 21:15:00,594.88,24.0,22.63,7.82,0.0,1,18.63,24.97,7.12,7.03,264.6
2020-05-05 21:30:00,605.03,24.07,22.68,7.69,0.0,1,13.62,0.95,22.12,8.6,279.6
2020-05-05 21:45:00,622.83,25.0,22.73,7.54,0.0,1,8.62,15.95,6.27,11.97,294.6
2020-05-05 22:00:00,621.7,25.0,22.78,7.49,0.0,1,8.6,0.27,21.27,2.85,309.6
2020-05-05 22:15:00,609.09,27.0,22.78,7.33,0.0,1,8.6,14.77,36.27,6.82,324.6
2020-05-05 22:30:00,603.84,27.0,22.78,7.27,0.0,0,23.6,29.77,51.27,21.82,339.6
2020-05-05 22:45:00,602.11,27.8,22.84,7.27,0.0,0,4.58,11.75,6.9,36.82,354.6
2020-05-05 23:00:00,611.35,28.0,22.9,7.27,0.0,1,12.57,26.75,21.9,51.82,369.6
2020-05-05 23:15:00,636.01,28.53,22.9,7.25,0.0,1,13.57,6.55,36.9,10.62,384.6
2020-05-05 23:30:00,639.17,28.93,22.9,7.07,0.0,1,8.55,10.55,51.9,9.62,399.6
2020-05-05 23:45:00,628.67,28.8,22.9,7.02,0.0,1,8.53,0.53,66.9,24.62,414.6
2020-05-06 00:00:00,615.96,28.13,22.9,7.02,0.0,0,6.53,10.53,81.9,39.62,429.6
2020-05-06 00:15:00,604.8,28.4,22.9,7.02,0.0,1,21.53,4.52,96.9,54.62,444.6
2020-05-06 00:30:00,613.44,28.93,22.9,6.92,0.0,1,3.5,10.5,111.9,10.9,459.6
2020-05-06 00:45:00,623.79,28.67,22.9,6.93,0.0,0,4.5,0.48,126.9,2.77,474.6
2020-05-06 01:00:00,613.76,28.07,22.9,6.78,0.0,1,19.5,13.48,141.9,13.83,489.6
2020-05-06 01:15:00,617.56,28.73,22.9,6.64,0.0,1,1.65,0.47,156.9,2.92,504.6
2020-05-06 01:30:00,696.7,29.13,22.9,6.35,0.0,1,1.63,4.47,171.9,6.28,519.6
2020-05-06 01:45:00,681.34,28.93,22.9,6.24,0.0,1,2.62,10.47,186.9,2.72,534.6
2020-05-06 02:00:00,713.69,29.0,22.9,6.1,1.33,1,4.62,25.47,201.9,1.62,1.58
2020-05-06 02:15:00,681.6,28.93,22.9,6.01,10.0,1,3.6,9.45,216.9,14.83,16.58
2020-05-06 02:30:00,672.0,28.93,22.9,6.11,10.0,1,18.6,4.43,231.9,1.47,31.58
2020-05-06 02:45:00,665.62,28.6,22.9,6.01,18.67,1,2.58,2.42,246.9,16.47,12.07
2020-05-06 03:00:00,640.98,28.27,22.9,6.07,34.0,1,2.58,1.42,261.9,6.72,6.55
2020-05-06 03:15:00,681.6,29.13,22.97,6.37,59.33,1,3.57,0.57,9.9,1.73,4.05
2020-05-06 03:30:00,703.32,28.6,23.0,6.49,70.0,1,1.57,6.57,24.9,3.93,19.05
2020-05-06 03:45:00,595.48,27.47,22.91,6.46,61.33,1,3.72,2.22,12.22,7.8,12.2
2020-05-06 04:00:00,601.19,27.33,22.9,6.67,75.13,1,2.87,0.2,27.22,0.8,6.18
2020-05-06 04:15:00,657.45,27.53,22.9,7.07,97.68,1,0.85,0.18,42.22,0.97,0.17
2020-05-06 04:30:00,686.55,27.73,22.9,7.27,65.47,1,1.35,0.18,57.22,15.97,10.17
2020-05-06 04:45:00,623.45,27.0,22.92,7.17,193.27,1,3.33,14.18,2.17,3.6,0.65
2020-05-06 05:00:00,591.87,27.0,23.05,7.61,873.51,1,2.33,29.18,0.15,5.98,0.13
2020-05-06 05:15:00,538.13,25.0,23.3,8.01,1177.47,1,3.48,14.98,3.3,3.9,0.28
2020-05-06 05:30:00,549.85,25.0,23.61,8.33,1250.01,1,2.47,29.98,3.13,1.6,1.28
2020-05-06 05:45:00,569.26,25.0,23.91,8.61,1067.29,1,1.47,44.98,1.12,4.98,0.27
2020-05-06 06:00:00,549.78,24.93,24.28,8.99,944.3,1,7.45,12.97,3.12,1.9,0.75
2020-05-06 06:15:00,556.84,24.33,24.63,9.55,914.56,1,3.62,9.95,1.6,2.97,2.75
2020-05-06 06:30:00,522.86,24.0,24.93,9.88,935.21,1,1.6,24.95,2.58,1.58,0.73
2020-05-06 06:45:00,493.7,23.27,25.3,10.12,898.6,0,11.6,10.93,4.08,0.13,0.23
2020-05-06 07:00:00,479.53,23.0,25.53,10.68,419.0,0,13.58,25.93,13.42,1.05,0.22
2020-05-06 07:15:00,471.47,22.07,25.64,10.82,255.49,0,9.75,13.92,11.9,2.15,0.38
2020-05-06 07:30:00,467.84,22.0,25.66,10.98,257.35,0,24.75,28.92,26.9,1.53,0.87
2020-05-06 07:45:00,456.96,21.8,25.66,10.78,132.63,0,14.73,1.73,41.9,3.87,0.37
2020-05-06 08:00:00,456.96,21.07,25.66,10.96,158.84,0,29.73,13.72,56.9,3.27,7.85
2020-05-06 08:15:00,456.96,21.0,25.66,10.93,121.14,0,44.73,28.72,71.9,0.4,0.35
2020-05-06 08:30:00,456.96,21.0,25.63,10.76,272.28,1,59.73,43.72,4.85,0.02,0.83
2020-05-06 08:45:00,456.96,21.0,25.56,11.1,534.06,1,74.73,58.72,19.85,0.38,0.82
2020-05-06 09:00:00,446.51,20.6,25.61,11.58,434.21,0,13.85,5.68,6.83,0.6,0.82
2020-05-06 09:15:00,445.76,20.0,25.66,11.74,117.95,0,28.85,20.68,21.83,10.1,0.47
2020-05-06 09:30:00,445.76,20.0,25.66,11.7,141.09,0,43.85,35.68,36.83,0.33,3.47
2020-05-06 09:45:00,445.76,19.87,25.66,11.5,233.34,0,58.85,4.98,51.83,0.7,0.45
2020-05-06 10:00:00,445.76,20.0,25.66,11.99,282.88,0,73.85,19.98,66.83,2.5,0.45
2020-05-06 10:15:00,448.38,20.0,25.56,12.26,235.43,1,2.8,34.98,14.8,3.22,0.93
2020-05-06 10:30:00,491.63,20.93,25.56,12.14,137.88,1,4.8,8.12,29.8,4.27,0.93
2020-05-06 10:45:00,557.42,22.0,25.56,12.22,242.1,1,2.78,14.12,44.8,1.9,0.42
2020-05-06 11:00:00,563.88,22.0,25.56,12.34,251.48,1,0.77,29.12,59.8,0.72,1.9
2020-05-06 11:15:00,502.29,21.8,25.55,12.63,262.36,1,10.77,0.25,1.92,0.23,0.07
2020-05-06 11:30:00,489.77,21.0,25.46,12.64,235.73,0,2.75,15.25,16.92,1.4,2.05
2020-05-06 11:45:00,483.65,21.0,25.46,13.01,191.67,1,2.73,30.25,31.92,1.27,0.05
2020-05-06 12:00:00,493.78,21.0,25.44,14.27,162.03,1,10.73,45.25,2.38,0.08,1.53
2020-05-06 12:15:00,486.51,21.0,25.34,14.99,143.33,0,4.72,60.25,17.38,0.0,9.53
2020-05-06 12:30:00,468.33,21.4,25.26,15.06,130.67,0,12.72,0.22,11.37,0.12,0.52
2020-05-06 12:45:00,462.02,21.6,25.22,15.19,114.0,0,5.72,2.2,2.87,0.23,8.52
2020-05-06 13:00:00,454.72,21.33,25.14,15.65,106.0,0,20.72,9.2,17.87,0.18,5.0
2020-05-06 13:15:00,449.98,21.0,25.02,15.59,123.02,0,5.68,24.2,14.68,0.25,1.15
2020-05-06 13:30:00,442.88,21.4,24.95,14.99,81.55,0,20.68,5.18,10.67,0.3,4.15
2020-05-06 13:45:00,451.56,22.0,24.88,14.38,74.0,0,10.68,20.18,5.67,3.0,14.65
2020-05-06 14:00:00,454.72,22.0,24.81,14.18,64.67,0,25.68,35.18,1.65,5.47,3.63
2020-05-06 14:15:00,454.72,22.0,24.72,13.99,52.67,0,40.68,50.18,16.65,9.37,1.12
2020-05-06 14:30:00,454.72,22.0,24.66,13.88,61.8,0,55.68,65.18,7.13,5.63,0.12
2020-05-06 14:45:00,454.72,22.0,24.59,13.86,60.33,0,70.68,80.18,0.12,0.72,12.62
2020-05-06 15:00:00,454.72,22.0,24.5,13.68,49.67,0,85.68,95.18,15.12,4.03,13.6
2020-05-06 15:15:00,454.72,22.0,24.44,12.95,31.67,0,100.68,110.18,8.1,0.83,3.25
2020-05-06 15:30:00,454.72,22.0,24.39,11.19,9.73,0,115.68,125.18,1.08,0.38,6.73
2020-05-06 15:45:00,458.22,22.33,24.3,10.67,10.0,1,3.75,4.25,16.08,0.63,21.73
2020-05-06 16:00:00,488.75,23.0,24.3,10.14,12.67,1,9.75,19.25,31.08,0.15,3.72
2020-05-06 16:15:00,497.81,23.73,24.3,10.42,20.0,1,4.73,9.73,46.08,7.53,18.72
2020-05-06 16:30:00,518.17,24.0,24.3,10.48,20.0,1,0.72,24.73,61.08,22.53,33.72
2020-05-06 16:45:00,566.36,24.07,24.33,10.12,20.0,1,1.05,0.72,4.03,0.95,48.72
2020-05-06 17:00:00,539.84,24.93,24.4,9.68,10.0,1,16.05,11.72,19.03,2.1,4.85
2020-05-06 17:15:00,549.78,24.87,24.4,9.36,0.0,1,1.03,1.7,34.03,8.38,19.85
2020-05-06 17:30:00,580.57,24.8,24.45,9.33,0.0,1,2.02,11.68,6.02,3.95,34.85
2020-05-06 17:45:00,610.18,25.0,24.52,9.44,0.0,1,1.02,26.68,2.17,1.67,49.85
2020-05-06 18:00:00,610.54,24.67,24.6,9.73,0.0,1,6.02,1.67,17.17,0.68,64.85
2020-05-06 18:15:00,631.53,24.0,24.6,10.3,0.0,1,12.0,16.67,32.17,8.08,79.85
2020-05-06 18:30:00,610.43,23.67,24.6,10.23,15.4,1,5.0,1.48,47.17,0.17,10.3
2020-05-06 18:45:00,597.29,24.0,24.47,9.94,21.0,1,1.98,14.48,6.13,0.92,25.3
2020-05-06 19:00:00,613.16,24.0,24.4,9.65,21.0,1,1.97,29.48,21.13,13.82,40.3
2020-05-06 19:15:00,613.14,24.0,24.4,9.57,21.0,1,1.95,44.48,36.13,10.98,55.3
2020-05-06 19:30:00,634.88,24.0,24.4,9.46,21.0,1,16.95,59.48,51.13,1.02,70.3
2020-05-06 19:45:00,625.28,24.0,24.31,9.07,21.0,1,8.93,74.48,13.1,0.02,85.3
2020-05-06 20:00:00,618.88,24.0,24.3,8.63,21.0,1,23.93,89.48,28.1,7.23,100.3
2020-05-06 20:15:00,614.53,24.07,24.3,8.68,21.0,1,5.92,9.58,43.1,0.05,115.3
2020-05-06 20:30:00,608.0,24.0,24.3,8.43,21.0,1,20.92,24.58,58.1,0.05,130.3
2020-05-06 20:45:00,619.14,24.0,24.32,8.26,21.0,1,0.9,39.58,2.38,15.05,145.3
2020-05-06 21:00:00,639.0,24.07,24.48,8.26,12.6,1,0.88,0.22,3.55,30.05,5.03
2020-05-06 21:15:00,540.48,24.0,24.08,8.13,0.0,1,1.05,14.22,12.03,14.57,20.03
2020-05-06 21:30:00,558.83,24.0,24.15,8.05,0.0,1,7.03,29.22,12.03,1.87,35.03
2020-05-06 21:45:00,589.76,24.0,24.16,7.84,0.0,0,6.03,44.22,27.03,2.58,50.03
2020-05-06 22:00:00,589.25,24.0,24.08,7.75,0.0,0,11.03,59.22,11.02,1.8,65.03
2020-05-06 22:15:00,593.11,24.0,24.01,7.45,0.0,0,7.02,74.22,6.5,7.17,80.03
2020-05-06 22:30:00,589.76,24.0,23.96,7.36,0.0,1,22.02,89.22,21.5,3.75,95.03
2020-05-06 22:45:00,583.1,24.0,23.96,7.22,0.0,1,5.0,104.22,36.5,0.35,110.03
2020-05-06 23:00:00,602.47,24.0,23.96,7.02,0.0,1,6.98,119.22,51.5,15.35,125.03
2020-05-06 23:15:00,593.45,23.0,23.96,6.85,0.0,1,0.97,14.15,66.5,6.7,140.03
2020-05-06 23:30:00,594.82,23.0,23.96,6.64,0.0,0,8.97,29.15,81.5,4.78,155.03
2020-05-06 23:45:00,586.77,23.0,23.96,6.27,0.0,0,4.95,44.15,96.5,5.63,170.03
2020-05-07 00:00:00,586.86,23.0,23.96,5.95,0.0,0,10.95,59.15,111.5,6.23,185.03
2020-05-07 00:15:00,589.76,23.0,23.96,5.7,0.0,1,25.95,74.15,126.5,8.72,200.03
2020-05-07 00:30:00,588.31,23.0,23.96,5.57,0.0,1,1.92,89.15,141.5,9.12,215.03
2020-05-07 00:45:00,578.88,22.87,23.96,5.38,0.0,0,16.92,1.07,156.5,5.48,230.03
2020-05-07 01:00:00,583.96,22.13,23.96,5.28,0.0,1,6.9,11.07,171.5,20.48,245.03
2020-05-07 01:15:00,601.64,22.27,23.96,5.14,0.0,1,4.88,1.22,186.5,1.5,260.03
2020-05-07 01:30:00,584.9,22.33,23.96,4.83,0.0,1,0.88,1.22,201.5,10.3,275.03
2020-05-07 01:45:00,574.87,22.0,23.96,4.7,0.0,1,8.87,14.2,216.5,14.22,290.03
2020-05-07 02:00:00,577.73,22.0,23.91,4.7,0.0,1,2.03,29.2,5.52,29.22,305.03
2020-05-07 02:15:00,584.96,21.8,23.84,4.6,0.0,1,11.02,11.85,20.52,10.97,320.03
2020-05-07 02:30:00,585.17,21.67,23.84,4.41,0.0,1,4.02,0.83,35.52,3.87,335.03
2020-05-07 02:45:00,571.95,21.27,23.84,4.31,0.0,1,4.0,1.83,50.52,18.87,350.03
2020-05-07 03:00:00,566.89,21.87,23.84,4.31,0.0,1,6.0,0.82,65.52,33.87,365.03
2020-05-07 03:15:00,572.63,21.73,23.84,4.42,0.0,1,0.98,0.82,80.52,12.15,380.03
2020-05-07 03:30:00,556.8,21.07,23.84,4.44,0.0,0,15.98,12.82,95.52,27.15,395.03
2020-05-07 03:45:00,556.8,21.0,23.84,4.6,0.0,0,30.98,27.82,110.52,4.45,410.03
2020-05-07 04:00:00,553.07,21.0,23.79,4.81,0.0,1,8.95,42.82,6.1,4.93,425.03
2020-05-07 04:15:00,552.21,21.0,23.74,5.08,0.0,1,3.93,57.82,21.1,2.88,440.03
2020-05-07 04:30:00,555.84,21.0,23.74,5.45,0.8,1,18.93,72.82,36.1,2.13,0.9
2020-05-07 04:45:00,548.18,21.0,23.74,5.43,48.07,1,0.92,87.82,51.1,1.08,1.9
2020-05-07 05:00:00,579.11,21.0,23.77,5.53,87.3,1,3.9,102.82,4.07,3.5,4.88
2020-05-07 05:15:00,547.22,20.6,24.05,5.81,237.83,1,4.9,2.9,0.72,2.52,2.87
2020-05-07 05:30:00,552.34,21.0,24.43,6.24,330.94,1,0.88,17.9,2.55,0.28,11.37
2020-05-07 05:45:00,558.81,20.87,24.84,6.58,344.87,1,3.88,1.88,6.37,3.5,3.85
2020-05-07 06:00:00,529.09,20.6,24.81,6.77,314.28,1,1.87,1.87,1.35,4.95,5.33
2020-05-07 06:15:00,502.38,21.0,24.9,6.87,291.6,1,0.85,0.85,16.35,2.35,1.48
2020-05-07 06:30:00,485.95,21.13,25.01,7.08,286.24,1,7.18,0.85,13.35,1.38,0.48
2020-05-07 06:45:00,479.94,21.2,25.06,7.37,259.91,1,6.18,8.85,5.33,1.68,8.48
2020-05-07 07:00:00,470.72,21.0,25.22,7.59,275.54,1,21.18,23.85,11.0,2.13,2.97
2020-05-07 07:15:00,470.72,21.07,25.32,7.73,284.95,1,36.18,4.82,9.98,1.45,2.45
2020-05-07 07:30:00,463.62,21.0,25.38,8.24,341.11,1,8.15,0.8,1.97,0.07,6.45
2020-05-07 07:45:00,458.88,21.27,25.48,8.36,340.48,1,23.15,1.8,16.97,4.18,0.43
2020-05-07 08:00:00,456.7,21.0,25.54,8.7,270.76,1,2.12,16.8,8.95,2.58,0.42
2020-05-07 08:15:00,448.0,20.6,25.56,8.57,270.41,1,17.12,0.78,2.27,1.05,0.58
2020-05-07 08:30:00,448.0,20.67,25.49,8.99,283.25,1,32.12,0.93,3.27,1.68,0.07
2020-05-07 08:45:00,448.0,20.47,25.49,9.05,135.94,1,47.12,0.43,9.25,0.2,0.57
2020-05-07 09:00:00,448.0,18.47,25.26,9.03,211.31,1,62.12,3.08,8.08,0.07,0.05
2020-05-07 09:15:00,448.0,17.93,25.14,9.55,191.0,1,77.12,6.92,0.73,0.6,0.05
2020-05-07 09:30:00,445.76,17.07,24.89,9.93,170.34,1,2.23,12.9,1.72,0.75,1.03
2020-05-07 09:45:00,442.92,17.4,24.74,9.83,130.23,1,6.23,0.88,3.72,1.23,1.02
2020-05-07 10:00:00,449.92,17.73,24.95,10.14,106.27,1,21.23,0.88,9.2,0.2,1.52
2020-05-07 10:15:00,449.92,17.2,24.91,10.54,67.53,1,36.23,9.05,4.2,0.38,2.67
2020-05-07 10:30:00,461.18,17.6,24.75,10.51,53.0,1,11.2,2.53,1.02,0.72,17.67
2020-05-07 10:45:00,459.52,17.93,24.59,10.45,53.0,1,5.18,3.52,1.02,2.7,32.67
2020-05-07 11:00:00,452.8,18.4,24.56,10.78,57.0,1,20.18,0.85,16.02,0.07,5.65
2020-05-07 11:15:00,452.8,18.73,24.44,10.78,54.33,1,35.18,0.33,14.0,1.1,12.15
2020-05-07 11:30:00,452.8,18.53,24.32,10.9,47.67,1,50.18,0.32,5.32,0.95,7.63
2020-05-07 11:45:00,452.8,19.2,24.18,11.11,43.0,0,65.18,0.65,8.98,0.18,22.63
2020-05-07 12:00:00,452.8,18.07,24.02,11.13,43.0,0,80.18,3.63,2.3,0.08,37.63
2020-05-07 12:15:00,443.75,18.8,23.69,10.98,43.0,1,5.13,0.78,6.28,0.25,52.63
2020-05-07 12:30:00,448.96,18.33,23.73,11.5,43.0,1,20.13,0.12,0.27,0.3,67.63
2020-05-07 12:45:00,454.04,19.53,23.67,11.02,38.33,1,6.12,0.6,0.27,0.32,6.75
2020-05-07 13:00:00,453.78,18.73,23.53,11.21,33.0,1,6.1,0.6,13.77,0.42,21.75
2020-05-07 13:15:00,456.0,17.73,23.31,11.18,33.0,1,21.1,0.25,6.75,0.78,36.75
2020-05-07 13:30:00,452.59,18.87,23.19,11.43,33.0,1,7.08,0.08,1.73,0.77,51.75
2020-05-07 13:45:00,456.0,19.33,23.28,11.33,23.4,1,22.08,0.57,16.73,0.63,11.22
2020-05-07 14:00:00,456.0,18.53,23.14,11.02,21.0,1,37.08,1.07,6.72,1.87,26.22
2020-05-07 14:15:00,453.95,19.47,23.08,10.99,21.0,0,10.23,2.88,21.72,0.45,41.22
2020-05-07 14:30:00,451.52,19.33,23.08,11.04,21.0,0,5.22,0.37,36.72,0.28,56.22
2020-05-07 14:45:00,446.42,18.67,23.01,11.09,21.0,0,1.2,0.87,9.7,0.92,71.22
2020-05-07 15:00:00,452.86,19.6,22.98,11.45,21.0,0,5.2,0.02,24.7,1.83,86.22
2020-05-07 15:15:00,452.91,19.2,22.75,11.71,21.0,0,5.18,3.52,4.17,5.35,101.22
2020-05-07 15:30:00,453.8,19.6,22.64,11.49,21.0,1,7.18,2.5,19.17,2.83,116.22
2020-05-07 15:45:00,458.88,20.0,22.69,11.54,13.0,0,22.18,3.0,7.32,6.82,11.3
2020-05-07 16:00:00,458.88,20.0,22.75,11.56,11.0,1,37.18,14.5,0.32,3.93,26.3
2020-05-07 16:15:00,474.6,20.0,22.84,11.36,30.07,1,5.15,29.5,15.32,1.07,12.95
2020-05-07 16:30:00,482.88,20.2,22.84,11.32,33.0,1,20.15,5.63,30.32,16.07,27.95
2020-05-07 16:45:00,482.01,20.0,22.84,11.32,23.0,1,0.13,20.63,45.32,31.07,14.93
2020-05-07 17:00:00,475.8,20.0,22.92,11.29,15.33,1,0.12,35.63,11.28,3.63,4.42
2020-05-07 17:15:00,663.83,21.13,23.01,11.18,4.4,1,0.12,4.28,1.27,5.58,5.92
2020-05-07 17:30:00,493.4,20.6,22.57,11.12,6.6,1,6.1,0.27,6.93,7.6,5.4
2020-05-07 17:45:00,468.33,20.0,22.55,10.98,0.0,1,12.1,15.27,3.92,12.83,20.4
2020-05-07 18:00:00,466.88,20.0,22.69,10.71,0.0,1,27.1,30.27,4.9,0.63,35.4
2020-05-07 18:15:00,467.61,20.07,22.76,9.39,0.0,1,0.07,3.4,19.9,1.13,50.4
2020-05-07 18:30:00,477.76,20.0,22.76,8.99,0.0,1,15.07,18.4,34.9,4.68,65.4
2020-05-07 18:45:00,471.23,20.0,22.76,8.6,0.0,1,8.07,33.4,49.9,2.52,80.4
2020-05-07 19:00:00,469.78,20.73,22.85,8.26,0.0,1,3.22,10.38,12.03,14.83,95.4
2020-05-07 19:15:00,477.76,21.07,22.86,8.35,0.0,1,18.22,7.53,27.03,1.57,110.4
2020-05-07 19:30:00,477.76,21.0,22.86,8.68,0.0,1,33.22,22.53,42.03,0.43,125.4
2020-05-07 19:45:00,544.83,22.33,22.82,8.5,0.0,1,1.18,9.52,5.0,0.58,140.4
2020-05-07 20:00:00,653.7,23.13,22.76,8.2,0.0,1,0.18,6.35,20.0,6.23,155.4
2020-05-07 20:15:00,588.39,23.0,22.78,7.95,0.0,1,2.17,21.35,2.98,0.98,170.4
2020-05-07 20:30:00,589.12,23.0,22.86,7.68,0.0,1,8.17,36.35,17.98,9.45,185.4
2020-05-07 20:45:00,589.8,23.0,22.86,7.58,0.0,1,2.15,51.35,32.98,6.8,200.4
2020-05-07 21:00:00,594.15,23.0,22.96,7.5,0.0,1,13.15,66.35,11.97,1.12,215.4
2020-05-07 21:15:00,594.88,23.0,22.98,7.33,0.0,1,28.15,81.35,26.97,1.82,230.4
2020-05-07 21:30:00,601.45,23.0,22.98,7.04,0.0,1,6.12,96.35,41.97,12.17,245.4
2020-05-07 21:45:00,595.14,23.0,22.98,6.8,0.0,1,7.12,111.35,56.97,10.35,260.4
2020-05-07 22:00:00,586.88,23.0,22.98,6.77,0.0,1,22.12,126.35,71.97,25.35,275.4
2020-05-07 22:15:00,589.06,23.0,22.98,6.71,0.0,1,2.08,141.35,86.97,6.77,290.4
2020-05-07 22:30:00,597.99,23.2,23.05,6.6,0.0,1,6.08,2.23,9.9,4.28,305.4
2020-05-07 22:45:00,585.28,23.6,23.08,6.44,0.0,1,0.07,8.23,24.9,8.05,320.4
2020-05-07 23:00:00,585.83,24.0,23.08,6.31,0.0,1,3.07,23.23,39.9,8.7,335.4
2020-05-07 23:15:00,600.58,24.0,23.08,6.26,0.0,1,1.05,38.23,54.9,23.7,350.4
2020-05-07 23:30:00,576.96,24.0,23.08,6.36,0.0,1,16.05,53.23,69.9,11.8,365.4
2020-05-07 23:45:00,568.09,24.0,23.08,6.43,0.0,0,12.03,68.23,84.9,4.0,380.4
2020-05-08 00:00:00,559.64,24.13,23.08,6.27,0.0,0,2.02,7.35,99.9,8.68,395.4
2020-05-08 00:15:00,568.21,25.27,23.08,6.02,0.0,1,10.02,0.0,114.9,13.97,410.4
2020-05-08 00:30:00,627.39,26.87,23.08,5.87,0.0,1,0.17,12.0,129.9,1.72,425.4
2020-05-08 00:45:00,629.99,27.0,23.11,5.58,0.0,1,0.15,27.0,3.65,8.58,440.4
2020-05-08 01:00:00,633.32,27.0,23.18,5.53,0.0,1,2.15,42.0,18.65,23.58,455.4
2020-05-08 01:15:00,633.09,27.27,23.18,5.53,0.0,1,3.13,1.97,33.65,38.58,470.4
2020-05-08 01:30:00,627.16,27.33,23.18,5.43,0.0,1,3.13,0.95,48.65,11.53,485.4
2020-05-08 01:45:00,612.01,27.4,23.18,5.41,0.0,1,0.12,0.95,63.65,26.53,500.4
2020-05-08 02:00:00,625.54,27.93,23.18,5.41,0.0,1,0.1,5.12,78.65,41.53,515.4
2020-05-08 02:15:00,614.31,27.87,23.18,5.43,0.0,1,3.1,3.1,93.65,1.27,530.4
2020-05-08 02:30:00,557.12,27.13,23.18,5.53,0.0,1,1.08,0.08,108.65,16.27,545.4
2020-05-08 02:45:00,608.94,28.13,23.18,5.66,0.67,1,3.08,3.08,123.65,1.08,0.38
2020-05-08 03:00:00,631.21,28.0,23.18,5.85,4.67,1,3.07,18.08,138.65,1.13,7.88
2020-05-08 03:15:00,615.4,28.0,23.23,6.22,8.67,0,0.07,33.08,7.72,3.37,12.87
2020-05-08 03:30:00,590.36,28.0,23.28,6.57,10.0,1,8.05,48.08,22.72,5.78,27.87
2020-05-08 03:45:00,623.79,28.0,23.28,6.95,10.0,1,0.05,63.08,37.72,2.97,42.87
2020-05-08 04:00:00,602.6,28.0,23.28,7.26,10.67,1,2.03,78.08,52.72,0.5,0.5
2020-05-08 04:15:00,574.7,28.0,23.28,7.43,20.0,1,8.03,93.08,67.72,2.62,15.5
2020-05-08 04:30:00,571.52,28.0,23.28,7.84,28.13,1,0.02,108.08,82.72,1.95,1.48
2020-05-08 04:45:00,557.23,27.8,23.28,8.32,122.41,1,0.0,2.83,97.72,0.57,0.47
2020-05-08 05:00:00,554.88,27.07,23.41,8.93,214.55,1,15.0,0.83,1.98,0.95,0.97
2020-05-08 05:15:00,528.15,25.6,23.6,9.36,394.67,1,0.65,11.82,0.13,0.07,0.95
2020-05-08 05:30:00,480.96,25.0,23.41,9.77,380.96,1,15.65,26.82,9.13,3.18,0.45
2020-05-08 05:45:00,476.18,25.0,23.32,10.04,312.54,1,6.63,41.82,6.95,4.38,0.1
2020-05-08 06:00:00,478.4,25.0,23.29,10.31,318.66,1,5.63,56.82,4.95,1.13,0.58
2020-05-08 06:15:00,475.84,25.0,23.56,10.42,318.34,1,14.62,71.82,1.43,0.32,8.58
2020-05-08 06:30:00,475.84,25.4,23.79,10.68,306.55,1,29.62,0.77,3.93,0.07,0.07
2020-05-08 06:45:00,475.84,25.0,24.03,10.61,281.47,1,44.62,4.43,5.25,3.32,4.57
2020-05-08 07:00:00,471.47,25.47,24.21,10.75,275.35,1,4.58,0.58,2.4,0.13,0.55
2020-05-08 07:15:00,462.72,26.47,24.4,11.06,316.73,1,19.58,1.23,8.4,0.68,0.53
2020-05-08 07:30:00,454.46,27.67,24.53,11.83,352.06,1,8.57,1.73,0.72,1.63,6.03
2020-05-08 07:45:00,448.96,28.33,24.75,11.53,356.93,1,23.57,0.72,3.38,0.8,1.68
2020-05-08 08:00:00,448.96,28.07,25.06,11.13,329.35,1,38.57,1.72,4.7,2.22,0.18
2020-05-08 08:15:00,448.96,27.73,25.3,10.9,305.62,1,53.57,0.2,2.37,1.42,0.17
2020-05-08 08:30:00,448.96,28.53,25.42,10.88,307.25,1,68.57,0.02,17.37,0.97,6.17
2020-05-08 08:45:00,443.82,27.87,25.55,10.68,243.15,1,4.52,2.18,4.85,1.32,0.15
2020-05-08 09:00:00,436.91,28.53,25.45,10.52,99.29,1,0.5,1.0,9.83,0.75,1.15
2020-05-08 09:15:00,451.97,28.33,24.98,10.74,549.66,1,5.5,0.5,0.15,2.88,0.13
2020-05-08 09:30:00,459.84,29.2,24.05,11.04,878.68,1,20.5,4.48,0.98,0.63,0.3
2020-05-08 09:45:00,459.84,29.27,24.02,11.87,1130.81,1,35.5,0.48,4.97,1.57,1.28
2020-05-08 10:00:00,459.84,29.67,23.81,12.56,841.73,1,50.5,0.8,0.63,1.58,0.28
2020-05-08 10:15:00,470.72,29.87,23.53,13.29,598.28,1,14.63,2.47,1.62,1.92,0.27
2020-05-08 10:30:00,490.84,28.87,24.15,13.48,287.79,1,3.62,1.45,4.45,4.58,0.75
2020-05-08 10:45:00,539.01,27.93,24.47,13.45,318.57,1,3.62,1.77,1.93,0.73,0.25
2020-05-08 11:00:00,555.84,27.33,24.65,13.86,359.58,1,18.62,0.27,2.42,0.4,0.23
2020-05-08 11:15:00,495.06,26.87,23.91,13.92,397.57,1,5.6,2.92,1.42,1.08,2.23
2020-05-08 11:30:00,496.23,27.0,24.11,14.18,234.55,1,9.6,17.92,2.4,0.22,0.38
2020-05-08 11:45:00,515.71,27.0,24.34,14.3,255.49,1,5.58,32.92,1.23,0.6,1.38
2020-05-08 12:00:00,517.01,27.0,24.42,14.56,208.63,1,0.57,47.92,16.23,0.62,0.87
2020-05-08 12:15:00,498.97,26.73,24.42,14.53,167.55,1,5.57,3.05,31.23,1.12,1.87
2020-05-08 12:30:00,507.16,27.87,24.28,14.39,169.94,1,4.55,1.05,7.22,0.18,2.85
2020-05-08 12:45:00,524.42,27.0,24.22,14.86,128.23,1,4.55,16.05,22.22,2.32,1.35
2020-05-08 13:00:00,530.9,25.67,24.22,14.49,131.29,1,10.55,8.2,37.22,0.73,2.83
2020-05-08 13:15:00,512.0,25.0,24.16,14.83,120.29,1,14.53,23.2,6.85,1.15,0.33
2020-05-08 13:30:00,515.63,24.73,24.1,14.84,126.07,1,4.52,3.18,21.85,0.15,0.48
2020-05-08 13:45:00,527.4,25.0,23.95,14.21,115.94,1,3.5,18.18,5.33,0.22,0.98
2020-05-08 14:00:00,522.05,25.0,23.89,14.7,151.41,1,3.5,33.18,4.32,0.23,1.47
2020-05-08 14:15:00,530.79,25.0,24.06,14.74,103.89,1,0.48,48.18,2.3,0.53,1.97
2020-05-08 14:30:00,524.54,25.0,24.13,13.94,72.87,1,8.48,3.47,4.47,1.87,0.95
2020-05-08 14:45:00,557.74,26.07,24.04,13.89,76.0,1,0.47,0.97,19.47,0.5,2.93
2020-05-08 15:00:00,563.18,27.0,24.15,13.84,61.87,1,0.45,8.28,13.62,1.33,1.93
2020-05-08 15:15:00,587.37,26.2,24.24,13.76,55.0,1,0.12,0.28,11.62,1.02,16.93
2020-05-08 15:30:00,500.89,25.13,24.26,13.67,55.0,1,4.78,6.43,26.62,0.42,31.93
2020-05-08 15:45:00,468.63,25.0,24.26,13.74,60.2,1,9.77,21.43,41.62,3.47,2.07
2020-05-08 16:00:00,461.76,25.0,24.14,13.68,57.0,0,24.77,36.43,2.58,5.27,17.07
2020-05-08 16:15:00,461.76,25.0,24.06,13.72,47.67,0,39.77,51.43,17.58,9.62,0.05
2020-05-08 16:30:00,461.76,25.0,24.06,13.58,31.13,0,54.77,66.43,32.58,14.85,7.53
2020-05-08 16:45:00,461.76,25.0,23.97,13.49,26.0,0,69.77,81.43,13.55,10.02,22.53
2020-05-08 17:00:00,459.05,25.53,23.86,13.39,15.6,1,0.72,2.72,12.72,8.73,5.52
2020-05-08 17:15:00,693.67,28.8,23.84,13.24,0.0,1,3.72,0.7,27.72,13.73,20.52
2020-05-08 17:30:00,704.3,28.4,23.84,13.11,0.0,1,0.03,0.53,42.72,1.55,35.52
2020-05-08 17:45:00,658.11,28.53,23.84,12.96,4.6,1,0.03,0.52,57.72,3.23,4.17
2020-05-08 18:00:00,572.91,27.27,23.84,12.8,0.0,1,0.02,6.18,72.72,8.07,19.17
2020-05-08 18:15:00,532.74,27.0,23.83,12.62,0.0,1,8.85,21.18,1.67,5.42,34.17
2020-05-08 18:30:00,520.7,27.0,23.73,12.42,0.0,1,8.83,36.18,1.65,12.0,49.17
2020-05-08 18:45:00,495.62,27.0,23.61,12.31,0.0,1,10.83,51.18,3.82,2.15,64.17
2020-05-08 19:00:00,491.84,27.0,23.52,12.15,0.0,1,25.83,66.18,18.82,0.4,79.17
2020-05-08 19:15:00,491.84,25.93,23.52,11.97,0.0,1,40.83,7.97,33.82,0.88,94.17
2020-05-08 19:30:00,481.69,25.0,23.52,11.74,0.0,1,13.8,22.97,48.82,7.3,109.17
2020-05-08 19:45:00,476.18,25.0,23.44,11.59,0.0,0,6.78,37.97,9.95,10.83,124.17
2020-05-08 20:00:00,470.72,25.0,23.4,11.34,0.0,0,21.78,52.97,24.95,1.82,139.17
2020-05-08 20:15:00,470.72,25.0,23.4,11.14,0.0,0,36.78,67.97,39.95,6.57,154.17
2020-05-08 20:30:00,462.46,25.0,23.4,10.98,0.0,0,8.77,82.97,54.95,11.75,169.17
2020-05-08 20:45:00,460.33,25.0,23.4,10.75,0.0,0,3.75,97.97,69.95,10.77,184.17
2020-05-08 21:00:00,462.36,25.0,23.39,10.53,22.0,1,1.73,1.23,1.4,8.57,14.22
2020-05-08 21:15:00,531.97,25.8,23.3,10.44,2.93,1,0.73,3.88,16.4,4.98,10.2
2020-05-08 21:30:00,557.7,25.0,23.3,10.29,0.0,1,5.72,18.88,31.4,8.53,25.2
2020-05-08 21:45:00,546.88,25.0,23.2,10.14,0.0,1,20.72,33.88,11.37,2.22,40.2
2020-05-08 22:00:00,557.46,25.13,23.15,9.98,0.0,1,0.7,0.7,3.35,1.15,55.2
2020-05-08 22:15:00,550.72,26.87,23.08,9.74,0.0,0,15.7,8.52,18.35,6.02,70.2
2020-05-08 22:30:00,549.59,27.0,23.02,9.44,0.0,0,0.68,23.52,8.33,1.8,85.2
2020-05-08 22:45:00,533.76,27.0,22.98,9.25,0.0,1,15.68,38.52,23.33,5.18,100.2
2020-05-08 23:00:00,541.06,27.0,22.98,9.07,0.0,1,8.83,53.52,38.33,0.78,115.2
2020-05-08 23:15:00,545.92,27.0,23.07,8.78,0.0,0,23.83,68.52,13.15,3.27,130.2
2020-05-08 23:30:00,552.49,27.0,23.08,8.42,0.0,0,6.8,83.52,28.15,2.55,145.2
2020-05-08 23:45:00,560.0,27.0,23.17,7.98,0.0,0,21.8,98.52,13.63,2.22,160.2
2020-05-09 00:00:00,556.76,27.0,23.18,7.46,0.0,1,3.78,113.52,28.63,7.97,175.2
2020-05-09 00:15:00,548.05,27.0,23.18,7.18,0.0,1,4.78,128.52,43.63,0.18,190.2
2020-05-09 00:30:00,566.4,25.27,23.18,6.75,0.0,1,8.77,7.93,58.63,5.98,205.2
2020-05-09 00:45:00,561.96,25.0,23.18,6.59,0.0,1,3.77,22.93,73.63,5.55,220.2
2020-05-09 01:00:00,568.38,25.0,23.18,6.4,0.0,0,1.75,37.93,88.63,2.37,235.2
2020-05-09 01:15:00,577.45,25.0,23.19,6.22,0.0,0,10.75,52.93,1.57,4.15,250.2
2020-05-09 01:30:00,571.09,25.0,23.28,6.07,0.0,1,0.73,67.93,16.57,1.1,265.2
2020-05-09 01:45:00,580.74,24.93,23.28,6.01,0.0,1,8.72,1.88,31.57,16.1,280.2
2020-05-09 02:00:00,567.08,24.27,23.28,5.98,0.0,1,10.72,0.88,46.57,2.85,295.2
2020-05-09 02:15:00,560.23,24.33,23.28,5.87,0.0,1,0.7,0.87,61.57,0.4,310.2
2020-05-09 02:30:00,574.27,24.0,23.28,5.76,0.0,1,11.7,14.87,76.57,15.4,325.2
2020-05-09 02:45:00,571.84,24.0,23.28,5.76,0.0,1,26.7,29.87,91.57,30.4,340.2
2020-05-09 03:00:00,558.17,24.0,23.28,5.83,0.0,1,4.67,44.87,106.57,8.28,355.2
2020-05-09 03:15:00,576.7,24.73,23.36,5.78,0.0,1,0.67,0.0,9.83,11.28,370.2
2020-05-09 03:30:00,598.72,24.0,23.4,5.92,0.0,1,6.65,15.0,24.83,1.02,385.2
2020-05-09 03:45:00,584.0,24.0,23.4,6.03,0.0,1,21.65,30.0,39.83,7.47,400.2
2020-05-09 04:00:00,579.22,24.0,23.39,6.28,0.0,1,6.8,45.0,0.8,7.52,415.2
2020-05-09 04:15:00,573.76,24.0,23.3,6.73,0.0,1,21.8,60.0,15.8,0.22,430.2
2020-05-09 04:30:00,573.76,23.53,23.3,6.83,1.47,0,36.8,5.12,30.8,2.2,1.08
2020-05-09 04:45:00,558.7,23.07,23.3,7.04,30.53,1,0.77,1.1,45.8,0.28,4.58
2020-05-09 05:00:00,563.97,23.07,23.37,7.58,52.0,1,8.77,13.1,0.75,1.1,14.08
2020-05-09 05:15:00,548.05,23.0,23.63,7.77,62.0,1,9.77,28.1,3.08,0.25,14.73
2020-05-09 05:30:00,542.72,23.0,23.87,7.7,62.0,0,24.77,43.1,6.07,0.3,29.73
2020-05-09 05:45:00,545.96,23.0,24.15,8.07,62.0,0,3.73,58.1,3.9,3.13,44.73
2020-05-09 06:00:00,526.02,22.87,24.12,8.57,226.46,1,3.73,0.9,1.88,1.32,3.7
2020-05-09 06:15:00,480.19,23.87,23.52,8.87,234.23,1,8.72,1.88,0.88,3.07,0.18
2020-05-09 06:30:00,475.84,23.87,23.24,9.15,146.5,1,23.72,2.88,9.87,1.67,1.18
2020-05-09 06:45:00,483.41,23.07,22.95,9.04,155.61,1,1.7,7.87,1.52,1.2,0.17
2020-05-09 07:00:00,492.52,23.0,23.62,9.51,254.74,1,5.7,22.87,3.52,0.75,1.83
2020-05-09 07:15:00,482.77,22.87,23.99,9.4,359.41,1,4.68,0.85,0.83,5.98,2.32
2020-05-09 07:30:00,474.92,22.93,24.28,9.83,399.17,1,1.67,0.83,6.33,0.15,1.3
2020-05-09 07:45:00,480.3,22.87,24.58,10.3,421.46,1,3.67,7.83,2.82,2.53,1.3
2020-05-09 08:00:00,529.6,22.93,24.72,10.63,421.55,1,3.65,12.83,1.82,2.12,0.28
2020-05-09 08:15:00,528.75,23.0,24.9,10.5,326.73,1,0.65,27.83,3.13,1.1,0.28
2020-05-09 08:30:00,469.63,23.0,25.09,10.5,137.34,0,0.63,42.83,10.13,1.43,1.27
2020-05-09 08:45:00,462.46,22.87,25.18,10.23,278.29,0,11.63,2.95,6.28,0.63,1.25
2020-05-09 09:00:00,448.96,22.33,25.27,10.46,268.09,0,14.78,1.45,3.6,2.32,2.42
2020-05-09 09:15:00,448.96,21.93,25.36,10.31,230.21,0,29.78,1.93,18.6,3.75,3.9
2020-05-09 09:30:00,448.96,21.87,25.46,10.46,198.47,0,44.78,2.93,11.58,2.9,4.4
2020-05-09 09:45:00,448.96,21.8,25.58,10.8,161.36,0,59.78,1.92,14.08,0.52,2.38
2020-05-09 10:00:00,453.7,21.73,25.59,10.86,113.89,0,5.75,3.92,1.07,1.67,1.88
2020-05-09 10:15:00,452.1,21.4,25.62,11.35,93.2,0,11.75,0.9,3.07,1.7,0.37
2020-05-09 10:30:00,449.92,21.6,25.68,11.84,86.67,0,26.75,0.9,18.07,0.82,4.37
2020-05-09 10:45:00,449.92,21.53,25.61,11.61,80.0,0,41.75,0.88,9.05,0.98,19.37
2020-05-09 11:00:00,449.92,21.2,25.55,11.49,61.47,0,56.75,1.87,3.03,2.23,3.02
2020-05-09 11:15:00,451.5,21.6,25.48,11.69,55.0,0,1.7,2.87,18.03,5.17,18.02
2020-05-09 11:30:00,461.76,20.27,25.37,11.55,55.0,0,16.7,0.18,2.52,0.78,33.02
2020-05-09 11:45:00,455.23,20.0,25.24,11.87,55.0,0,8.68,4.18,17.52,0.38,48.02
2020-05-09 12:00:00,456.53,18.73,25.15,12.38,50.27,1,0.67,3.83,2.5,0.13,0.97
2020-05-09 12:15:00,481.92,18.53,25.02,12.69,58.94,1,15.67,1.67,17.5,1.0,0.47
2020-05-09 12:30:00,481.92,19.4,24.93,12.63,100.3,1,30.67,0.65,13.98,1.62,0.45
2020-05-09 12:45:00,481.92,18.87,24.92,12.7,122.69,1,45.67,1.32,28.98,0.07,6.95
2020-05-09 13:00:00,463.49,20.4,24.92,13.38,103.9,1,10.65,0.3,43.98,0.03,2.1
2020-05-09 13:15:00,455.89,19.4,24.88,12.93,93.04,0,4.63,1.63,5.97,0.32,17.1
2020-05-09 13:30:00,448.0,19.73,24.82,13.39,101.24,0,19.63,1.62,20.97,0.12,1.08
2020-05-09 13:45:00,448.0,18.2,24.72,12.93,90.23,1,34.63,0.45,0.6,0.9,1.58
2020-05-09 14:00:00,461.06,18.27,24.54,12.07,73.33,1,6.62,0.6,6.6,1.25,4.58
2020-05-09 14:15:00,481.92,18.67,24.41,12.05,55.73,1,14.6,1.1,8.25,0.75,6.57
2020-05-09 14:30:00,467.9,19.4,24.33,12.29,46.0,1,1.75,0.08,4.25,0.37,21.57
2020-05-09 14:45:00,462.51,19.0,24.14,10.78,42.0,0,9.75,0.4,14.23,0.28,5.55
2020-05-09 15:00:00,450.9,18.53,24.11,9.85,30.0,0,10.73,0.9,3.22,0.2,8.2
2020-05-09 15:15:00,454.53,19.53,24.02,9.51,26.0,0,8.73,0.55,18.22,2.28,23.2
2020-05-09 15:30:00,454.53,18.4,23.87,9.17,26.0,0,5.72,2.55,6.72,0.33,38.2
2020-05-09 15:45:00,448.0,18.4,23.67,9.24,26.0,0,20.72,0.87,2.2,0.25,53.2
2020-05-09 16:00:00,448.0,19.87,23.56,9.05,26.0,0,35.72,5.37,17.2,2.93,68.2
2020-05-09 16:15:00,448.0,20.07,23.53,8.8,26.0,0,50.72,11.35,3.02,1.57,83.2
2020-05-09 16:30:00,448.0,20.0,23.39,8.39,26.0,0,65.72,26.35,8.0,0.52,98.2
2020-05-09 16:45:00,448.73,20.33,23.35,8.09,20.67,0,0.67,4.33,1.83,2.78,7.13
2020-05-09 17:00:00,483.31,20.0,23.44,8.04,16.0,1,0.65,19.33,16.83,3.15,22.13
2020-05-09 17:15:00,514.92,20.0,23.44,7.79,2.8,1,1.65,34.33,31.83,2.38,11.78
2020-05-09 17:30:00,550.55,20.0,23.44,7.59,0.0,1,5.63,49.33,46.83,2.23,26.78
2020-05-09 17:45:00,560.0,20.0,23.49,7.41,0.0,1,20.63,64.33,6.95,3.72,41.78
2020-05-09 18:00:00,568.94,20.0,23.54,7.16,0.0,0,0.62,79.33,21.95,12.12,56.78
2020-05-09 18:15:00,565.76,20.93,23.54,6.9,0.0,1,3.62,13.28,36.95,1.3,71.78
2020-05-09 18:30:00,556.1,21.0,23.47,6.57,0.0,1,8.6,28.28,8.08,4.35,86.78
2020-05-09 18:45:00,550.42,21.0,23.33,6.39,0.0,1,0.58,43.28,0.07,19.35,101.78
2020-05-09 19:00:00,582.06,21.4,22.98,6.27,0.0,1,1.57,5.57,0.07,13.58,116.78
2020-05-09 19:15:00,551.32,22.0,22.76,6.16,0.0,1,0.73,20.57,2.55,11.32,131.78
2020-05-09 19:30:00,624.7,22.0,23.01,5.94,0.0,1,1.88,35.57,5.72,8.32,146.78
2020-05-09 19:45:00,703.7,22.67,23.16,5.88,0.0,1,1.88,6.55,7.7,23.32,161.78
2020-05-09 20:00:00,677.25,22.33,23.27,5.78,0.0,1,2.87,4.53,6.03,11.42,176.78
2020-05-09 20:15:00,620.52,24.53,23.24,5.76,0.0,1,0.87,2.85,0.02,26.42,191.78
2020-05-09 20:30:00,520.09,25.4,22.07,5.67,0.0,1,2.35,2.35,1.5,13.22,206.78
2020-05-09 20:45:00,483.5,24.27,22.47,5.53,0.0,1,12.35,10.35,3.17,1.17,221.78
2020-05-09 21:00:00,486.02,24.87,22.63,5.48,0.0,1,0.33,9.33,6.33,2.63,236.78
2020-05-09 21:15:00,593.47,25.27,22.76,5.3,0.0,1,0.32,10.5,11.48,12.7,251.78
2020-05-09 21:30:00,543.06,25.0,22.78,5.28,0.0,1,8.32,25.5,26.48,27.7,266.78
2020-05-09 21:45:00,567.15,25.0,22.9,5.25,0.0,1,2.47,40.5,14.47,3.78,281.78
2020-05-09 22:00:00,570.97,25.0,22.9,5.28,0.0,1,4.45,55.5,29.47,14.75,296.78
2020-05-09 22:15:00,623.19,25.0,22.94,5.28,0.0,1,1.12,4.62,5.27,29.75,311.78
2020-05-09 22:30:00,568.96,25.53,23.0,5.28,0.0,1,0.6,0.1,20.27,44.75,326.78
2020-05-09 22:45:00,644.57,25.67,23.0,5.28,0.0,1,0.58,0.08,35.27,59.75,341.78
2020-05-09 23:00:00,601.13,26.2,23.1,5.28,0.0,1,0.58,7.25,14.25,74.75,356.78
2020-05-09 23:15:00,598.44,27.0,23.1,5.28,0.0,1,3.57,22.25,29.25,89.75,371.78
2020-05-09 23:30:00,576.77,27.0,23.1,5.28,0.0,0,11.57,37.25,44.25,104.75,386.78
2020-05-09 23:45:00,585.17,27.53,23.1,5.2,0.0,1,3.55,7.38,59.25,11.12,401.78
2020-05-10 00:00:00,602.75,28.0,23.1,5.18,0.0,1,0.72,22.38,74.25,26.12,416.78
2020-05-10 00:15:00,603.2,28.2,23.1,5.18,0.0,0,5.7,1.37,89.25,41.12,431.78
2020-05-10 00:30:00,601.13,28.73,23.1,5.27,0.0,0,1.7,3.35,104.25,12.3,446.78
2020-05-10 00:45:00,588.86,28.87,23.17,5.21,0.0,1,1.68,5.35,10.68,10.15,461.78
2020-05-10 01:00:00,595.01,29.07,23.2,5.19,0.0,1,1.67,2.33,25.68,0.7,476.78
2020-05-10 01:15:00,577.73,29.0,23.2,5.31,0.0,1,10.67,17.33,40.68,2.35,491.78
2020-05-10 01:30:00,571.84,29.27,23.2,5.47,0.0,0,25.67,1.32,55.68,7.77,506.78
2020-05-10 01:45:00,585.88,30.0,23.2,5.74,0.0,1,13.65,16.32,70.68,0.52,521.78
2020-05-10 02:00:00,579.01,30.0,23.2,6.25,0.0,1,8.63,31.32,85.68,3.08,536.78
2020-05-10 02:15:00,580.78,30.0,23.2,6.57,0.0,1,6.63,46.32,100.68,7.57,551.78
2020-05-10 02:30:00,594.47,30.07,23.2,6.89,0.0,1,6.62,9.62,115.68,4.2,566.78
2020-05-10 02:45:00,600.96,30.67,23.2,7.18,0.0,1,21.62,0.6,130.68,4.3,581.78
2020-05-10 03:00:00,589.76,30.93,23.2,7.42,0.0,1,14.6,11.6,145.68,5.85,596.78
2020-05-10 03:15:00,586.86,31.0,23.2,7.52,0.0,1,6.6,26.6,160.68,20.85,611.78
2020-05-10 03:30:00,571.39,31.0,23.3,7.54,0.0,1,9.58,41.6,11.73,2.12,626.78
2020-05-10 03:45:00,560.36,31.67,23.32,7.71,0.0,1,4.57,2.07,26.73,8.65,641.78
2020-05-10 04:00:00,562.86,33.0,23.32,7.81,0.0,0,1.55,17.07,41.73,5.88,656.78
2020-05-10 04:15:00,579.05,33.0,23.32,7.9,0.0,0,13.55,32.07,56.73,0.03,671.78
2020-05-10 04:30:00,579.05,33.13,23.32,8.17,11.07,1,0.53,1.03,71.73,2.53,3.33
2020-05-10 04:45:00,619.05,34.0,23.33,8.48,35.67,1,1.53,16.03,1.18,3.03,4.33
2020-05-10 05:00:00,615.13,34.0,23.43,8.77,49.74,1,4.52,31.03,1.02,5.1,0.32
2020-05-10 05:15:00,524.07,29.93,23.6,9.11,128.15,1,4.85,7.85,3.0,1.73,0.3
2020-05-10 05:30:00,471.47,30.0,23.31,9.53,72.27,1,9.83,22.85,3.65,0.33,9.3
2020-05-10 05:45:00,467.84,30.0,23.18,9.91,113.49,1,24.83,37.85,18.65,0.97,0.78
2020-05-10 06:00:00,467.84,30.07,23.13,10.42,323.5,1,39.83,12.98,7.48,0.05,0.28
2020-05-10 06:15:00,467.84,30.0,23.14,11.15,318.17,1,54.83,27.98,8.47,3.72,0.43
2020-05-10 06:30:00,467.84,29.93,23.18,11.99,219.15,1,69.83,7.8,23.47,4.25,0.43
2020-05-10 06:45:00,467.84,29.33,23.13,12.39,164.89,1,84.83,9.8,6.45,3.35,0.92
2020-05-10 07:00:00,463.1,29.0,23.08,12.62,130.83,1,5.78,24.8,21.45,13.0,4.42
2020-05-10 07:15:00,466.39,29.0,23.09,13.06,169.85,1,6.78,39.8,0.42,3.08,1.4
2020-05-10 07:30:00,458.88,29.0,23.18,13.34,153.49,1,21.78,54.8,15.42,1.12,0.4
2020-05-10 07:45:00,458.88,28.73,23.22,13.45,209.8,1,36.78,2.75,5.42,0.65,1.88
2020-05-10 08:00:00,475.09,28.0,23.34,14.07,201.77,1,2.92,17.75,6.73,2.25,0.37
2020-05-10 08:15:00,466.88,27.8,23.55,14.56,212.76,1,17.92,0.07,6.38,0.53,0.53
2020-05-10 08:30:00,466.88,27.47,23.6,14.84,189.48,1,32.92,4.05,21.38,0.83,3.53
2020-05-10 08:45:00,465.43,27.8,23.7,15.14,170.02,0,1.88,8.05,14.38,0.65,0.52
2020-05-10 09:00:00,467.01,28.0,23.74,15.23,109.62,0,11.88,23.05,4.7,0.42,0.5
2020-05-10 09:15:00,466.56,28.0,23.91,15.1,74.21,0,9.87,38.05,12.68,0.35,0.0
2020-05-10 09:30:00,468.8,28.2,23.92,14.54,65.27,1,24.87,4.85,27.68,1.4,0.98
2020-05-10 09:45:00,472.53,28.8,24.02,14.71,90.09,0,9.85,2.85,3.17,1.1,2.98
2020-05-10 10:00:00,468.8,29.0,24.15,15.12,88.41,0,24.85,17.85,3.5,0.67,2.47
2020-05-10 10:15:00,468.8,28.93,24.29,15.76,74.01,0,39.85,11.83,7.48,2.97,0.13
2020-05-10 10:30:00,468.8,29.0,24.34,15.96,80.89,0,54.85,26.83,22.48,0.7,1.12
2020-05-10 10:45:00,468.8,29.33,24.33,15.82,30.07,0,69.85,1.8,0.47,2.45,4.12
2020-05-10 11:00:00,468.8,29.6,24.31,15.48,8.0,0,84.85,1.8,9.45,3.75,4.6
2020-05-10 11:15:00,468.8,29.07,24.43,15.75,28.67,1,99.85,3.78,1.95,1.72,3.08
2020-05-10 11:30:00,474.43,29.6,24.56,15.81,26.93,1,5.78,1.45,16.95,1.42,3.08
2020-05-10 11:45:00,480.26,30.4,24.37,15.53,41.0,1,2.77,1.43,1.08,0.93,18.08
2020-05-10 12:00:00,469.76,30.27,24.42,15.08,37.0,0,17.77,1.42,16.08,3.25,5.07
2020-05-10 12:15:00,460.33,30.53,24.39,15.0,37.0,0,12.75,0.08,3.23,0.15,8.05
2020-05-10 12:30:00,458.88,30.4,24.32,14.93,41.0,0,27.75,1.07,18.23,0.83,23.05
2020-05-10 12:45:00,458.88,30.67,24.32,14.58,30.2,1,42.75,2.23,33.23,7.45,1.7
2020-05-10 13:00:00,458.88,30.6,24.32,14.59,16.67,1,57.75,4.22,48.23,0.12,1.68
2020-05-10 13:15:00,458.88,31.07,24.32,14.16,2.67,0,72.75,2.05,63.23,8.63,3.18
2020-05-10 13:30:00,458.88,30.53,24.32,13.78,1.33,0,87.75,1.03,78.23,1.72,1.67
2020-05-10 13:45:00,458.88,31.53,24.29,13.1,2.0,0,102.75,0.68,4.18,0.92,0.67
2020-05-10 14:00:00,465.19,31.8,24.22,12.56,16.93,0,7.85,3.52,19.18,5.22,1.15
2020-05-10 14:15:00,470.72,33.07,24.22,12.55,2.67,0,22.85,5.5,34.18,2.63,3.82
2020-05-10 14:30:00,470.72,33.13,24.22,12.49,8.0,0,37.85,0.5,49.18,4.82,2.8
2020-05-10 14:45:00,470.72,33.33,24.11,12.57,0.0,1,52.85,1.48,13.65,2.43,17.8
2020-05-10 15:00:00,470.72,33.67,24.1,12.06,0.0,1,67.85,5.48,28.65,0.97,32.8
2020-05-10 15:15:00,470.72,34.2,24.1,11.91,0.0,0,82.85,2.97,43.65,5.73,47.8
2020-05-10 15:30:00,470.72,35.0,24.02,11.83,0.0,0,97.85,17.97,11.62,9.85,62.8
2020-05-10 15:45:00,470.72,35.0,24.0,11.68,0.0,0,112.85,32.97,26.62,14.6,77.8
2020-05-10 16:00:00,471.4,35.33,23.92,11.56,0.0,0,0.77,0.93,11.43,14.5,92.8
2020-05-10 16:15:00,476.86,35.67,23.86,11.48,0.0,0,5.77,0.77,5.42,0.18,107.8
2020-05-10 16:30:00,470.72,35.4,23.8,11.24,0.0,0,20.77,2.75,20.42,3.82,122.8
2020-05-10 16:45:00,470.72,34.93,23.8,10.93,0.0,0,35.77,0.75,35.42,4.8,137.8
2020-05-10 17:00:00,459.84,36.07,23.73,10.75,0.0,0,14.75,0.73,7.07,3.72,152.8
2020-05-10 17:15:00,517.63,38.33,23.7,10.18,0.0,1,1.73,0.73,5.22,0.27,167.8
2020-05-10 17:30:00,574.29,38.4,23.78,7.65,8.8,1,4.72,5.05,2.2,4.15,5.35
2020-05-10 17:45:00,598.19,37.47,23.86,6.36,22.0,1,5.72,0.7,17.2,0.12,20.35
2020-05-10 18:00:00,583.91,35.93,23.94,5.7,22.0,1,6.87,0.7,3.18,4.93,35.35
2020-05-10 18:15:00,582.49,35.13,23.75,5.42,22.0,1,2.87,6.68,2.35,2.12,50.35
2020-05-10 18:30:00,595.14,35.0,23.59,5.14,22.0,1,11.85,21.68,0.67,6.22,65.35
2020-05-10 18:45:00,573.18,34.4,23.44,4.87,22.0,1,2.83,4.67,2.67,0.48,80.35
2020-05-10 19:00:00,535.94,34.07,23.29,4.43,22.0,1,1.83,1.65,2.65,1.48,95.35
2020-05-10 19:15:00,581.5,34.0,23.5,4.09,22.0,1,5.82,16.65,6.32,1.88,110.35
2020-05-10 19:30:00,607.7,34.47,23.56,3.76,22.0,1,2.3,0.8,21.32,2.73,125.35
2020-05-10 19:45:00,632.96,33.93,23.57,3.41,22.0,1,17.3,0.8,1.45,2.87,140.35
2020-05-10 20:00:00,630.31,33.0,23.66,3.0,22.0,1,2.28,14.8,16.45,0.38,155.35
2020-05-10 20:15:00,580.29,33.0,23.66,2.65,22.0,1,0.28,0.27,31.45,0.7,170.35
2020-05-10 20:30:00,557.55,32.07,23.65,2.42,22.0,1,9.28,5.77,0.42,0.03,185.35
2020-05-10 20:45:00,598.1,30.73,23.5,2.09,22.0,1,10.27,0.75,8.42,0.15,200.35
2020-05-10 21:00:00,602.88,30.27,23.46,1.7,22.0,1,25.27,5.75,23.42,0.67,215.35
2020-05-10 21:15:00,602.88,30.07,23.46,1.44,19.07,1,40.27,0.23,38.42,1.0,1.53
2020-05-10 21:30:00,530.97,31.4,22.5,1.2,0.0,1,0.57,1.9,1.05,4.93,16.53
2020-05-10 21:45:00,553.79,41.67,21.5,1.04,0.0,1,0.73,1.88,1.72,13.32,31.53
2020-05-10 22:00:00,645.78,39.87,22.06,1.05,0.0,1,1.05,1.22,9.22,6.33,46.53
2020-05-10 22:15:00,941.14,37.4,22.22,1.03,0.0,1,0.2,2.03,12.2,21.33,61.53
2020-05-10 22:30:00,917.63,35.4,22.41,1.06,0.0,1,0.37,1.2,4.35,3.28,76.53
2020-05-10 22:45:00,542.74,32.53,22.56,1.13,0.0,1,1.85,2.68,19.35,18.28,91.53
2020-05-10 23:00:00,482.9,31.27,22.56,1.12,0.0,0,1.85,6.52,34.35,1.88,106.53
2020-05-10 23:15:00,479.89,31.0,22.56,0.97,0.0,1,7.83,21.52,49.35,0.67,121.53
2020-05-10 23:30:00,473.92,30.93,22.56,1.02,0.0,1,22.83,6.48,64.35,2.7,136.53
2020-05-10 23:45:00,468.14,30.93,22.49,1.19,0.0,1,2.82,0.47,10.3,9.77,151.53
2020-05-11 00:00:00,477.72,30.6,22.46,1.17,0.0,1,2.8,0.47,25.3,3.63,166.53
2020-05-11 00:15:00,468.61,30.2,22.45,1.08,0.0,1,1.78,4.45,0.45,2.88,181.53
2020-05-11 00:30:00,471.83,30.0,22.34,1.1,0.0,1,10.78,19.45,15.45,14.28,196.53
2020-05-11 00:45:00,471.02,30.0,22.34,1.17,0.0,0,1.77,34.45,30.45,10.53,211.53
2020-05-11 01:00:00,502.53,30.27,22.27,1.31,0.0,1,1.77,6.43,9.43,0.27,226.53
2020-05-11 01:15:00,487.57,30.0,22.24,1.41,0.0,1,9.77,21.43,24.43,4.55,241.53
2020-05-11 01:30:00,496.21,29.93,22.24,1.31,0.0,1,1.75,0.92,39.43,5.65,256.53
2020-05-11 01:45:00,487.4,29.6,22.24,1.13,0.0,1,10.75,1.9,54.43,0.63,271.53
2020-05-11 02:00:00,473.02,29.0,22.24,1.0,0.0,1,1.73,16.9,69.43,2.53,286.53
2020-05-11 02:15:00,472.75,28.93,22.24,0.89,0.0,1,10.73,0.88,84.43,0.03,301.53
2020-05-11 02:30:00,481.62,28.87,22.15,0.79,0.0,1,0.7,8.88,12.37,15.03,316.53
2020-05-11 02:45:00,486.1,28.6,22.14,0.73,0.0,1,5.7,0.87,27.37,7.1,331.53
2020-05-11 03:00:00,490.15,28.0,22.14,0.69,0.0,1,7.7,11.02,42.37,22.1,346.53
2020-05-11 03:15:00,514.5,27.8,21.45,0.69,0.0,0,7.68,2.52,0.17,37.1,361.53
2020-05-11 03:30:00,506.15,28.47,21.57,0.66,0.0,0,4.67,0.5,2.33,6.98,376.53
2020-05-11 03:45:00,501.5,28.0,21.78,0.67,0.0,1,0.83,1.65,17.33,1.02,391.53
2020-05-11 04:00:00,483.46,27.93,21.88,0.64,0.0,1,6.82,6.65,11.32,1.25,406.53
2020-05-11 04:15:00,473.92,27.53,21.9,1.13,6.67,1,21.82,1.63,26.32,3.15,9.95
2020-05-11 04:30:00,480.49,27.07,21.9,1.47,14.93,1,2.8,9.63,41.32,0.23,0.93
2020-05-11 04:45:00,480.19,27.4,21.95,1.74,57.87,1,0.78,1.45,6.62,0.0,0.42
2020-05-11 05:00:00,497.94,27.67,22.1,1.53,86.93,1,0.78,7.45,14.62,1.55,0.92
2020-05-11 05:15:00,496.45,26.53,22.16,1.55,85.47,1,5.77,2.43,8.1,6.35,0.4
2020-05-11 05:30:00,496.13,26.6,22.29,1.76,96.75,1,5.77,0.43,10.08,1.05,0.4
2020-05-11 05:45:00,493.85,25.53,22.39,1.84,147.48,1,2.75,4.25,0.42,2.43,0.05
2020-05-11 06:00:00,483.24,24.8,22.6,2.04,162.12,1,0.73,3.23,6.07,2.4,2.05
2020-05-11 06:15:00,478.46,24.4,22.78,1.79,173.23,1,6.73,4.23,5.88,1.32,0.03
2020-05-11 06:30:00,467.8,24.07,23.05,2.35,187.54,1,1.72,0.72,2.05,0.43,1.02
2020-05-11 06:45:00,487.47,23.93,23.39,3.0,178.87,1,6.72,0.38,5.87,1.68,0.02
2020-05-11 07:00:00,507.05,23.53,23.51,2.84,114.94,1,0.7,0.2,0.37,1.63,0.0
2020-05-11 07:15:00,482.99,23.13,23.7,3.09,125.62,1,10.7,0.35,1.85,0.3,0.48
2020-05-11 07:30:00,470.02,21.13,23.73,3.32,192.22,1,11.68,0.68,4.85,1.47,0.65
2020-05-11 07:45:00,464.21,21.47,23.77,3.39,200.41,1,5.68,0.0,2.67,2.05,0.13
2020-05-11 08:00:00,457.58,21.87,24.14,3.87,246.03,1,12.67,0.5,8.17,0.73,9.13
2020-05-11 08:15:00,455.25,19.6,24.35,4.37,239.14,0,0.82,0.98,4.65,4.58,0.12
2020-05-11 08:30:00,445.55,19.4,24.37,4.44,222.33,0,0.82,3.65,0.63,0.5,3.62
2020-05-11 08:45:00,456.0,19.8,24.58,4.84,180.56,0,15.82,0.47,8.63,1.55,1.1
2020-05-11 09:00:00,448.53,18.2,24.57,5.04,188.37,0,9.8,0.12,6.62,1.05,2.58
2020-05-11 09:15:00,451.58,20.53,24.7,5.03,162.56,0,5.78,1.95,9.62,0.65,4.08
2020-05-11 09:30:00,456.96,16.8,24.69,5.32,143.29,0,14.78,0.1,6.77,0.5,1.23
2020-05-11 09:45:00,451.93,16.2,24.59,5.47,94.03,1,0.77,1.92,5.25,0.18,0.22
2020-05-11 10:00:00,526.68,16.0,24.5,5.75,76.28,1,1.75,8.92,1.57,0.9,0.22
2020-05-11 10:15:00,530.84,17.13,24.35,6.03,53.73,1,2.73,0.23,3.57,0.2,0.7
2020-05-11 10:30:00,480.81,17.07,24.32,6.33,52.07,1,5.73,0.4,5.55,1.0,0.2
2020-05-11 10:45:00,460.37,16.0,24.2,6.49,46.2,0,10.73,0.22,3.05,0.17,2.18
2020-05-11 11:00:00,456.15,16.07,24.17,6.66,41.73,0,0.72,1.7,13.05,5.68,1.68
2020-05-11 11:15:00,444.8,17.8,24.07,6.66,24.87,0,15.72,2.37,2.53,0.25,4.17
2020-05-11 11:30:00,449.15,17.27,24.23,7.34,26.73,0,6.7,0.18,1.52,1.43,5.83
2020-05-11 11:45:00,442.88,15.47,23.92,7.13,27.13,0,21.7,0.18,1.0,0.13,3.82
2020-05-11 12:00:00,452.97,17.13,23.9,7.52,19.0,1,2.67,1.33,5.33,1.12,14.82
2020-05-11 12:15:00,463.85,16.93,23.79,7.3,19.0,1,6.67,2.32,10.82,0.6,29.82
2020-05-11 12:30:00,456.0,16.13,23.67,7.59,17.47,0,21.67,0.48,3.82,0.92,3.28
2020-05-11 12:45:00,447.04,16.47,23.45,7.47,12.13,1,11.65,1.47,0.13,0.52,1.27
2020-05-11 13:00:00,440.06,15.27,23.23,7.17,29.0,1,5.8,2.63,5.63,0.13,16.27
2020-05-11 13:15:00,444.05,17.27,23.13,7.58,21.8,1,12.8,0.95,0.62,0.2,8.77
2020-05-11 13:30:00,445.76,18.0,23.43,8.27,17.0,1,27.8,0.43,1.77,1.02,23.77
2020-05-11 13:45:00,449.17,17.2,23.39,8.22,17.0,1,4.77,0.1,8.77,0.17,38.77
2020-05-11 14:00:00,456.0,17.2,23.39,7.99,17.0,0,19.77,0.92,4.75,0.12,53.77
2020-05-11 14:15:00,454.63,16.07,23.13,7.83,17.0,0,1.75,0.08,3.73,0.47,68.77
2020-05-11 14:30:00,458.79,17.0,22.98,8.13,17.0,1,6.75,0.07,11.73,0.1,83.77
2020-05-11 14:45:00,456.41,16.47,22.87,8.25,17.0,1,1.73,0.4,6.88,0.92,98.77
2020-05-11 15:00:00,443.8,17.87,22.83,8.07,12.53,0,1.72,0.38,9.88,2.0,3.35
2020-05-11 15:15:00,450.24,17.8,22.97,7.52,8.0,0,4.72,1.38,13.37,1.02,1.02
2020-05-11 15:30:00,452.8,17.93,23.01,7.48,3.4,0,19.72,2.87,4.37,1.28,9.5
2020-05-11 15:45:00,452.8,17.87,23.08,5.33,0.0,0,34.72,6.87,19.37,0.87,24.5
2020-05-11 16:00:00,452.8,18.4,23.08,4.43,3.33,0,49.72,0.35,34.37,0.02,4.48
2020-05-11 16:15:00,464.0,19.87,23.08,5.23,0.0,1,14.68,13.33,49.37,1.83,14.98
2020-05-11 16:30:00,464.0,20.0,23.08,5.68,0.0,1,29.68,28.33,64.37,2.58,29.98
2020-05-11 16:45:00,464.0,20.0,22.94,5.51,0.0,0,44.68,43.33,0.3,5.92,44.98
2020-05-11 17:00:00,464.0,20.0,22.98,5.49,0.0,0,59.68,58.33,15.3,8.88,59.98
2020-05-11 17:15:00,459.95,20.0,22.9,5.44,0.0,0,4.63,73.33,2.78,0.1,74.98
2020-05-11 17:30:00,451.84,20.13,22.71,5.25,0.0,0,19.63,1.45,6.78,0.08,89.98
2020-05-11 17:45:00,451.84,20.0,22.63,5.11,0.0,0,34.63,16.45,4.77,8.97,104.98
2020-05-11 18:00:00,457.54,20.33,22.56,4.93,0.0,0,0.62,2.43,19.77,2.8,119.98
2020-05-11 18:15:00,516.52,21.27,22.78,4.8,0.0,1,1.77,8.93,7.58,17.8,134.98
2020-05-11 18:30:00,490.03,21.0,22.76,4.65,0.0,1,7.77,23.93,5.58,5.78,149.98
2020-05-11 18:45:00,474.77,21.0,22.66,4.45,0.0,0,9.75,38.93,20.58,13.07,164.98
2020-05-11 19:00:00,465.98,21.0,22.49,4.27,0.0,0,5.73,53.93,4.73,4.9,179.98
2020-05-11 19:15:00,458.88,21.0,22.27,3.84,0.0,0,20.73,68.93,10.72,0.65,194.98
2020-05-11 19:30:00,459.67,21.07,22.29,3.34,0.0,0,0.72,12.88,7.72,4.02,209.98
2020-05-11 19:45:00,470.72,21.0,22.34,3.32,0.0,0,15.72,27.88,22.72,8.98,224.98
2020-05-11 20:00:00,470.72,21.0,22.34,3.45,0.0,0,30.72,42.88,37.72,11.3,239.98
2020-05-11 20:15:00,470.72,21.0,22.34,3.38,0.0,0,45.72,57.88,52.72,12.33,254.98
2020-05-11 20:30:00,470.72,21.0,22.34,3.37,0.0,0,60.72,72.88,67.72,27.33,269.98
2020-05-11 20:45:00,482.88,21.67,22.19,3.31,16.13,1,0.68,9.85,9.33,6.57,10.65
2020-05-11 21:00:00,601.75,22.93,22.14,3.15,5.87,1,0.67,13.83,24.33,3.65,10.63
2020-05-11 21:15:00,669.27,23.0,22.19,3.12,0.0,1,5.67,28.83,6.32,13.5,25.63
2020-05-11 21:30:00,679.55,23.0,22.31,3.11,0.0,1,5.48,43.83,0.97,28.5,40.63
2020-05-11 21:45:00,676.31,23.0,22.44,3.02,0.0,1,1.47,58.83,15.97,0.2,55.63
2020-05-11 22:00:00,599.98,26.33,22.46,2.84,0.0,1,2.63,0.3,2.45,15.2,70.63
2020-05-11 22:15:00,637.74,33.33,22.74,2.78,0.0,1,0.62,0.62,9.62,6.23,85.63
2020-05-11 22:30:00,664.41,28.87,22.78,2.71,0.0,1,3.95,1.62,24.62,21.23,100.63
2020-05-11 22:45:00,697.51,27.6,22.78,2.82,0.0,1,7.93,5.43,39.62,12.65,115.63
2020-05-11 23:00:00,693.1,26.2,22.78,2.84,0.0,1,0.93,1.1,54.62,27.65,130.63
2020-05-11 23:15:00,595.97,24.53,22.78,2.94,0.0,1,2.75,5.08,69.62,14.83,145.63
2020-05-11 23:30:00,563.31,24.07,22.78,2.85,0.0,0,0.73,11.08,84.62,12.53,160.63
2020-05-11 23:45:00,582.87,24.0,22.73,2.6,0.0,1,0.73,26.08,7.57,3.73,175.63
2020-05-12 00:00:00,679.94,24.27,22.68,2.45,0.0,1,0.72,2.05,22.57,5.87,190.63
2020-05-12 00:15:00,672.15,24.87,22.68,2.43,0.0,1,0.72,12.05,37.57,2.37,205.63
2020-05-12 00:30:00,649.79,25.0,22.68,2.35,0.0,1,1.7,27.05,52.57,17.37,220.63
2020-05-12 00:45:00,661.29,25.93,22.68,2.2,0.0,1,1.7,0.02,67.57,4.5,235.63
2020-05-12 01:00:00,689.92,26.73,22.75,2.11,0.0,1,14.68,0.02,9.52,19.5,250.63
2020-05-12 01:15:00,691.8,25.93,22.78,1.93,0.0,1,4.68,0.67,24.52,7.6,265.63
2020-05-12 01:30:00,676.05,25.8,22.78,1.88,0.0,0,4.67,1.67,39.52,22.6,280.63
2020-05-12 01:45:00,663.34,26.33,22.78,1.9,0.0,0,6.65,3.65,54.52,8.65,295.63
2020-05-12 02:00:00,664.32,26.47,22.78,1.91,0.0,1,2.65,4.32,69.52,4.73,310.63
2020-05-12 02:15:00,682.33,26.2,22.78,2.04,0.0,1,0.63,0.63,84.52,6.57,325.63
2020-05-12 02:30:00,682.33,25.8,22.78,2.11,0.0,1,2.63,3.12,99.52,21.57,340.63
2020-05-12 02:45:00,673.92,25.13,22.78,2.12,0.0,1,17.63,10.12,114.52,1.57,355.63
2020-05-12 03:00:00,657.15,25.0,22.78,2.34,0.0,1,5.62,25.12,129.52,5.3,370.63
2020-05-12 03:15:00,663.98,25.0,22.78,2.58,0.0,0,4.6,40.12,144.52,1.42,385.63
2020-05-12 03:30:00,678.91,25.07,22.78,2.81,0.0,1,1.58,7.08,159.52,0.03,400.63
2020-05-12 03:45:00,667.26,24.53,22.79,3.16,0.0,1,0.58,2.08,0.57,5.87,415.63
2020-05-12 04:00:00,554.65,23.2,22.9,3.44,19.73,1,0.57,0.07,15.57,2.02,7.03
2020-05-12 04:15:00,589.18,23.47,22.9,3.64,37.0,1,7.73,7.07,30.57,3.48,22.03
2020-05-12 04:30:00,613.82,23.07,22.9,3.92,113.54,1,4.72,12.05,45.57,3.6,0.02
2020-05-12 04:45:00,627.5,23.0,22.93,4.39,513.4,1,2.72,27.05,3.7,2.55,0.5
2020-05-12 05:00:00,612.44,22.73,23.16,4.62,758.7,1,0.7,2.03,2.53,0.78,0.67
2020-05-12 05:15:00,624.77,22.33,23.61,4.96,874.84,1,1.68,4.02,2.18,1.53,1.65
2020-05-12 05:30:00,518.57,22.0,24.0,5.55,862.25,1,2.18,19.02,5.5,0.67,0.65
2020-05-12 05:45:00,483.5,21.87,24.17,5.74,799.27,1,12.18,0.33,1.5,0.83,0.13
2020-05-12 06:00:00,473.0,21.53,24.33,5.9,744.92,1,10.17,0.32,5.82,1.4,0.63
2020-05-12 06:15:00,469.76,21.73,24.54,6.14,658.15,1,25.17,6.32,5.98,0.12,0.62
2020-05-12 06:30:00,466.45,21.33,24.8,6.64,666.13,1,9.15,6.3,5.3,2.33,0.1
2020-05-12 06:45:00,470.72,20.93,25.05,7.06,691.41,1,24.15,13.3,2.95,0.28,3.27
2020-05-12 07:00:00,482.92,20.8,25.31,7.3,636.97,1,12.13,2.28,4.28,2.42,0.25
2020-05-12 07:15:00,488.26,20.67,25.42,7.62,430.26,1,2.12,0.78,19.28,7.77,0.23
2020-05-12 07:30:00,469.48,20.2,25.42,7.8,375.9,1,2.1,0.1,34.28,0.37,1.23
2020-05-12 07:45:00,464.19,19.53,25.42,7.74,101.01,1,8.1,0.08,49.28,3.6,4.73
2020-05-12 08:00:00,459.84,20.0,25.42,7.88,103.21,1,23.1,3.75,64.28,2.92,0.72
2020-05-12 08:15:00,464.58,19.87,25.51,8.09,245.34,1,0.07,0.73,10.23,1.92,2.7
2020-05-12 08:30:00,466.05,19.6,25.54,8.07,50.73,1,2.07,0.4,25.23,0.35,3.7
2020-05-12 08:45:00,466.86,20.0,25.54,7.51,39.93,1,3.05,2.55,40.23,1.08,3.35
2020-05-12 09:00:00,464.92,19.07,25.46,7.65,68.2,1,0.2,0.53,9.7,4.57,2.35
2020-05-12 09:15:00,454.72,18.67,25.42,7.7,86.81,1,15.2,2.03,24.7,2.17,1.33
2020-05-12 09:30:00,454.72,17.87,25.35,6.96,41.87,1,30.2,0.02,0.52,0.0,3.82
2020-05-12 09:45:00,457.71,17.8,25.22,5.66,12.33,1,3.18,8.02,15.52,0.17,8.32
2020-05-12 10:00:00,483.56,19.73,25.12,4.74,21.87,1,0.17,11.85,11.5,1.17,6.8
2020-05-12 10:15:00,461.29,20.0,25.17,4.94,22.0,1,12.17,26.85,10.48,0.08,14.8
2020-05-12 10:30:00,465.62,20.2,25.13,4.99,66.2,1,0.15,2.82,10.48,0.73,0.28
2020-05-12 10:45:00,500.65,21.27,24.95,5.2,87.67,1,5.15,0.8,7.8,1.67,6.45
2020-05-12 11:00:00,512.49,22.0,24.88,5.88,115.83,1,0.13,0.8,2.78,3.45,0.43
2020-05-12 11:15:00,526.34,22.8,24.74,6.43,105.81,1,3.13,1.78,7.28,2.03,0.42
2020-05-12 11:30:00,481.79,22.8,24.64,6.35,47.6,1,3.12,11.78,5.28,8.93,4.92
2020-05-12 11:45:00,465.92,22.27,24.48,6.24,39.6,1,18.12,10.77,14.43,0.38,0.4
2020-05-12 12:00:00,460.25,21.07,24.48,5.66,18.0,0,6.1,5.77,29.43,7.5,15.4
2020-05-12 12:15:00,468.71,22.07,24.41,5.32,15.07,1,0.08,3.25,2.75,0.7,2.38
2020-05-12 12:30:00,540.35,24.4,24.14,5.37,0.0,1,2.08,5.25,14.42,0.3,17.38
2020-05-12 12:45:00,554.88,24.27,24.14,5.21,0.0,1,2.07,10.23,29.42,2.53,32.38
2020-05-12 13:00:00,496.41,24.07,24.14,4.65,0.0,1,0.07,0.22,44.42,3.63,47.38
2020-05-12 13:15:00,559.06,24.47,24.14,4.66,6.0,1,7.05,0.22,59.42,0.45,8.02
2020-05-12 13:30:00,589.72,24.07,24.18,6.78,10.0,1,0.87,4.37,5.53,1.58,23.02
2020-05-12 13:45:00,657.6,24.0,24.29,6.75,2.0,1,7.87,19.37,6.53,0.95,10.5
2020-05-12 14:00:00,653.74,23.33,24.34,6.49,0.0,1,5.87,9.35,21.53,1.88,25.5
2020-05-12 14:15:00,646.49,23.0,24.34,6.73,0.0,1,6.85,24.35,36.53,0.12,40.5
2020-05-12 14:30:00,631.72,22.93,24.34,6.54,0.0,0,1.83,1.0,51.53,1.08,55.5
2020-05-12 14:45:00,605.67,23.0,24.28,6.29,0.0,1,2.83,16.0,1.48,2.78,70.5
2020-05-12 15:00:00,543.19,23.0,23.97,6.02,0.0,1,3.82,31.0,6.48,3.77,85.5
2020-05-12 15:15:00,510.04,23.07,23.69,5.81,0.0,1,7.15,0.3,2.63,0.62,100.5
2020-05-12 15:30:00,504.21,23.33,23.49,4.84,0.0,1,0.13,3.3,12.13,2.25,115.5
2020-05-12 15:45:00,481.96,23.4,23.44,4.34,0.0,1,2.13,1.28,5.12,11.6,130.5
2020-05-12 16:00:00,478.19,23.0,23.38,4.41,0.0,1,10.12,16.28,20.12,3.6,145.5
2020-05-12 16:15:00,470.93,23.0,23.37,4.36,0.0,1,3.12,31.28,0.43,1.13,160.5
2020-05-12 16:30:00,462.72,23.0,23.26,4.6,0.0,0,18.12,46.28,15.43,7.77,175.5
2020-05-12 16:45:00,462.72,23.0,23.17,4.64,0.0,0,33.12,61.28,0.75,6.43,190.5
2020-05-12 17:00:00,462.72,23.8,23.0,4.63,20.0,1,48.12,0.23,8.9,0.08,11.72
2020-05-12 17:15:00,470.93,23.93,22.99,4.58,25.0,1,10.07,2.23,4.9,4.23,26.72
2020-05-12 17:30:00,488.58,25.4,22.97,4.33,25.0,1,2.07,0.05,12.88,3.37,41.72
2020-05-12 17:45:00,493.35,24.67,22.96,4.02,3.33,1,5.05,0.55,27.88,0.38,12.18
2020-05-12 18:00:00,496.15,26.93,22.99,3.98,0.0,1,2.05,5.03,4.87,0.7,27.18
2020-05-12 18:15:00,464.96,24.0,23.11,3.65,0.67,1,14.05,1.53,6.37,8.13,0.17
2020-05-12 18:30:00,464.96,24.53,23.22,3.8,1.33,1,29.05,1.02,7.35,1.95,12.65
2020-05-12 18:45:00,464.96,24.0,23.25,3.77,0.0,1,44.05,16.02,3.18,0.63,27.65
2020-05-12 19:00:00,468.63,24.0,23.05,3.67,0.0,1,3.02,31.02,4.0,9.2,42.65
2020-05-12 19:15:00,478.72,24.47,22.93,3.59,0.0,1,18.02,0.33,0.48,1.15,57.65
2020-05-12 19:30:00,560.51,28.27,22.66,3.3,0.0,1,2.15,0.82,11.48,1.63,72.65
2020-05-12 19:45:00,626.07,29.2,22.64,3.26,0.0,1,4.15,1.82,26.48,4.13,87.65
2020-05-12 20:00:00,665.22,29.07,22.66,3.21,0.0,1,2.13,9.8,2.47,3.83,102.65
2020-05-12 20:15:00,674.99,29.07,22.74,2.85,0.0,1,5.13,9.78,17.47,0.57,117.65
2020-05-12 20:30:00,679.45,29.0,22.81,2.56,0.0,1,3.12,24.78,9.45,2.98,132.65
2020-05-12 20:45:00,694.44,28.87,22.84,2.53,0.0,1,5.1,1.77,24.45,5.87,147.65
2020-05-12 21:00:00,635.03,28.27,22.84,2.49,0.0,1,0.1,3.75,39.45,1.25,162.65
2020-05-12 21:15:00,732.71,28.53,22.84,2.18,0.0,1,11.27,1.75,54.45,5.03,177.65
2020-05-12 21:30:00,724.48,28.13,22.84,2.05,0.0,1,14.25,11.75,69.45,4.43,192.65
2020-05-12 21:45:00,697.98,28.0,22.87,2.01,0.0,1,10.23,26.75,4.4,6.03,207.65
2020-05-12 22:00:00,679.85,28.0,22.94,1.98,0.0,0,3.4,41.75,19.4,21.03,222.65
2020-05-12 22:15:00,696.49,28.0,22.94,2.08,0.0,1,0.38,56.75,34.4,10.55,237.65
2020-05-12 22:30:00,670.46,28.0,22.94,2.11,0.0,1,0.37,71.75,49.4,25.55,252.65
2020-05-12 22:45:00,669.1,28.0,22.94,2.04,0.0,1,1.37,86.75,64.4,7.42,267.65
2020-05-12 23:00:00,632.17,27.47,23.04,1.91,0.0,1,1.35,2.52,14.85,9.5,282.65
2020-05-12 23:15:00,623.62,27.67,23.04,1.82,0.0,1,0.35,3.5,29.85,1.77,297.65
2020-05-12 23:30:00,694.7,28.0,23.04,1.87,0.0,1,0.0,18.5,44.85,10.47,312.65
2020-05-12 23:45:00,710.91,28.67,23.04,1.8,0.0,0,5.0,5.32,59.85,11.05,327.65
2020-05-13 00:00:00,695.59,28.93,23.04,1.79,0.0,1,3.98,11.32,74.85,7.98,342.65
2020-05-13 00:15:00,709.55,29.0,23.04,1.87,0.0,1,7.98,26.32,89.85,11.35,357.65
2020-05-13 00:30:00,702.98,29.0,23.04,1.88,0.0,1,0.13,41.32,104.85,26.35,372.65
2020-05-13 00:45:00,621.67,28.47,23.04,1.89,0.0,1,0.62,6.78,119.85,0.17,387.65
2020-05-13 01:00:00,602.97,28.0,23.04,1.9,0.0,1,5.62,1.27,134.85,11.37,402.65
2020-05-13 01:15:00,565.76,27.07,23.04,1.82,0.0,1,20.62,10.27,149.85,2.17,417.65
2020-05-13 01:30:00,553.92,27.0,23.04,1.79,0.0,0,14.6,25.27,164.85,5.9,432.65
2020-05-13 01:45:00,635.03,28.07,23.04,1.6,0.0,1,0.58,0.4,179.85,10.42,447.65
2020-05-13 02:00:00,663.23,27.93,23.04,1.49,0.0,1,0.07,13.4,194.85,7.18,462.65
2020-05-13 02:15:00,664.68,28.0,23.06,1.36,0.0,1,0.05,28.4,2.22,6.55,477.65
2020-05-13 02:30:00,699.22,28.0,23.16,1.29,0.0,1,0.05,43.4,17.22,11.22,492.65
2020-05-13 02:45:00,687.49,28.0,23.16,1.27,0.0,1,3.03,58.4,32.22,1.68,507.65
2020-05-13 03:00:00,733.01,28.0,23.16,1.3,0.0,0,2.03,73.4,47.22,2.37,522.65
2020-05-13 03:15:00,743.77,28.0,23.16,1.27,0.0,0,0.02,88.4,62.22,14.45,537.65
2020-05-13 03:30:00,685.31,27.6,23.16,1.23,0.0,1,0.0,4.5,77.22,5.7,552.65
2020-05-13 03:45:00,653.14,27.53,23.16,1.15,0.0,1,2.0,0.5,92.22,1.12,567.65
2020-05-13 04:00:00,646.78,27.0,23.16,1.17,0.0,1,5.83,4.48,107.22,0.87,582.65
2020-05-13 04:15:00,715.75,27.33,23.16,1.11,0.0,1,7.82,8.48,122.22,0.78,597.65
2020-05-13 04:30:00,724.18,27.0,23.16,1.17,0.0,1,0.8,23.48,137.22,2.47,612.65
2020-05-13 04:45:00,649.77,27.0,23.16,1.08,0.0,1,11.8,38.48,152.22,1.42,627.65
2020-05-13 05:00:00,645.31,27.4,23.16,1.17,6.0,1,1.95,0.45,167.22,2.98,4.25
2020-05-13 05:15:00,673.98,27.6,23.27,1.25,18.0,1,0.1,5.45,4.93,1.58,19.25
2020-05-13 05:30:00,561.0,27.0,22.91,1.31,18.0,1,2.1,20.45,1.93,0.33,34.25
2020-05-13 05:45:00,556.8,27.67,22.43,1.24,1.87,1,1.25,9.42,6.92,0.53,0.22
2020-05-13 06:00:00,641.69,28.2,22.59,0.84,0.0,1,0.75,3.25,1.9,3.25,14.22
2020-05-13 06:15:00,593.17,28.33,22.73,0.84,9.33,1,10.75,1.23,7.57,1.38,13.38
2020-05-13 06:30:00,596.76,28.93,22.92,0.83,10.0,1,0.73,1.22,3.55,2.12,28.38
2020-05-13 06:45:00,716.71,29.6,23.0,1.09,10.0,1,0.05,5.88,18.55,0.02,43.38
2020-05-13 07:00:00,684.25,29.6,23.02,1.65,8.8,1,3.03,0.03,2.7,2.08,11.85
2020-05-13 07:15:00,700.12,29.67,23.14,1.86,20.33,1,2.03,7.03,5.7,3.2,13.83
2020-05-13 07:30:00,676.2,29.27,23.2,1.81,20.27,1,0.02,5.02,20.7,1.42,0.82
2020-05-13 07:45:00,655.49,29.2,23.25,1.71,10.0,1,3.02,4.02,4.17,6.88,15.82
2020-05-13 08:00:00,728.9,29.6,23.34,1.58,8.67,1,0.0,1.0,19.17,7.78,1.47
2020-05-13 08:15:00,699.65,29.2,23.34,1.48,8.0,1,3.0,1.98,34.17,1.37,0.45
2020-05-13 08:30:00,669.57,29.67,23.35,1.54,6.2,1,8.98,3.65,0.15,1.05,2.45
2020-05-13 08:45:00,658.3,29.0,23.44,1.44,5.07,1,9.98,18.65,15.15,1.15,1.43
2020-05-13 09:00:00,675.58,28.6,23.44,1.27,4.27,1,3.97,7.63,30.15,0.95,3.93
2020-05-13 09:15:00,713.69,29.0,23.44,1.43,13.67,1,1.95,22.63,45.15,3.3,3.92
2020-05-13 09:30:00,741.76,28.4,23.49,1.53,22.47,1,16.95,3.62,6.27,0.58,10.42
2020-05-13 09:45:00,727.42,28.13,23.54,1.83,16.0,1,1.93,1.77,21.27,6.8,2.4
2020-05-13 10:00:00,699.56,28.53,23.56,1.97,1.07,1,3.93,7.75,2.42,2.5,0.05
2020-05-13 10:15:00,681.19,28.47,23.71,1.98,27.87,1,0.25,1.25,5.08,4.7,7.55
2020-05-13 10:30:00,508.95,27.07,23.75,2.06,45.13,1,0.73,7.23,4.07,0.68,1.03
2020-05-13 10:45:00,477.29,27.0,23.53,2.34,36.53,1,12.73,22.23,1.38,12.67,1.03
2020-05-13 11:00:00,472.94,27.0,23.36,2.38,29.67,1,3.72,37.23,1.38,2.85,0.52
2020-05-13 11:15:00,464.96,27.0,23.24,2.41,30.33,1,18.72,52.23,2.37,0.08,4.02
2020-05-13 11:30:00,464.96,27.0,23.13,2.72,37.0,1,33.72,67.23,3.85,1.07,14.5
2020-05-13 11:45:00,464.96,27.0,23.06,3.08,37.0,1,48.72,82.23,18.85,3.72,29.5
2020-05-13 12:00:00,464.96,27.0,23.06,3.33,41.0,1,63.72,97.23,33.85,1.23,3.65
2020-05-13 12:15:00,464.96,27.0,23.06,3.8,32.87,1,78.72,112.23,48.85,8.05,1.13
2020-05-13 12:30:00,464.96,27.0,23.06,3.81,6.93,0,93.72,127.23,63.85,0.3,6.63
2020-05-13 12:45:00,464.96,27.0,23.03,3.44,25.13,0,108.72,142.23,3.82,1.15,1.12
2020-05-13 13:00:00,464.96,27.07,22.96,4.02,41.6,1,123.72,0.13,18.82,0.73,8.6
2020-05-13 13:15:00,473.71,27.07,22.96,4.73,38.0,1,0.8,7.13,33.82,6.48,23.6
2020-05-13 13:30:00,464.43,27.0,22.96,5.05,38.0,1,1.78,22.13,48.82,5.73,38.6
2020-05-13 13:45:00,456.96,26.2,22.94,5.26,38.0,0,2.78,4.12,2.1,1.6,53.6
2020-05-13 14:00:00,465.92,25.0,22.84,6.02,42.13,0,17.78,19.12,17.1,0.08,0.23
2020-05-13 14:15:00,465.92,25.93,22.73,6.34,42.8,1,32.78,6.42,5.58,0.08,1.22
2020-05-13 14:30:00,465.92,27.0,22.68,5.12,17.53,1,47.78,21.42,5.58,1.18,0.72
2020-05-13 14:45:00,465.92,27.0,22.74,5.0,23.27,1,62.78,36.42,20.58,3.1,12.22
2020-05-13 15:00:00,465.92,27.0,22.74,5.38,24.0,1,77.78,51.42,35.58,11.6,27.22
2020-05-13 15:15:00,465.92,27.0,22.74,5.76,16.0,0,92.78,66.42,50.58,5.75,11.18
2020-05-13 15:30:00,459.95,26.87,22.74,6.22,14.0,0,7.72,3.72,65.58,4.83,26.18
2020-05-13 15:45:00,454.72,26.6,22.73,6.66,14.0,0,22.72,0.2,1.53,1.63,41.18
2020-05-13 16:00:00,464.34,25.0,22.64,6.8,12.13,1,10.7,14.87,16.53,10.8,1.32
2020-05-13 16:15:00,467.84,24.93,22.71,6.61,0.8,1,25.7,2.85,3.5,7.3,13.82
2020-05-13 16:30:00,467.84,25.0,22.64,6.42,6.0,0,40.7,17.85,18.5,0.75,8.3
2020-05-13 16:45:00,467.84,25.0,22.64,6.58,9.33,0,55.7,32.85,33.5,6.17,8.8
2020-05-13 17:00:00,467.84,25.0,22.64,6.64,0.67,1,70.7,47.85,48.5,21.17,13.78
2020-05-13 17:15:00,467.84,25.0,22.72,6.52,4.0,1,85.7,62.85,11.63,0.72,4.27
2020-05-13 17:30:00,529.32,24.27,22.74,6.73,2.93,1,0.63,10.97,26.63,1.58,9.27
2020-05-13 17:45:00,569.96,24.0,22.75,6.28,0.0,1,1.78,25.97,0.62,1.47,24.27
2020-05-13 18:00:00,559.51,24.0,22.99,5.73,9.2,1,1.77,0.43,2.1,2.9,5.4
2020-05-13 18:15:00,538.56,24.73,22.74,5.3,23.0,1,6.93,0.43,1.77,3.93,20.4
2020-05-13 18:30:00,512.92,23.2,21.73,5.17,23.0,1,1.92,2.08,6.08,1.78,35.4
2020-05-13 18:45:00,570.33,23.93,21.91,5.1,23.0,1,0.75,0.08,13.75,0.1,50.4
2020-05-13 19:00:00,661.91,24.8,22.02,5.27,23.0,1,5.73,7.07,14.23,2.0,65.4
2020-05-13 19:15:00,722.65,24.6,22.12,5.21,23.0,1,0.38,0.05,14.23,9.65,80.4
2020-05-13 19:30:00,745.47,24.07,22.22,5.1,23.0,1,2.38,13.05,11.05,1.83,95.4
2020-05-13 19:45:00,709.8,23.8,22.24,4.84,23.0,1,0.37,1.37,26.05,0.08,110.4
2020-05-13 20:00:00,666.97,23.33,22.29,4.77,23.0,1,0.37,2.35,7.02,0.15,125.4
2020-05-13 20:15:00,760.7,23.53,22.34,3.76,23.0,1,1.52,2.35,22.02,3.98,140.4
2020-05-13 20:30:00,720.73,23.27,22.38,3.69,23.0,1,0.5,5.33,5.83,2.97,155.4
2020-05-13 20:45:00,664.45,23.4,22.45,4.0,23.0,1,2.5,6.33,0.82,0.58,170.4
2020-05-13 21:00:00,684.03,23.0,22.54,3.93,0.0,1,1.48,21.33,15.82,15.58,14.97
2020-05-13 21:15:00,712.87,23.0,22.54,3.93,0.0,1,0.48,36.33,30.82,30.58,29.97
2020-05-13 21:30:00,742.53,23.0,22.54,3.93,0.0,0,1.47,51.33,45.82,45.58,44.97
2020-05-13 21:45:00,738.3,23.0,22.54,3.88,0.0,0,0.47,66.33,60.82,7.68,59.97
2020-05-13 22:00:00,722.86,23.0,22.54,3.67,0.0,1,0.45,81.33,75.82,6.2,74.97
2020-05-13 22:15:00,741.21,23.07,22.54,3.47,0.0,1,2.45,0.43,90.82,14.32,89.97
2020-05-13 22:30:00,735.79,23.93,22.54,3.44,0.0,1,0.43,12.43,105.82,1.78,104.97
2020-05-13 22:45:00,706.69,23.8,22.54,3.47,0.0,1,11.43,0.42,120.82,16.78,119.97
2020-05-13 23:00:00,709.93,24.0,22.54,3.24,0.0,1,1.42,15.42,135.82,5.47,134.97
2020-05-13 23:15:00,722.35,24.0,22.54,3.04,0.0,1,6.4,30.42,150.82,0.67,149.97
2020-05-13 23:30:00,706.26,24.2,22.61,3.08,0.0,1,1.4,0.05,8.23,2.5,164.97
2020-05-13 23:45:00,730.03,24.07,22.66,2.99,0.0,1,1.38,13.05,23.23,0.7,179.97
2020-05-14 00:00:00,694.4,24.0,22.66,3.14,0.0,1,16.38,28.05,38.23,4.45,194.97
2020-05-14 00:15:00,677.99,23.87,22.66,3.18,0.0,1,0.37,3.53,53.23,8.22,209.97
2020-05-14 00:30:00,659.31,23.93,22.66,3.11,0.0,1,1.37,1.68,68.23,2.75,224.97
2020-05-14 00:45:00,640.64,23.33,22.66,2.94,0.0,0,0.18,8.68,83.23,3.22,239.97
2020-05-14 01:00:00,637.06,23.33,22.66,2.74,0.0,1,0.17,3.67,98.23,0.12,254.97
2020-05-14 01:15:00,597.74,23.2,22.66,2.92,0.0,1,1.17,0.67,113.23,11.45,269.97
2020-05-14 01:30:00,572.18,23.67,22.74,2.78,0.0,1,1.15,9.65,0.48,8.85,284.97
2020-05-14 01:45:00,488.09,24.0,22.29,2.62,0.0,1,3.65,24.65,2.47,13.7,299.97
2020-05-14 02:00:00,473.92,24.0,21.66,2.45,0.0,0,18.65,39.65,0.3,0.88,314.97
2020-05-14 02:15:00,473.92,24.0,21.15,2.44,0.0,0,33.65,54.65,1.97,12.03,329.97
2020-05-14 02:30:00,473.92,24.0,20.73,2.45,0.0,1,48.65,69.65,4.45,27.03,344.97
2020-05-14 02:45:00,464.66,24.0,20.58,2.6,0.0,1,3.62,84.65,19.45,4.85,359.97
2020-05-14 03:00:00,472.0,24.0,20.57,2.84,0.0,1,18.62,99.65,0.1,4.7,374.97
2020-05-14 03:15:00,511.06,27.4,19.69,3.01,0.0,1,3.6,2.43,1.25,3.58,389.97
2020-05-14 03:30:00,492.91,25.0,19.83,3.31,0.0,1,7.6,14.93,5.75,0.43,404.97
2020-05-14 03:45:00,475.88,25.0,20.03,3.4,0.0,1,7.58,29.93,12.75,1.77,419.97
2020-05-14 04:00:00,473.47,25.0,20.04,3.69,0.0,1,5.58,44.93,27.75,8.15,434.97
2020-05-14 04:15:00,476.05,25.0,20.04,4.05,0.0,0,5.73,59.93,42.75,0.62,449.97
2020-05-14 04:30:00,474.13,25.0,20.04,4.16,22.27,0,7.73,74.93,57.75,0.32,1.35
2020-05-14 04:45:00,475.5,25.0,20.04,4.65,65.07,1,6.72,89.93,72.75,3.83,3.33
2020-05-14 05:00:00,477.97,25.0,20.04,5.15,90.43,1,3.7,104.93,87.75,3.63,0.33
2020-05-14 05:15:00,477.95,25.0,20.15,5.38,67.4,1,11.7,119.93,14.02,2.95,8.82
2020-05-14 05:30:00,489.77,25.27,20.19,5.44,70.0,1,3.68,11.02,5.02,1.33,8.48
2020-05-14 05:45:00,486.72,25.0,20.4,5.63,62.53,1,18.68,26.02,5.33,0.57,1.47
2020-05-14 06:00:00,486.72,24.53,20.75,5.8,67.13,1,33.68,3.17,3.5,1.1,0.95
2020-05-14 06:15:00,486.72,24.13,20.96,6.03,186.59,1,48.68,2.17,7.98,1.98,0.95
2020-05-14 06:30:00,486.72,24.0,21.25,6.27,554.01,1,63.68,17.17,0.48,7.12,0.95
2020-05-14 06:45:00,478.74,23.8,21.51,6.51,692.86,1,10.65,3.65,10.47,0.08,0.43
2020-05-14 07:00:00,475.11,23.6,21.54,6.86,783.62,1,0.63,0.63,25.47,2.07,0.43
2020-05-14 07:15:00,458.82,22.87,21.45,7.23,619.43,0,8.63,1.62,13.28,0.87,0.08
2020-05-14 07:30:00,454.72,22.6,21.39,6.88,179.56,0,23.63,0.27,6.77,0.43,0.57
2020-05-14 07:45:00,446.87,22.0,21.23,6.68,305.87,0,7.6,8.6,5.93,1.0,0.07
2020-05-14 08:00:00,457.26,23.13,21.43,6.99,748.89,1,8.6,5.1,3.42,2.25,1.55
2020-05-14 08:15:00,470.46,22.8,21.82,7.38,729.43,1,0.58,8.08,1.73,1.35,0.05
2020-05-14 08:30:00,465.6,22.67,22.06,7.47,257.17,1,8.58,2.07,5.73,1.63,0.03
2020-05-14 08:45:00,470.72,22.53,22.12,7.49,397.4,1,23.58,0.38,20.73,3.2,0.02
2020-05-14 09:00:00,463.83,21.47,22.14,7.37,230.14,1,0.55,1.55,1.05,2.37,0.52
2020-05-14 09:15:00,478.72,21.93,21.54,5.43,245.4,1,15.55,1.55,2.7,0.9,0.17
2020-05-14 09:30:00,481.62,22.8,21.52,4.83,23.0,1,3.7,5.53,1.03,1.67,1.65
2020-05-14 09:45:00,510.19,31.8,22.09,3.77,10.4,1,1.87,1.85,3.68,1.25,2.65
2020-05-14 10:00:00,583.49,34.2,22.49,3.94,54.74,1,3.85,3.35,3.18,1.42,4.65
2020-05-14 10:15:00,600.68,30.2,22.74,4.59,35.33,1,2.85,0.83,4.67,1.12,3.63
2020-05-14 10:30:00,627.24,31.47,22.97,5.4,99.4,1,1.83,0.33,0.15,0.37,1.62
2020-05-14 10:45:00,623.27,29.87,23.16,6.28,318.45,1,1.83,0.98,15.15,4.27,1.62
2020-05-14 11:00:00,564.65,26.6,23.23,6.84,302.05,1,1.82,0.15,1.97,0.47,5.1
2020-05-14 11:15:00,517.87,25.13,23.16,7.37,293.79,1,0.63,1.13,16.97,0.22,2.27
2020-05-14 11:30:00,488.0,24.93,23.07,7.58,251.69,0,15.63,3.13,10.97,0.23,1.75
2020-05-14 11:45:00,470.44,23.87,23.04,8.25,175.71,0,8.63,1.12,25.97,0.48,0.25
2020-05-14 12:00:00,461.97,23.87,22.95,7.92,91.27,0,3.62,6.12,3.93,0.5,2.73
2020-05-14 12:15:00,455.77,23.53,22.63,7.03,166.24,1,1.6,1.1,3.43,0.52,0.23
2020-05-14 12:30:00,468.8,23.53,22.76,8.05,161.07,1,16.6,2.1,14.43,0.02,4.72
2020-05-14 12:45:00,476.95,23.0,22.76,8.44,138.27,1,0.58,17.1,29.43,0.25,4.72
2020-05-14 13:00:00,468.71,23.0,22.76,8.26,124.13,0,0.58,32.1,44.43,0.65,1.2
2020-05-14 13:15:00,476.86,23.0,22.76,7.37,71.67,0,5.57,47.1,59.43,0.23,2.85
2020-05-14 13:30:00,477.35,23.0,22.76,8.37,119.7,0,2.55,62.1,74.43,0.07,0.85
2020-05-14 13:45:00,475.99,23.0,22.69,8.97,106.42,0,3.55,77.1,9.72,0.27,2.83
2020-05-14 14:00:00,470.72,22.87,22.63,9.46,91.62,0,18.55,1.03,3.03,0.13,5.83
2020-05-14 14:15:00,470.72,22.8,22.54,9.45,81.02,0,33.55,10.03,18.03,0.1,5.82
2020-05-14 14:30:00,466.37,22.53,22.54,9.71,70.33,0,5.68,3.02,33.03,1.82,6.82
2020-05-14 14:45:00,464.41,22.87,22.42,8.79,76.67,0,0.67,3.0,12.0,0.52,0.3
2020-05-14 15:00:00,467.2,22.73,22.4,8.26,48.07,0,5.67,2.0,27.0,0.38,2.45
2020-05-14 15:15:00,473.92,22.73,22.4,7.83,44.67,0,20.67,1.98,42.0,0.3,4.45
2020-05-14 15:30:00,464.96,22.6,22.31,8.08,45.33,0,11.65,2.97,4.13,0.78,0.93
2020-05-14 15:45:00,466.73,22.47,22.18,7.97,41.27,0,3.63,2.97,19.13,0.02,12.93
2020-05-14 16:00:00,469.27,22.53,22.18,7.89,33.0,0,12.63,4.12,34.13,0.27,14.92
2020-05-14 16:15:00,470.72,22.6,22.17,8.01,33.0,0,27.63,0.12,1.27,3.43,29.92
2020-05-14 16:30:00,459.67,22.4,22.07,7.89,33.0,0,13.62,2.1,0.93,1.62,44.92
2020-05-14 16:45:00,469.93,22.6,22.01,7.77,24.33,0,13.6,3.1,4.92,0.45,12.4
2020-05-14 17:00:00,458.73,22.0,22.08,7.55,22.33,0,0.58,18.1,19.92,1.2,0.05
2020-05-14 17:15:00,472.66,22.0,22.08,7.41,3.47,0,1.58,33.1,34.92,0.63,10.53
2020-05-14 17:30:00,470.66,22.0,22.08,7.44,0.0,0,5.57,48.1,49.92,0.87,25.53
2020-05-14 17:45:00,475.39,22.0,22.08,7.36,0.0,0,2.57,63.1,64.92,5.7,40.53
2020-05-14 18:00:00,467.37,22.0,22.08,7.08,0.0,0,1.55,78.1,79.92,0.55,55.53
2020-05-14 18:15:00,476.8,22.0,22.08,6.44,0.0,0,16.55,93.1,94.92,0.0,70.53
2020-05-14 18:30:00,476.8,22.4,22.08,5.92,0.0,0,31.55,4.03,109.92,0.08,85.53
2020-05-14 18:45:00,476.8,23.0,22.08,5.66,0.0,0,46.55,19.03,124.92,0.22,100.53
2020-05-14 19:00:00,476.8,23.0,22.07,5.31,0.0,0,61.55,34.03,1.0,10.93,115.53
2020-05-14 19:15:00,476.8,23.0,21.98,5.28,0.0,0,76.55,49.03,16.0,0.05,130.53
2020-05-14 19:30:00,476.8,23.0,21.98,5.17,0.0,0,91.55,64.03,31.0,0.08,145.53
2020-05-14 19:45:00,476.8,23.0,21.98,5.08,0.0,0,106.55,79.03,46.0,1.83,160.53
2020-05-14 20:00:00,466.65,23.0,21.98,4.93,0.0,0,13.65,94.03,61.0,16.83,175.53
2020-05-14 20:15:00,465.92,23.0,21.89,4.93,0.0,0,28.65,109.03,13.97,31.83,190.53
2020-05-14 20:30:00,468.1,23.13,21.88,4.95,0.0,0,2.63,1.95,28.97,1.28,205.53
2020-05-14 20:45:00,476.8,23.67,21.88,5.13,0.0,0,17.63,2.95,43.97,8.43,220.53
2020-05-14 21:00:00,476.07,24.0,21.88,5.31,0.0,0,0.6,17.95,58.97,5.2,235.53
2020-05-14 21:15:00,473.43,24.0,21.88,5.56,0.0,0,7.6,32.95,73.97,1.2,250.53
2020-05-14 21:30:00,480.0,24.0,21.88,5.98,0.0,1,22.6,47.95,88.97,5.1,265.53
2020-05-14 21:45:00,480.0,24.0,21.88,6.14,0.0,1,37.6,62.95,103.97,20.1,280.53
2020-05-14 22:00:00,480.0,24.13,21.88,6.07,0.0,1,52.6,0.57,118.97,0.12,295.53
2020-05-14 22:15:00,480.0,24.0,21.91,5.29,0.0,1,67.6,14.57,4.88,3.68,310.53
2020-05-14 22:30:00,475.52,24.6,21.81,5.51,0.0,1,5.55,1.55,0.2,11.93,325.53
2020-05-14 22:45:00,468.8,26.07,20.71,5.53,0.0,1,20.55,6.7,2.2,2.18,340.53
2020-05-14 23:00:00,468.8,24.33,21.35,5.34,0.0,1,35.55,5.68,4.85,7.07,355.53
2020-05-14 23:15:00,464.06,24.0,21.5,5.18,0.0,0,2.52,20.68,8.85,14.28,370.53
2020-05-14 23:30:00,468.8,24.07,21.54,5.07,0.0,0,17.52,0.83,23.85,3.1,385.53
2020-05-14 23:45:00,468.8,24.07,21.54,4.79,0.0,0,32.52,8.83,38.85,5.38,400.53
2020-05-15 00:00:00,463.85,24.47,21.54,4.6,0.0,0,1.48,1.48,53.85,1.8,415.53
2020-05-15 00:15:00,469.76,25.0,21.54,4.35,0.0,1,16.48,16.48,68.85,9.62,430.53
2020-05-15 00:30:00,469.76,25.13,21.54,4.27,0.0,1,31.48,0.97,83.85,4.93,445.53
2020-05-15 00:45:00,470.44,25.0,21.54,4.14,0.0,1,10.63,3.45,98.85,5.43,460.53
2020-05-15 01:00:00,464.23,25.0,21.54,3.95,0.0,1,6.62,18.45,113.85,12.38,475.53
2020-05-15 01:15:00,460.82,25.0,21.54,3.79,0.0,1,3.6,33.45,128.85,4.92,490.53
2020-05-15 01:30:00,468.8,25.0,21.54,3.62,0.0,1,18.6,48.45,143.85,1.57,505.53
2020-05-15 01:45:00,483.07,25.73,21.49,3.39,0.0,1,1.58,0.25,5.08,11.12,520.53
2020-05-15 02:00:00,489.64,25.67,21.42,3.37,0.0,1,0.57,0.4,20.08,13.68,535.53
2020-05-15 02:15:00,491.73,26.0,21.32,3.28,0.0,0,3.57,0.07,12.9,0.03,550.53
2020-05-15 02:30:00,492.76,26.27,21.3,3.47,8.67,1,3.55,0.72,27.9,0.55,12.35
2020-05-15 02:45:00,490.03,25.27,21.3,3.69,10.0,1,3.55,1.05,42.9,1.32,27.35
2020-05-15 03:00:00,494.02,25.87,21.3,3.87,10.0,1,0.53,2.2,57.9,8.38,42.35
2020-05-15 03:15:00,483.9,25.33,21.3,3.94,10.0,1,1.53,1.2,72.9,2.95,57.35
2020-05-15 03:30:00,469.61,25.0,21.3,4.11,10.0,1,0.52,14.52,87.9,5.15,72.35
2020-05-15 03:45:00,472.51,25.0,21.25,4.02,10.0,1,8.52,29.52,5.83,0.22,87.35
2020-05-15 04:00:00,466.88,25.0,21.09,4.09,10.0,1,23.52,44.52,10.33,2.42,102.35
2020-05-15 04:15:00,466.88,25.0,20.96,4.44,16.27,1,38.52,59.52,14.65,6.43,1.95
2020-05-15 04:30:00,466.88,25.0,20.86,4.74,79.8,1,53.52,74.52,11.65,2.0,0.43
2020-05-15 04:45:00,466.88,25.0,20.78,5.23,173.02,1,68.52,89.52,8.13,1.72,0.6
2020-05-15 05:00:00,466.88,25.0,20.74,5.39,338.36,1,83.52,104.52,23.13,0.83,0.08
2020-05-15 05:15:00,466.88,24.87,20.77,5.82,442.82,1,98.52,2.45,3.12,0.12,0.57
2020-05-15 05:30:00,469.06,24.07,20.89,5.89,393.88,1,2.62,13.45,7.1,0.75,2.07
2020-05-15 05:45:00,469.06,24.0,21.02,5.83,365.21,1,11.6,28.45,0.42,1.25,5.05
2020-05-15 06:00:00,492.71,23.47,21.16,6.35,350.07,1,0.58,0.25,15.42,2.2,0.05
2020-05-15 06:15:00,563.61,23.0,21.31,6.73,285.98,1,5.58,0.23,8.57,2.65,7.53
2020-05-15 06:30:00,510.93,22.13,21.53,7.28,255.39,1,4.07,0.23,6.07,0.03,1.2
2020-05-15 06:45:00,510.81,21.8,21.62,7.71,300.44,1,1.05,1.72,1.22,0.18,4.18
2020-05-15 07:00:00,483.52,21.2,21.29,7.78,275.8,1,11.05,0.72,2.7,1.1,3.68
2020-05-15 07:15:00,488.06,21.13,21.38,7.63,200.45,1,8.05,0.03,1.7,3.22,8.67
2020-05-15 07:30:00,492.8,21.07,21.35,7.89,182.44,1,23.05,2.03,4.68,0.27,7.67
2020-05-15 07:45:00,490.94,20.07,21.26,7.99,164.29,1,8.02,1.02,14.68,1.12,0.15
2020-05-15 08:00:00,507.84,20.07,21.34,8.26,149.13,1,14.02,0.5,0.67,0.55,7.15
2020-05-15 08:15:00,494.87,21.4,21.64,8.7,148.69,1,4.0,0.67,6.17,0.22,2.63
2020-05-15 08:30:00,490.43,21.67,21.89,9.15,136.54,1,11.0,4.15,2.32,2.25,3.78
2020-05-15 08:45:00,481.71,21.87,22.25,9.67,122.82,1,12.98,7.15,1.3,0.5,0.28
2020-05-15 09:00:00,494.23,21.87,22.5,9.44,65.2,1,0.97,0.13,16.3,2.63,3.77
2020-05-15 09:15:00,480.53,21.8,22.64,9.31,61.93,0,0.97,9.13,7.12,0.12,2.25
2020-05-15 09:30:00,461.76,21.93,22.82,9.6,92.81,0,15.97,5.28,14.95,0.8,3.25
2020-05-15 09:45:00,456.75,22.0,22.82,9.94,70.47,0,0.95,20.28,29.95,0.53,12.75
2020-05-15 10:00:00,462.72,22.0,22.91,10.12,79.07,0,15.95,35.28,12.93,1.3,2.23
2020-05-15 10:15:00,462.72,22.0,22.92,10.51,87.21,0,30.95,50.28,27.93,0.58,0.22
2020-05-15 10:30:00,461.27,21.93,22.92,10.22,68.07,0,1.08,10.25,42.93,0.78,4.38
2020-05-15 10:45:00,451.84,21.87,22.92,10.5,67.27,0,16.08,0.23,57.93,0.2,5.37
2020-05-15 11:00:00,461.99,22.0,22.89,10.16,45.0,1,13.07,15.23,4.88,5.17,8.87
2020-05-15 11:15:00,459.11,22.2,22.77,9.74,93.39,1,4.05,0.22,3.88,0.62,3.35
2020-05-15 11:30:00,466.22,22.47,22.95,10.28,197.78,1,0.05,0.87,6.03,0.73,3.35
2020-05-15 11:45:00,479.49,22.73,23.02,10.54,191.23,1,5.03,0.2,21.03,0.02,1.33
2020-05-15 12:00:00,483.84,22.2,23.02,10.58,170.93,1,14.03,6.18,36.03,6.22,0.82
2020-05-15 12:15:00,490.11,22.27,23.06,10.55,145.43,1,1.02,1.18,5.17,2.58,3.32
2020-05-15 12:30:00,499.73,22.0,23.12,11.03,178.47,1,10.02,16.18,20.17,0.2,0.47
2020-05-15 12:45:00,483.95,22.07,23.27,10.84,134.89,1,9.0,0.17,6.82,0.6,0.47
2020-05-15 13:00:00,488.68,22.47,23.34,10.33,136.95,1,10.0,0.15,21.82,2.1,2.45
2020-05-15 13:15:00,492.27,22.67,23.34,10.33,120.11,1,3.98,4.98,36.82,1.85,13.45
2020-05-15 13:30:00,486.36,23.2,23.34,10.43,117.71,1,3.97,0.47,51.82,3.8,1.93
2020-05-15 13:45:00,482.92,23.2,23.34,10.6,117.55,1,7.95,4.45,66.82,0.32,0.42
2020-05-15 14:00:00,491.43,25.07,23.32,10.53,96.7,1,0.95,1.43,2.43,1.73,8.92
2020-05-15 14:15:00,555.84,27.0,23.3,10.26,76.48,1,2.93,16.43,8.43,2.35,7.4
2020-05-15 14:30:00,607.34,27.93,23.38,9.94,77.67,1,3.43,7.25,5.42,1.13,4.57
2020-05-15 14:45:00,624.11,27.0,23.44,9.67,87.7,1,2.42,14.25,20.42,0.77,0.55
2020-05-15 15:00:00,624.92,27.0,23.52,9.44,63.73,1,1.58,29.25,11.4,0.1,13.05
2020-05-15 15:15:00,610.39,27.0,23.54,9.68,63.0,1,2.57,44.25,26.4,1.22,28.05
2020-05-15 15:30:00,608.23,27.0,23.54,9.58,55.67,1,0.55,0.22,41.4,0.4,10.53
2020-05-15 15:45:00,543.87,25.27,23.57,9.52,49.0,1,7.55,0.22,3.03,0.7,5.52
2020-05-15 16:00:00,582.08,25.67,23.66,9.23,33.67,1,7.55,6.2,18.03,1.5,13.02
2020-05-15 16:15:00,599.59,25.13,23.76,8.93,24.33,1,2.53,9.7,14.03,0.3,12.0
2020-05-15 16:30:00,595.5,25.0,23.85,8.69,23.0,1,6.52,24.7,12.85,3.05,27.0
2020-05-15 16:45:00,587.09,25.0,23.86,8.49,23.0,1,0.5,39.7,27.85,4.77,42.0
2020-05-15 17:00:00,595.95,25.67,23.86,8.27,20.33,1,6.5,3.17,42.85,0.78,3.13
2020-05-15 17:15:00,601.92,27.0,23.86,8.19,13.0,1,21.5,18.17,57.85,4.67,18.13
2020-05-15 17:30:00,590.89,27.0,23.86,8.21,0.0,1,10.48,33.17,72.85,5.62,14.12
2020-05-15 17:45:00,584.47,27.0,23.86,8.11,0.0,1,2.47,48.17,87.85,2.65,29.12
2020-05-15 18:00:00,581.93,27.0,23.82,8.12,0.0,1,10.47,63.17,5.78,13.37,44.12
2020-05-15 18:15:00,588.07,27.0,23.76,8.13,0.0,1,13.45,78.17,20.78,28.37,59.12
2020-05-15 18:30:00,588.8,27.0,23.76,8.02,0.0,1,28.45,93.17,35.78,13.25,74.12
2020-05-15 18:45:00,580.89,27.0,23.76,7.86,0.0,1,6.43,108.17,50.78,4.32,89.12
2020-05-15 19:00:00,579.88,27.0,23.76,7.65,0.0,1,0.42,123.17,65.78,0.23,104.12
2020-05-15 19:15:00,596.14,27.0,23.76,7.49,0.0,1,0.4,138.17,80.78,2.05,119.12
2020-05-15 19:30:00,571.09,27.0,23.76,7.3,0.0,1,0.4,153.17,95.78,10.05,134.12
2020-05-15 19:45:00,598.46,27.0,23.76,7.12,0.0,1,5.55,168.17,110.78,2.73,149.12
2020-05-15 20:00:00,616.34,27.0,23.82,6.89,0.0,1,10.55,183.17,8.87,4.08,164.12
2020-05-15 20:15:00,600.09,26.6,23.9,6.77,0.0,1,0.53,2.37,3.02,19.08,179.12
2020-05-15 20:30:00,503.89,25.0,23.88,6.74,0.0,1,1.52,17.37,1.33,0.6,194.12
2020-05-15 20:45:00,470.72,26.07,23.49,6.63,0.0,1,16.52,7.18,1.5,5.23,209.12
2020-05-15 21:00:00,463.89,27.0,23.11,6.63,0.0,1,7.5,22.18,1.98,13.17,224.12
2020-05-15 21:15:00,464.92,27.0,22.83,6.6,0.0,1,3.5,37.18,5.82,4.52,239.12
2020-05-15 21:30:00,458.54,27.27,22.44,6.43,0.0,1,1.48,1.15,0.8,9.98,254.12
2020-05-15 21:45:00,535.32,29.13,22.07,6.32,0.0,1,1.63,1.13,13.8,7.78,269.12
2020-05-15 22:00:00,764.71,30.0,22.09,6.18,0.0,1,1.3,16.13,4.78,9.98,284.12
2020-05-15 22:15:00,706.6,29.47,22.16,6.14,0.0,0,7.28,2.12,19.78,24.98,299.12
2020-05-15 22:30:00,648.45,29.13,22.24,6.14,0.0,1,0.93,11.1,11.77,39.98,314.12
2020-05-15 22:45:00,580.69,29.0,22.29,6.07,0.0,1,0.93,26.1,4.75,7.18,329.12
2020-05-15 23:00:00,674.94,29.2,22.36,5.98,0.0,0,2.92,1.08,19.75,2.55,344.12
2020-05-15 23:15:00,695.64,29.13,22.36,5.88,0.0,1,0.92,7.08,34.75,17.55,359.12
2020-05-15 23:30:00,678.53,29.0,22.38,5.79,0.0,1,2.9,22.08,2.05,10.08,374.12
2020-05-15 23:45:00,678.91,29.0,22.48,5.76,0.0,0,2.9,37.08,17.05,25.08,389.12
2020-05-16 00:00:00,680.96,29.0,22.48,5.7,0.0,1,2.88,52.08,32.05,2.18,404.12
2020-05-16 00:15:00,700.59,29.0,22.51,5.7,0.0,1,10.88,67.08,3.53,8.93,419.12
2020-05-16 00:30:00,681.69,29.0,22.58,5.6,0.0,1,6.03,82.08,18.53,6.1,434.12
2020-05-16 00:45:00,683.52,29.6,22.58,5.53,0.0,1,14.03,8.18,33.53,21.1,449.12
2020-05-16 01:00:00,689.96,30.0,22.58,5.43,0.0,1,1.02,23.18,48.53,12.72,464.12
2020-05-16 01:15:00,682.88,29.8,22.66,5.41,0.0,1,16.02,0.17,11.5,27.72,479.12
2020-05-16 01:30:00,680.79,29.87,22.68,5.34,0.0,1,5.98,0.15,26.5,7.75,494.12
2020-05-16 01:45:00,670.85,29.8,22.68,5.19,0.0,1,0.98,0.15,41.5,13.85,509.12
2020-05-16 02:00:00,602.11,29.2,22.77,5.06,0.0,1,5.97,6.13,12.8,14.65,524.12
2020-05-16 02:15:00,590.72,29.0,22.78,5.03,0.0,0,14.97,21.13,27.8,3.18,539.12
2020-05-16 02:30:00,605.91,29.67,22.78,5.06,0.0,1,3.95,9.12,42.8,14.52,554.12
2020-05-16 02:45:00,652.39,29.8,22.84,5.06,0.0,1,0.93,2.1,6.77,29.52,569.12
2020-05-16 03:00:00,641.02,29.27,22.9,4.9,0.0,1,0.93,8.1,21.77,1.72,584.12
2020-05-16 03:15:00,648.66,29.0,22.97,4.94,0.0,1,2.92,23.1,10.08,0.23,599.12
2020-05-16 03:30:00,661.38,28.87,22.95,4.81,0.0,1,0.92,0.08,6.07,0.52,614.12
2020-05-16 03:45:00,715.61,28.6,22.9,3.9,0.0,1,0.23,6.07,21.07,11.05,629.12
2020-05-16 04:00:00,800.21,28.87,22.9,3.83,0.0,0,0.23,0.07,36.07,26.05,644.12
2020-05-16 04:15:00,699.52,28.93,22.9,3.7,0.0,1,0.38,1.05,51.07,2.48,659.12
2020-05-16 04:30:00,651.2,28.47,22.91,3.95,12.4,1,2.38,1.03,0.03,7.25,0.17
2020-05-16 04:45:00,635.11,28.0,23.05,4.08,8.53,1,0.37,16.03,6.02,0.13,0.15
2020-05-16 05:00:00,641.3,27.53,23.18,4.24,35.47,1,0.35,3.35,1.02,0.42,0.15
2020-05-16 05:15:00,582.76,27.07,23.46,4.66,30.87,1,0.35,7.35,4.5,1.82,0.13
2020-05-16 05:30:00,593.24,27.0,23.54,4.43,113.41,1,10.35,22.35,19.5,4.87,0.3
2020-05-16 05:45:00,579.71,26.73,23.77,4.82,214.9,1,11.5,1.33,5.48,0.92,0.78
2020-05-16 06:00:00,585.66,25.93,23.99,4.91,102.69,1,11.5,5.32,0.97,1.93,2.28
2020-05-16 06:15:00,579.97,25.0,24.13,5.57,109.22,1,8.48,20.32,0.47,1.77,0.77
2020-05-16 06:30:00,559.62,24.33,24.34,5.85,142.94,1,11.47,8.3,7.8,0.15,1.27
2020-05-16 06:45:00,555.84,23.8,24.61,5.95,192.4,1,26.47,2.62,5.28,7.35,0.25
2020-05-16 07:00:00,563.14,23.13,24.89,6.07,173.9,1,8.62,9.62,1.77,0.35,0.73
2020-05-16 07:15:00,568.0,23.0,25.12,6.36,215.67,1,23.62,24.62,3.25,0.22,0.23
2020-05-16 07:30:00,567.68,22.2,25.41,6.51,277.25,1,6.6,11.6,1.08,2.67,0.88
2020-05-16 07:45:00,573.4,22.0,25.67,6.89,276.77,1,9.75,26.6,3.23,0.28,0.88
2020-05-16 08:00:00,572.18,21.87,25.87,7.29,326.5,1,6.75,0.07,9.23,1.23,1.37
2020-05-16 08:15:00,562.45,21.73,25.89,7.56,308.9,1,4.73,0.9,3.05,0.13,0.35
2020-05-16 08:30:00,526.04,20.73,26.02,7.69,235.22,1,4.72,0.88,18.05,2.55,0.35
2020-05-16 08:45:00,498.88,20.73,26.11,8.06,297.45,1,19.72,0.37,10.03,0.83,1.33
2020-05-16 09:00:00,498.88,19.47,26.14,8.33,308.01,1,34.72,0.03,25.03,0.72,0.33
2020-05-16 09:15:00,516.54,18.8,25.84,8.12,180.89,1,6.7,0.02,3.85,0.02,0.32
2020-05-16 09:30:00,537.88,20.4,25.7,7.6,121.34,1,1.68,0.85,1.83,0.73,0.48
2020-05-16 09:45:00,541.55,20.73,25.59,8.25,129.77,1,1.67,0.33,5.5,0.33,0.47
2020-05-16 10:00:00,478.98,19.2,25.37,8.49,131.48,1,4.67,0.32,3.32,0.97,0.95
2020-05-16 10:15:00,448.47,17.8,25.08,8.68,82.07,1,6.65,1.15,11.32,0.57,3.45
2020-05-16 10:30:00,440.96,17.4,24.95,9.03,94.17,1,21.65,2.8,0.8,0.47,0.43
2020-05-16 10:45:00,439.59,16.0,24.64,8.97,62.41,1,1.63,14.8,2.78,0.62,0.43
2020-05-16 11:00:00,430.72,16.0,24.41,9.0,58.41,1,16.63,29.8,13.78,1.9,2.92
2020-05-16 11:15:00,433.71,15.4,24.35,9.54,62.54,1,3.62,4.77,7.77,1.38,0.08
2020-05-16 11:30:00,441.92,15.07,24.17,9.75,71.07,1,18.62,13.77,6.27,2.05,0.07
2020-05-16 11:45:00,441.92,15.07,23.99,9.9,70.0,1,33.62,2.92,10.25,2.15,15.07
2020-05-16 12:00:00,441.92,15.0,23.89,9.96,60.67,1,48.62,1.42,0.57,2.03,13.55
2020-05-16 12:15:00,441.92,16.8,24.14,10.02,56.67,1,63.62,0.57,4.07,1.05,4.53
2020-05-16 12:30:00,441.92,15.67,24.16,9.71,37.33,1,78.62,0.9,11.07,0.43,4.53
2020-05-16 12:45:00,444.82,17.8,24.16,9.4,44.87,1,3.72,0.05,2.05,0.15,7.52
2020-05-16 13:00:00,452.8,17.87,24.23,9.33,51.0,1,18.72,1.53,1.03,1.0,22.52
2020-05-16 13:15:00,452.8,16.87,24.14,9.32,35.0,1,33.72,0.53,16.03,9.82,0.67
2020-05-16 13:30:00,447.72,17.8,24.01,8.91,21.0,1,6.68,0.85,10.02,1.3,15.67
2020-05-16 13:45:00,446.19,19.47,24.05,8.97,25.67,1,4.68,0.02,12.02,0.38,6.15
2020-05-16 14:00:00,454.72,19.33,24.06,9.09,31.0,0,19.68,0.33,27.02,3.2,21.15
2020-05-16 14:15:00,454.72,20.0,24.06,9.16,27.0,0,34.68,14.5,42.02,1.05,5.13
2020-05-16 14:30:00,445.12,18.13,23.99,9.21,21.0,1,8.67,0.15,9.98,10.05,20.13
2020-05-16 14:45:00,438.72,18.93,23.96,9.24,21.0,1,23.67,0.82,24.98,1.12,35.13
2020-05-16 15:00:00,445.55,17.67,23.82,9.16,21.0,1,9.63,0.3,6.3,2.77,50.13
2020-05-16 15:15:00,448.96,19.2,23.74,9.16,21.0,1,24.63,0.12,21.3,2.47,65.13
2020-05-16 15:30:00,456.21,18.33,23.65,9.3,21.0,1,9.62,0.28,10.28,14.42,80.13
2020-05-16 15:45:00,455.15,16.93,23.59,9.59,21.0,1,4.6,0.27,4.27,5.55,95.13
2020-05-16 16:00:00,447.25,16.6,23.43,9.45,21.0,1,1.6,0.1,12.27,4.42,110.13
2020-05-16 16:15:00,456.96,17.73,23.42,9.25,21.0,1,16.6,3.08,27.27,4.43,125.13
2020-05-16 16:30:00,456.96,17.07,23.24,8.98,13.67,1,31.6,13.08,8.07,0.22,10.72
2020-05-16 16:45:00,448.77,17.27,23.12,8.87,11.0,1,11.57,0.07,8.73,10.03,25.72
2020-05-16 17:00:00,440.75,17.27,23.08,8.78,2.93,1,3.55,1.05,23.73,6.28,10.18
2020-05-16 17:15:00,450.18,17.87,23.1,8.74,0.0,1,2.72,1.38,2.7,11.9,25.18
2020-05-16 17:30:00,447.62,18.13,23.18,8.61,0.0,1,11.72,0.37,17.7,13.23,40.18
2020-05-16 17:45:00,444.8,18.4,23.15,8.57,0.0,1,26.72,0.87,3.68,4.52,55.18
2020-05-16 18:00:00,451.82,17.73,23.03,8.39,0.0,1,6.68,0.52,6.68,0.55,70.18
2020-05-16 18:15:00,452.86,18.8,22.98,8.21,0.0,1,8.68,0.83,21.68,6.6,85.18
2020-05-16 18:30:00,467.95,19.2,23.01,8.01,0.0,1,1.67,7.0,4.5,0.22,100.18
2020-05-16 18:45:00,537.77,20.0,23.16,7.78,0.0,1,3.65,22.0,11.15,2.95,115.18
2020-05-16 19:00:00,512.43,20.0,23.27,7.6,0.0,1,6.65,37.0,12.32,4.92,130.18
2020-05-16 19:15:00,514.15,20.0,23.28,7.44,0.0,1,3.63,52.0,27.32,8.32,145.18
2020-05-16 19:30:00,518.51,20.0,23.28,7.23,0.0,1,2.62,67.0,42.32,4.92,160.18
2020-05-16 19:45:00,525.76,19.47,23.28,7.1,0.0,1,17.62,0.28,57.32,4.15,175.18
2020-05-16 20:00:00,539.29,19.73,23.19,6.91,0.0,1,2.6,0.6,13.43,12.03,190.18
2020-05-16 20:15:00,518.25,19.33,23.17,6.79,0.0,1,1.6,3.77,0.92,0.43,205.18
2020-05-16 20:30:00,523.48,18.53,22.99,6.64,0.0,1,3.58,2.75,9.92,15.43,220.18
2020-05-16 20:45:00,545.88,20.27,22.98,6.54,0.0,1,3.58,2.73,1.9,11.7,235.18
2020-05-16 21:00:00,610.35,20.4,23.08,6.38,0.0,1,7.57,2.73,16.9,3.47,250.18
2020-05-16 21:15:00,668.35,20.93,23.17,6.24,0.0,1,5.07,11.73,13.9,2.15,265.18
2020-05-16 21:30:00,685.91,20.87,23.18,6.14,0.0,1,6.05,2.88,28.9,17.15,280.18
2020-05-16 21:45:00,692.57,21.0,23.18,6.14,0.0,1,10.05,17.88,43.9,32.15,295.18
2020-05-16 22:00:00,698.84,21.0,23.18,6.01,0.0,1,4.03,32.88,58.9,14.58,310.18
2020-05-16 22:15:00,670.04,21.2,23.18,6.01,0.0,1,1.18,1.52,73.9,29.58,325.18
2020-05-16 22:30:00,610.54,21.13,23.18,6.07,0.0,1,7.18,12.52,88.9,6.87,340.18
2020-05-16 22:45:00,612.59,21.27,23.18,6.14,0.0,1,0.17,2.5,103.9,21.87,355.18
2020-05-16 23:00:00,718.21,22.0,23.18,6.14,0.0,1,2.17,17.5,118.9,36.87,370.18
2020-05-16 23:15:00,675.39,22.07,23.18,6.14,0.0,1,5.15,5.48,133.9,51.87,385.18
2020-05-16 23:30:00,706.05,23.13,23.18,6.14,0.0,0,2.15,1.8,148.9,66.87,400.18
2020-05-16 23:45:00,709.72,24.0,23.18,6.14,0.0,0,12.13,0.8,163.9,81.87,415.18
2020-05-17 00:00:00,710.31,24.87,23.18,6.14,0.0,1,1.12,11.8,178.9,96.87,430.18
2020-05-17 00:15:00,701.44,24.87,23.18,6.14,0.0,1,16.12,1.78,193.9,111.87,445.18
2020-05-17 00:30:00,673.83,24.6,23.18,6.14,0.0,1,0.1,1.77,208.9,126.87,460.18
2020-05-17 00:45:00,621.48,24.0,23.25,6.14,0.0,1,0.1,14.77,9.92,141.87,475.18
2020-05-17 01:00:00,617.88,24.6,23.28,6.03,0.0,1,0.08,8.75,24.92,12.25,490.18
2020-05-17 01:15:00,631.96,24.73,23.28,6.01,0.0,1,1.08,4.58,39.92,27.25,505.18
2020-05-17 01:30:00,655.49,25.0,23.28,6.01,0.0,1,1.07,19.58,54.92,42.25,520.18
2020-05-17 01:45:00,652.63,24.93,23.28,6.01,0.0,1,4.05,0.22,69.92,57.25,535.18
2020-05-17 02:00:00,649.6,25.27,23.28,6.01,0.0,1,1.05,0.53,84.92,72.25,550.18
2020-05-17 02:15:00,647.4,26.07,23.28,6.01,0.0,1,1.03,0.7,99.92,87.25,565.18
2020-05-17 02:30:00,632.23,26.07,23.28,6.01,0.0,1,2.02,1.18,114.92,102.25,580.18
2020-05-17 02:45:00,603.16,25.27,23.28,6.01,0.0,1,0.02,8.35,129.92,117.25,595.18
2020-05-17 03:00:00,571.07,25.0,23.28,6.01,0.0,1,0.0,23.35,144.92,132.25,610.18
2020-05-17 03:15:00,577.81,25.0,23.28,6.01,0.0,0,0.33,38.35,159.92,147.25,625.18
2020-05-17 03:30:00,597.25,25.0,23.28,6.11,0.0,1,0.32,3.32,174.92,11.45,640.18
2020-05-17 03:45:00,643.9,25.13,23.28,6.26,0.0,1,2.32,10.8,189.92,14.75,655.18
2020-05-17 04:00:00,632.98,25.0,23.28,6.26,0.0,0,1.3,25.8,204.92,29.75,670.18
2020-05-17 04:15:00,589.4,24.73,23.28,6.31,0.0,0,2.3,1.78,219.92,0.47,685.18
2020-05-17 04:30:00,566.46,24.0,23.38,6.55,9.33,1,1.28,14.78,12.62,1.05,13.25
2020-05-17 04:45:00,587.03,24.2,23.43,6.53,66.48,1,0.27,4.77,3.6,2.45,1.9
2020-05-17 05:00:00,569.9,24.0,23.63,6.79,110.37,1,7.27,19.77,0.92,1.3,6.4
2020-05-17 05:15:00,543.7,23.33,24.03,7.0,286.05,1,0.25,7.58,1.42,0.63,1.88
2020-05-17 05:30:00,511.74,23.0,24.32,6.99,417.96,1,2.25,22.58,8.4,1.27,1.88
2020-05-17 05:45:00,488.77,22.93,24.46,7.34,285.43,1,3.4,10.57,12.4,2.1,0.37
2020-05-17 06:00:00,494.14,22.53,24.62,7.42,320.93,1,2.38,1.55,5.38,2.62,2.35
2020-05-17 06:15:00,475.84,22.07,24.76,7.64,308.34,1,17.38,6.55,0.87,0.6,0.35
2020-05-17 06:30:00,475.84,22.0,24.95,7.9,314.91,1,32.38,21.55,7.7,1.03,5.33
2020-05-17 06:45:00,482.54,21.93,25.13,8.1,292.19,1,1.37,1.02,4.18,0.32,2.0
2020-05-17 07:00:00,491.26,21.27,25.17,8.17,871.06,1,2.35,0.02,3.18,0.13,1.48
2020-05-17 07:15:00,481.66,20.6,25.13,8.63,1216.34,1,11.35,1.0,4.17,2.72,2.97
2020-05-17 07:30:00,472.79,21.8,25.41,8.78,1141.8,1,13.33,1.5,3.67,0.88,1.97
2020-05-17 07:45:00,476.46,20.8,25.54,9.34,1050.43,1,0.33,0.32,18.67,0.08,1.45
2020-05-17 08:00:00,460.59,18.47,25.13,9.19,555.64,1,9.48,0.32,2.97,0.05,1.45
2020-05-17 08:15:00,445.76,19.47,25.03,9.45,877.24,1,14.48,1.3,3.97,0.3,0.43
2020-05-17 08:30:00,436.33,18.27,25.0,9.58,721.87,1,12.63,6.97,0.45,2.47,0.6
2020-05-17 08:45:00,434.88,17.93,24.49,9.37,667.99,1,27.63,0.78,4.62,0.43,3.08
2020-05-17 09:00:00,437.12,17.67,24.27,9.69,856.25,0,4.62,0.27,6.62,2.8,2.08
2020-05-17 09:15:00,441.17,18.67,24.43,9.95,587.2,0,13.62,0.43,2.1,0.4,0.07
2020-05-17 09:30:00,441.92,18.53,24.59,10.2,381.97,0,28.62,0.75,0.08,2.23,0.07
2020-05-17 09:45:00,441.92,17.33,24.15,9.9,198.35,0,43.62,1.92,0.9,2.82,0.05
2020-05-17 10:00:00,446.19,17.2,24.15,10.06,327.88,1,1.57,2.07,1.4,0.68,0.53
2020-05-17 10:15:00,507.9,17.73,24.79,10.24,454.3,1,1.57,3.05,4.88,0.53,2.03
2020-05-17 10:30:00,480.13,17.0,24.92,10.56,474.28,1,6.55,18.05,19.88,0.33,0.18
2020-05-17 10:45:00,464.75,17.87,25.0,9.83,455.13,0,4.53,12.03,11.37,0.03,0.17
2020-05-17 11:00:00,456.53,18.0,25.05,9.94,191.33,0,4.53,27.03,4.35,2.03,2.17
2020-05-17 11:15:00,463.32,18.0,25.12,9.8,206.39,0,0.52,42.03,19.35,1.68,5.15
2020-05-17 11:30:00,453.76,18.0,25.12,9.36,184.3,1,15.52,57.03,34.35,0.03,1.13
2020-05-17 11:45:00,453.76,18.0,25.12,9.17,234.18,1,30.52,72.03,49.35,0.9,0.63
2020-05-17 12:00:00,453.76,18.0,25.22,10.34,271.14,0,45.52,87.03,12.67,0.73,0.12
2020-05-17 12:15:00,453.76,17.27,25.3,10.48,204.02,0,60.52,10.98,8.65,0.05,1.12
2020-05-17 12:30:00,452.05,17.0,25.42,11.18,249.05,0,1.48,25.98,11.32,0.22,0.77
2020-05-17 12:45:00,440.96,17.0,25.44,11.1,195.23,0,16.48,40.98,26.32,1.9,0.27
2020-05-17 13:00:00,440.96,17.73,25.37,9.05,85.55,0,31.48,10.97,10.47,2.58,0.77
2020-05-17 13:15:00,440.96,20.0,25.34,8.12,167.48,0,46.48,14.95,25.47,0.68,0.25
2020-05-17 13:30:00,440.96,20.0,25.37,8.33,140.8,0,61.48,29.95,4.43,0.23,3.75
2020-05-17 13:45:00,449.81,20.87,25.51,9.12,124.28,1,1.6,11.93,10.43,0.42,4.23
2020-05-17 14:00:00,465.92,21.0,25.54,9.57,119.64,0,16.6,26.93,25.43,0.4,1.72
2020-05-17 14:15:00,462.93,21.0,25.45,9.99,113.57,0,3.58,41.93,13.42,0.08,1.72
2020-05-17 14:30:00,457.96,21.0,25.36,9.58,73.4,1,3.57,56.93,11.4,1.23,6.37
2020-05-17 14:45:00,466.88,21.0,25.25,8.22,52.0,1,18.57,71.93,12.38,0.15,8.37
2020-05-17 15:00:00,466.88,21.07,25.19,7.57,39.33,1,33.57,0.53,6.7,1.63,12.85
2020-05-17 15:15:00,456.73,22.0,25.01,6.99,28.67,1,13.55,14.53,1.87,0.85,13.35
2020-05-17 15:30:00,456.0,22.0,24.92,6.06,28.0,0,28.55,29.53,16.87,0.4,28.35
2020-05-17 15:45:00,451.22,22.07,24.92,5.97,17.87,0,6.52,0.52,31.87,0.03,3.32
2020-05-17 16:00:00,456.96,23.0,24.92,4.86,0.0,0,14.52,15.52,46.87,0.4,18.32
2020-05-17 16:15:00,456.96,23.0,24.93,4.87,19.0,0,29.52,30.52,0.83,0.65,0.97
2020-05-17 16:30:00,456.96,23.0,25.02,5.31,83.14,0,44.52,45.52,15.83,2.72,1.95
2020-05-17 16:45:00,456.96,23.0,25.02,5.45,42.93,0,59.52,60.52,30.83,3.57,5.45
2020-05-17 17:00:00,456.96,23.0,25.02,5.77,28.0,1,74.52,75.52,45.83,1.15,8.95
2020-05-17 17:15:00,456.96,23.07,24.94,5.9,24.0,0,89.52,0.63,11.8,1.13,23.95
2020-05-17 17:30:00,456.96,23.8,24.89,5.91,16.67,0,104.52,11.63,4.95,2.45,10.43
2020-05-17 17:45:00,460.95,24.13,24.82,5.57,5.6,1,1.45,1.78,19.95,2.18,8.42
2020-05-17 18:00:00,522.62,24.93,24.82,5.33,0.0,1,1.43,12.77,34.95,3.85,23.42
2020-05-17 18:15:00,562.39,24.73,24.87,5.24,0.0,1,12.27,0.75,0.92,2.15,38.42
2020-05-17 18:30:00,511.3,24.07,23.71,5.16,0.0,1,3.25,0.75,3.58,7.43,53.42
2020-05-17 18:45:00,481.28,24.27,23.05,5.14,0.0,1,8.25,0.73,4.9,1.03,68.42
2020-05-17 19:00:00,476.8,24.2,23.19,5.37,0.0,1,23.25,10.73,4.9,1.97,83.42
2020-05-17 19:15:00,476.8,24.13,23.45,5.26,0.0,0,38.25,3.72,1.55,1.75,98.42
2020-05-17 19:30:00,471.27,24.13,23.54,5.09,0.0,0,6.22,7.72,16.55,10.55,113.42
2020-05-17 19:45:00,476.8,23.93,23.54,5.06,0.0,0,21.22,4.7,31.55,25.55,128.42
2020-05-17 20:00:00,476.8,24.87,22.6,4.96,0.0,1,36.22,3.2,0.87,0.5,143.42
2020-05-17 20:15:00,503.66,30.73,20.81,4.86,17.6,1,2.2,5.37,0.85,1.45,11.5
2020-05-17 20:30:00,567.89,30.0,21.84,4.71,22.0,1,1.18,14.52,1.85,2.63,26.5
2020-05-17 20:45:00,624.94,29.87,22.28,4.63,7.33,1,1.17,1.0,5.17,4.77,9.65
2020-05-17 21:00:00,618.35,30.93,22.43,4.55,0.0,1,0.33,4.17,4.82,4.1,24.65
2020-05-17 21:15:00,595.26,29.4,22.53,4.42,0.0,1,2.32,7.48,3.82,0.57,39.65
2020-05-17 21:30:00,558.59,29.0,22.62,4.2,0.0,1,6.32,22.48,2.3,0.72,54.65
2020-05-17 21:45:00,582.06,28.93,22.7,4.31,0.0,0,0.3,3.47,17.3,15.72,69.65
2020-05-17 22:00:00,630.87,28.87,22.7,4.17,0.0,1,1.97,1.45,32.3,7.15,84.65
2020-05-17 22:15:00,663.36,29.0,22.79,4.25,0.0,1,0.95,16.45,10.28,6.35,99.65
2020-05-17 22:30:00,747.73,29.0,22.82,4.22,0.0,1,13.95,31.45,25.28,2.43,114.65
2020-05-17 22:45:00,752.17,29.0,22.82,4.27,0.0,0,1.93,46.45,40.28,4.3,129.65
2020-05-17 23:00:00,725.55,29.0,22.89,4.19,0.0,0,9.93,61.45,9.43,19.3,144.65
2020-05-17 23:15:00,706.62,28.93,22.92,4.05,0.0,1,0.75,1.42,24.43,4.52,159.65
2020-05-17 23:30:00,597.21,28.27,22.94,3.86,0.0,1,0.75,3.4,2.4,0.22,174.65
2020-05-17 23:45:00,608.83,28.73,23.02,3.98,0.0,1,0.73,8.4,17.4,5.3,189.65
2020-05-18 00:00:00,619.78,28.8,23.02,3.84,0.0,1,2.72,9.38,32.4,13.25,204.65
2020-05-18 00:15:00,687.72,29.0,23.02,3.73,0.0,1,4.72,24.38,47.4,0.4,219.65
2020-05-18 00:30:00,660.05,28.2,23.14,3.83,0.0,1,0.2,5.87,0.03,15.4,234.65
2020-05-18 00:45:00,499.56,25.53,23.38,3.83,0.0,1,3.2,10.7,15.03,30.4,249.65
2020-05-18 01:00:00,475.84,25.0,23.38,3.83,0.0,1,18.2,25.7,30.03,45.4,264.65
2020-05-18 01:15:00,475.84,25.0,23.38,3.94,0.0,1,33.2,40.7,45.03,5.32,279.65
2020-05-18 01:30:00,475.84,25.0,23.26,3.81,0.0,1,48.2,55.7,14.0,2.63,294.65
2020-05-18 01:45:00,475.84,25.0,23.26,3.36,0.0,1,63.2,70.7,29.0,1.67,309.65
2020-05-18 02:00:00,475.84,25.0,23.17,3.58,0.0,1,78.2,85.7,13.15,5.6,324.65
2020-05-18 02:15:00,475.84,25.0,23.16,3.9,0.0,1,93.2,100.7,28.15,2.15,339.65
2020-05-18 02:30:00,467.2,25.0,23.11,3.81,0.0,0,3.3,115.7,7.12,2.2,354.65
2020-05-18 02:45:00,472.96,25.0,23.06,3.49,0.0,0,18.3,130.7,22.12,0.98,369.65
2020-05-18 03:00:00,478.04,25.13,23.02,3.44,0.0,1,6.28,6.93,5.1,2.3,384.65
2020-05-18 03:15:00,473.69,25.13,22.96,3.72,0.0,1,13.27,0.08,20.1,2.15,399.65
2020-05-18 03:30:00,472.96,26.33,22.96,4.2,0.0,1,28.27,5.92,35.1,2.75,414.65
2020-05-18 03:45:00,472.96,27.0,22.96,4.67,0.0,1,43.27,20.92,50.1,3.78,429.65
2020-05-18 04:00:00,472.96,27.0,22.96,5.09,0.0,1,58.27,35.92,65.1,0.75,444.65
2020-05-18 04:15:00,472.96,27.0,22.96,5.46,0.0,1,73.27,50.92,80.1,0.6,459.65
2020-05-18 04:30:00,472.96,27.0,22.96,6.04,18.07,1,88.27,65.92,95.1,6.2,1.02
2020-05-18 04:45:00,472.96,27.0,22.86,6.34,57.0,1,103.27,80.92,1.37,0.0,3.0
2020-05-18 05:00:00,472.96,27.0,23.02,6.62,71.0,1,118.27,95.92,0.85,2.32,18.0
2020-05-18 05:15:00,472.96,27.0,23.25,6.85,61.0,1,133.27,110.92,9.52,1.63,14.5
2020-05-18 05:30:00,473.88,27.0,23.46,7.17,52.0,1,0.18,125.92,1.83,0.47,0.47
2020-05-18 05:45:00,480.92,27.0,23.63,7.63,38.0,1,7.17,140.92,4.83,0.6,8.47
2020-05-18 06:00:00,481.98,27.13,23.81,7.88,693.21,1,0.17,5.82,2.32,0.8,0.12
2020-05-18 06:15:00,477.76,25.13,24.03,7.75,778.96,1,15.17,13.82,3.98,3.1,0.12
2020-05-18 06:30:00,472.23,25.0,24.23,8.12,958.13,0,6.15,28.82,3.13,0.05,0.6
2020-05-18 06:45:00,465.92,25.13,24.49,8.51,1039.23,0,21.15,10.47,0.62,0.72,0.1
2020-05-18 07:00:00,458.41,25.0,24.74,8.94,714.94,0,7.63,7.12,0.78,0.27,0.08
2020-05-18 07:15:00,462.72,25.07,24.86,9.12,591.33,1,14.62,0.1,15.78,1.87,2.07
2020-05-18 07:30:00,471.59,24.6,24.86,8.96,593.35,1,12.78,0.1,30.78,0.3,0.07
2020-05-18 07:45:00,474.22,24.87,25.0,9.31,604.87,1,10.77,1.08,14.77,1.37,0.05
2020-05-18 08:00:00,459.67,24.2,25.0,9.61,457.62,1,13.77,4.08,29.77,0.15,0.22
2020-05-18 08:15:00,458.88,24.67,25.0,9.74,299.54,0,28.77,0.07,44.77,1.8,1.2
2020-05-18 08:30:00,449.45,24.27,25.0,9.76,501.28,0,12.75,9.07,59.77,0.15,0.7
2020-05-18 08:45:00,461.78,23.67,25.0,10.28,698.07,0,4.73,3.88,74.77,0.2,0.18
2020-05-18 09:00:00,457.81,23.87,25.0,10.47,566.67,0,13.73,4.88,89.77,0.13,1.67
2020-05-18 09:15:00,456.96,23.53,25.0,10.8,378.44,0,28.73,4.87,104.77,0.5,0.17
2020-05-18 09:30:00,450.82,23.47,25.0,10.82,534.27,0,8.7,4.87,119.77,0.42,5.17
2020-05-18 09:45:00,446.72,22.8,24.98,11.17,480.19,0,23.7,1.85,2.02,1.4,5.65
2020-05-18 10:00:00,446.72,22.73,24.9,11.5,447.04,0,38.7,3.33,17.02,0.77,0.8
2020-05-18 10:15:00,459.75,22.8,24.9,11.66,383.1,0,12.68,0.33,32.02,0.38,0.8
2020-05-18 10:30:00,461.76,22.8,24.9,11.58,349.12,0,27.68,0.32,47.02,0.02,6.28
2020-05-18 10:45:00,461.76,22.73,24.81,11.86,347.71,0,42.68,0.32,12.32,0.5,6.28
2020-05-18 11:00:00,461.76,22.33,24.73,12.14,237.52,1,57.68,1.3,3.3,0.52,1.27
2020-05-18 11:15:00,472.0,22.67,24.87,12.5,334.63,1,14.63,0.28,9.3,0.82,0.25
2020-05-18 11:30:00,472.0,21.73,24.7,12.55,275.34,1,29.63,0.78,0.1,0.88,0.25
2020-05-18 11:45:00,465.17,21.4,24.36,12.67,130.76,1,9.62,2.43,1.27,0.07,1.23
2020-05-18 12:00:00,459.58,21.33,24.09,12.74,157.69,0,2.6,0.42,2.08,0.33,1.9
2020-05-18 12:15:00,448.26,21.27,23.95,12.95,130.41,0,2.58,4.42,0.75,1.38,0.88
2020-05-18 12:30:00,442.24,21.4,23.66,12.11,61.14,0,5.75,0.9,4.57,0.37,5.88
2020-05-18 12:45:00,452.91,21.93,23.96,11.78,80.42,0,4.73,13.9,2.57,1.43,5.87
2020-05-18 13:00:00,459.95,22.0,24.08,12.22,123.95,0,0.73,28.9,17.57,0.27,0.35
2020-05-18 13:15:00,455.68,21.93,24.06,12.89,127.02,1,8.72,0.88,2.55,0.13,1.85
2020-05-18 13:30:00,452.82,21.4,23.78,12.39,87.35,0,10.72,0.87,4.7,0.52,0.33
2020-05-18 13:45:00,449.39,21.73,23.6,13.23,124.16,0,9.7,2.87,19.7,0.22,4.33
2020-05-18 14:00:00,455.4,22.0,23.67,10.08,77.54,1,0.68,17.87,10.18,2.43,1.48
2020-05-18 14:15:00,464.96,22.33,23.7,10.54,66.67,1,15.68,2.83,25.18,0.55,6.48
2020-05-18 14:30:00,464.96,23.0,23.61,11.06,49.87,0,30.68,17.83,1.33,2.35,6.97
2020-05-18 14:45:00,464.96,23.13,23.5,10.52,57.67,0,45.68,0.82,16.33,0.25,9.47
2020-05-18 15:00:00,458.73,23.33,23.41,9.82,71.0,0,3.65,9.82,12.98,1.7,14.95
2020-05-18 15:15:00,469.99,23.27,23.37,9.65,44.33,0,2.63,3.8,3.97,1.6,1.93
2020-05-18 15:30:00,472.3,23.6,23.3,9.17,13.67,0,12.63,4.8,18.97,1.48,10.43
2020-05-18 15:45:00,473.92,24.0,23.3,8.68,11.0,0,27.63,19.8,33.97,6.48,25.43
2020-05-18 16:00:00,461.76,24.2,23.26,8.58,21.67,0,14.62,0.28,4.45,4.55,0.57
2020-05-18 16:15:00,461.76,24.4,23.18,8.82,39.0,1,29.62,0.1,19.45,7.03,2.07
2020-05-18 16:30:00,472.96,26.0,23.15,8.76,23.0,1,14.6,0.08,4.42,9.22,11.57
2020-05-18 16:45:00,472.96,25.6,23.07,8.57,19.67,1,29.6,2.42,1.25,0.57,1.05
2020-05-18 17:00:00,464.04,27.67,22.81,8.38,2.93,0,10.58,0.57,7.73,1.37,10.05
2020-05-18 17:15:00,463.62,27.93,22.74,8.08,7.33,1,2.57,0.4,22.73,4.52,0.03
2020-05-18 17:30:00,512.47,30.0,22.8,7.83,0.0,1,1.38,1.55,1.72,7.93,15.03
2020-05-18 17:45:00,537.45,31.0,22.95,7.9,0.0,1,6.38,1.05,10.72,2.53,30.03
2020-05-18 18:00:00,523.84,27.93,23.15,7.91,4.4,1,21.38,0.87,8.53,12.38,5.67
2020-05-18 18:15:00,498.58,26.07,23.29,7.6,0.73,1,11.37,0.35,10.53,8.63,13.17
2020-05-18 18:30:00,509.65,26.8,23.32,7.4,0.0,1,2.35,0.85,25.53,13.2,28.17
2020-05-18 18:45:00,502.78,25.8,23.41,7.39,0.0,1,3.35,0.0,13.67,28.2,43.17
2020-05-18 19:00:00,490.88,25.4,23.43,7.39,0.0,1,18.35,3.5,1.65,43.2,58.17
2020-05-18 19:15:00,487.98,25.0,23.52,7.42,0.0,1,3.32,11.5,16.65,2.72,73.17
2020-05-18 19:30:00,492.76,25.33,23.57,7.49,0.0,1,12.32,12.82,7.98,0.28,88.17
2020-05-18 19:45:00,494.72,25.47,23.62,7.08,0.0,1,27.32,0.13,22.98,0.97,103.17
2020-05-18 20:00:00,503.59,25.13,23.62,6.89,0.0,1,12.3,1.28,37.98,15.97,118.17
2020-05-18 20:15:00,493.59,26.33,23.73,6.84,0.0,1,12.3,9.28,13.95,8.17,133.17
2020-05-18 20:30:00,483.14,27.0,23.74,6.97,0.0,1,11.45,24.28,28.95,4.35,148.17
2020-05-18 20:45:00,488.21,27.0,23.74,6.91,0.0,1,4.43,39.28,43.95,2.37,163.17
2020-05-18 21:00:00,490.39,27.07,23.74,6.93,0.0,1,12.43,6.25,58.95,0.3,178.17
2020-05-18 21:15:00,501.4,27.73,23.74,6.78,0.0,1,7.42,0.58,73.95,13.42,193.17
2020-05-18 21:30:00,497.83,27.07,23.83,6.94,0.0,0,12.42,3.07,12.73,0.38,208.17
2020-05-18 21:45:00,484.22,27.0,23.89,6.64,0.0,1,3.4,18.07,6.73,0.4,223.17
2020-05-18 22:00:00,474.88,27.0,23.94,6.59,0.0,1,18.4,33.07,21.73,8.45,238.17
2020-05-18 22:15:00,474.88,27.0,23.94,6.64,0.0,1,33.4,48.07,36.73,23.45,253.17
2020-05-18 22:30:00,474.88,27.0,23.94,6.52,0.0,1,48.4,63.07,51.73,0.52,268.17
2020-05-18 22:45:00,474.88,27.87,23.94,6.58,0.0,1,63.4,6.02,66.73,7.85,283.17
2020-05-18 23:00:00,474.88,28.0,23.94,6.64,0.0,1,78.4,21.02,81.73,22.85,298.17
2020-05-18 23:15:00,474.88,28.0,23.94,6.64,0.0,0,93.4,36.02,96.73,37.85,313.17
2020-05-18 23:30:00,474.88,28.0,23.94,6.72,0.0,0,108.4,51.02,111.73,8.48,328.17
2020-05-18 23:45:00,474.88,28.0,23.84,6.86,0.0,0,123.4,66.02,14.65,10.33,343.17
2020-05-19 00:00:00,474.88,28.0,23.84,6.99,0.0,1,138.4,81.02,29.65,10.05,358.17
2020-05-19 00:15:00,474.88,28.0,23.84,6.94,0.0,1,153.4,96.02,44.65,2.27,373.17
2020-05-19 00:30:00,474.88,28.0,23.84,6.58,0.0,1,168.4,111.02,59.65,8.27,388.17
2020-05-19 00:45:00,474.88,28.0,23.84,6.44,0.0,1,183.4,126.02,74.65,8.83,403.17
2020-05-19 01:00:00,474.88,28.0,23.84,6.39,0.0,1,198.4,141.02,89.65,23.83,418.17
2020-05-19 01:15:00,474.88,28.0,23.84,6.12,0.0,1,213.4,156.02,104.65,1.75,433.17
2020-05-19 01:30:00,474.88,28.0,23.84,5.4,0.0,1,228.4,171.02,119.65,2.42,448.17
2020-05-19 01:45:00,482.9,28.0,23.84,4.68,0.0,1,1.42,186.02,134.65,2.55,463.17
2020-05-19 02:00:00,478.72,28.0,23.84,4.39,0.0,1,16.42,201.02,149.65,5.85,478.17
2020-05-19 02:15:00,484.18,28.0,23.84,4.21,0.0,1,7.4,216.02,164.65,12.73,493.17
2020-05-19 02:30:00,479.4,28.0,23.84,4.36,0.0,1,13.4,231.02,179.65,2.12,508.17
2020-05-19 02:45:00,478.72,28.0,23.84,4.71,0.0,1,28.4,246.02,194.65,2.3,523.17
2020-05-19 03:00:00,478.72,28.0,23.85,5.15,0.0,1,43.4,261.02,0.7,3.62,538.17
2020-05-19 03:15:00,554.75,29.73,23.51,5.5,0.0,1,2.37,1.52,0.52,1.67,553.17
2020-05-19 03:30:00,529.37,28.27,23.65,5.98,0.0,1,4.35,10.52,7.52,4.43,568.17
2020-05-19 03:45:00,490.13,28.0,23.81,6.29,0.0,1,9.35,25.52,12.5,4.65,583.17
2020-05-19 04:00:00,482.86,28.0,23.82,6.71,0.0,1,3.33,40.52,27.5,0.28,598.17
2020-05-19 04:15:00,485.14,28.0,23.82,7.2,0.0,1,12.33,55.52,42.5,8.03,613.17
2020-05-19 04:30:00,480.92,28.0,23.82,7.54,35.0,1,7.32,70.52,57.5,0.6,3.62
2020-05-19 04:45:00,472.21,28.0,23.82,8.18,62.73,1,4.3,85.52,72.5,0.83,1.6
2020-05-19 05:00:00,473.17,28.0,23.83,8.12,55.53,1,4.3,100.52,0.45,5.45,0.08
2020-05-19 05:15:00,472.23,28.0,23.95,8.39,40.47,1,7.28,115.52,3.78,0.32,2.08
2020-05-19 05:30:00,477.76,28.0,24.02,8.59,27.33,1,22.28,130.52,18.78,5.22,4.23
2020-05-19 05:45:00,476.31,28.0,24.13,8.93,37.33,1,1.27,145.52,0.25,1.07,1.72
2020-05-19 06:00:00,466.88,28.0,24.24,9.3,34.47,0,16.27,160.52,15.25,7.68,5.22
2020-05-19 06:15:00,466.88,28.0,24.29,9.32,27.0,0,31.27,175.52,7.23,0.8,20.22
2020-05-19 06:30:00,466.88,28.0,24.35,9.88,24.33,0,46.27,190.52,0.73,2.93,3.2
2020-05-19 06:45:00,466.88,28.0,24.44,10.3,17.0,0,61.27,205.52,15.73,1.22,18.2
2020-05-19 07:00:00,466.88,28.0,24.44,10.44,17.0,0,76.27,220.52,30.73,3.18,33.2
2020-05-19 07:15:00,466.88,27.47,24.44,10.24,130.54,0,91.27,1.03,45.73,3.72,1.17
2020-05-19 07:30:00,466.88,27.0,24.46,10.28,394.07,1,106.27,16.03,2.7,10.8,1.33
2020-05-19 07:45:00,466.88,27.07,24.54,10.46,387.61,1,121.27,0.02,17.7,2.52,0.82
2020-05-19 08:00:00,466.88,27.4,24.45,10.73,343.2,1,136.27,0.0,13.68,2.93,0.3
2020-05-19 08:15:00,466.88,28.0,24.44,10.62,289.55,1,151.27,14.0,28.68,1.1,1.8
2020-05-19 08:30:00,466.88,27.73,24.44,10.99,688.26,1,166.27,1.98,43.68,0.0,0.28
2020-05-19 08:45:00,466.88,27.0,24.5,11.18,625.13,1,181.27,16.98,8.65,0.82,0.28
2020-05-19 09:00:00,466.88,26.73,24.54,11.64,566.14,1,196.27,1.8,23.65,2.73,0.27
2020-05-19 09:15:00,464.7,26.47,24.54,11.73,445.29,0,2.3,0.45,38.65,1.08,0.77
2020-05-19 09:30:00,472.0,25.4,24.54,11.82,340.3,1,1.12,0.28,53.65,2.13,2.42
2020-05-19 09:45:00,475.43,24.73,24.54,11.91,303.25,1,10.12,1.27,68.65,4.17,1.42
2020-05-19 10:00:00,477.5,23.73,24.49,11.9,234.03,1,0.1,4.77,6.1,3.1,3.4
2020-05-19 10:15:00,498.24,23.93,24.44,11.9,234.15,1,8.1,0.25,21.1,1.55,0.4
2020-05-19 10:30:00,491.84,26.73,24.44,12.04,380.23,1,23.1,5.25,36.1,1.63,0.38
2020-05-19 10:45:00,479.81,26.2,24.44,12.26,341.73,1,11.08,0.23,51.1,1.35,1.87
2020-05-19 11:00:00,472.45,25.4,23.98,12.23,440.55,1,5.07,0.23,0.72,0.17,2.37
2020-05-19 11:15:00,466.71,27.47,22.96,11.2,57.15,1,0.05,1.72,0.88,1.63,3.02
2020-05-19 11:30:00,495.62,28.0,23.73,10.53,57.6,1,0.05,14.72,1.87,1.4,4.02
2020-05-19 11:45:00,544.11,28.0,24.0,10.22,59.13,1,2.03,29.72,16.87,0.15,7.5
2020-05-19 12:00:00,558.49,27.53,24.06,10.42,48.0,1,7.03,6.7,7.7,0.6,8.5
2020-05-19 12:15:00,510.27,26.6,24.26,10.58,43.14,1,1.02,2.02,5.68,1.25,1.48
2020-05-19 12:30:00,469.67,25.0,24.34,9.62,40.33,1,7.02,17.02,20.68,1.58,0.47
2020-05-19 12:45:00,477.7,25.8,24.34,9.25,64.8,1,5.0,5.67,35.68,2.75,0.47
2020-05-19 13:00:00,524.48,27.6,24.34,9.08,48.4,1,2.98,8.65,50.68,3.42,5.95
2020-05-19 13:15:00,560.45,27.6,24.42,9.89,73.48,1,7.98,0.8,11.98,0.08,3.12
2020-05-19 13:30:00,522.79,27.13,24.51,11.07,77.09,1,6.97,12.8,10.97,0.05,0.6
2020-05-19 13:45:00,491.73,27.2,24.54,9.99,38.93,1,3.12,2.78,25.97,0.48,5.08
2020-05-19 14:00:00,499.63,27.33,24.48,8.96,37.73,1,12.12,3.78,8.95,0.65,0.58
2020-05-19 14:15:00,478.12,27.07,24.44,9.31,58.53,1,6.1,7.77,23.95,0.52,1.57
2020-05-19 14:30:00,480.64,27.07,24.44,9.34,44.33,1,5.1,5.77,38.95,2.63,5.55
2020-05-19 14:45:00,493.35,27.33,24.37,9.23,53.87,1,5.08,2.75,9.92,1.15,2.55
2020-05-19 15:00:00,524.44,27.93,24.2,9.01,35.07,1,6.08,0.73,4.9,2.25,3.53
2020-05-19 15:15:00,512.51,27.87,24.34,8.45,24.0,1,0.07,7.73,14.9,1.32,18.53
2020-05-19 15:30:00,523.5,27.8,24.34,8.4,24.0,1,1.07,0.72,29.9,0.72,33.53
2020-05-19 15:45:00,498.05,27.33,24.34,8.22,24.0,1,7.05,0.72,44.9,3.08,48.53
2020-05-19 16:00:00,475.67,27.0,24.34,8.32,22.67,1,6.03,14.72,59.9,7.48,1.67
2020-05-19 16:15:00,473.19,27.0,24.34,8.34,14.0,1,7.03,29.72,74.9,3.47,16.67
2020-05-19 16:30:00,523.63,27.87,24.2,8.38,14.0,1,7.02,12.68,7.85,18.47,31.67
2020-05-19 16:45:00,540.69,28.0,24.14,8.42,14.0,1,6.02,27.68,22.85,4.57,46.67
2020-05-19 17:00:00,510.76,28.0,24.04,8.26,9.33,1,6.0,42.68,11.83,6.67,4.63
2020-05-19 17:15:00,490.24,28.07,23.97,8.0,0.0,0,8.0,8.5,6.82,3.48,19.63
2020-05-19 17:30:00,478.51,27.6,23.87,7.89,0.0,0,9.98,0.13,7.82,18.48,34.63
2020-05-19 17:45:00,474.88,27.4,23.82,7.77,0.0,0,24.98,7.13,22.82,1.5,49.63
2020-05-19 18:00:00,460.8,27.0,23.82,7.64,0.0,0,14.97,22.13,37.82,16.5,64.63
2020-05-19 18:15:00,460.8,27.0,23.82,7.43,0.0,0,29.97,37.13,52.82,2.77,79.63
2020-05-19 18:30:00,460.8,27.0,23.75,7.21,0.0,0,44.97,52.13,10.93,7.73,94.63
2020-05-19 18:45:00,460.8,27.13,23.72,6.57,0.0,1,59.97,1.27,25.93,5.32,109.63
2020-05-19 19:00:00,460.8,28.0,23.62,6.43,0.0,1,74.97,16.27,12.58,6.6,124.63
2020-05-19 19:15:00,460.8,28.0,23.6,6.4,0.0,0,89.97,31.27,27.58,13.88,139.63
2020-05-19 19:30:00,460.8,28.0,23.6,6.49,0.0,0,104.97,46.27,42.58,10.12,154.63
2020-05-19 19:45:00,463.04,28.0,23.54,6.29,0.0,1,2.23,61.27,8.57,10.72,169.63
2020-05-19 20:00:00,496.23,28.0,23.34,6.48,0.0,1,2.22,76.27,7.55,6.08,184.63
2020-05-19 20:15:00,546.22,28.07,23.22,6.58,0.0,1,1.72,0.2,5.7,1.78,199.63
2020-05-19 20:30:00,557.12,28.4,23.16,6.6,0.0,1,5.7,3.2,20.7,1.95,214.63
2020-05-19 20:45:00,580.91,29.0,23.21,6.41,0.0,1,4.68,18.2,6.68,12.75,229.63
2020-05-19 21:00:00,589.55,29.0,23.26,6.13,0.0,1,0.85,33.2,21.68,5.05,244.63
2020-05-19 21:15:00,600.0,29.0,23.26,5.95,0.0,0,15.85,48.2,36.68,3.15,259.63
2020-05-19 21:30:00,600.0,29.0,23.26,5.91,0.0,0,30.85,63.2,51.68,2.43,274.63
2020-05-19 21:45:00,593.9,29.0,23.29,5.85,0.0,0,4.82,78.2,4.63,5.42,289.63
2020-05-19 22:00:00,619.26,29.0,23.36,5.48,0.0,1,6.8,93.2,19.63,3.18,304.63
2020-05-19 22:15:00,626.39,29.0,23.36,5.18,0.0,1,6.8,108.2,34.63,2.13,319.63
2020-05-19 22:30:00,609.96,29.87,23.36,5.04,0.0,1,10.78,8.12,49.63,2.32,334.63
2020-05-19 22:45:00,608.34,30.0,23.38,4.91,0.0,0,1.77,23.12,2.1,1.22,349.63
2020-05-19 23:00:00,618.88,30.13,23.48,4.35,0.0,1,16.77,1.93,17.1,1.83,364.63
2020-05-19 23:15:00,638.55,29.93,23.48,4.03,0.0,1,1.75,0.42,32.1,1.07,379.63
2020-05-19 23:30:00,613.08,29.13,23.48,3.93,0.0,1,10.75,12.42,47.1,0.97,394.63
2020-05-19 23:45:00,605.44,29.0,23.48,4.16,0.0,1,5.73,27.42,62.1,2.38,409.63
2020-05-20 00:00:00,598.72,29.0,23.48,3.71,0.0,1,20.73,42.42,77.1,2.22,424.63
2020-05-20 00:15:00,604.84,29.0,23.48,3.82,0.0,1,6.73,57.42,92.1,0.28,439.63
2020-05-20 00:30:00,617.09,28.8,23.48,3.79,0.0,1,5.72,0.37,107.1,0.5,454.63
2020-05-20 00:45:00,619.52,28.67,23.48,3.59,0.0,1,4.7,1.37,122.1,0.15,469.63
2020-05-20 01:00:00,632.38,28.47,23.48,3.45,0.0,1,2.68,5.35,137.1,4.22,484.63
2020-05-20 01:15:00,609.24,28.13,23.48,3.25,0.0,1,1.68,9.52,152.1,3.93,499.63
2020-05-20 01:30:00,573.76,28.0,23.48,3.54,0.0,1,16.68,24.52,167.1,0.9,514.63
2020-05-20 01:45:00,573.76,28.0,23.48,3.38,0.0,0,31.68,39.52,182.1,0.27,529.63
2020-05-20 02:00:00,558.87,28.0,23.48,3.5,0.0,0,1.82,54.52,197.1,1.8,544.63
2020-05-20 02:15:00,564.31,28.13,23.48,3.39,0.0,0,0.8,1.47,212.1,2.7,559.63
2020-05-20 02:30:00,618.18,28.33,23.48,3.85,0.0,1,0.8,7.47,227.1,1.25,574.63
2020-05-20 02:45:00,601.11,28.0,23.48,3.94,0.0,1,4.78,22.47,242.1,0.12,589.63
2020-05-20 03:00:00,601.47,28.0,23.48,4.08,0.0,1,3.78,37.47,257.1,4.0,604.63
2020-05-20 03:15:00,582.72,27.47,23.48,4.25,0.0,1,18.78,5.6,272.1,1.88,619.63
2020-05-20 03:30:00,564.8,27.0,23.48,4.76,0.0,0,8.77,20.6,287.1,4.87,634.63
2020-05-20 03:45:00,561.34,27.0,23.48,5.15,0.0,0,3.75,35.6,302.1,1.7,649.63
2020-05-20 04:00:00,571.24,27.07,23.48,5.54,0.93,1,1.73,3.73,317.1,0.8,5.7
2020-05-20 04:15:00,591.45,27.0,23.48,5.77,0.67,1,4.73,18.73,332.1,3.08,0.7
2020-05-20 04:30:00,590.34,27.0,23.48,6.06,94.74,1,3.72,33.73,347.1,3.4,0.35
2020-05-20 04:45:00,588.16,27.0,23.5,6.47,684.94,1,0.7,48.73,2.03,3.35,0.33
2020-05-20 05:00:00,600.17,26.87,23.69,6.88,1756.42,1,0.7,0.2,0.37,1.3,0.83
2020-05-20 05:15:00,508.03,26.87,22.76,6.97,1906.18,1,0.68,0.18,1.02,6.68,1.32
2020-05-20 05:30:00,478.72,27.6,21.86,7.27,1806.68,1,15.68,3.85,5.33,0.45,1.32
2020-05-20 05:45:00,474.77,27.67,21.62,7.47,1702.4,1,4.67,0.83,6.0,0.47,0.3
2020-05-20 06:00:00,466.88,27.8,21.46,7.76,1625.34,1,19.67,4.98,0.82,0.9,0.3
2020-05-20 06:15:00,471.23,27.8,20.99,8.05,1476.69,1,0.65,1.98,0.65,1.57,0.28
2020-05-20 06:30:00,466.88,27.73,21.13,8.33,1479.55,1,15.65,0.47,8.63,2.83,0.43
2020-05-20 06:45:00,484.82,26.6,21.67,8.78,1283.72,1,0.8,2.63,2.3,0.82,0.43
2020-05-20 07:00:00,515.05,25.0,22.58,8.62,517.79,1,4.8,17.63,2.12,2.15,0.42
2020-05-20 07:15:00,546.24,24.47,23.17,8.76,1077.19,1,8.78,7.62,2.28,0.45,0.92
2020-05-20 07:30:00,554.88,24.0,23.66,8.66,714.79,1,23.78,22.62,1.6,2.9,2.4
2020-05-20 07:45:00,558.51,23.4,24.1,9.16,1112.11,1,4.77,8.93,1.58,1.13,1.4
2020-05-20 08:00:00,562.13,23.0,24.57,9.51,1090.86,1,4.75,23.93,1.25,0.85,0.38
2020-05-20 08:15:00,565.76,22.2,24.96,9.87,934.05,1,14.75,11.92,2.23,1.43,0.88
2020-05-20 08:30:00,560.43,21.73,25.33,9.83,753.24,1,4.73,0.4,5.4,1.33,0.53
2020-05-20 08:45:00,567.38,21.67,25.59,10.04,764.43,1,9.73,4.38,6.55,0.32,1.02
2020-05-20 09:00:00,572.31,21.07,25.87,10.38,779.27,1,1.72,4.38,3.87,1.43,0.02
2020-05-20 09:15:00,494.98,18.53,26.01,10.61,838.06,1,6.7,10.2,0.03,0.08,0.5
2020-05-20 09:30:00,458.39,18.0,26.1,10.78,626.52,1,5.7,25.2,15.03,1.6,0.5
2020-05-20 09:45:00,455.83,18.53,26.1,10.65,373.82,1,6.68,3.85,30.03,0.6,0.48
2020-05-20 10:00:00,457.56,18.27,26.16,10.49,376.03,1,1.68,0.67,8.0,0.37,0.47
2020-05-20 10:15:00,510.81,18.0,26.11,10.71,225.46,1,0.67,15.67,12.0,1.82,0.97
2020-05-20 10:30:00,561.37,19.87,26.06,10.87,293.3,1,4.17,12.17,5.98,2.03,0.62
2020-05-20 10:45:00,585.62,20.0,26.0,11.15,405.28,1,2.15,27.17,20.98,1.18,1.12
2020-05-20 11:00:00,592.19,19.87,26.0,10.86,130.16,1,1.13,8.82,35.98,2.73,0.6
2020-05-20 11:15:00,597.87,20.0,26.0,10.73,304.55,1,4.13,23.82,50.98,0.93,0.1
2020-05-20 11:30:00,602.88,18.13,26.0,11.17,224.95,1,19.13,12.13,65.98,0.4,2.08
2020-05-20 11:45:00,602.88,18.0,26.0,12.02,282.68,1,34.13,27.13,80.98,0.23,0.07
2020-05-20 12:00:00,572.86,20.73,26.15,11.26,155.24,1,2.27,6.6,8.1,2.43,0.07
2020-05-20 12:15:00,502.66,21.13,26.2,11.49,200.88,1,3.25,0.08,23.1,0.43,0.22
2020-05-20 12:30:00,478.44,20.27,26.19,11.57,158.22,1,13.25,0.08,1.08,3.88,1.22
2020-05-20 12:45:00,471.96,19.6,26.07,11.66,150.3,1,7.23,0.9,3.07,2.8,0.2
2020-05-20 13:00:00,470.25,19.27,25.91,12.93,177.17,1,3.23,0.9,13.07,0.13,4.2
2020-05-20 13:15:00,465.92,19.13,25.83,12.24,137.49,0,18.23,0.05,9.55,0.82,7.18
2020-05-20 13:30:00,465.92,20.47,25.7,12.97,131.43,0,33.23,8.88,11.53,0.42,1.67
2020-05-20 13:45:00,479.66,17.47,25.45,12.32,129.75,1,0.2,4.37,0.85,0.85,0.17
2020-05-20 14:00:00,535.32,17.0,25.23,12.72,133.62,1,3.18,19.37,1.85,1.17,0.15
2020-05-20 14:15:00,585.79,17.0,25.14,12.37,105.22,1,8.18,34.37,16.85,0.05,1.8
2020-05-20 14:30:00,596.59,17.0,25.14,11.82,81.2,1,4.17,49.37,31.85,0.07,0.3
2020-05-20 14:45:00,606.46,17.13,25.14,12.01,95.74,1,2.15,0.32,46.85,0.05,1.28
2020-05-20 15:00:00,616.96,17.67,25.14,12.02,77.2,1,17.15,2.32,61.85,1.73,7.28
2020-05-20 15:15:00,630.02,18.0,25.14,11.7,67.33,1,0.13,17.32,76.85,4.43,1.77
2020-05-20 15:30:00,587.93,19.87,25.23,11.66,82.28,1,2.13,3.63,1.45,3.63,1.77
2020-05-20 15:45:00,529.56,19.0,25.34,11.58,74.41,1,7.12,0.95,16.45,0.65,5.75
2020-05-20 16:00:00,498.84,20.0,25.31,10.59,69.47,1,7.12,11.12,4.6,0.87,9.25
2020-05-20 16:15:00,490.88,20.67,25.24,10.26,64.33,1,22.12,7.1,19.6,0.42,7.9
2020-05-20 16:30:00,481.49,21.0,25.17,9.91,52.33,1,9.1,22.1,9.58,2.7,6.38
2020-05-20 16:45:00,476.8,21.0,25.08,9.62,46.33,0,24.1,37.1,6.08,2.4,0.88
2020-05-20 17:00:00,476.8,21.2,24.94,9.38,29.67,0,39.1,2.4,11.07,4.18,10.37
2020-05-20 17:15:00,479.04,22.0,24.79,9.17,27.0,1,2.23,17.4,4.07,0.37,25.37
2020-05-20 17:30:00,489.83,23.0,24.72,8.89,19.67,1,1.22,1.38,19.07,2.88,10.85
2020-05-20 17:45:00,566.72,26.73,24.72,8.68,15.4,1,2.22,0.55,34.07,0.98,0.35
2020-05-20 18:00:00,524.39,22.8,24.79,8.38,0.0,1,1.22,5.38,9.05,6.42,15.35
2020-05-20 18:15:00,480.73,22.13,24.82,8.19,0.0,1,13.22,5.37,24.05,1.32,30.35
2020-05-20 18:30:00,480.0,22.0,24.73,7.91,0.0,0,28.22,20.37,13.03,12.78,45.35
2020-05-20 18:45:00,472.45,22.0,24.62,7.76,0.0,0,2.18,35.37,0.02,14.65,60.35
2020-05-20 19:00:00,459.18,25.33,21.1,7.78,0.0,1,9.85,2.83,0.33,1.72,75.35
2020-05-20 19:15:00,482.84,28.13,20.52,7.74,0.0,1,0.0,2.15,0.82,1.77,90.35
2020-05-20 19:30:00,569.3,28.0,22.13,7.52,0.0,1,10.48,17.15,0.32,16.77,105.35
2020-05-20 19:45:00,581.33,28.0,22.63,7.52,0.0,1,4.48,32.15,3.47,31.77,120.35
2020-05-20 20:00:00,588.65,28.0,22.84,7.52,0.0,1,5.47,47.15,3.28,46.77,135.35
2020-05-20 20:15:00,595.14,28.0,23.01,7.52,0.0,1,2.45,62.15,10.28,0.7,150.35
2020-05-20 20:30:00,657.71,28.27,23.1,7.41,0.0,1,4.45,0.6,7.27,1.6,165.35
2020-05-20 20:45:00,667.73,27.8,23.16,7.4,0.0,1,0.43,3.6,22.27,13.93,180.35
2020-05-20 21:00:00,572.91,29.47,23.14,7.35,0.0,1,0.92,0.58,1.25,4.97,195.35
2020-05-20 21:15:00,678.85,36.13,23.3,7.27,0.0,1,8.58,1.42,2.23,19.97,210.35
2020-05-20 21:30:00,691.41,34.87,23.44,7.29,0.0,1,1.57,3.9,5.73,7.35,225.35
2020-05-20 21:45:00,725.25,32.53,23.59,7.27,0.0,1,0.73,0.05,2.22,22.35,240.35
2020-05-20 22:00:00,567.25,28.73,22.68,7.24,0.0,1,0.88,4.55,3.05,2.07,255.35
2020-05-20 22:15:00,556.97,29.07,22.87,7.21,0.0,1,2.88,6.55,3.72,1.9,270.35
2020-05-20 22:30:00,653.18,29.0,23.03,7.24,0.0,1,6.88,21.55,6.2,10.53,285.35
2020-05-20 22:45:00,664.36,29.0,23.08,7.24,0.0,1,0.87,36.55,21.2,2.8,300.35
2020-05-20 23:00:00,622.14,29.0,23.08,7.14,0.0,1,0.85,51.55,36.2,17.8,315.35
2020-05-20 23:15:00,600.53,28.93,23.08,7.08,0.0,1,4.85,0.5,51.2,6.38,330.35
2020-05-20 23:30:00,590.17,28.07,23.08,6.79,0.0,1,5.83,12.67,66.2,1.15,345.35
2020-05-20 23:45:00,589.76,28.53,23.09,6.26,0.0,1,2.83,0.65,1.32,0.52,360.35
2020-05-21 00:00:00,576.96,28.27,23.18,6.63,0.0,1,17.83,2.65,16.32,3.53,375.35
2020-05-21 00:15:00,581.7,28.67,23.18,6.28,0.0,0,5.97,8.63,31.32,2.52,390.35
2020-05-21 00:30:00,588.8,29.0,23.18,6.0,0.0,1,20.97,23.63,46.32,0.42,405.35
2020-05-21 00:45:00,588.8,29.0,23.21,5.62,0.0,1,35.97,38.63,4.45,4.67,420.35
2020-05-21 01:00:00,585.49,29.0,23.28,5.53,0.0,1,4.95,53.63,19.45,19.67,435.35
2020-05-21 01:15:00,585.3,29.0,23.28,5.52,0.0,1,7.93,68.63,34.45,0.67,450.35
2020-05-21 01:30:00,608.41,29.07,23.28,5.22,0.0,1,4.92,7.58,49.45,10.43,465.35
2020-05-21 01:45:00,636.97,29.67,23.28,5.18,0.0,1,0.92,0.57,64.45,25.43,480.35
2020-05-21 02:00:00,630.19,29.47,23.28,5.1,0.0,1,9.9,0.57,79.45,1.98,495.35
2020-05-21 02:15:00,600.09,29.07,23.28,5.17,0.0,0,9.9,7.57,94.45,7.02,510.35
2020-05-21 02:30:00,598.04,29.0,23.33,5.49,0.0,0,1.88,22.57,5.55,9.95,525.35
2020-05-21 02:45:00,581.53,29.0,23.4,5.77,0.0,1,7.88,37.57,20.55,2.42,540.35
2020-05-21 03:00:00,569.11,29.0,23.37,6.19,0.0,1,0.87,52.57,3.53,7.1,555.35
2020-05-21 03:15:00,587.86,29.0,23.36,6.35,0.0,1,4.85,67.57,8.52,0.15,570.35
2020-05-21 03:30:00,609.92,29.0,23.4,6.86,0.0,1,19.85,82.57,23.52,1.2,585.35
2020-05-21 03:45:00,628.69,29.0,23.4,7.52,0.0,0,0.83,97.57,38.52,0.18,600.35
2020-05-21 04:00:00,713.77,28.53,23.4,8.07,0.0,1,6.83,3.48,53.52,2.27,615.35
2020-05-21 04:15:00,655.57,26.13,23.4,8.65,0.0,1,0.82,7.82,68.52,1.13,630.35
2020-05-21 04:30:00,572.29,24.93,23.39,9.26,25.4,1,11.82,5.8,0.47,2.75,3.93
2020-05-21 04:45:00,569.92,23.73,23.3,9.57,58.33,1,1.13,3.8,15.47,0.95,10.43
2020-05-21 05:00:00,543.79,23.0,23.43,9.85,75.8,1,2.12,18.8,0.78,6.0,7.92
2020-05-21 05:15:00,582.72,23.0,23.71,10.17,86.0,1,6.12,33.8,2.27,0.38,22.92
2020-05-21 05:30:00,587.01,23.0,24.01,10.51,88.21,1,2.1,48.8,2.77,1.27,2.4
2020-05-21 05:45:00,593.32,23.2,24.4,10.98,260.71,1,2.1,1.75,0.75,2.2,1.05
2020-05-21 06:00:00,508.1,22.4,23.83,11.01,1272.19,1,7.08,0.08,1.42,1.18,2.05
2020-05-21 06:15:00,469.44,21.0,23.72,10.9,1012.61,1,4.07,15.08,1.23,0.4,6.55
2020-05-21 06:30:00,467.09,21.0,24.47,11.54,1002.88,1,4.07,30.08,0.22,1.42,21.55
2020-05-21 06:45:00,459.84,20.67,24.96,11.76,1002.88,0,19.07,4.05,1.72,0.43,36.55
2020-05-21 07:00:00,454.76,20.0,25.4,11.54,960.98,0,6.05,19.05,1.03,1.15,0.52
2020-05-21 07:15:00,448.96,20.0,25.81,11.89,902.1,0,21.05,34.05,2.7,0.87,4.0
2020-05-21 07:30:00,448.96,19.33,26.2,12.1,861.78,1,36.05,4.35,4.02,3.98,0.0
2020-05-21 07:45:00,473.54,18.13,26.45,12.75,844.03,1,6.18,2.83,2.17,5.82,0.15
2020-05-21 08:00:00,488.0,17.4,26.62,12.48,868.95,1,21.18,2.5,1.5,1.68,0.13
2020-05-21 08:15:00,479.81,17.0,26.84,12.51,789.46,1,11.17,17.5,7.48,2.0,1.13
2020-05-21 08:30:00,470.66,17.0,27.01,12.95,731.78,0,8.15,32.5,3.65,2.6,2.62
2020-05-21 08:45:00,461.87,17.0,27.17,13.2,693.33,0,4.13,47.5,9.63,2.12,9.62
2020-05-21 09:00:00,453.76,17.0,27.3,13.13,360.19,0,19.13,62.5,11.8,3.58,0.1
2020-05-21 09:15:00,453.76,16.67,27.36,13.24,584.79,0,34.13,4.28,5.78,4.33,3.08
2020-05-21 09:30:00,448.68,16.13,27.42,13.7,580.71,0,6.12,6.27,20.78,1.7,0.58
2020-05-21 09:45:00,446.63,17.87,27.42,13.78,501.03,1,3.1,0.27,35.78,2.32,2.23
2020-05-21 10:00:00,465.22,19.2,27.33,14.2,471.32,1,8.1,0.25,10.77,0.43,0.22
2020-05-21 10:15:00,452.25,19.93,27.4,14.06,389.75,1,6.08,0.75,14.75,0.07,3.22
2020-05-21 10:30:00,456.96,19.6,27.33,14.79,386.29,1,14.08,3.73,9.73,0.17,0.2
2020-05-21 10:45:00,456.96,19.2,27.25,14.67,190.9,1,29.08,1.73,4.72,1.18,0.2
2020-05-21 11:00:00,456.96,19.6,27.14,14.84,300.12,1,44.08,1.22,1.72,0.27,7.7
2020-05-21 11:15:00,456.96,19.07,26.95,14.92,332.12,1,59.08,0.03,7.72,1.9,0.18
2020-05-21 11:30:00,468.91,18.67,26.88,14.97,257.56,1,13.05,9.87,22.72,0.95,2.17
2020-05-21 11:45:00,458.88,17.13,26.82,15.3,165.96,1,14.03,5.85,7.52,1.38,1.33
2020-05-21 12:00:00,458.88,17.0,26.67,15.26,124.69,0,29.03,20.85,13.52,0.27,2.82
2020-05-21 12:15:00,461.72,16.6,26.44,15.45,27.47,1,4.17,1.33,6.0,0.52,8.82
2020-05-21 12:30:00,529.26,17.73,26.24,14.44,0.0,1,1.83,9.83,11.0,0.23,23.82
2020-05-21 12:45:00,585.79,18.67,26.15,15.52,0.0,1,2.82,0.32,8.48,0.08,38.82
2020-05-21 13:00:00,594.45,20.0,26.1,15.98,0.0,1,4.82,14.82,23.48,0.75,53.82
2020-05-21 13:15:00,592.81,20.0,26.07,15.96,0.0,1,10.8,29.82,4.47,0.25,68.82
2020-05-21 13:30:00,588.8,20.0,26.0,15.4,0.0,0,25.8,44.82,19.47,1.13,83.82
2020-05-21 13:45:00,581.63,20.0,25.95,15.49,0.0,1,2.78,59.82,7.78,0.1,98.82
2020-05-21 14:00:00,568.38,20.0,25.89,16.03,0.0,1,2.77,74.82,1.77,0.97,113.82
2020-05-21 14:15:00,585.49,20.0,25.8,16.36,0.0,1,9.77,89.82,16.77,0.15,128.82
2020-05-21 14:30:00,569.92,20.0,25.76,15.82,0.0,1,14.93,104.82,4.92,0.65,143.82
2020-05-21 14:45:00,569.05,20.13,25.67,15.16,12.33,1,0.92,1.73,1.9,0.05,4.38
2020-05-21 15:00:00,487.25,19.87,25.31,13.73,43.0,1,6.9,3.23,2.73,1.65,8.87
2020-05-21 15:15:00,465.92,20.13,24.76,13.82,38.2,1,21.9,0.22,1.38,0.1,11.37
2020-05-21 15:30:00,464.04,20.33,24.41,13.19,36.0,1,1.88,8.22,4.38,1.13,26.37
2020-05-21 15:45:00,461.87,20.0,24.14,13.1,33.8,1,9.88,23.22,1.2,6.38,2.02
2020-05-21 16:00:00,488.64,20.73,23.87,13.06,25.0,1,2.87,10.2,7.87,5.88,17.02
2020-05-21 16:15:00,558.06,21.0,24.04,12.6,25.0,1,0.85,25.2,14.87,0.05,32.02
2020-05-21 16:30:00,586.43,21.0,24.16,12.29,25.0,1,11.85,40.2,14.52,3.72,47.02
2020-05-21 16:45:00,588.8,21.0,24.16,12.1,25.0,1,26.85,55.2,29.52,0.92,62.02
2020-05-21 17:00:00,593.37,21.0,24.19,11.86,15.0,1,2.83,70.2,3.5,2.53,14.47
2020-05-21 17:15:00,596.33,21.0,24.26,11.6,15.0,1,6.82,85.2,18.5,1.6,29.47
2020-05-21 17:30:00,597.31,21.0,24.35,11.19,4.0,1,1.82,100.2,12.98,3.25,10.95
2020-05-21 17:45:00,603.84,20.93,24.36,10.94,0.0,1,16.82,0.3,27.98,2.28,25.95
2020-05-21 18:00:00,542.83,20.07,24.18,10.67,0.0,1,0.78,13.3,0.45,5.48,40.95
2020-05-21 18:15:00,536.28,20.0,24.24,10.43,0.0,1,1.78,28.3,15.45,7.77,55.95
2020-05-21 18:30:00,494.19,20.0,24.24,10.29,0.0,1,4.77,43.3,30.45,8.35,70.95
2020-05-21 18:45:00,472.96,20.0,24.24,10.11,0.0,0,14.77,58.3,45.45,2.78,85.95
2020-05-21 19:00:00,495.77,20.93,24.29,9.94,23.33,1,4.77,0.08,7.75,6.23,13.07
2020-05-21 19:15:00,520.77,23.13,24.34,9.69,25.0,1,4.75,3.58,22.75,1.48,28.07
2020-05-21 19:30:00,523.9,29.8,24.34,9.46,25.0,1,0.73,1.57,37.75,0.23,43.07
2020-05-21 19:45:00,583.34,28.4,24.44,9.28,25.0,1,12.73,9.07,14.73,1.93,58.07
2020-05-21 20:00:00,572.33,27.53,24.44,8.82,25.0,1,5.9,4.55,29.73,0.78,73.07
2020-05-21 20:15:00,584.53,28.6,24.44,8.32,25.0,1,6.88,7.05,44.73,0.52,88.07
2020-05-21 20:30:00,610.62,29.07,24.44,8.18,25.0,1,2.87,5.03,59.73,2.8,103.07
2020-05-21 20:45:00,640.11,28.2,24.44,7.94,25.0,1,9.87,4.02,74.73,1.27,118.07
2020-05-21 21:00:00,586.92,24.4,24.35,7.98,1.67,1,1.85,11.18,0.85,2.68,13.67
2020-05-21 21:15:00,502.19,23.87,23.47,8.26,0.0,1,7.83,11.0,1.5,17.68,28.67
2020-05-21 21:30:00,494.72,23.87,22.59,8.31,0.0,1,22.83,4.0,4.17,4.2,43.67
2020-05-21 21:45:00,549.7,24.0,22.58,7.99,0.0,1,5.82,19.0,7.15,1.0,58.67
2020-05-21 22:00:00,602.99,24.0,22.76,7.33,0.0,1,9.82,34.0,14.15,2.93,73.67
2020-05-21 22:15:00,605.87,24.0,22.83,7.2,0.0,1,4.8,49.0,10.63,10.53,88.67
2020-05-21 22:30:00,650.18,24.0,22.88,7.17,0.0,0,3.12,64.0,2.62,9.83,103.67
2020-05-21 22:45:00,669.35,24.53,23.0,7.28,0.0,0,1.12,3.28,2.45,3.55,118.67
2020-05-21 23:00:00,602.33,24.4,23.08,7.58,0.0,1,2.1,5.27,17.45,6.77,133.67
2020-05-21 23:15:00,593.83,25.27,23.13,7.64,0.0,1,1.1,1.77,7.43,21.77,148.67
2020-05-21 23:30:00,639.62,26.73,23.18,7.09,0.0,1,7.1,12.75,22.43,5.68,163.67
2020-05-21 23:45:00,644.5,27.0,23.28,6.92,0.0,1,1.08,27.75,14.92,0.72,178.67
2020-05-22 00:00:00,621.93,27.0,23.28,6.24,0.0,0,8.08,42.75,29.92,2.38,193.67
2020-05-22 00:15:00,608.6,27.0,23.28,6.34,0.0,1,3.07,57.75,44.92,8.43,208.67
2020-05-22 00:30:00,596.8,25.13,23.28,6.62,0.0,1,18.07,12.07,59.92,1.25,223.67
2020-05-22 00:45:00,596.8,24.27,23.28,7.3,0.0,1,33.07,9.05,74.92,5.0,238.67
2020-05-22 01:00:00,594.62,23.67,23.28,6.95,0.0,1,2.03,3.53,89.92,4.63,253.67
2020-05-22 01:15:00,560.58,22.87,23.28,6.86,0.0,1,11.03,1.52,104.92,1.8,268.67
2020-05-22 01:30:00,557.76,22.0,23.28,7.21,0.0,1,26.03,16.52,119.92,0.8,283.67
2020-05-22 01:45:00,557.76,22.0,23.28,7.2,0.0,1,41.03,31.52,134.92,1.7,298.67
2020-05-22 02:00:00,549.61,22.0,23.28,6.92,0.0,1,3.0,46.52,149.92,2.88,313.67
2020-05-22 02:15:00,557.29,22.0,23.28,7.22,0.0,1,4.32,61.52,164.92,9.82,328.67
2020-05-22 02:30:00,579.14,22.0,23.28,7.17,0.0,1,8.32,76.52,179.92,11.53,343.67
2020-05-22 02:45:00,587.63,22.0,23.28,7.23,0.0,1,4.3,91.52,194.92,3.42,358.67
2020-05-22 03:00:00,579.78,21.13,23.28,7.64,0.0,1,3.28,12.47,209.92,2.9,373.67
2020-05-22 03:15:00,581.74,21.0,23.28,8.08,0.0,1,7.28,27.47,224.92,0.03,388.67
2020-05-22 03:30:00,580.1,20.93,23.28,8.26,4.67,1,3.27,0.43,239.92,15.03,6.58
2020-05-22 03:45:00,561.81,20.2,23.28,8.46,10.0,0,9.27,6.43,254.92,3.07,21.58
2020-05-22 04:00:00,557.87,20.6,23.28,8.69,10.0,1,0.25,4.42,269.92,2.15,36.58
2020-05-22 04:15:00,581.55,21.0,23.27,9.16,13.93,1,5.25,19.42,1.92,2.72,0.05
2020-05-22 04:30:00,570.13,20.6,23.18,9.73,152.09,1,2.25,5.4,16.92,4.05,0.53
2020-05-22 04:45:00,564.37,20.27,23.25,9.99,239.15,1,8.23,3.4,9.9,5.33,7.53
2020-05-22 05:00:00,568.75,20.33,23.48,10.33,276.96,1,4.22,9.38,2.88,1.32,2.53
2020-05-22 05:15:00,571.86,20.0,23.75,10.83,311.04,1,13.22,24.38,0.37,6.17,14.03
2020-05-22 05:30:00,562.47,20.47,24.03,10.94,363.72,1,2.2,6.53,5.87,4.83,1.17
2020-05-22 05:45:00,493.89,20.87,23.88,11.18,297.12,1,9.2,0.52,12.87,1.22,1.67
2020-05-22 06:00:00,482.03,20.27,23.05,11.49,1402.34,1,7.18,2.18,0.33,1.25,0.15
2020-05-22 06:15:00,469.46,20.27,22.0,11.7,1402.54,1,0.33,0.0,1.83,0.37,0.13
2020-05-22 06:30:00,472.0,20.33,21.51,12.39,1277.01,1,15.33,0.48,0.32,1.25,1.13
2020-05-22 06:45:00,472.0,20.87,21.65,12.62,1145.26,1,30.33,0.15,0.15,2.32,0.12
2020-05-22 07:00:00,472.0,20.6,22.08,12.8,1072.34,1,45.33,5.13,4.8,0.88,2.12
2020-05-22 07:15:00,471.32,19.87,22.27,13.02,1019.22,1,0.3,0.13,0.13,8.37,3.27
2020-05-22 07:30:00,461.76,19.6,22.44,13.24,985.05,1,15.3,0.45,4.12,2.97,1.77
2020-05-22 07:45:00,461.76,19.87,22.56,13.52,1088.34,1,30.3,0.45,5.12,1.02,2.25
2020-05-22 08:00:00,461.76,19.73,22.8,14.06,1077.85,1,45.3,1.6,0.43,0.47,0.23
2020-05-22 08:15:00,461.76,19.27,22.98,14.21,1078.27,1,60.3,0.43,15.43,0.62,3.73
2020-05-22 08:30:00,461.76,19.07,23.12,14.35,1028.44,1,75.3,0.75,5.92,1.05,1.22
2020-05-22 08:45:00,461.76,18.27,23.18,14.08,981.93,1,90.3,0.25,20.92,0.07,0.22
2020-05-22 09:00:00,470.63,18.4,23.18,14.54,1095.21,1,12.25,0.73,35.92,2.58,1.2
2020-05-22 09:15:00,472.0,18.0,23.26,14.82,1034.33,1,27.25,1.4,0.05,1.58,0.87
2020-05-22 09:30:00,463.13,17.93,23.25,15.0,975.53,1,12.23,2.72,0.38,6.07,0.85
2020-05-22 09:45:00,461.76,18.2,23.43,14.88,911.96,1,27.23,0.87,10.38,0.35,0.85
2020-05-22 10:00:00,461.76,18.0,23.49,15.25,819.33,1,42.23,3.37,4.37,1.2,2.33
2020-05-22 10:15:00,461.76,17.2,23.54,14.91,734.17,1,57.23,2.35,0.85,0.47,1.32
2020-05-22 10:30:00,461.76,16.87,23.11,15.1,642.41,1,72.23,0.67,2.17,0.8,1.82
2020-05-22 10:45:00,472.96,17.13,23.05,15.45,556.35,1,14.17,0.5,4.17,0.97,0.8
2020-05-22 11:00:00,472.96,17.27,22.99,15.58,483.29,1,29.17,1.15,6.15,2.35,0.3
2020-05-22 11:15:00,472.96,17.47,22.87,15.6,391.63,1,44.17,2.15,0.82,0.42,0.45
2020-05-22 11:30:00,487.3,18.6,22.9,15.57,278.07,1,0.3,4.63,1.8,2.7,3.43
2020-05-22 11:45:00,544.6,18.0,23.57,16.19,228.96,1,2.3,14.63,4.3,1.17,1.93
2020-05-22 12:00:00,520.02,18.0,23.79,16.27,195.55,1,2.28,29.63,0.78,0.07,6.43
2020-05-22 12:15:00,490.75,18.0,23.93,16.43,172.61,0,4.28,44.63,1.78,0.2,5.92
2020-05-22 12:30:00,478.72,18.0,24.02,16.55,153.34,0,19.28,59.63,16.78,0.25,5.42
2020-05-22 12:45:00,471.47,18.0,24.11,16.66,140.0,0,9.27,74.63,12.27,0.23,8.4
2020-05-22 13:00:00,464.94,18.0,24.12,16.82,129.33,0,3.25,89.63,27.27,0.98,9.38
2020-05-22 13:15:00,453.23,18.0,24.12,16.86,122.0,0,4.23,104.63,42.27,0.28,5.55
2020-05-22 13:30:00,455.47,18.0,24.24,16.97,113.81,0,12.23,119.63,14.4,0.12,2.53
2020-05-22 13:45:00,456.96,18.0,24.24,16.66,105.04,0,27.23,134.63,29.4,0.13,17.53
2020-05-22 14:00:00,456.96,18.0,24.24,15.78,96.37,0,42.23,149.63,44.4,0.35,12.02
2020-05-22 14:15:00,456.96,18.0,24.24,15.77,91.04,0,57.23,164.63,59.4,1.03,5.5
2020-05-22 14:30:00,456.96,17.6,24.24,15.13,81.69,0,72.23,2.7,74.4,1.98,4.0
2020-05-22 14:45:00,456.96,17.0,24.24,14.77,75.0,0,87.23,17.7,89.4,0.88,19.0
2020-05-22 15:00:00,456.96,17.0,24.23,14.46,73.0,0,102.23,32.7,1.0,0.02,2.65
2020-05-22 15:15:00,454.23,17.07,24.14,14.16,65.0,0,3.17,2.67,16.0,2.87,17.65
2020-05-22 15:30:00,454.23,18.0,24.14,13.99,59.0,0,10.17,14.67,31.0,1.8,8.63
2020-05-22 15:45:00,453.06,18.0,24.08,13.62,55.0,0,2.15,29.67,7.32,1.97,23.63
2020-05-22 16:00:00,457.92,18.0,24.01,13.47,55.0,1,17.15,44.67,0.3,1.15,38.63
2020-05-22 16:15:00,502.91,20.53,23.92,13.07,45.67,1,0.28,0.12,15.3,0.25,13.6
2020-05-22 16:30:00,557.63,22.87,23.92,12.73,45.0,1,0.28,3.95,30.3,3.6,28.6
2020-05-22 16:45:00,478.55,19.87,23.82,12.57,43.0,1,12.28,2.1,2.27,2.22,2.08
2020-05-22 17:00:00,482.82,19.87,23.5,12.34,34.33,1,5.27,8.6,8.6,2.12,0.73
2020-05-22 17:15:00,488.34,20.0,23.44,12.02,25.0,1,3.25,23.6,23.6,5.97,15.73
2020-05-22 17:30:00,466.88,20.0,23.44,11.58,23.0,1,14.25,38.6,38.6,5.47,2.22
2020-05-22 17:45:00,466.88,20.0,23.44,11.25,15.0,0,29.25,53.6,53.6,5.97,17.22
2020-05-22 18:00:00,466.88,20.0,23.44,10.92,0.0,0,44.25,68.6,68.6,6.23,14.7
2020-05-22 18:15:00,466.88,20.0,23.44,10.54,0.0,0,59.25,83.6,83.6,0.45,29.7
2020-05-22 18:30:00,454.72,20.0,23.44,10.2,0.0,0,14.22,98.6,98.6,5.97,44.7
2020-05-22 18:45:00,463.47,20.0,23.52,9.9,0.0,0,9.2,113.6,11.53,5.25,59.7
2020-05-22 19:00:00,459.03,20.47,23.56,9.56,0.0,0,6.18,6.68,1.52,3.58,74.7
2020-05-22 19:15:00,464.0,21.0,23.66,9.24,0.0,0,21.18,21.68,16.52,2.67,89.7
2020-05-22 19:30:00,464.0,21.53,23.72,8.94,0.0,0,36.18,5.33,8.5,6.92,104.7
2020-05-22 19:45:00,464.0,22.0,23.76,8.79,0.0,0,51.18,20.33,23.5,7.78,119.7
2020-05-22 20:00:00,464.0,22.0,23.76,8.78,0.0,0,66.18,35.33,38.5,3.6,134.7
2020-05-22 20:15:00,464.0,22.93,23.76,8.58,0.0,0,81.18,13.3,53.5,2.7,149.7
2020-05-22 20:30:00,464.0,23.07,23.76,8.26,0.0,0,96.18,0.62,68.5,4.37,164.7
2020-05-22 20:45:00,464.0,24.0,23.7,8.05,0.0,0,111.18,15.62,8.78,6.1,179.7
2020-05-22 21:00:00,464.0,24.27,23.66,8.01,0.0,1,126.18,3.6,23.78,21.1,194.7
2020-05-22 21:15:00,510.12,25.0,23.66,8.01,0.0,1,5.27,12.1,38.78,36.1,209.7
2020-05-22 21:30:00,558.42,25.0,23.73,8.21,0.0,1,10.25,27.1,9.75,8.65,224.7
2020-05-22 21:45:00,561.92,25.0,23.76,8.47,0.0,1,25.25,42.1,24.75,2.98,239.7
2020-05-22 22:00:00,548.5,23.87,23.92,8.66,0.0,1,2.23,7.57,0.73,0.32,254.7
2020-05-22 22:15:00,489.17,22.47,24.1,8.84,0.0,1,9.23,3.55,15.73,15.32,269.7
2020-05-22 22:30:00,501.48,22.47,24.1,8.84,0.0,1,0.22,5.55,30.73,30.32,284.7
2020-05-22 22:45:00,482.92,22.07,24.07,8.84,0.0,0,2.22,0.53,3.7,45.32,299.7
2020-05-22 23:00:00,494.93,22.53,24.0,8.75,0.0,1,4.2,2.7,18.7,10.1,314.7
2020-05-22 23:15:00,497.66,22.4,23.97,8.61,0.0,1,8.2,0.68,4.85,13.98,329.7
2020-05-22 23:30:00,490.62,22.47,23.9,8.53,0.0,1,2.18,0.68,19.85,9.17,344.7
2020-05-22 23:45:00,495.53,22.67,23.9,8.4,0.0,0,2.17,0.67,34.85,6.08,359.7
2020-05-23 00:00:00,509.61,23.07,23.81,8.35,0.0,1,3.17,13.67,12.83,3.1,374.7
2020-05-23 00:15:00,486.04,23.0,23.8,8.15,0.0,1,7.15,28.67,27.83,12.2,389.7
2020-05-23 00:30:00,480.96,23.0,23.8,8.13,0.0,1,22.15,43.67,42.83,27.2,404.7
2020-05-23 00:45:00,480.96,23.13,23.8,8.03,0.0,1,37.15,1.63,57.83,11.93,419.7
2020-05-23 01:00:00,472.21,23.0,23.8,8.01,0.0,1,9.13,16.63,72.83,26.93,434.7
2020-05-23 01:15:00,470.66,23.2,23.8,8.12,0.0,1,2.12,0.62,87.83,2.25,449.7
2020-05-23 01:30:00,474.45,23.67,23.8,8.42,0.0,1,9.12,4.6,102.83,0.17,464.7
2020-05-23 01:45:00,470.72,23.93,23.7,8.7,0.0,1,24.12,13.6,12.77,11.47,479.7
2020-05-23 02:00:00,477.44,24.07,23.68,8.72,0.0,1,8.1,0.42,27.77,26.47,494.7
2020-05-23 02:15:00,478.68,24.0,23.68,8.72,0.0,1,3.08,14.42,42.77,41.47,509.7
2020-05-23 02:30:00,478.72,24.13,23.68,8.72,0.0,1,2.23,11.4,57.77,56.47,524.7
2020-05-23 02:45:00,469.76,24.0,23.68,8.85,0.0,1,17.23,26.4,72.77,1.4,539.7
2020-05-23 03:00:00,469.76,24.0,23.68,9.27,0.0,1,32.23,41.4,87.77,3.2,554.7
2020-05-23 03:15:00,469.76,24.0,23.68,9.74,0.0,1,47.23,56.4,102.77,2.1,569.7
2020-05-23 03:30:00,476.86,24.07,23.59,10.02,0.0,1,0.2,13.37,13.03,3.33,584.7
2020-05-23 03:45:00,466.88,24.07,23.48,10.19,0.0,0,15.2,2.35,12.02,8.82,599.7
2020-05-23 04:00:00,466.88,24.07,23.46,10.3,0.0,0,30.2,3.35,27.02,6.73,614.7
2020-05-23 04:15:00,466.88,24.0,23.46,10.36,0.0,1,45.2,18.35,42.02,21.73,629.7
2020-05-23 04:30:00,466.88,24.0,23.45,10.34,0.0,1,60.2,33.35,0.98,1.6,644.7
2020-05-23 04:45:00,466.88,24.0,23.3,10.24,0.0,1,75.2,48.35,5.82,16.6,659.7
2020-05-23 05:00:00,466.88,24.0,23.24,10.3,0.0,1,90.2,63.35,20.82,7.02,674.7
2020-05-23 05:15:00,470.83,24.07,23.24,10.42,0.0,1,4.13,5.13,35.82,6.62,689.7
2020-05-23 05:30:00,468.46,23.4,23.22,10.49,0.0,1,12.13,2.62,2.78,11.23,704.7
2020-05-23 05:45:00,471.96,23.13,23.14,10.51,0.0,1,6.12,6.62,17.78,6.33,719.7
2020-05-23 06:00:00,473.17,23.07,23.14,10.48,0.0,1,4.12,13.62,32.78,21.33,734.7
2020-05-23 06:15:00,468.35,23.07,23.14,10.44,19.2,1,5.1,9.6,47.78,6.63,3.23
2020-05-23 06:30:00,470.83,23.0,22.96,10.41,68.0,1,5.1,24.6,4.25,3.87,5.23
2020-05-23 06:45:00,464.3,23.0,22.7,10.36,62.0,1,3.08,39.6,4.25,18.87,20.23
2020-05-23 07:00:00,476.74,23.0,22.89,10.31,62.0,1,2.08,54.6,3.9,7.85,35.23
2020-05-23 07:15:00,486.51,23.0,23.0,10.45,64.67,1,8.07,69.6,18.9,10.85,3.87
2020-05-23 07:30:00,480.49,23.07,23.09,10.5,72.0,0,10.05,2.55,12.72,9.77,18.87
2020-05-23 07:45:00,477.76,23.2,23.1,10.54,72.0,0,25.05,4.53,27.72,2.82,33.87
2020-05-23 08:00:00,470.7,23.13,23.1,10.62,72.67,0,2.2,2.53,42.72,2.38,0.83
2020-05-23 08:15:00,478.72,23.13,23.1,10.75,77.2,0,17.2,0.52,57.72,0.7,1.82
2020-05-23 08:30:00,478.72,23.0,23.1,10.7,70.53,0,32.2,14.52,72.72,8.32,12.32
2020-05-23 08:45:00,478.72,23.0,23.06,10.73,65.33,1,47.2,29.52,8.67,2.77,9.98
2020-05-23 09:00:00,479.53,23.0,23.2,10.66,62.0,1,0.17,44.52,14.67,7.85,24.98
2020-05-23 09:15:00,498.9,23.13,23.32,10.81,71.33,1,7.15,1.48,14.48,2.22,13.95
2020-05-23 09:30:00,513.39,23.13,23.33,10.68,72.0,1,0.13,5.47,0.47,0.53,28.95
2020-05-23 09:45:00,497.81,23.4,23.33,10.76,68.67,1,9.13,2.63,10.47,2.57,4.93
2020-05-23 10:00:00,522.75,23.67,23.3,10.66,52.4,1,3.12,0.78,25.47,0.78,5.92
2020-05-23 10:15:00,503.1,23.27,23.31,10.47,51.67,1,3.12,2.78,0.43,0.78,10.92
2020-05-23 10:30:00,523.18,23.93,23.4,10.38,49.0,1,0.1,1.27,15.43,2.78,25.92
2020-05-23 10:45:00,648.47,24.6,23.4,10.33,49.0,1,0.6,4.27,30.43,0.52,40.92
2020-05-23 11:00:00,562.33,24.6,23.22,10.18,49.0,1,0.58,4.25,10.25,8.58,55.92
2020-05-23 11:15:00,488.96,24.07,23.18,10.24,49.0,1,11.58,13.25,25.25,8.17,70.92
2020-05-23 11:30:00,477.78,24.0,23.18,10.24,49.0,0,10.57,28.25,40.25,0.07,85.92
2020-05-23 11:45:00,476.46,24.67,23.05,9.83,43.67,0,1.55,0.22,5.72,3.22,7.02
2020-05-23 12:00:00,499.8,26.07,22.91,9.15,39.0,1,0.55,2.53,4.7,1.35,22.02
2020-05-23 12:15:00,549.1,28.2,23.07,8.55,39.0,1,0.53,0.87,3.7,4.08,37.02
2020-05-23 12:30:00,512.13,26.6,23.3,8.22,39.0,1,4.53,0.02,14.53,4.72,52.02
2020-05-23 12:45:00,494.31,26.73,23.3,7.83,33.67,0,6.52,0.02,29.53,3.32,7.15
2020-05-23 13:00:00,488.0,27.13,23.3,7.7,31.67,0,21.52,0.0,44.53,3.22,3.63
2020-05-23 13:15:00,481.17,26.4,23.3,7.75,33.67,0,9.67,0.83,59.53,13.17,7.13
2020-05-23 13:30:00,477.76,27.67,23.18,7.81,29.0,0,24.67,0.98,14.48,5.68,22.13
2020-05-23 13:45:00,474.13,27.67,23.18,7.77,27.0,0,4.65,1.98,29.48,13.23,2.1
2020-05-23 14:00:00,466.88,28.47,23.12,7.76,19.0,0,19.65,0.47,7.47,28.23,17.1
2020-05-23 14:15:00,466.88,28.33,23.04,7.7,19.0,0,34.65,0.28,4.95,4.43,32.1
2020-05-23 14:30:00,489.56,29.2,23.17,7.76,19.0,1,4.62,0.28,4.45,19.43,47.1
2020-05-23 14:45:00,526.4,29.47,23.31,7.88,19.0,1,2.6,0.27,4.43,1.92,62.1
2020-05-23 15:00:00,516.46,29.93,23.2,7.96,19.0,1,1.6,0.08,5.43,4.82,77.1
2020-05-23 15:15:00,481.37,30.93,22.89,8.1,19.0,0,2.58,1.08,7.92,3.38,92.1
2020-05-23 15:30:00,466.88,29.8,22.91,8.01,19.0,0,17.58,2.73,2.9,18.38,107.1
2020-05-23 15:45:00,457.45,28.93,23.04,7.99,12.67,0,12.57,0.07,2.9,0.02,4.7
2020-05-23 16:00:00,464.7,28.8,23.12,8.07,6.67,0,11.57,2.05,17.9,4.25,1.68
2020-05-23 16:15:00,466.88,29.33,23.12,8.01,0.0,0,26.57,0.55,32.9,19.25,16.68
2020-05-23 16:30:00,540.07,33.07,23.12,8.01,4.0,1,1.53,0.03,47.9,34.25,5.83
2020-05-23 16:45:00,617.11,37.13,23.17,7.91,0.0,1,2.53,0.02,4.7,0.17,20.83
2020-05-23 17:00:00,586.56,34.8,23.1,7.62,0.0,1,1.52,1.18,2.68,4.73,35.83
2020-05-23 17:15:00,517.18,34.0,22.46,7.41,0.0,1,2.5,0.5,0.67,5.22,50.83
2020-05-23 17:30:00,493.03,33.53,22.07,7.49,0.0,1,2.5,0.5,0.17,0.0,65.83
2020-05-23 17:45:00,496.96,31.73,21.77,7.41,0.0,1,17.5,0.32,1.15,1.52,80.83
2020-05-23 18:00:00,487.91,31.53,22.03,7.58,0.0,1,1.65,0.3,6.65,6.25,95.83
2020-05-23 18:15:00,473.92,30.73,22.2,7.72,0.0,0,16.65,1.3,14.47,9.23,110.83
2020-05-23 18:30:00,467.95,31.47,22.2,7.79,0.0,0,7.63,0.97,29.47,0.1,125.83
2020-05-23 18:45:00,464.77,33.27,22.2,7.81,0.0,0,2.62,0.78,44.47,5.92,140.83
2020-05-23 19:00:00,471.47,33.87,22.22,7.89,0.0,0,1.62,0.43,1.45,20.92,155.83
2020-05-23 19:15:00,461.76,34.0,22.32,7.81,0.0,0,16.62,2.93,16.45,8.25,170.83
2020-05-23 19:30:00,464.0,33.2,22.39,7.76,0.0,0,2.6,0.25,9.1,23.25,185.83
2020-05-23 19:45:00,471.59,33.0,22.42,7.76,0.0,0,1.58,14.42,24.1,38.25,200.83
2020-05-23 20:00:00,469.55,33.0,22.47,7.8,0.0,0,2.57,29.42,6.23,4.97,215.83
2020-05-23 20:15:00,471.17,32.87,22.52,7.92,0.0,0,5.57,7.23,21.23,3.08,230.83
2020-05-23 20:30:00,467.84,33.27,22.52,8.08,0.0,0,20.57,3.22,36.23,0.45,245.83
2020-05-23 20:45:00,467.84,34.07,22.52,7.89,0.0,0,35.57,9.55,51.23,15.45,260.83
2020-05-23 21:00:00,467.84,34.87,22.52,7.94,0.0,0,50.57,8.53,66.23,5.45,275.83
2020-05-23 21:15:00,467.84,34.93,22.52,8.01,0.0,0,65.57,13.53,81.23,20.45,290.83
2020-05-23 21:30:00,467.84,35.0,22.52,8.1,0.0,1,80.57,28.53,96.23,10.25,305.83
2020-05-23 21:45:00,467.84,35.0,22.55,8.13,0.0,1,95.57,43.53,4.83,25.25,320.83
2020-05-23 22:00:00,474.41,35.0,22.71,8.13,0.0,1,6.48,58.53,10.82,40.25,335.83
2020-05-23 22:15:00,481.92,35.0,22.74,8.13,0.0,1,21.48,73.53,25.82,55.25,350.83
2020-05-23 22:30:00,468.8,35.2,22.74,8.11,0.0,1,14.48,2.47,40.82,1.07,365.83
2020-05-23 22:45:00,468.8,35.73,22.74,7.97,0.0,1,29.48,0.45,55.82,4.0,380.83
2020-05-23 23:00:00,468.8,35.4,22.74,7.96,0.0,0,44.48,0.45,70.82,8.93,395.83
2020-05-23 23:15:00,468.8,35.93,22.69,8.01,0.0,0,59.48,7.45,6.93,23.93,410.83
2020-05-23 23:30:00,468.8,36.0,22.64,8.13,0.0,1,74.48,22.45,21.93,2.07,425.83
2020-05-23 23:45:00,468.8,36.0,22.64,8.26,0.0,1,89.48,37.45,36.93,17.07,440.83
2020-05-24 00:00:00,468.8,36.0,22.64,8.26,0.0,1,104.48,52.45,51.93,32.07,455.83
2020-05-24 00:15:00,465.17,36.0,22.64,8.17,0.0,1,6.57,67.45,66.93,9.8,470.83
2020-05-24 00:30:00,468.8,36.07,22.64,8.08,0.0,0,21.57,10.4,81.93,5.33,485.83
2020-05-24 00:45:00,468.8,36.0,22.66,8.01,0.0,0,36.57,25.4,2.88,20.33,500.83
2020-05-24 01:00:00,468.8,36.0,22.74,8.01,0.0,1,51.57,40.4,17.88,35.33,515.83
2020-05-24 01:15:00,468.8,36.0,22.74,8.01,0.0,1,66.57,55.4,32.88,50.33,530.83
2020-05-24 01:30:00,468.8,36.0,22.74,7.91,0.0,1,81.57,70.4,47.88,11.82,545.83
2020-05-24 01:45:00,468.8,36.0,22.74,7.89,0.0,1,96.57,85.4,62.88,26.82,560.83
2020-05-24 02:00:00,468.8,36.0,22.74,7.89,0.0,0,111.57,100.4,77.88,41.82,575.83
2020-05-24 02:15:00,469.55,36.0,22.74,7.91,0.0,0,0.48,115.4,92.88,2.2,590.83
2020-05-24 02:30:00,473.17,36.0,22.74,8.03,0.0,1,9.48,130.4,107.88,2.38,605.83
2020-05-24 02:45:00,469.76,36.0,22.74,8.25,0.0,1,24.48,145.4,122.88,2.78,620.83
2020-05-24 03:00:00,469.76,36.0,22.74,8.52,0.0,1,39.48,160.4,137.88,0.3,635.83
2020-05-24 03:15:00,511.89,36.73,22.38,8.84,0.0,1,1.45,3.45,0.12,4.23,650.83
2020-05-24 03:30:00,481.96,36.0,22.52,9.2,0.67,1,6.45,18.45,11.12,5.38,0.23
2020-05-24 03:45:00,468.31,36.0,22.63,9.56,10.0,1,1.43,33.45,10.93,7.77,15.23
2020-05-24 04:00:00,468.5,36.0,22.66,9.64,4.73,1,10.43,48.45,25.93,22.77,0.38
2020-05-24 04:15:00,472.0,36.0,22.66,9.82,13.6,1,25.43,63.45,40.93,0.2,2.38
2020-05-24 04:30:00,472.0,35.6,22.66,10.12,76.54,1,40.43,5.9,55.93,1.27,1.87
2020-05-24 04:45:00,472.0,35.0,22.77,10.67,135.81,1,55.43,20.9,1.4,2.87,0.37
2020-05-24 05:00:00,466.62,35.0,22.87,11.0,98.82,1,5.55,35.9,0.05,0.65,1.85
2020-05-24 05:15:00,470.72,35.0,23.04,11.5,73.09,1,20.55,50.9,8.05,2.43,1.35
2020-05-24 05:30:00,468.54,35.0,23.09,11.71,61.94,1,2.53,65.9,0.03,1.53,0.83
2020-05-24 05:45:00,459.84,35.0,23.2,11.84,89.34,1,17.53,80.9,2.02,4.83,0.48
2020-05-24 06:00:00,465.64,35.0,23.35,11.82,107.74,1,7.52,95.9,8.35,1.07,0.48
2020-05-24 06:15:00,462.02,35.0,23.47,11.97,131.67,1,11.52,110.9,1.83,0.52,0.97
2020-05-24 06:30:00,459.84,34.27,23.6,12.26,91.14,0,26.52,6.0,16.83,0.33,0.47
2020-05-24 06:45:00,459.84,34.0,23.69,12.53,81.21,0,41.52,21.0,13.82,1.05,4.45
2020-05-24 07:00:00,465.15,34.0,23.82,12.37,30.73,0,4.48,36.0,14.32,4.18,1.43
2020-05-24 07:15:00,458.88,33.8,23.82,12.7,109.98,0,19.48,0.97,29.32,3.05,0.93
2020-05-24 07:30:00,467.63,33.4,23.86,12.96,35.73,0,9.47,3.97,5.28,0.87,3.08
2020-05-24 07:45:00,472.0,33.0,23.92,12.98,70.33,0,24.47,18.97,20.28,0.27,0.07
2020-05-24 08:00:00,472.0,32.33,23.94,13.53,182.54,0,39.47,0.1,2.6,0.53,6.07
2020-05-24 08:15:00,467.22,31.53,24.07,13.95,158.69,0,6.43,2.93,6.6,2.17,0.05
2020-05-24 08:30:00,465.86,30.93,24.15,14.34,146.43,0,5.42,0.92,3.08,2.82,2.55
2020-05-24 08:45:00,464.62,30.53,24.25,14.61,125.17,0,1.42,2.9,0.07,0.12,0.03
2020-05-24 09:00:00,464.09,30.0,24.34,14.67,50.6,0,12.4,2.4,15.07,0.23,4.53
2020-05-24 09:15:00,466.45,29.87,24.34,14.44,25.33,0,0.55,0.38,30.07,4.23,6.02
2020-05-24 09:30:00,462.72,29.87,24.34,14.26,20.8,0,15.55,0.38,45.07,0.53,0.17
2020-05-24 09:45:00,462.72,29.8,24.34,14.37,29.33,0,30.55,1.37,60.07,0.2,3.17
2020-05-24 10:00:00,469.55,30.07,24.34,14.42,37.0,1,9.53,0.85,75.07,1.98,0.65
2020-05-24 10:15:00,488.66,32.87,24.37,14.56,42.73,1,7.52,0.68,3.52,0.78,1.15
2020-05-24 10:30:00,515.03,32.33,24.44,15.1,35.07,1,2.5,3.17,18.52,0.02,2.63
2020-05-24 10:45:00,513.56,31.8,24.44,14.87,26.0,1,0.5,1.67,33.52,0.5,17.63
2020-05-24 11:00:00,495.1,30.73,24.44,14.66,29.6,1,7.5,1.98,48.52,0.37,8.12
2020-05-24 11:15:00,475.01,30.67,24.44,15.11,32.33,0,0.48,0.97,63.52,0.22,4.6
2020-05-24 11:30:00,463.77,30.33,24.44,15.78,28.07,0,2.47,2.13,78.52,1.37,3.77
2020-05-24 11:45:00,457.92,30.87,24.37,15.98,22.73,0,17.47,10.13,9.62,0.02,0.25
2020-05-24 12:00:00,457.92,31.0,24.18,15.73,13.27,0,32.47,25.13,8.62,0.72,1.25
2020-05-24 12:15:00,457.92,30.67,24.2,15.53,14.0,0,47.47,3.1,23.62,0.43,9.73
2020-05-24 12:30:00,457.92,30.0,24.3,15.85,20.0,0,62.47,18.1,1.6,0.37,24.73
2020-05-24 12:45:00,460.29,29.8,24.22,15.52,20.0,0,2.42,1.42,16.6,0.17,39.73
2020-05-24 13:00:00,469.76,29.2,24.12,15.18,20.0,0,17.42,3.42,12.58,0.0,54.73
2020-05-24 13:15:00,469.76,29.07,24.05,15.54,20.0,0,32.42,12.4,6.57,0.02,69.73
2020-05-24 13:30:00,469.76,29.07,24.0,15.61,20.0,0,47.42,10.4,21.57,0.07,84.73
2020-05-24 13:45:00,469.76,29.0,23.92,15.39,20.0,0,62.42,25.4,11.05,0.48,99.73
2020-05-24 14:00:00,469.76,29.0,23.9,15.29,16.67,0,77.42,40.4,26.05,0.27,4.33
2020-05-24 14:15:00,469.76,29.0,23.9,15.26,7.33,0,92.42,55.4,41.05,0.28,2.32
2020-05-24 14:30:00,469.76,29.0,23.9,15.41,0.0,0,107.42,70.4,56.05,0.4,17.32
2020-05-24 14:45:00,469.76,29.0,23.9,14.89,2.0,0,122.42,85.4,71.05,0.42,0.3
2020-05-24 15:00:00,463.23,29.0,23.9,14.7,2.67,0,0.5,100.4,86.05,1.3,9.8
2020-05-24 15:15:00,469.76,29.8,23.6,14.32,46.87,1,15.5,3.65,0.15,0.22,4.45
2020-05-24 15:30:00,469.03,33.47,22.28,14.11,61.47,1,0.48,1.97,1.13,1.15,0.93
2020-05-24 15:45:00,463.23,34.47,21.68,13.88,52.13,1,5.47,0.47,4.13,3.47,9.93
2020-05-24 16:00:00,470.63,35.6,21.3,13.48,49.0,1,0.47,2.45,9.12,1.77,24.93
2020-05-24 16:15:00,472.85,35.73,21.2,13.46,41.67,1,9.45,1.62,0.62,2.32,4.92
2020-05-24 16:30:00,486.31,35.27,21.85,13.15,27.0,1,0.45,0.93,2.1,1.72,19.92
2020-05-24 16:45:00,551.66,35.07,22.33,12.78,27.0,1,0.43,0.6,3.27,3.32,34.92
2020-05-24 17:00:00,539.56,34.33,22.63,12.21,25.0,1,1.42,0.58,0.08,2.98,2.88
2020-05-24 17:15:00,540.8,34.53,22.87,11.87,17.0,1,16.42,0.92,2.25,3.55,17.88
2020-05-24 17:30:00,537.37,34.6,23.17,11.46,17.0,1,0.4,0.07,0.07,2.38,32.88
2020-05-24 17:45:00,545.17,34.47,23.48,11.26,5.67,1,9.4,1.57,1.72,2.17,7.03
2020-05-24 18:00:00,553.6,35.2,23.76,11.13,0.0,1,5.38,0.05,3.88,0.62,22.03
2020-05-24 18:15:00,562.52,34.87,23.86,11.06,0.0,1,0.37,0.87,18.88,4.07,37.03
2020-05-24 18:30:00,543.1,34.4,23.76,10.98,0.0,1,2.37,1.87,14.87,10.07,52.03
2020-05-24 18:45:00,531.84,35.0,23.76,10.79,0.0,0,17.37,1.85,29.87,6.8,67.03
2020-05-24 19:00:00,535.47,34.8,23.76,10.58,0.0,1,0.5,0.83,44.87,1.03,82.03
2020-05-24 19:15:00,531.84,34.93,23.76,10.36,0.0,1,15.5,1.83,59.87,16.03,97.03
2020-05-24 19:30:00,514.45,35.07,23.34,10.28,0.0,1,1.48,0.15,1.32,0.32,112.03
2020-05-24 19:45:00,495.42,34.13,22.83,10.06,0.0,1,4.48,3.65,0.3,6.05,127.03
2020-05-24 20:00:00,482.24,33.0,23.26,9.89,0.0,1,4.47,18.65,7.47,1.75,142.03
2020-05-24 20:15:00,484.8,33.0,23.32,9.57,0.0,1,19.47,13.13,22.47,0.95,157.03
2020-05-24 20:30:00,475.33,33.87,23.32,9.33,0.0,1,11.45,12.12,37.47,3.63,172.03
2020-05-24 20:45:00,472.96,34.0,23.32,9.17,0.0,1,26.45,27.12,52.47,0.23,187.03
2020-05-24 21:00:00,472.96,34.0,23.37,9.03,0.0,1,41.45,42.12,6.6,1.7,202.03
2020-05-24 21:15:00,472.96,34.0,23.42,8.9,0.0,1,56.45,57.12,21.6,6.15,217.03
2020-05-24 21:30:00,507.18,36.07,23.33,8.77,0.0,1,4.42,8.58,4.58,8.93,232.03
2020-05-24 21:45:00,536.0,37.0,23.22,8.64,0.0,1,11.42,23.58,19.58,9.45,247.03
2020-05-24 22:00:00,542.72,37.0,23.22,8.5,0.0,0,11.4,38.58,34.58,14.28,262.03
2020-05-24 22:15:00,552.21,37.0,23.1,8.37,0.0,0,9.4,53.58,14.55,3.35,277.03
2020-05-24 22:30:00,555.84,37.0,23.1,8.16,0.0,0,24.4,68.58,29.55,11.75,292.03
2020-05-24 22:45:00,552.64,37.27,23.1,7.95,0.0,0,0.37,2.87,44.55,2.97,307.03
2020-05-24 23:00:00,606.06,37.67,23.12,7.59,0.0,0,1.37,4.87,2.35,7.08,322.03
2020-05-24 23:15:00,591.38,37.0,23.24,7.43,0.0,0,6.35,19.87,3.02,9.3,337.03
2020-05-24 23:30:00,653.85,37.8,23.34,7.42,0.0,1,6.18,0.83,18.02,2.53,352.03
2020-05-24 23:45:00,602.67,37.07,23.34,7.28,0.0,1,0.67,12.83,33.02,4.15,367.03
2020-05-25 00:00:00,560.0,37.0,23.34,7.08,0.0,1,15.67,27.83,48.02,2.87,382.03
2020-05-25 00:15:00,565.7,37.0,23.34,6.92,0.0,1,0.65,42.83,63.02,5.05,397.03
2020-05-25 00:30:00,562.88,36.93,23.34,6.65,0.0,1,15.65,5.3,78.02,13.7,412.03
2020-05-25 00:45:00,554.9,36.47,23.34,6.4,0.0,1,10.63,5.28,93.02,13.08,427.03
2020-05-25 01:00:00,576.17,36.73,23.34,6.36,0.0,0,0.62,10.28,108.02,2.43,442.03
2020-05-25 01:15:00,592.77,37.0,23.34,6.26,0.0,1,11.62,25.28,123.02,17.43,457.03
2020-05-25 01:30:00,579.14,36.8,23.39,6.37,0.0,1,0.6,5.43,6.1,12.02,472.03
2020-05-25 01:45:00,621.76,37.33,23.44,6.42,0.0,1,1.92,1.58,21.1,3.83,487.03
2020-05-25 02:00:00,700.76,37.4,23.44,6.36,0.0,1,3.92,0.58,36.1,0.47,502.03
2020-05-25 02:15:00,667.71,37.0,23.53,6.48,0.0,1,8.92,15.58,12.07,9.6,517.03
2020-05-25 02:30:00,605.08,36.07,23.54,6.56,0.0,1,4.9,13.07,27.07,4.55,532.03
2020-05-25 02:45:00,579.88,36.0,23.54,6.64,0.0,1,4.22,28.07,42.07,19.55,547.03
2020-05-25 03:00:00,579.58,36.0,23.54,6.7,0.0,1,11.22,43.07,57.07,5.63,562.03
2020-05-25 03:15:00,588.54,36.0,23.54,6.73,0.73,0,9.2,58.07,72.07,0.97,13.0
2020-05-25 03:30:00,590.27,36.0,23.54,6.94,0.0,1,8.2,73.07,87.07,0.0,28.0
2020-05-25 03:45:00,570.69,36.0,23.54,7.18,15.2,1,5.18,88.07,102.07,3.2,7.98
2020-05-25 04:00:00,554.88,36.0,23.54,7.36,21.0,1,20.18,103.07,117.07,0.28,22.98
2020-05-25 04:15:00,554.88,36.0,23.54,7.31,21.0,1,35.18,118.07,132.07,1.97,37.98
2020-05-25 04:30:00,550.83,36.0,23.54,7.67,50.4,1,0.15,133.07,147.07,0.02,0.45
2020-05-25 04:45:00,563.58,36.0,23.67,7.64,41.0,1,11.15,148.07,0.47,0.68,1.45
2020-05-25 05:00:00,567.62,37.0,23.84,8.2,135.16,1,5.13,0.28,1.45,4.25,1.6
2020-05-25 05:15:00,623.51,50.73,24.2,8.93,287.21,1,0.12,0.12,0.28,0.95,0.08
2020-05-25 05:30:00,523.69,36.2,24.2,8.88,823.17,1,1.1,11.62,0.77,4.7,0.08
2020-05-25 05:45:00,482.88,36.27,23.46,8.87,879.33,1,16.1,3.6,0.25,0.58,0.07
2020-05-25 06:00:00,476.65,37.53,22.85,10.13,1068.07,1,3.92,7.08,1.25,4.75,0.05
2020-05-25 06:15:00,483.84,38.0,23.28,11.02,956.42,1,18.92,22.08,2.73,1.2,3.55
2020-05-25 06:30:00,480.94,37.27,23.9,11.63,923.05,0,3.9,10.07,2.07,1.93,4.03
2020-05-25 06:45:00,472.96,36.8,24.37,11.67,898.69,0,18.9,2.07,1.72,2.92,5.7
2020-05-25 07:00:00,463.23,36.0,24.79,12.39,852.01,0,11.9,17.07,0.22,0.5,2.18
2020-05-25 07:15:00,460.8,35.6,25.17,12.56,792.45,0,26.9,5.05,1.7,4.33,1.68
2020-05-25 07:30:00,457.39,35.0,25.51,12.92,731.14,0,3.87,20.05,2.2,4.63,0.17
2020-05-25 07:45:00,448.0,34.0,25.79,13.23,742.53,0,18.87,14.37,6.02,2.13,1.67
2020-05-25 08:00:00,448.0,32.87,26.07,13.68,706.26,0,33.87,0.35,3.02,4.75,1.15
2020-05-25 08:15:00,448.0,31.0,26.29,14.19,667.01,0,48.87,15.35,2.17,1.05,1.13
2020-05-25 08:30:00,442.54,30.13,26.5,14.53,581.1,0,7.83,12.33,1.48,1.02,3.13
2020-05-25 08:45:00,437.76,29.8,26.66,14.59,579.83,0,22.83,2.32,4.82,1.97,0.78
2020-05-25 09:00:00,443.22,29.0,26.81,15.07,583.53,0,7.82,17.32,10.82,1.22,0.28
2020-05-25 09:15:00,448.0,28.53,26.93,15.02,554.97,0,22.82,4.3,12.97,4.92,0.27
2020-05-25 09:30:00,443.22,28.0,27.01,15.85,447.19,0,1.8,19.3,10.97,2.08,0.25
2020-05-25 09:45:00,448.0,28.0,27.04,15.75,251.87,0,16.8,34.3,25.97,1.67,0.25
2020-05-25 10:00:00,438.81,28.0,27.04,15.57,181.23,0,2.95,49.3,40.97,0.32,1.73
2020-05-25 10:15:00,441.88,28.0,27.04,15.77,210.6,0,3.93,64.3,55.97,0.8,0.23
2020-05-25 10:30:00,448.96,28.0,27.04,15.59,130.87,0,18.93,79.3,70.97,3.58,1.72
2020-05-25 10:45:00,456.06,28.0,26.96,15.46,77.28,0,8.92,94.3,11.42,3.25,0.37
2020-05-25 11:00:00,460.8,28.0,26.86,15.99,287.12,0,23.92,109.3,11.73,2.15,0.87
2020-05-25 11:15:00,473.05,28.0,26.81,16.15,59.2,0,13.9,124.3,3.72,2.58,8.37
2020-05-25 11:30:00,463.47,28.0,26.71,15.87,96.49,0,13.9,139.3,3.72,1.1,2.35
2020-05-25 11:45:00,462.72,28.67,26.64,15.72,133.77,0,28.9,8.38,18.72,0.48,0.83
2020-05-25 12:00:00,462.72,29.0,26.54,16.24,157.14,0,43.9,23.38,11.7,0.48,0.33
2020-05-25 12:15:00,462.72,29.0,26.49,16.99,180.54,0,58.9,38.38,4.68,0.28,1.32
2020-05-25 12:30:00,462.72,29.0,26.42,16.34,111.62,0,73.9,53.38,19.68,2.42,4.32
2020-05-25 12:45:00,462.72,29.0,26.36,16.22,95.71,0,88.9,68.38,8.67,5.63,2.97
2020-05-25 13:00:00,462.72,29.0,26.29,16.13,84.3,0,103.9,83.38,4.67,0.12,0.45
2020-05-25 13:15:00,462.72,29.27,26.22,17.22,134.21,0,118.9,3.32,19.67,0.05,1.45
2020-05-25 13:30:00,462.72,30.0,26.14,17.88,123.29,0,133.9,18.32,9.65,0.08,1.43
2020-05-25 13:45:00,452.46,29.87,26.07,17.18,106.69,0,12.82,4.3,3.13,0.02,2.93
2020-05-25 14:00:00,460.31,30.0,25.99,16.28,60.07,0,12.8,19.3,0.28,0.12,0.92
2020-05-25 14:15:00,458.35,30.0,25.9,17.54,102.37,0,3.78,34.3,15.28,0.48,4.42
2020-05-25 14:30:00,452.97,30.0,25.89,18.43,93.71,0,3.78,49.3,3.77,1.35,10.9
2020-05-25 14:45:00,464.0,30.8,25.51,17.1,84.95,1,18.78,0.27,3.43,1.42,4.55
2020-05-25 15:00:00,501.61,32.87,25.25,16.47,66.67,1,4.93,11.77,3.25,0.73,7.05
2020-05-25 15:15:00,538.62,33.0,25.38,16.12,50.27,1,11.92,26.77,18.25,0.17,3.03
2020-05-25 15:30:00,544.04,33.0,25.38,15.79,52.0,1,3.92,41.77,33.25,0.88,18.03
2020-05-25 15:45:00,566.91,33.0,25.38,15.79,44.0,1,1.07,56.77,48.25,0.15,11.02
2020-05-25 16:00:00,519.85,33.0,25.38,15.76,42.0,1,0.05,71.77,63.25,0.77,26.02
2020-05-25 16:15:00,491.73,32.87,25.38,15.78,42.0,0,6.05,0.72,78.25,0.98,41.02
2020-05-25 16:30:00,481.02,31.13,25.27,15.8,33.33,0,5.03,12.2,13.7,7.15,12.0
2020-05-25 16:45:00,469.55,31.0,25.21,15.51,32.0,0,4.03,7.53,6.18,1.43,27.0
2020-05-25 17:00:00,468.27,32.73,25.16,15.4,28.0,0,6.02,12.02,21.18,6.23,5.65
2020-05-25 17:15:00,462.72,33.0,25.09,15.34,22.0,0,21.02,27.02,10.17,21.23,20.65
2020-05-25 17:30:00,462.72,33.0,25.06,15.22,22.0,0,36.02,42.02,25.17,3.07,35.65
2020-05-25 17:45:00,455.85,32.47,25.05,14.93,11.87,0,6.17,7.33,0.65,0.58,0.12
2020-05-25 18:00:00,448.0,33.0,24.96,14.69,0.0,0,21.17,22.33,15.65,7.18,15.12
2020-05-25 18:15:00,448.0,33.0,24.92,14.74,0.0,0,36.17,37.33,4.63,0.18,30.12
2020-05-25 18:30:00,453.53,33.0,24.84,14.62,0.0,0,6.13,52.33,19.63,1.97,45.12
2020-05-25 18:45:00,449.45,32.47,24.81,14.32,0.0,0,1.12,3.28,4.62,2.63,60.12
2020-05-25 19:00:00,458.88,33.0,24.74,14.03,0.0,0,16.12,18.28,19.62,5.98,75.12
2020-05-25 19:15:00,458.88,33.8,24.69,13.69,0.0,0,31.12,1.27,6.77,2.87,90.12
2020-05-25 19:30:00,462.38,33.07,24.8,13.33,0.0,1,3.1,0.25,8.77,4.75,105.12
2020-05-25 19:45:00,566.19,34.53,24.84,13.03,0.0,1,1.75,3.75,23.77,1.42,120.12
2020-05-25 20:00:00,669.12,34.93,24.87,12.77,0.0,1,6.08,12.75,4.73,4.22,135.12
2020-05-25 20:15:00,704.17,34.93,24.93,12.51,0.0,1,1.07,0.72,1.22,6.43,150.12
2020-05-25 20:30:00,643.09,35.0,24.81,12.48,0.0,1,6.05,15.72,3.38,3.02,165.12
2020-05-25 20:45:00,597.01,34.87,24.69,12.31,0.0,1,1.03,1.7,7.37,0.88,180.12
2020-05-25 21:00:00,536.81,34.33,24.55,12.18,0.0,0,3.03,8.7,10.37,11.73,195.12
2020-05-25 21:15:00,509.33,34.0,24.46,12.09,0.0,0,6.02,23.7,8.35,8.08,210.12
2020-05-25 21:30:00,490.86,34.0,24.33,11.87,0.0,0,5.02,38.7,13.35,1.67,225.12
2020-05-25 21:45:00,483.84,34.67,24.08,11.57,0.0,1,14.02,9.83,6.17,6.67,240.12
2020-05-25 22:00:00,484.57,35.0,23.93,11.32,0.0,1,0.0,24.83,9.15,14.92,255.12
2020-05-25 22:15:00,531.18,35.07,23.99,11.06,0.0,1,0.98,1.82,13.15,4.25,270.12
2020-05-25 22:30:00,585.64,35.0,24.07,10.9,0.0,1,4.32,16.82,9.13,7.68,285.12
2020-05-25 22:45:00,602.07,35.0,24.1,10.75,0.0,1,9.3,31.82,24.13,10.03,300.12
2020-05-25 23:00:00,594.88,35.0,24.1,10.7,0.0,1,24.3,46.82,39.13,4.28,315.12
2020-05-25 23:15:00,619.9,35.0,24.1,10.65,0.0,1,1.78,61.82,54.13,5.73,330.12
2020-05-25 23:30:00,653.48,34.67,24.1,10.52,0.0,1,7.78,4.77,69.13,9.02,345.12
2020-05-25 23:45:00,589.93,34.0,24.15,10.38,0.0,1,0.6,19.77,6.43,11.28,360.12
2020-05-26 00:00:00,566.72,34.0,24.2,10.24,0.0,0,15.6,34.77,21.43,1.63,375.12
2020-05-26 00:15:00,553.86,33.33,24.35,10.1,0.0,1,0.58,9.92,1.4,2.53,390.12
2020-05-26 00:30:00,489.94,33.0,24.54,9.51,0.0,1,7.57,24.92,16.4,2.4,405.12
2020-05-26 00:45:00,481.17,33.0,24.43,8.52,0.0,1,0.55,39.92,2.38,6.32,420.12
2020-05-26 01:00:00,470.72,33.0,24.33,8.43,0.0,1,15.55,54.92,0.37,4.85,435.12
2020-05-26 01:15:00,479.59,33.0,24.23,8.42,0.0,1,12.55,69.92,0.37,9.5,450.12
2020-05-26 01:30:00,480.96,33.0,24.14,8.35,0.0,1,27.55,84.92,15.37,4.18,465.12
2020-05-26 01:45:00,480.96,33.0,24.08,8.38,0.0,1,42.55,99.92,6.35,19.18,480.12
2020-05-26 02:00:00,480.96,33.0,23.96,8.5,0.0,1,57.55,114.92,8.17,0.85,495.12
2020-05-26 02:15:00,471.25,33.0,23.87,8.68,0.0,1,12.52,129.92,6.17,9.65,510.12
2020-05-26 02:30:00,474.62,33.0,23.82,8.79,0.0,1,5.5,144.92,21.17,0.63,525.12
2020-05-26 02:45:00,481.92,33.0,23.82,9.54,0.0,1,20.5,159.92,36.17,8.68,540.12
2020-05-26 03:00:00,479.49,33.0,23.82,9.8,0.0,1,2.48,174.92,51.17,1.3,555.12
2020-05-26 03:15:00,530.01,34.47,23.48,10.21,0.0,0,0.47,3.47,1.95,4.27,570.12
2020-05-26 03:30:00,505.26,34.0,23.62,10.56,0.0,0,7.45,18.47,8.95,9.07,585.12
2020-05-26 03:45:00,484.35,34.0,23.68,10.82,0.0,1,8.62,33.47,23.95,0.45,600.12
2020-05-26 04:00:00,480.0,34.0,23.68,11.21,0.0,1,23.62,48.47,38.95,2.48,615.12
2020-05-26 04:15:00,480.0,34.0,23.59,11.79,11.4,1,38.62,63.47,13.93,0.17,0.72
2020-05-26 04:30:00,480.0,34.0,23.58,12.49,86.73,1,53.62,78.47,28.93,0.1,1.7
2020-05-26 04:45:00,480.0,34.0,23.58,13.06,118.0,1,68.62,93.47,43.93,2.07,5.2
2020-05-26 05:00:00,480.0,34.0,23.73,13.52,116.0,1,83.62,108.47,8.9,3.32,2.18
2020-05-26 05:15:00,480.0,33.07,23.94,14.11,104.0,1,98.62,9.73,5.38,2.93,5.18
2020-05-26 05:30:00,480.0,33.0,24.04,14.39,91.33,1,113.62,24.73,5.38,0.33,9.17
2020-05-26 05:45:00,472.49,33.0,24.22,15.13,80.0,0,10.55,39.73,3.37,0.47,11.67
2020-05-26 06:00:00,469.76,32.47,24.39,15.48,73.33,0,25.55,2.7,1.37,0.22,6.15
2020-05-26 06:15:00,469.76,31.0,24.62,15.76,68.0,0,40.55,17.7,2.18,7.1,21.15
2020-05-26 06:30:00,461.01,31.0,24.87,16.11,59.33,0,0.52,32.7,6.18,2.5,12.3
2020-05-26 06:45:00,468.8,31.0,25.1,16.39,414.46,0,15.52,47.7,7.33,3.13,1.8
2020-05-26 07:00:00,462.27,31.47,24.94,16.97,1587.46,1,8.5,4.48,6.65,1.0,1.28
2020-05-26 07:15:00,457.92,31.0,25.09,17.15,1497.43,1,23.5,19.48,6.65,0.67,0.27
2020-05-26 07:30:00,457.92,30.93,25.09,17.21,1269.5,1,38.5,11.47,9.8,2.03,0.27
2020-05-26 07:45:00,457.92,30.8,24.96,17.54,1164.93,1,53.5,5.63,1.95,1.83,2.75
2020-05-26 08:00:00,457.92,30.47,25.12,17.81,1159.89,1,68.5,4.45,9.95,0.48,0.4
2020-05-26 08:15:00,457.92,30.0,25.26,17.9,1354.07,1,83.5,19.45,0.1,9.18,0.9
2020-05-26 08:30:00,460.1,29.87,25.55,18.27,1309.99,1,2.6,4.77,3.43,0.33,0.38
2020-05-26 08:45:00,465.39,28.87,25.87,18.68,1325.7,1,3.58,0.92,4.58,13.68,2.38
2020-05-26 09:00:00,456.0,29.0,26.0,18.57,1424.55,1,18.58,15.92,19.58,3.72,1.87
2020-05-26 09:15:00,456.0,28.67,26.03,18.86,1503.23,1,33.58,2.73,3.07,2.4,1.87
2020-05-26 09:30:00,452.16,27.87,26.29,19.19,1413.97,1,1.57,3.23,10.07,1.43,1.35
2020-05-26 09:45:00,457.92,27.6,26.24,19.37,1368.06,1,16.57,0.22,11.05,0.8,0.33
2020-05-26 10:00:00,457.92,27.4,26.26,19.39,960.6,1,31.57,5.37,10.03,0.75,0.5
2020-05-26 10:15:00,457.92,26.87,26.2,19.45,1088.68,1,46.57,6.7,5.18,0.17,2.98
2020-05-26 10:30:00,457.92,25.93,26.58,19.57,491.11,1,61.57,3.52,3.18,5.43,2.48
2020-05-26 10:45:00,457.92,25.0,26.9,19.74,448.45,1,76.57,18.52,3.17,0.88,11.97
2020-05-26 11:00:00,457.92,25.0,27.05,20.37,423.4,1,91.57,33.52,7.83,3.53,3.45
2020-05-26 11:15:00,457.92,25.0,27.18,20.74,388.22,1,106.57,48.52,11.82,0.08,1.45
2020-05-26 11:30:00,457.92,26.33,27.22,20.99,331.13,1,121.57,4.15,1.63,0.32,1.43
2020-05-26 11:45:00,457.92,27.0,27.32,21.07,268.54,1,136.57,5.47,16.63,0.82,1.93
2020-05-26 12:00:00,457.92,26.87,27.32,21.15,235.04,1,151.57,5.47,31.63,0.9,5.58
2020-05-26 12:15:00,472.6,27.13,27.32,21.5,206.4,1,0.45,1.45,46.63,0.17,0.07
2020-05-26 12:30:00,501.42,27.47,27.27,20.99,53.86,1,0.45,6.45,0.6,0.05,9.57
2020-05-26 12:45:00,552.66,28.0,27.03,21.67,0.0,1,1.43,21.45,8.6,0.72,24.57
2020-05-26 13:00:00,547.14,28.0,26.95,21.06,0.0,0,2.43,36.45,3.58,0.38,39.57
2020-05-26 13:15:00,569.66,28.0,26.88,19.93,0.0,1,5.58,51.45,18.58,1.08,54.57
2020-05-26 13:30:00,584.96,27.93,26.88,19.98,0.0,1,20.58,9.42,33.58,1.2,69.57
2020-05-26 13:45:00,509.99,27.47,27.0,20.45,0.0,1,2.73,7.4,14.57,0.33,84.57
2020-05-26 14:00:00,462.72,27.0,27.0,20.88,0.0,1,14.73,22.4,29.57,0.27,99.57
2020-05-26 14:15:00,445.18,27.07,26.93,21.24,20.8,1,2.72,0.37,10.37,0.02,12.17
2020-05-26 14:30:00,481.56,28.53,26.72,20.57,49.47,1,1.7,7.7,9.53,2.13,2.65
2020-05-26 14:45:00,548.27,29.0,26.68,20.08,65.4,1,4.7,22.7,24.53,0.63,12.65
2020-05-26 15:00:00,570.09,28.67,26.71,19.72,76.07,1,0.18,4.68,3.67,2.57,3.63
2020-05-26 15:15:00,482.71,28.07,26.52,19.58,56.13,1,13.02,9.68,10.67,0.55,12.13
2020-05-26 15:30:00,481.92,28.0,26.48,19.58,50.0,1,28.02,24.68,25.67,3.58,27.13
2020-05-26 15:45:00,466.88,28.0,26.47,19.61,50.0,0,14.0,39.68,0.15,3.08,42.13
2020-05-26 16:00:00,459.63,28.0,26.38,19.35,41.33,0,9.98,54.68,15.15,9.15,0.27
2020-05-26 16:15:00,456.0,28.0,26.38,19.17,30.0,0,24.98,69.68,30.15,0.3,15.27
2020-05-26 16:30:00,456.0,28.0,26.31,18.79,30.0,0,39.98,84.68,8.12,2.68,30.27
2020-05-26 16:45:00,456.0,28.0,26.26,18.57,26.67,0,54.98,99.68,23.12,0.53,4.73
2020-05-26 17:00:00,456.0,28.0,26.17,17.95,20.0,0,69.98,114.68,12.77,0.93,19.73
2020-05-26 17:15:00,456.0,28.0,26.12,17.16,17.33,0,84.98,129.68,5.92,2.03,3.22
2020-05-26 17:30:00,456.0,28.0,26.06,16.65,0.0,0,99.98,144.68,20.92,1.33,14.72
2020-05-26 17:45:00,456.0,28.2,25.97,16.48,0.0,0,114.98,1.73,0.07,2.42,29.72
2020-05-26 18:00:00,456.0,28.0,26.09,16.21,0.0,1,129.98,16.73,4.05,8.18,44.72
2020-05-26 18:15:00,456.0,28.0,26.16,15.98,0.0,1,144.98,31.73,19.05,1.72,59.72
2020-05-26 18:30:00,456.0,28.0,26.1,15.76,0.0,1,159.98,46.73,8.03,4.77,74.72
2020-05-26 18:45:00,456.0,28.0,26.03,15.51,0.0,1,174.98,61.73,4.02,6.03,89.72
2020-05-26 19:00:00,507.26,29.4,25.84,15.32,0.0,1,8.03,5.68,12.02,2.1,104.72
2020-05-26 19:15:00,538.52,30.0,25.78,15.15,0.0,1,4.02,20.68,5.83,8.58,119.72
2020-05-26 19:30:00,524.97,30.0,25.72,15.03,0.0,1,4.0,35.68,20.83,3.73,134.72
2020-05-26 19:45:00,516.95,30.0,25.65,14.99,0.0,1,3.0,50.68,8.65,14.47,149.72
2020-05-26 20:00:00,506.71,29.93,25.55,14.95,0.0,1,0.98,9.65,0.13,4.73,164.72
2020-05-26 20:15:00,520.34,30.0,25.4,14.69,0.0,1,8.98,24.65,15.13,7.2,179.72
2020-05-26 20:30:00,529.73,29.73,25.3,14.55,0.0,1,2.97,5.97,0.78,10.77,194.72
2020-05-26 20:45:00,477.4,29.8,24.69,14.41,0.0,1,8.97,1.62,1.27,13.4,209.72
2020-05-26 21:00:00,487.06,32.87,24.25,14.36,0.0,1,2.95,13.95,0.27,4.6,224.72
2020-05-26 21:15:00,542.76,33.0,24.39,14.42,0.0,1,7.93,28.95,6.25,4.13,239.72
2020-05-26 21:30:00,560.85,33.0,24.44,14.6,0.0,1,4.92,43.95,21.25,3.78,254.72
2020-05-26 21:45:00,572.8,33.0,24.44,14.75,0.0,1,19.92,58.95,36.25,18.78,269.72
2020-05-26 22:00:00,566.98,31.53,24.52,14.5,0.0,1,0.23,5.4,3.88,6.47,284.72
2020-05-26 22:15:00,483.52,30.0,24.66,14.3,0.0,1,11.73,20.4,18.88,3.75,299.72
2020-05-26 22:30:00,480.96,30.0,24.67,14.07,0.0,1,26.73,35.4,0.87,1.67,314.72
2020-05-26 22:45:00,469.76,30.0,24.76,13.89,0.0,1,14.72,50.4,15.87,4.42,329.72
2020-05-26 23:00:00,480.0,30.0,24.71,13.76,0.0,1,14.7,65.4,5.85,1.38,344.72
2020-05-26 23:15:00,472.53,30.0,24.64,13.55,0.0,1,9.7,80.4,20.85,3.62,359.72
2020-05-26 23:30:00,474.77,30.0,24.55,13.3,0.0,1,7.68,95.4,10.83,5.28,374.72
2020-05-26 23:45:00,471.04,30.0,24.49,13.05,0.0,1,11.68,110.4,3.82,2.18,389.72
2020-05-27 00:00:00,468.8,30.07,24.42,12.79,0.0,1,26.68,11.33,18.82,2.32,404.72
2020-05-27 00:15:00,468.8,30.07,24.41,12.48,0.0,1,41.68,2.32,0.3,6.32,419.72
2020-05-27 00:30:00,468.8,30.0,24.32,12.26,0.0,1,56.68,17.32,15.3,4.27,434.72
2020-05-27 00:45:00,468.8,30.13,24.32,12.01,0.0,1,71.68,3.47,30.3,6.38,449.72
2020-05-27 01:00:00,468.8,30.13,24.31,11.79,0.0,1,86.68,2.45,0.27,2.2,464.72
2020-05-27 01:15:00,468.8,30.13,24.22,11.68,0.0,1,101.68,0.45,15.27,17.2,479.72
2020-05-27 01:30:00,468.8,30.13,24.35,11.68,0.0,1,116.68,0.43,3.27,32.2,494.72
2020-05-27 01:45:00,468.8,30.2,24.42,11.66,0.0,1,131.68,2.42,18.27,10.98,509.72
2020-05-27 02:00:00,468.8,30.47,24.32,11.78,0.0,1,146.68,5.42,14.25,12.5,524.72
2020-05-27 02:15:00,465.64,31.0,24.24,11.8,0.0,1,3.73,20.42,11.23,27.5,539.72
2020-05-27 02:30:00,467.11,31.0,24.22,11.94,0.0,1,13.73,35.42,26.23,2.87,554.72
2020-05-27 02:45:00,467.84,31.0,24.22,12.04,0.0,1,28.73,50.42,41.23,17.87,569.72
2020-05-27 03:00:00,467.84,31.13,24.22,11.94,0.0,1,43.73,2.03,56.23,12.25,584.72
2020-05-27 03:15:00,467.84,31.27,24.16,11.92,0.0,1,58.73,0.2,7.37,27.25,599.72
2020-05-27 03:30:00,479.21,31.13,24.05,11.92,0.0,1,12.7,0.68,6.35,42.25,614.72
2020-05-27 03:45:00,479.47,31.27,24.0,11.94,0.0,1,1.68,0.68,21.35,1.22,629.72
2020-05-27 04:00:00,469.76,31.13,24.0,12.0,0.0,1,16.68,5.68,36.35,2.25,644.72
2020-05-27 04:15:00,472.19,31.27,24.0,12.02,0.0,1,2.67,0.17,51.35,3.13,659.72
2020-05-27 04:30:00,470.55,31.0,24.05,12.01,0.0,1,12.67,9.17,6.82,1.7,674.72
2020-05-27 04:45:00,468.8,31.53,24.1,12.04,0.0,1,27.67,1.15,21.82,16.7,689.72
2020-05-27 05:00:00,480.17,31.53,24.1,12.21,0.0,1,12.65,0.8,36.82,3.57,704.72
2020-05-27 05:15:00,483.5,32.33,24.1,12.46,0.0,1,1.63,0.63,51.82,2.3,719.72
2020-05-27 05:30:00,479.0,33.07,24.1,12.57,56.61,1,3.62,12.3,66.82,0.58,0.42
2020-05-27 05:45:00,465.92,33.0,24.19,12.81,70.01,1,18.62,27.3,12.27,1.33,1.9
2020-05-27 06:00:00,465.92,33.0,24.2,13.42,120.01,1,33.62,42.3,27.27,2.93,0.4
2020-05-27 06:15:00,465.92,33.4,24.2,13.57,64.41,1,48.62,0.08,42.27,6.88,0.38
2020-05-27 06:30:00,465.92,33.27,24.32,13.67,71.2,1,63.62,0.08,14.25,1.53,1.88
2020-05-27 06:45:00,465.92,33.33,24.37,14.17,60.0,1,78.62,0.57,7.73,6.1,3.37
2020-05-27 07:00:00,465.92,33.2,24.47,14.63,60.6,0,93.62,5.07,6.72,2.13,0.85
2020-05-27 07:15:00,465.92,33.8,24.58,14.85,60.67,0,108.62,7.9,8.72,0.77,0.02
2020-05-27 07:30:00,459.95,33.67,24.68,15.31,72.21,1,7.72,1.88,7.7,2.77,1.5
2020-05-27 07:45:00,454.72,34.07,24.79,15.31,55.0,1,22.72,12.37,7.53,1.13,16.5
2020-05-27 08:00:00,454.72,34.07,24.84,15.56,55.0,1,37.72,8.37,22.53,0.23,31.5
2020-05-27 08:15:00,463.59,34.13,24.94,16.08,68.93,0,12.68,3.35,0.5,3.12,1.47
2020-05-27 08:30:00,458.13,34.07,25.06,16.36,81.41,1,9.68,9.35,2.5,0.4,0.47
2020-05-27 08:45:00,464.96,34.2,25.18,16.32,86.09,1,14.67,9.33,2.98,1.57,0.95
2020-05-27 09:00:00,456.77,34.0,25.26,16.71,84.1,1,1.65,24.33,17.98,3.05,4.45
2020-05-27 09:15:00,464.96,34.0,25.35,16.92,83.04,1,16.65,39.33,13.97,0.5,19.45
2020-05-27 09:30:00,464.96,34.0,25.45,17.54,65.94,1,31.65,54.33,10.8,0.95,0.6
2020-05-27 09:45:00,462.23,34.0,25.55,17.81,30.53,1,3.62,69.33,10.78,7.27,0.58
2020-05-27 10:00:00,454.72,34.0,25.58,17.72,42.8,0,18.62,84.33,25.78,0.38,6.08
2020-05-27 10:15:00,454.72,33.67,25.61,18.16,47.0,0,33.62,4.6,4.92,1.23,21.08
2020-05-27 10:30:00,454.72,33.0,25.68,18.17,38.13,0,48.62,19.6,19.92,0.22,3.05
2020-05-27 10:45:00,454.72,33.0,25.68,18.13,44.0,0,63.62,34.6,34.92,0.4,14.55
2020-05-27 11:00:00,454.72,32.87,25.68,18.79,39.33,0,78.62,0.08,49.92,0.12,6.53
2020-05-27 11:15:00,454.72,32.73,25.68,18.88,34.0,0,93.62,0.57,64.92,7.42,21.53
2020-05-27 11:30:00,454.72,31.53,25.68,19.49,34.0,0,108.62,0.38,79.92,1.58,36.53
2020-05-27 11:45:00,450.67,31.27,25.68,19.65,34.0,0,1.72,12.55,94.92,0.67,51.53
2020-05-27 12:00:00,456.96,31.0,25.74,19.17,34.0,0,16.72,27.55,8.03,0.12,66.53
2020-05-27 12:15:00,462.04,31.0,25.77,19.42,33.13,0,6.7,42.55,0.02,0.0,0.15
2020-05-27 12:30:00,452.12,31.13,25.68,18.88,21.0,0,7.7,2.35,15.02,3.08,15.15
2020-05-27 12:45:00,452.16,32.6,25.69,18.16,21.0,0,4.68,11.52,2.0,0.42,30.15
2020-05-27 13:00:00,444.8,33.07,25.66,17.55,21.0,0,19.68,1.5,17.0,1.07,45.15
2020-05-27 13:15:00,444.8,33.47,25.64,17.11,5.0,0,34.68,6.5,2.98,0.45,9.78
2020-05-27 13:30:00,444.8,34.07,25.43,15.18,0.0,0,49.68,5.15,8.47,1.2,24.78
2020-05-27 13:45:00,449.49,34.0,25.46,11.47,0.0,0,4.63,20.15,23.47,1.85,39.78
2020-05-27 14:00:00,458.88,34.53,25.44,10.67,2.6,1,19.63,0.78,2.45,1.75,2.25
2020-05-27 14:15:00,460.61,34.2,25.34,10.15,41.27,1,6.62,4.78,17.45,2.25,2.75
2020-05-27 14:30:00,457.92,34.53,25.34,10.5,91.87,1,21.62,0.6,32.45,0.3,7.73
2020-05-27 14:45:00,470.95,34.87,25.34,10.88,91.04,1,12.6,0.27,47.45,8.42,5.23
2020-05-27 15:00:00,468.52,35.87,25.34,10.79,61.47,1,1.58,0.08,62.45,1.25,5.38
2020-05-27 15:15:00,477.55,36.93,25.34,10.42,32.67,1,9.58,1.08,77.45,9.02,7.88
2020-05-27 15:30:00,471.68,36.4,25.34,10.34,28.0,1,2.57,0.07,92.45,0.3,22.88
2020-05-27 15:45:00,482.43,37.6,25.34,10.4,38.27,1,1.57,6.4,107.45,4.68,13.37
2020-05-27 16:00:00,499.84,37.07,25.34,10.34,39.67,1,16.57,0.88,122.45,6.52,0.35
2020-05-27 16:15:00,499.84,36.8,25.34,10.32,49.0,1,31.57,6.88,137.45,4.37,15.35
2020-05-27 16:30:00,496.34,35.2,25.31,10.18,49.0,1,3.7,4.87,4.52,1.15,30.35
2020-05-27 16:45:00,486.72,35.07,25.17,10.24,52.33,1,18.7,2.85,9.68,11.22,9.82
2020-05-27 17:00:00,486.72,35.0,25.12,10.24,49.0,1,33.7,17.85,1.67,26.22,24.82
2020-05-27 17:15:00,486.72,35.07,25.02,10.32,38.33,1,48.7,2.83,16.67,2.72,3.97
2020-05-27 17:30:00,477.7,35.13,25.02,10.23,21.0,1,3.67,1.82,31.67,0.13,11.47
2020-05-27 17:45:00,494.34,35.53,24.99,10.1,19.0,1,11.65,2.82,3.13,2.83,26.47
2020-05-27 18:00:00,489.49,35.73,24.92,9.9,19.0,1,9.65,1.8,18.13,11.32,41.47
2020-05-27 18:15:00,493.27,35.8,24.92,9.74,10.13,1,7.63,0.8,33.13,5.7,3.43
2020-05-27 18:30:00,486.7,35.53,24.92,9.49,0.0,1,13.63,0.78,48.13,6.42,18.43
2020-05-27 18:45:00,485.76,35.87,24.92,9.37,0.0,1,28.63,5.78,63.13,5.53,33.43
2020-05-27 19:00:00,492.78,36.0,24.92,9.35,0.0,1,6.6,20.78,78.13,5.72,48.43
2020-05-27 19:15:00,493.44,36.0,24.83,9.26,0.0,1,2.6,35.78,13.25,5.8,63.43
2020-05-27 19:30:00,496.0,36.0,24.82,9.32,0.0,1,17.6,50.78,28.25,3.12,78.43
2020-05-27 19:45:00,498.82,36.0,24.82,9.54,0.0,1,8.58,65.78,43.25,14.4,93.43
2020-05-27 20:00:00,492.8,36.0,24.7,9.61,0.0,0,23.58,80.78,1.88,10.37,108.43
2020-05-27 20:15:00,490.62,36.0,24.52,9.57,0.0,1,2.55,95.78,1.88,10.3,123.43
2020-05-27 20:30:00,495.49,36.0,24.37,9.51,0.0,0,11.55,110.78,4.7,3.12,138.43
2020-05-27 20:45:00,492.35,36.0,24.25,9.34,0.0,0,8.55,125.78,5.53,9.27,153.43
2020-05-27 21:00:00,494.53,36.0,24.09,9.21,0.0,1,2.53,140.78,13.53,10.82,168.43
2020-05-27 21:15:00,489.71,36.0,24.04,9.18,0.0,1,1.52,155.78,5.68,25.82,183.43
2020-05-27 21:30:00,496.7,36.0,23.91,9.11,0.0,1,3.68,170.78,9.67,1.77,198.43
2020-05-27 21:45:00,492.22,36.0,23.88,9.13,0.0,1,2.67,185.78,24.67,0.03,213.43
2020-05-27 22:00:00,488.0,36.0,23.77,8.96,0.0,1,17.67,200.78,13.15,15.03,228.43
2020-05-27 22:15:00,495.38,36.0,23.76,8.96,0.0,1,1.65,215.78,28.15,30.03,243.43
2020-05-27 22:30:00,510.72,36.13,23.79,8.99,0.0,1,16.65,0.8,3.13,1.0,258.43
2020-05-27 22:45:00,560.43,37.0,23.87,8.96,0.0,1,6.63,15.8,0.12,1.77,273.43
2020-05-27 23:00:00,582.17,37.0,23.76,8.77,0.0,1,8.28,30.8,15.12,8.02,288.43
2020-05-27 23:15:00,572.86,37.0,23.72,8.66,0.0,1,5.27,45.8,5.27,7.1,303.43
2020-05-27 23:30:00,561.34,37.0,23.66,8.53,0.0,0,3.27,60.8,20.27,2.85,318.43
2020-05-27 23:45:00,560.0,37.0,23.66,8.48,0.0,0,18.27,75.8,35.27,2.05,333.43
2020-05-28 00:00:00,560.0,36.93,23.66,8.36,0.0,1,33.27,0.73,50.27,2.9,348.43
2020-05-28 00:15:00,564.33,36.27,23.66,8.29,0.0,1,5.4,9.73,65.27,3.23,363.43
2020-05-28 00:30:00,575.38,36.0,23.58,8.24,0.0,1,1.4,24.73,11.88,0.03,378.43
2020-05-28 00:45:00,568.92,36.0,23.56,7.9,0.0,1,7.38,39.73,26.88,3.52,393.43
2020-05-28 01:00:00,560.36,35.0,23.56,7.7,0.0,1,0.37,14.72,41.88,0.05,408.43
2020-05-28 01:15:00,613.44,35.13,23.59,7.52,0.0,1,0.37,0.68,3.02,15.05,423.43
2020-05-28 01:30:00,693.82,35.53,23.67,7.46,0.0,1,1.52,2.35,0.02,6.37,438.43
2020-05-28 01:45:00,589.65,34.0,23.76,7.39,0.0,1,1.52,17.35,15.02,21.37,453.43
2020-05-28 02:00:00,584.87,33.93,23.76,7.39,0.0,1,7.5,12.33,30.02,36.37,468.43
2020-05-28 02:15:00,583.04,33.13,23.76,7.45,0.0,1,1.67,12.33,45.02,6.25,483.43
2020-05-28 02:30:00,583.47,33.0,23.76,7.75,0.0,1,9.65,27.33,60.02,3.38,498.43
2020-05-28 02:45:00,579.84,33.0,23.76,8.05,0.0,1,24.65,42.33,75.02,6.95,513.43
2020-05-28 03:00:00,568.09,33.0,23.76,8.34,0.0,1,1.63,57.33,90.02,2.55,528.43
2020-05-28 03:15:00,554.24,33.0,23.67,8.59,0.0,1,2.62,72.33,12.12,13.75,543.43
2020-05-28 03:30:00,544.0,32.07,23.66,8.78,0.0,0,17.62,0.43,27.12,6.52,558.43
2020-05-28 03:45:00,555.05,31.13,23.63,9.03,0.0,0,13.62,1.77,4.93,1.12,573.43
2020-05-28 04:00:00,559.68,31.0,23.56,9.08,0.0,1,7.6,16.77,19.93,2.82,588.43
2020-05-28 04:15:00,554.88,31.0,23.56,9.29,0.0,1,22.6,31.77,34.93,3.53,603.43
2020-05-28 04:30:00,554.88,31.0,23.56,9.62,0.0,1,37.6,46.77,49.93,2.15,618.43
2020-05-28 04:45:00,545.45,30.6,23.56,9.8,0.0,1,12.57,5.73,64.93,0.43,633.43
2020-05-28 05:00:00,544.0,30.0,23.56,10.03,0.0,0,27.57,20.73,79.93,2.22,648.43
2020-05-28 05:15:00,557.72,30.0,23.62,10.25,0.0,0,2.55,35.73,8.87,1.53,663.43
2020-05-28 05:30:00,581.87,30.13,23.79,10.6,0.0,1,13.55,0.7,5.2,0.42,678.43
2020-05-28 05:45:00,593.92,30.0,23.99,10.9,2.07,1,14.53,15.7,1.18,3.5,0.98
2020-05-28 06:00:00,593.92,30.0,24.28,10.9,31.0,1,29.53,30.7,3.67,1.17,15.98
2020-05-28 06:15:00,583.38,29.13,24.63,11.38,31.0,1,12.52,11.0,5.0,2.87,30.98
2020-05-28 06:30:00,581.76,29.0,24.91,11.73,31.0,1,27.52,26.0,2.65,2.23,45.98
2020-05-28 06:45:00,579.58,29.0,25.22,11.88,35.67,1,2.48,41.0,2.48,0.33,6.12
2020-05-28 07:00:00,570.88,28.4,25.43,11.92,34.87,1,17.48,0.97,8.47,1.93,3.1
2020-05-28 07:15:00,670.34,29.47,25.67,12.2,44.68,1,0.13,6.97,3.13,1.3,0.58
2020-05-28 07:30:00,526.46,28.2,25.32,12.35,116.28,1,5.8,0.95,4.62,0.1,2.08
2020-05-28 07:45:00,489.34,28.87,25.13,12.55,101.29,1,2.78,1.45,0.1,0.25,5.08
2020-05-28 08:00:00,462.57,28.87,25.35,12.49,113.97,1,13.28,8.77,4.43,0.47,7.57
2020-05-28 08:15:00,455.96,28.67,25.43,12.72,588.01,1,7.27,2.42,1.42,6.77,0.05
2020-05-28 08:30:00,460.35,28.53,25.57,13.05,582.36,1,11.27,0.75,6.08,0.62,0.22
2020-05-28 08:45:00,462.72,28.53,25.71,13.44,500.99,1,26.27,1.73,10.07,0.38,0.2
2020-05-28 09:00:00,454.74,27.8,25.74,13.48,517.08,1,10.25,0.57,25.07,1.05,0.7
2020-05-28 09:15:00,451.84,26.53,25.67,13.89,589.3,0,25.25,0.05,8.22,2.68,0.68
2020-05-28 09:30:00,451.84,27.07,25.57,13.9,562.65,1,40.25,0.2,9.22,0.52,0.18
2020-05-28 09:45:00,451.84,25.53,25.6,14.33,507.88,1,55.25,0.53,24.22,0.82,0.67
2020-05-28 10:00:00,451.84,26.13,25.6,14.31,390.88,0,70.25,1.02,39.22,0.23,0.17
2020-05-28 10:15:00,451.84,26.47,25.6,14.32,292.09,0,85.25,0.18,54.22,0.73,0.32
2020-05-28 10:30:00,453.97,26.47,25.59,14.24,197.96,0,1.35,1.17,0.17,1.3,3.3
2020-05-28 10:45:00,459.16,25.93,25.5,14.35,175.21,0,10.35,4.0,15.17,0.73,0.3
2020-05-28 11:00:00,457.45,25.2,25.39,14.6,229.56,0,1.33,1.15,0.65,0.23,1.78
2020-05-28 11:15:00,466.88,24.67,25.19,15.27,292.56,1,16.33,1.65,13.15,4.18,1.28
2020-05-28 11:30:00,466.88,24.4,25.09,15.2,221.57,1,31.33,3.8,10.13,0.28,0.77
2020-05-28 11:45:00,466.88,25.2,25.07,15.23,204.44,1,46.33,0.45,0.12,0.9,1.75
2020-05-28 12:00:00,470.38,24.93,25.1,14.8,158.28,1,3.28,0.45,8.12,1.6,0.25
2020-05-28 12:15:00,471.81,24.8,24.96,15.22,159.63,0,11.28,1.43,1.43,1.3,1.9
2020-05-28 12:30:00,469.76,24.67,24.84,15.09,144.07,0,26.28,0.43,16.43,0.2,1.9
2020-05-28 12:45:00,469.76,25.0,24.81,15.51,129.35,0,41.28,14.43,4.42,0.45,1.88
2020-05-28 13:00:00,469.76,24.47,24.74,15.35,138.54,0,56.28,1.4,19.42,1.1,4.38
2020-05-28 13:15:00,469.76,24.93,24.62,15.41,124.15,0,71.28,13.4,14.4,0.62,2.37
2020-05-28 13:30:00,469.76,24.53,24.53,15.39,115.02,0,86.28,4.9,7.22,1.2,5.37
2020-05-28 13:45:00,469.76,24.8,24.56,16.23,125.6,1,101.28,7.05,14.22,0.4,2.35
2020-05-28 14:00:00,474.47,24.93,24.56,15.42,87.15,1,0.22,5.03,29.22,0.55,2.83
2020-05-28 14:15:00,468.8,25.0,24.56,14.96,80.48,1,15.22,20.03,44.22,4.13,1.0
2020-05-28 14:30:00,459.37,24.73,24.5,14.96,84.54,0,12.2,0.02,8.18,1.15,2.98
2020-05-28 14:45:00,463.45,24.53,24.4,14.73,66.67,0,6.35,2.0,7.33,3.38,13.48
2020-05-28 15:00:00,461.78,24.6,24.25,14.79,66.0,0,10.35,0.0,13.33,5.0,28.48
2020-05-28 15:15:00,467.56,24.93,24.24,14.92,56.0,1,10.33,2.48,28.33,1.35,14.47
2020-05-28 15:30:00,462.02,24.47,24.24,14.86,56.0,0,11.32,2.47,43.33,0.15,29.47
2020-05-28 15:45:00,459.84,24.2,24.15,15.01,48.0,0,26.32,1.13,12.63,3.77,11.43
2020-05-28 16:00:00,459.84,24.0,24.14,14.93,46.0,0,41.32,16.13,27.63,2.57,26.43
2020-05-28 16:15:00,459.84,24.0,24.03,14.73,46.0,0,56.32,31.13,13.62,5.92,41.43
2020-05-28 16:30:00,453.31,24.0,23.97,14.63,45.33,0,8.28,46.13,7.6,20.92,0.57
2020-05-28 16:45:00,448.96,24.73,23.92,14.52,36.0,1,23.28,10.27,22.6,14.65,15.57
2020-05-28 17:00:00,450.41,25.0,23.97,14.44,34.67,1,1.25,25.27,7.58,9.65,1.05
2020-05-28 17:15:00,467.9,25.0,24.02,14.0,26.0,1,5.25,40.27,22.58,1.62,16.05
2020-05-28 17:30:00,475.39,26.67,23.91,13.15,25.33,1,0.23,4.73,0.55,0.25,0.03
2020-05-28 17:45:00,498.88,28.53,23.6,12.59,16.0,1,15.23,7.38,2.38,0.13,15.03
2020-05-28 18:00:00,487.53,28.67,23.47,11.85,8.53,1,13.23,6.38,1.37,0.97,6.52
2020-05-28 18:15:00,491.97,29.67,23.4,11.58,0.0,1,5.22,0.37,16.37,1.88,21.52
2020-05-28 18:30:00,499.84,29.53,23.47,11.12,0.0,1,20.22,1.53,6.35,1.33,36.52
2020-05-28 18:45:00,498.09,28.73,23.43,10.62,0.0,1,1.18,1.52,1.33,4.12,51.52
2020-05-28 19:00:00,476.46,27.2,23.52,10.42,0.0,1,12.18,2.5,16.33,1.45,66.52
2020-05-28 19:15:00,493.85,29.47,23.39,10.18,0.0,1,0.33,3.5,5.65,1.02,81.52
2020-05-28 19:30:00,667.99,33.6,23.39,9.94,0.0,1,0.83,6.15,9.65,7.8,96.52
2020-05-28 19:45:00,607.85,33.0,23.42,9.88,0.0,1,3.82,14.65,24.65,22.8,111.52
2020-05-28 20:00:00,709.31,40.8,23.61,9.81,0.0,1,1.48,1.63,0.63,0.73,126.52
2020-05-28 20:15:00,526.1,31.2,23.77,9.49,0.0,1,0.97,2.47,2.62,3.97,141.52
2020-05-28 20:30:00,675.52,36.4,23.54,9.59,0.0,1,1.97,3.95,5.12,5.73,156.52
2020-05-28 20:45:00,768.64,35.67,23.66,9.54,0.0,1,4.95,1.93,8.1,14.38,171.52
2020-05-28 21:00:00,765.65,36.13,23.83,9.43,0.0,1,0.95,2.77,5.6,3.27,186.52
2020-05-28 21:15:00,741.5,35.53,23.91,9.28,0.0,1,3.93,7.43,0.92,4.0,201.52
2020-05-28 21:30:00,674.39,35.0,23.8,9.13,0.0,1,8.93,22.43,15.92,5.3,216.52
2020-05-28 21:45:00,640.83,34.6,23.69,8.95,0.0,0,8.92,3.4,13.57,2.02,231.52
2020-05-28 22:00:00,617.98,34.07,23.62,8.53,0.0,0,0.07,6.4,8.55,9.93,246.52
2020-05-28 22:15:00,586.9,34.0,23.58,8.81,0.0,1,10.07,21.4,23.55,5.23,261.52
2020-05-28 22:30:00,596.76,34.13,23.58,9.05,0.0,1,12.07,0.38,38.55,13.67,276.52
2020-05-28 22:45:00,606.74,35.0,23.65,9.09,0.0,1,1.05,14.38,10.53,8.55,291.52
2020-05-28 23:00:00,632.96,35.0,23.75,9.17,0.0,0,16.05,29.38,10.52,13.95,306.52
2020-05-28 23:15:00,613.85,35.07,23.8,9.18,0.0,1,9.03,3.35,1.68,28.95,321.52
2020-05-28 23:30:00,603.2,35.0,23.9,9.25,0.0,1,4.02,18.35,16.68,8.02,336.52
2020-05-28 23:45:00,594.86,35.0,23.9,9.05,0.0,1,10.02,33.35,31.68,2.3,351.52
2020-05-29 00:00:00,583.06,34.93,23.9,8.85,0.0,1,12.0,3.48,46.68,0.23,366.52
2020-05-29 00:15:00,562.15,35.0,23.81,8.82,0.0,1,1.48,18.48,12.65,2.98,381.52
2020-05-29 00:30:00,565.72,35.0,23.8,8.39,0.0,0,3.48,33.48,27.65,5.37,396.52
2020-05-29 00:45:00,556.8,35.0,23.69,8.13,0.0,1,18.48,48.48,13.63,1.97,411.52
2020-05-29 01:00:00,570.82,35.0,23.68,7.79,0.0,1,4.47,63.48,28.63,10.95,426.52
2020-05-29 01:15:00,569.92,35.0,23.68,7.74,0.0,1,19.47,78.48,43.63,1.47,441.52
2020-05-29 01:30:00,573.55,34.87,23.68,7.55,0.0,1,1.43,1.43,58.63,10.35,456.52
2020-05-29 01:45:00,582.72,34.0,23.65,7.52,0.0,1,11.43,16.43,4.58,25.35,471.52
2020-05-29 02:00:00,582.19,34.0,23.58,7.4,0.0,1,4.42,31.43,19.58,13.45,486.52
2020-05-29 02:15:00,606.25,34.13,23.6,7.48,0.0,1,0.23,1.4,2.57,2.58,501.52
2020-05-29 02:30:00,717.35,34.73,23.68,7.79,0.0,0,0.23,2.38,17.57,1.75,516.52
2020-05-29 02:45:00,646.89,33.53,23.68,8.04,0.0,1,2.22,6.38,32.57,3.42,531.52
2020-05-29 03:00:00,590.51,33.0,23.68,8.17,0.0,1,1.22,1.37,47.57,4.68,546.52
2020-05-29 03:15:00,589.29,33.0,23.68,8.35,0.0,1,2.2,14.2,62.57,0.4,561.52
2020-05-29 03:30:00,596.48,31.93,23.68,8.85,0.0,1,8.2,5.18,77.57,7.32,576.52
2020-05-29 03:45:00,579.16,31.0,23.63,8.87,8.67,1,10.18,20.18,6.5,0.57,9.48
2020-05-29 04:00:00,576.0,31.0,23.58,9.05,14.47,1,25.18,35.18,21.5,12.95,3.63
2020-05-29 04:15:00,584.02,33.0,23.58,9.2,41.33,1,1.17,14.67,36.5,2.07,4.13
2020-05-29 04:30:00,624.11,33.0,23.69,9.61,159.69,1,6.17,29.67,13.65,0.48,0.12
2020-05-29 04:45:00,633.19,32.07,23.8,10.42,288.23,1,0.15,3.47,1.63,0.52,13.12
2020-05-29 05:00:00,580.18,30.67,23.95,10.77,303.72,1,0.13,4.47,4.63,3.85,0.1
2020-05-29 05:15:00,514.75,30.0,24.11,11.05,223.42,1,6.13,19.47,12.62,0.73,0.1
2020-05-29 05:30:00,495.81,29.13,24.32,11.72,318.77,1,2.28,11.62,3.1,1.28,0.08
2020-05-29 05:45:00,480.0,29.0,24.56,11.9,176.35,1,17.28,26.62,1.08,1.0,0.23
2020-05-29 06:00:00,473.17,28.2,24.73,12.22,140.49,0,9.93,11.6,9.08,1.38,1.73
2020-05-29 06:15:00,458.88,28.0,24.86,12.49,105.22,0,14.93,26.6,14.08,0.52,0.22
2020-05-29 06:30:00,458.88,28.0,24.94,12.53,88.41,0,29.93,41.6,9.73,1.65,0.22
2020-05-29 06:45:00,448.0,27.07,25.06,12.7,129.02,0,14.92,12.07,2.38,0.37,0.2
2020-05-29 07:00:00,458.88,27.0,25.22,12.76,101.16,0,14.9,27.07,5.38,0.42,2.18
2020-05-29 07:15:00,458.88,27.0,25.29,13.12,86.49,0,29.9,42.07,0.87,3.1,2.18
2020-05-29 07:30:00,458.88,27.0,25.4,12.82,68.87,0,44.9,57.07,15.87,0.7,3.67
2020-05-29 07:45:00,458.88,27.0,25.45,12.97,116.55,0,59.9,72.07,7.85,1.83,1.82
2020-05-29 08:00:00,458.88,27.0,25.62,13.47,152.67,0,74.9,87.07,5.85,0.25,4.82
2020-05-29 08:15:00,458.88,25.67,25.82,13.91,107.34,0,89.9,9.68,1.83,0.87,0.8
2020-05-29 08:30:00,453.8,25.0,25.92,13.85,92.49,0,6.02,24.68,16.83,0.0,0.8
2020-05-29 08:45:00,463.68,25.0,26.02,14.37,105.76,1,1.0,3.32,14.82,1.35,0.28
2020-05-29 09:00:00,518.19,25.13,26.07,14.68,117.22,1,0.98,12.32,6.8,0.45,1.28
2020-05-29 09:15:00,492.84,25.0,26.12,14.7,81.81,0,0.98,27.32,21.8,0.73,6.27
2020-05-29 09:30:00,476.8,25.0,26.12,14.74,82.41,0,15.98,42.32,36.8,0.53,0.43
2020-05-29 09:45:00,465.77,24.73,26.21,14.82,55.67,0,10.97,1.45,10.28,4.93,6.92
2020-05-29 10:00:00,461.76,24.93,26.24,15.06,47.0,0,25.97,13.45,25.28,0.12,21.92
2020-05-29 10:15:00,461.76,24.93,26.22,15.43,47.0,0,40.97,7.43,2.25,0.4,36.92
2020-05-29 10:30:00,453.78,24.73,26.22,15.15,47.0,1,10.93,1.08,11.25,0.2,51.92
2020-05-29 10:45:00,456.13,24.73,26.24,15.15,47.0,1,5.92,0.42,26.25,1.83,66.92
2020-05-29 11:00:00,464.85,24.87,26.24,15.33,47.0,1,0.92,0.57,41.25,0.88,81.92
2020-05-29 11:15:00,473.17,26.6,26.24,15.48,44.93,1,4.9,1.07,56.25,1.4,0.35
2020-05-29 11:30:00,465.92,25.8,26.13,15.77,49.13,1,19.9,0.38,3.22,0.45,1.52
2020-05-29 11:45:00,462.93,26.73,25.93,16.07,44.0,1,0.88,2.88,10.7,0.27,0.0
2020-05-29 12:00:00,465.92,26.87,25.9,16.58,41.6,1,15.88,0.03,25.7,0.05,0.0
2020-05-29 12:15:00,460.82,26.87,25.9,16.67,47.73,1,1.87,1.18,40.7,0.6,6.48
2020-05-29 12:30:00,474.13,24.07,25.68,16.74,37.27,1,9.87,13.18,4.5,0.85,2.97
2020-05-29 12:45:00,477.76,24.0,25.49,17.56,33.0,1,24.87,28.18,9.5,0.33,0.97
2020-05-29 13:00:00,468.29,24.0,25.46,17.75,32.27,0,11.85,43.18,24.5,0.08,9.97
2020-05-29 13:15:00,461.23,24.07,25.46,17.49,31.73,0,4.0,13.15,39.5,0.4,4.45
2020-05-29 13:30:00,451.84,24.47,25.45,17.57,25.27,0,19.0,6.15,0.47,0.62,0.6
2020-05-29 13:45:00,459.35,25.8,25.28,17.36,23.73,1,1.97,0.8,7.47,2.38,7.08
2020-05-29 14:00:00,478.31,26.47,25.2,16.98,0.0,1,1.97,1.78,1.95,1.75,22.08
2020-05-29 14:15:00,485.97,25.93,24.68,17.04,1.0,1,9.95,2.28,1.27,0.53,11.58
2020-05-29 14:30:00,480.96,25.13,24.72,16.77,0.0,1,24.95,1.93,2.08,0.62,26.58
2020-05-29 14:45:00,498.92,26.73,24.84,16.46,0.0,1,0.93,12.1,17.08,0.53,41.58
2020-05-29 15:00:00,559.3,27.0,24.85,16.55,0.0,1,11.93,27.1,1.73,1.58,56.58
2020-05-29 15:15:00,566.27,27.0,24.94,16.27,0.0,1,5.92,42.1,16.73,5.23,71.58
2020-05-29 15:30:00,560.68,27.0,25.01,16.3,0.0,1,0.9,57.1,1.72,0.63,86.58
2020-05-29 15:45:00,516.52,25.0,25.04,16.15,0.0,1,5.9,1.05,5.72,14.0,101.58
2020-05-29 16:00:00,506.22,25.0,24.91,16.06,0.0,1,9.88,16.05,5.03,10.92,116.58
2020-05-29 16:15:00,484.14,25.0,24.84,15.88,0.0,0,6.87,31.05,20.03,3.1,131.58
2020-05-29 16:30:00,473.64,25.0,24.76,15.83,0.0,0,3.87,46.05,11.02,10.05,146.58
2020-05-29 16:45:00,464.96,25.0,24.73,15.68,0.0,1,18.87,61.05,0.0,6.5,161.58
2020-05-29 17:00:00,464.96,25.0,24.64,15.52,0.0,0,33.87,76.05,15.0,5.68,176.58
2020-05-29 17:15:00,456.75,26.87,24.64,15.41,0.0,0,10.83,13.67,30.0,5.6,191.58
2020-05-29 17:30:00,453.76,27.0,24.56,15.37,0.0,0,25.83,28.67,9.98,6.47,206.58
2020-05-29 17:45:00,453.76,27.0,24.52,15.24,0.0,0,40.83,43.67,24.98,0.82,221.58
2020-05-29 18:00:00,449.41,27.0,24.49,15.05,0.0,0,5.97,58.67,4.47,6.2,236.58
2020-05-29 18:15:00,442.88,27.0,24.42,14.77,0.0,0,20.97,73.67,19.47,3.98,251.58
2020-05-29 18:30:00,450.6,27.33,24.4,14.26,0.0,0,3.95,4.62,2.43,0.77,266.58
2020-05-29 18:45:00,445.89,28.0,24.32,13.55,0.0,0,5.95,19.62,17.43,1.28,281.58
2020-05-29 19:00:00,459.09,28.73,24.39,13.27,0.0,1,1.93,10.6,3.25,8.78,296.58
2020-05-29 19:15:00,467.16,29.13,24.29,12.92,0.0,1,10.93,1.58,4.25,7.05,311.58
2020-05-29 19:30:00,464.0,30.0,24.22,12.78,0.0,0,25.93,16.58,19.25,9.57,326.58
2020-05-29 19:45:00,459.9,30.0,24.15,12.7,0.0,0,5.9,31.58,8.22,5.5,341.58
2020-05-29 20:00:00,453.76,30.0,24.07,12.59,0.0,0,20.9,46.58,4.22,4.05,356.58
2020-05-29 20:15:00,457.34,30.0,23.97,12.36,0.0,0,3.88,61.58,4.53,5.48,371.58
2020-05-29 20:30:00,451.84,30.87,23.9,12.16,0.0,0,18.88,12.87,19.53,3.55,386.58
2020-05-29 20:45:00,452.65,31.0,23.85,11.79,0.0,0,0.87,27.87,7.52,3.33,401.58
2020-05-29 21:00:00,494.42,32.47,23.86,11.42,0.0,1,0.85,6.02,7.5,5.03,416.58
2020-05-29 21:15:00,582.42,33.0,23.88,11.18,0.0,1,2.35,21.02,5.5,3.78,431.58
2020-05-29 21:30:00,594.43,33.0,23.82,10.94,0.0,1,1.33,36.02,20.5,4.47,446.58
2020-05-29 21:45:00,578.88,33.0,23.82,10.8,0.0,1,16.33,51.02,35.5,4.92,461.58
2020-05-29 22:00:00,568.38,33.0,23.82,10.67,0.0,0,11.32,66.02,50.5,5.72,476.58
2020-05-29 22:15:00,575.32,33.87,23.82,10.54,0.0,1,13.32,7.13,65.5,7.47,491.58
2020-05-29 22:30:00,572.5,34.0,23.82,10.37,0.0,1,3.47,22.13,80.5,13.8,506.58
2020-05-29 22:45:00,573.14,34.0,23.91,10.2,0.0,0,12.47,37.13,13.45,6.67,521.58
2020-05-29 23:00:00,574.72,34.0,24.02,10.12,0.0,0,27.47,52.13,14.43,21.67,536.58
2020-05-29 23:15:00,587.24,34.73,24.02,10.06,0.0,1,3.43,10.27,29.43,7.37,551.58
2020-05-29 23:30:00,603.82,35.07,24.02,9.93,0.0,1,4.43,0.25,44.43,8.53,566.58
2020-05-29 23:45:00,598.19,35.53,24.02,9.54,0.0,1,7.42,3.23,59.43,0.9,581.58
2020-05-30 00:00:00,612.67,35.53,24.0,9.32,0.0,1,1.4,0.23,2.72,1.52,596.58
2020-05-30 00:15:00,605.46,35.33,23.92,9.28,0.0,1,1.4,4.38,17.72,11.17,611.58
2020-05-30 00:30:00,622.81,35.8,23.92,9.3,0.0,1,0.38,0.38,32.72,26.17,626.58
2020-05-30 00:45:00,609.75,35.07,23.85,9.47,0.0,1,4.38,8.37,9.53,1.42,641.58
2020-05-30 01:00:00,622.81,34.8,23.82,9.55,0.0,1,11.37,1.35,24.53,12.58,656.58
2020-05-30 01:15:00,608.73,33.6,23.82,9.43,0.0,1,2.35,5.85,39.53,13.7,671.58
2020-05-30 01:30:00,574.19,33.0,23.82,9.3,0.0,1,4.35,20.85,54.53,14.77,686.58
2020-05-30 01:45:00,585.81,32.33,23.82,9.3,0.0,1,9.35,4.33,69.53,29.77,701.58
2020-05-30 02:00:00,592.0,31.0,23.89,9.36,0.0,1,24.35,19.33,9.48,2.25,716.58
2020-05-30 02:15:00,592.43,31.0,23.92,9.79,0.0,1,9.32,34.33,24.48,0.77,731.58
2020-05-30 02:30:00,592.04,31.0,23.91,10.3,0.0,1,7.32,49.33,0.45,8.17,746.58
2020-05-30 02:45:00,579.95,31.0,23.82,10.19,0.0,1,2.3,64.33,15.45,7.47,761.58
2020-05-30 03:00:00,592.96,31.0,23.77,10.2,0.0,1,17.3,79.33,6.45,9.83,776.58
2020-05-30 03:15:00,587.95,31.0,23.72,10.29,0.0,1,4.28,94.33,21.45,5.97,791.58
2020-05-30 03:30:00,577.92,31.0,23.72,10.49,0.0,0,19.28,109.33,36.45,1.28,806.58
2020-05-30 03:45:00,581.93,31.0,23.72,10.48,0.0,0,3.43,124.33,51.45,16.28,821.58
2020-05-30 04:00:00,579.41,32.33,23.61,10.54,0.0,1,9.42,9.75,13.25,6.13,836.58
2020-05-30 04:15:00,596.05,33.0,23.6,10.6,0.0,1,12.42,24.75,28.25,21.13,851.58
2020-05-30 04:30:00,597.76,33.0,23.55,10.85,0.0,1,27.42,39.75,7.23,5.95,866.58
2020-05-30 04:45:00,594.99,33.13,23.5,11.12,0.0,1,11.4,0.72,22.23,7.9,881.58
2020-05-30 05:00:00,585.26,33.07,23.52,11.38,0.0,1,6.38,0.72,2.7,0.57,896.58
2020-05-30 05:15:00,599.27,34.0,23.66,11.66,0.0,1,7.38,15.72,8.7,11.0,911.58
2020-05-30 05:30:00,614.1,34.0,23.86,11.86,9.33,1,2.37,30.72,5.18,9.18,9.83
2020-05-30 05:45:00,568.73,33.6,23.92,11.97,14.0,1,1.35,4.85,20.18,0.98,24.83
2020-05-30 06:00:00,515.18,33.07,23.9,12.19,17.67,1,8.35,6.85,2.17,3.33,0.8
2020-05-30 06:15:00,516.1,33.87,23.82,12.51,80.34,1,8.35,0.5,17.17,6.72,3.8
2020-05-30 06:30:00,530.77,34.8,23.83,12.97,105.71,1,3.33,0.32,0.15,6.23,9.78
2020-05-30 06:45:00,546.54,34.8,23.92,13.16,132.91,1,1.32,2.98,15.15,0.13,4.78
2020-05-30 07:00:00,569.05,35.0,23.92,13.39,138.24,1,13.32,17.98,30.15,0.62,0.43
2020-05-30 07:15:00,555.18,34.67,23.96,13.82,233.57,1,2.3,2.97,5.12,2.42,1.43
2020-05-30 07:30:00,515.58,34.93,23.95,14.18,230.45,1,1.28,12.95,9.12,1.93,1.92
2020-05-30 07:45:00,529.24,35.87,23.92,14.58,296.0,1,7.28,12.95,24.12,0.6,0.4
2020-05-30 08:00:00,533.23,34.0,24.13,15.13,446.27,1,4.27,0.27,0.92,1.55,1.9
2020-05-30 08:15:00,498.11,32.07,24.42,15.25,378.21,1,0.6,2.75,6.92,0.25,0.38
2020-05-30 08:30:00,481.17,31.53,24.57,15.54,316.61,1,4.58,0.58,13.75,1.92,0.37
2020-05-30 08:45:00,475.24,32.2,24.58,15.81,223.62,1,2.58,1.73,28.75,1.83,1.53
2020-05-30 09:00:00,482.88,34.6,24.58,15.89,284.43,1,17.58,7.23,43.75,0.12,0.02
2020-05-30 09:15:00,468.18,35.0,24.59,16.44,280.41,0,12.57,22.23,1.72,0.27,0.02
2020-05-30 09:30:00,465.92,35.0,24.71,16.84,310.21,0,27.57,37.23,3.2,1.03,0.0
2020-05-30 09:45:00,460.29,34.27,24.78,16.81,232.75,0,5.53,0.2,18.2,0.62,0.5
2020-05-30 10:00:00,451.84,34.07,24.9,16.93,223.81,0,20.53,11.18,14.35,0.5,0.98
2020-05-30 10:15:00,451.84,34.0,24.91,17.16,241.47,0,35.53,26.18,1.5,0.57,2.48
2020-05-30 10:30:00,451.84,33.67,25.0,17.37,226.92,0,50.53,0.0,16.5,0.13,6.47
2020-05-30 10:45:00,451.84,33.0,25.0,17.5,204.26,0,65.53,15.0,31.5,0.38,8.13
2020-05-30 11:00:00,451.84,33.0,25.0,17.61,197.03,0,80.53,30.0,46.5,0.28,0.12
2020-05-30 11:15:00,451.84,33.0,25.0,17.68,181.73,0,95.53,45.0,61.5,0.0,0.1
2020-05-30 11:30:00,451.84,33.0,25.0,17.91,143.96,0,110.53,60.0,76.5,0.3,5.6
2020-05-30 11:45:00,452.57,31.93,25.09,18.1,122.21,1,0.62,7.95,12.45,0.25,5.58
2020-05-30 12:00:00,473.17,30.47,25.04,18.1,94.67,1,3.62,6.93,7.43,1.97,9.08
2020-05-30 12:15:00,488.85,30.8,24.97,18.21,86.0,1,4.6,11.93,1.58,1.37,2.57
2020-05-30 12:30:00,474.13,31.0,24.88,18.03,75.07,0,9.6,26.93,16.58,3.75,3.55
2020-05-30 12:45:00,470.72,31.13,24.88,18.25,67.0,0,24.6,3.73,31.58,0.27,18.55
2020-05-30 13:00:00,457.92,31.0,24.88,17.93,66.33,0,14.58,14.07,46.58,3.12,0.7
2020-05-30 13:15:00,457.92,31.0,24.88,17.94,57.0,0,29.58,29.07,61.58,0.28,15.7
2020-05-30 13:30:00,457.92,31.0,24.79,17.82,57.0,0,44.58,44.07,10.72,0.13,30.7
2020-05-30 13:45:00,468.25,30.6,24.78,17.84,56.33,1,10.55,0.03,2.7,2.75,0.67
2020-05-30 14:00:00,462.29,30.13,24.86,17.75,47.0,1,12.55,9.03,17.7,0.22,15.67
2020-05-30 14:15:00,466.77,30.13,24.86,17.31,47.0,1,7.53,10.02,32.7,1.73,30.67
2020-05-30 14:30:00,460.74,30.0,24.86,17.17,42.33,1,11.52,25.02,47.7,0.23,6.65
2020-05-30 14:45:00,465.6,30.0,24.79,16.65,37.0,1,8.52,40.02,10.67,1.7,21.65
2020-05-30 15:00:00,470.72,30.0,24.76,16.39,37.0,1,23.52,55.02,25.67,0.47,36.65
2020-05-30 15:15:00,472.21,29.93,24.76,16.12,37.0,1,2.48,8.32,40.67,1.05,51.65
2020-05-30 15:30:00,470.87,29.6,24.65,15.8,37.0,1,0.47,6.3,13.47,0.87,66.65
2020-05-30 15:45:00,508.84,30.0,24.64,15.74,28.33,1,2.47,21.3,28.47,4.42,12.27
2020-05-30 16:00:00,491.86,30.0,24.49,15.51,27.0,1,3.62,36.3,4.12,1.32,27.27
2020-05-30 16:15:00,488.81,30.0,24.33,15.35,27.0,1,10.62,51.3,12.1,12.88,42.27
2020-05-30 16:30:00,481.9,30.6,24.27,15.09,27.0,0,3.6,8.27,6.43,1.47,57.27
2020-05-30 16:45:00,469.06,31.0,24.22,14.76,27.0,0,2.6,23.27,21.43,2.5,72.27
2020-05-30 17:00:00,465.81,30.93,24.21,14.54,27.0,0,9.58,0.23,0.4,3.55,87.27
2020-05-30 17:15:00,461.76,30.0,24.1,14.18,26.33,0,24.58,15.23,15.4,5.03,0.87
2020-05-30 17:30:00,461.76,30.0,24.07,13.87,17.0,0,39.58,30.23,3.22,7.42,15.87
2020-05-30 17:45:00,461.76,30.0,24.0,13.65,17.0,0,54.58,45.23,18.22,0.1,30.87
2020-05-30 18:00:00,461.76,30.0,23.95,13.34,17.0,0,69.58,60.23,6.2,4.88,45.87
2020-05-30 18:15:00,463.64,30.53,23.9,12.97,0.0,1,0.53,0.03,21.2,0.55,14.85
2020-05-30 18:30:00,514.62,32.67,23.99,12.69,0.0,1,2.53,1.68,13.85,0.85,29.85
2020-05-30 18:45:00,517.72,30.6,24.0,12.35,0.0,1,0.52,5.68,28.85,0.2,44.85
2020-05-30 19:00:00,492.8,30.0,24.0,12.0,0.0,1,15.52,20.68,43.85,7.98,59.85
2020-05-30 19:15:00,492.8,30.0,23.95,11.7,0.0,1,30.52,35.68,7.82,2.32,74.85
2020-05-30 19:30:00,492.8,30.0,23.87,11.38,0.0,1,45.52,50.68,3.82,1.88,89.85
2020-05-30 19:45:00,496.04,29.93,23.8,11.12,0.0,1,3.48,8.47,18.82,9.37,104.85
2020-05-30 20:00:00,529.22,30.0,23.8,10.91,0.0,1,3.47,23.47,33.82,1.48,119.85
2020-05-30 20:15:00,544.96,29.8,23.8,10.62,0.0,1,18.47,0.45,48.82,1.68,134.85
2020-05-30 20:30:00,591.06,29.87,23.82,10.32,0.0,1,0.95,12.45,2.93,5.72,149.85
2020-05-30 20:45:00,658.22,30.0,23.94,9.96,0.0,1,1.1,27.45,2.93,2.43,164.85
2020-05-30 21:00:00,645.53,30.0,24.02,9.81,0.0,1,6.1,42.45,17.93,2.95,179.85
2020-05-30 21:15:00,606.34,30.0,24.02,9.66,0.0,1,1.08,57.45,32.93,4.07,194.85
2020-05-30 21:30:00,588.42,30.13,24.01,9.48,0.0,1,1.08,3.9,1.57,4.52,209.85
2020-05-30 21:45:00,612.37,30.0,23.89,9.36,0.0,1,0.07,18.9,4.4,6.7,224.85
2020-05-30 22:00:00,594.71,30.0,23.82,9.27,0.0,0,1.07,33.9,19.4,4.6,239.85
2020-05-30 22:15:00,581.72,30.0,23.76,9.1,0.0,0,3.05,48.9,8.38,1.6,254.85
2020-05-30 22:30:00,572.8,30.07,23.72,8.87,0.0,1,18.05,2.03,23.38,10.57,269.85
2020-05-30 22:45:00,570.92,30.73,23.72,8.71,0.0,1,2.03,10.03,38.38,2.8,284.85
2020-05-30 23:00:00,577.92,31.0,23.72,8.71,0.0,1,17.03,25.03,53.38,13.75,299.85
2020-05-30 23:15:00,577.92,31.0,23.72,8.69,0.0,1,32.03,40.03,68.38,3.27,314.85
2020-05-30 23:30:00,577.92,31.0,23.72,8.62,0.0,1,47.03,55.03,83.38,2.9,329.85
2020-05-30 23:45:00,573.44,31.0,23.72,8.46,0.0,1,5.0,70.03,98.38,4.67,344.85
2020-05-31 00:00:00,575.51,31.0,23.72,8.38,0.0,1,5.0,85.03,113.38,19.67,359.85
2020-05-31 00:15:00,569.92,31.0,23.72,8.29,0.0,0,20.0,100.03,128.38,0.42,374.85
2020-05-31 00:30:00,569.92,31.0,23.72,8.13,0.0,1,35.0,115.03,143.38,15.42,389.85
2020-05-31 00:45:00,571.5,31.0,23.72,8.07,0.0,1,1.97,130.03,158.38,6.1,404.85
2020-05-31 01:00:00,580.84,31.0,23.72,8.01,0.0,1,0.95,145.03,173.38,21.1,419.85
2020-05-31 01:15:00,568.0,31.0,23.72,7.91,0.0,1,15.95,160.03,188.38,12.82,434.85
2020-05-31 01:30:00,568.0,31.0,23.72,7.89,0.0,0,30.95,175.03,203.38,27.82,449.85
2020-05-31 01:45:00,568.0,31.0,23.72,7.89,0.0,0,45.95,190.03,218.38,42.82,464.85
2020-05-31 02:00:00,560.66,31.13,23.72,7.98,0.0,1,0.08,0.73,233.38,0.03,479.85
2020-05-31 02:15:00,572.22,33.0,23.72,8.13,0.0,1,1.07,0.23,248.38,15.03,494.85
2020-05-31 02:30:00,567.47,33.0,23.72,8.27,0.0,1,0.07,0.38,263.38,2.58,509.85
2020-05-31 02:45:00,560.0,32.47,23.72,8.59,0.0,1,15.07,0.7,278.38,3.92,524.85
2020-05-31 03:00:00,565.12,33.0,23.72,8.92,0.0,1,5.05,15.7,293.38,4.43,539.85
2020-05-31 03:15:00,574.12,33.0,23.72,9.3,0.0,1,5.03,30.7,308.38,0.82,554.85
2020-05-31 03:30:00,571.54,33.0,23.72,9.7,0.0,1,7.03,45.7,323.38,2.68,569.85
2020-05-31 03:45:00,560.68,33.0,23.61,10.21,0.0,1,3.02,60.7,13.18,5.83,584.85
2020-05-31 04:00:00,552.0,33.0,23.57,10.58,0.0,1,18.02,75.7,4.33,0.83,599.85
2020-05-31 04:15:00,566.93,33.0,23.49,11.26,0.0,1,13.0,90.7,0.32,1.77,614.85
2020-05-31 04:30:00,557.46,33.73,23.4,11.86,2.67,1,0.98,10.65,15.32,0.08,3.95
2020-05-31 04:45:00,562.79,34.0,23.4,12.26,7.33,1,1.98,25.65,30.32,2.12,3.93
2020-05-31 05:00:00,551.81,34.0,23.42,12.65,0.0,1,1.97,40.65,2.28,4.43,18.93
2020-05-31 05:15:00,560.87,34.0,23.5,13.09,0.0,0,1.97,55.65,17.28,3.17,33.93
2020-05-31 05:30:00,582.72,34.67,23.64,13.6,0.0,1,16.97,1.1,6.1,0.48,48.93
2020-05-31 05:45:00,582.72,34.07,23.85,14.02,0.0,1,31.97,4.27,0.42,1.73,63.93
2020-05-31 06:00:00,559.85,34.0,24.19,14.72,0.0,1,0.93,19.27,2.42,0.68,78.93
2020-05-31 06:15:00,562.03,33.67,24.55,15.22,0.0,1,1.92,3.42,3.4,2.18,93.93
2020-05-31 06:30:00,556.8,34.13,24.88,15.6,4.93,1,16.92,0.23,1.9,3.02,3.53
2020-05-31 06:45:00,612.52,44.53,25.26,16.05,5.73,1,3.07,2.88,0.38,2.28,4.03
2020-05-31 07:00:00,630.04,39.8,25.68,16.47,138.33,1,0.05,1.22,1.03,0.1,2.02
2020-05-31 07:15:00,514.97,31.93,26.01,16.93,180.18,1,2.05,5.37,9.03,1.25,2.5
2020-05-31 07:30:00,468.8,30.93,26.04,17.44,154.69,1,17.05,2.2,24.03,0.07,0.0
2020-05-31 07:45:00,463.27,30.33,26.01,17.94,151.07,1,6.03,0.35,2.02,4.15,1.48
2020-05-31 08:00:00,456.96,29.47,26.13,18.34,143.49,1,21.03,0.67,10.35,1.48,2.15
2020-05-31 08:15:00,456.96,29.0,26.1,18.4,147.56,1,36.03,8.67,7.33,0.5,0.63
2020-05-31 08:30:00,456.96,28.2,26.29,18.76,139.62,1,51.03,1.48,3.65,0.52,6.63
2020-05-31 08:45:00,447.25,28.2,26.41,19.03,139.04,1,12.0,1.48,5.65,0.02,21.63
2020-05-31 09:00:00,445.76,28.8,26.57,19.09,124.74,1,27.0,2.47,13.3,1.47,5.6
2020-05-31 09:15:00,456.0,28.27,26.58,19.01,120.6,1,14.98,3.45,28.3,0.3,3.6
2020-05-31 09:30:00,456.0,28.0,26.58,19.24,113.81,1,29.98,18.45,43.3,1.07,2.08
2020-05-31 09:45:00,451.22,27.93,26.67,19.49,105.04,1,6.95,5.43,12.27,0.0,17.08
2020-05-31 10:00:00,448.87,27.27,26.61,19.48,99.89,1,1.93,2.43,10.27,0.03,6.73
2020-05-31 10:15:00,444.8,27.13,26.56,19.54,94.0,1,16.93,11.43,2.25,1.2,21.73
2020-05-31 10:30:00,444.8,26.87,26.48,19.73,89.33,1,31.93,7.92,17.25,1.18,6.22
2020-05-31 10:45:00,453.01,26.73,26.48,19.72,84.0,1,10.92,0.9,32.25,0.08,21.22
2020-05-31 11:00:00,456.0,25.67,26.36,19.97,75.33,1,25.92,2.22,14.4,2.18,12.7
2020-05-31 11:15:00,456.0,25.0,26.36,20.14,72.67,1,40.92,17.22,29.4,0.37,1.68
2020-05-31 11:30:00,456.0,24.87,26.31,20.34,64.0,1,55.92,1.2,7.37,0.33,16.68
2020-05-31 11:45:00,466.24,25.33,26.05,20.84,56.67,1,11.03,2.2,10.03,1.07,9.67
2020-05-31 12:00:00,468.8,25.0,26.02,20.48,49.67,1,26.03,17.2,25.03,4.75,4.32
2020-05-31 12:15:00,463.72,24.67,25.93,20.6,43.0,1,5.02,0.17,12.02,1.38,19.32
2020-05-31 12:30:00,468.8,24.93,25.83,20.72,43.0,0,20.02,9.17,13.5,0.07,34.32
2020-05-31 12:45:00,467.22,24.8,25.82,20.83,33.67,0,1.0,4.15,28.5,0.03,13.8
2020-05-31 13:00:00,460.35,24.87,25.82,21.33,33.0,1,2.98,3.15,43.5,0.6,28.8
2020-05-31 13:15:00,465.17,24.73,25.79,21.21,33.0,1,9.98,2.13,3.63,2.0,43.8
2020-05-31 13:30:00,449.92,24.73,25.68,20.96,33.0,0,14.98,0.12,4.12,1.95,58.8
2020-05-31 13:45:00,449.92,25.13,25.58,21.16,27.0,0,29.98,7.95,2.12,1.23,8.42
2020-05-31 14:00:00,449.92,25.0,25.5,20.94,23.0,0,44.98,22.95,17.12,1.5,23.42
2020-05-31 14:15:00,449.92,25.0,25.44,20.8,23.0,0,59.98,37.95,8.6,2.98,38.42
2020-05-31 14:30:00,449.92,24.8,25.37,20.31,23.0,0,74.98,1.92,4.58,3.62,53.42
2020-05-31 14:45:00,449.92,24.8,25.3,19.99,23.0,1,89.98,0.92,19.58,2.53,68.42
2020-05-31 15:00:00,449.92,24.73,25.3,19.9,23.0,1,104.98,0.9,34.58,2.4,83.42
2020-05-31 15:15:00,449.92,24.27,25.3,19.63,24.4,1,119.98,2.88,49.58,2.12,0.87
2020-05-31 15:30:00,475.05,24.4,25.3,19.39,44.0,1,10.9,1.88,64.58,3.08,15.87
2020-05-31 15:45:00,464.53,24.33,25.17,19.14,44.0,1,5.88,3.87,13.53,2.17,30.87
2020-05-31 16:00:00,459.5,25.0,25.23,18.96,44.0,1,6.87,18.87,10.53,9.7,45.87
2020-05-31 16:15:00,461.23,25.0,25.26,18.88,44.0,1,4.87,33.87,25.53,1.38,60.87
2020-05-31 16:30:00,453.76,25.0,25.26,18.63,41.33,1,19.87,48.87,40.53,1.4,3.98
2020-05-31 16:45:00,458.54,25.0,25.26,18.29,34.0,1,6.02,63.87,55.53,0.83,18.98
2020-05-31 17:00:00,464.0,25.0,25.23,18.05,34.0,1,21.02,78.87,4.48,7.95,33.98
2020-05-31 17:15:00,456.26,25.0,25.16,17.72,28.0,1,4.0,93.87,19.48,3.38,8.95
2020-05-31 17:30:00,461.76,25.13,25.16,17.31,24.0,1,19.0,5.82,34.48,6.37,23.95
2020-05-31 17:45:00,458.13,25.0,25.16,17.01,24.0,1,4.98,20.82,49.48,3.77,38.95
2020-05-31 18:00:00,457.47,25.0,25.16,16.64,16.0,1,6.97,35.82,64.48,3.05,11.1
2020-05-31 18:15:00,464.0,25.0,25.09,16.25,12.67,1,14.97,50.82,10.62,1.4,9.08
2020-05-31 18:30:00,455.13,25.0,25.06,15.82,7.6,1,12.95,65.82,25.62,3.4,3.07
2020-05-31 18:45:00,453.76,25.0,24.96,15.5,0.0,1,27.95,80.82,14.6,3.47,18.07
2020-05-31 19:00:00,453.76,25.0,24.94,15.16,0.0,1,42.95,95.82,2.58,2.37,33.07
2020-05-31 19:15:00,453.76,25.0,24.84,14.77,0.0,1,57.95,110.82,17.58,2.92,48.07
2020-05-31 19:30:00,453.76,25.0,24.72,14.54,0.0,1,72.95,125.82,3.07,1.52,63.07
2020-05-31 19:45:00,449.47,25.0,24.64,14.24,0.0,1,0.9,140.82,18.07,0.9,78.07
2020-05-31 20:00:00,454.72,25.0,24.59,13.95,0.0,1,15.9,155.82,5.05,2.43,93.07
2020-05-31 20:15:00,454.72,25.0,24.52,13.7,0.0,1,30.9,170.82,20.05,14.13,108.07
2020-05-31 20:30:00,456.09,25.0,24.42,13.54,0.0,1,1.88,185.82,14.05,7.73,123.07
2020-05-31 20:45:00,464.96,25.0,24.39,13.33,0.0,1,16.88,200.82,3.03,1.1,138.07
2020-05-31 21:00:00,468.89,25.0,24.31,13.12,0.0,1,1.87,215.82,0.35,4.93,153.07
2020-05-31 21:15:00,461.76,25.13,24.22,12.91,0.0,1,16.87,5.83,15.35,4.47,168.07
2020-05-31 21:30:00,468.59,25.13,24.22,12.85,0.0,1,9.85,11.83,30.35,0.43,183.07
2020-05-31 21:45:00,493.74,26.87,24.11,12.56,0.0,1,0.0,8.15,5.82,9.2,198.07
2020-05-31 22:00:00,508.93,28.2,24.02,12.44,1.4,1,2.98,5.82,2.8,9.12,2.28
2020-05-31 22:15:00,599.25,30.33,23.78,12.2,15.33,1,2.47,3.63,11.8,10.52,4.77
2020-05-31 22:30:00,567.0,29.13,23.71,11.97,0.0,1,2.47,8.12,6.28,0.08,19.77
2020-05-31 22:45:00,510.4,29.13,23.6,11.74,0.0,0,5.45,0.12,8.28,7.83,34.77
2020-05-31 23:00:00,489.64,28.27,23.51,11.58,0.0,0,6.45,4.1,6.77,0.37,49.77
2020-05-31 23:15:00,472.47,28.8,23.46,11.44,0.0,0,12.1,1.08,21.77,15.37,64.77
2020-05-31 23:30:00,467.56,27.0,23.53,11.56,0.0,0,3.1,0.42,10.75,3.35,79.77
2020-05-31 23:45:00,458.88,25.0,23.56,11.66,0.0,0,18.1,14.42,25.75,0.17,94.77
