timestamp,co2_ppm,rh_pct,temp_in_c,temp_out_c,light_lux,presence,co2_age_min,rh_age_min,temp_in_age_min,temp_out_age_min,light_age_min
2020-05-01 15:30:00,540.69,43.37,20.93,6.83,9.5,0,1.88,18.72,16.22,1.15,0.02
2020-05-01 16:00:00,562.19,42.27,21.41,7.15,1.33,1,2.85,0.18,2.18,6.2,0.5
2020-05-01 16:30:00,619.66,42.03,21.2,6.92,2.33,1,0.33,13.02,1.17,6.7,19.98
2020-05-01 17:00:00,765.53,41.2,22.07,6.98,0.0,1,9.32,12.98,5.48,2.58,49.98
2020-05-01 17:30:00,818.15,40.57,22.48,7.14,4.2,1,6.97,12.47,4.63,32.58,10.12
2020-05-01 18:00:00,709.77,38.77,22.81,7.14,0.0,1,4.62,11.28,22.12,62.58,40.12
2020-05-01 18:30:00,555.36,39.1,22.07,7.14,0.0,1,0.6,0.42,4.58,0.5,70.12
2020-05-01 19:00:00,681.01,40.5,22.04,7.18,0.0,1,0.57,8.4,13.08,20.47,100.12
2020-05-01 19:30:00,730.62,40.43,22.2,7.14,0.0,1,1.57,15.4,18.07,50.47,130.12
2020-05-01 20:00:00,685.35,39.47,22.3,7.14,0.0,1,5.55,6.03,17.22,80.47,160.12
2020-05-01 20:30:00,649.82,38.0,22.38,7.1,0.0,1,5.52,36.03,11.18,10.55,190.12
2020-05-01 21:00:00,757.31,39.5,22.44,7.02,0.0,1,0.33,0.5,41.18,40.55,220.12
2020-05-01 21:30:00,696.96,41.33,22.51,6.94,0.0,1,19.5,19.5,20.82,17.3,250.12
2020-05-01 22:00:00,723.56,40.23,22.54,6.85,0.0,1,5.47,0.13,50.82,9.62,280.12
2020-05-01 22:30:00,677.56,38.33,22.54,6.77,0.0,1,1.45,24.62,80.82,39.62,310.12
2020-05-01 23:00:00,656.94,38.33,22.5,6.65,0.0,1,1.6,0.42,12.93,26.18,340.12
2020-05-01 23:30:00,660.51,39.87,22.48,6.64,0.0,1,16.58,10.92,11.92,56.18,370.12
2020-05-02 00:00:00,654.63,40.0,22.54,6.64,0.0,1,1.55,40.92,41.92,0.52,400.12
2020-05-02 00:30:00,672.25,39.93,22.54,6.78,0.0,1,1.53,10.37,71.92,1.1,430.12
2020-05-02 01:00:00,660.95,39.87,22.54,6.92,0.0,0,2.52,0.02,101.92,5.22,460.12
2020-05-02 01:30:00,624.61,38.73,22.54,7.02,0.0,0,0.83,5.67,131.92,35.22,490.12
2020-05-02 02:00:00,603.2,39.5,22.54,7.05,0.0,1,0.82,14.48,161.92,6.4,520.12
2020-05-02 02:30:00,661.5,38.8,22.54,7.12,0.0,1,3.3,17.13,191.92,4.1,550.12
2020-05-02 03:00:00,651.99,37.93,22.54,6.89,0.0,1,1.28,6.95,221.92,6.57,580.12
2020-05-02 03:30:00,627.63,37.7,22.64,6.67,0.0,1,0.25,10.93,20.93,2.82,610.12
2020-05-02 04:00:00,663.63,37.1,22.68,6.93,1.33,1,0.07,0.73,50.93,3.43,3.05
2020-05-02 04:30:00,598.24,36.03,22.68,7.31,10.0,0,7.72,25.73,80.93,2.43,33.05
2020-05-02 05:00:00,554.22,36.0,22.69,7.59,28.73,1,3.7,55.73,2.87,16.32,2.18
2020-05-02 05:30:00,508.06,35.33,22.56,7.74,623.28,1,10.68,9.68,6.18,2.98,0.15
2020-05-02 06:00:00,470.51,36.0,21.73,8.09,692.34,1,27.68,39.68,4.67,11.82,0.13
2020-05-02 06:30:00,480.6,36.17,21.25,8.33,596.12,1,1.82,9.65,0.82,0.15,1.62
2020-05-02 07:00:00,529.27,35.37,22.07,8.72,222.06,1,5.8,18.63,1.12,0.22,0.27
2020-05-02 07:30:00,563.73,34.27,22.48,8.81,229.66,1,22.8,21.95,0.6,3.15,0.25
2020-05-02 08:00:00,625.14,34.03,22.97,9.05,389.33,1,1.25,4.92,0.08,1.5,0.23
2020-05-02 08:30:00,648.02,33.8,23.51,9.56,546.25,1,0.23,6.9,11.9,0.77,0.22
2020-05-02 09:00:00,558.69,32.4,23.77,9.74,501.33,1,7.55,8.22,4.88,2.33,0.35
2020-05-02 09:30:00,486.21,31.0,24.06,10.13,349.21,0,25.22,38.22,28.05,0.78,0.33
2020-05-02 10:00:00,470.17,30.63,24.16,10.4,196.8,0,9.18,0.17,28.02,0.18,0.32
2020-05-02 10:30:00,458.24,30.0,24.16,10.68,197.53,0,3.15,29.17,58.02,0.13,0.8
2020-05-02 11:00:00,454.72,30.0,24.16,11.36,280.64,0,33.15,59.17,88.02,2.48,0.45
2020-05-02 11:30:00,452.18,29.87,24.24,11.89,274.29,0,18.3,0.95,23.13,1.35,1.43
2020-05-02 12:00:00,449.66,29.0,24.35,12.42,224.12,0,23.28,30.95,25.1,0.03,2.42
2020-05-02 12:30:00,448.78,29.0,24.31,12.21,97.84,0,6.25,60.95,0.07,0.73,0.88
2020-05-02 13:00:00,448.96,29.0,24.15,12.74,111.24,0,29.25,90.95,2.05,0.15,0.03
2020-05-02 13:30:00,454.02,29.23,24.06,13.48,95.31,1,0.2,5.87,32.05,1.65,3.02
2020-05-02 14:00:00,478.93,30.4,23.83,13.96,83.41,1,4.18,11.85,10.52,0.02,16.5
2020-05-02 14:30:00,483.57,29.5,23.75,14.64,68.07,1,1.17,7.33,0.33,1.68,3.48
2020-05-02 15:00:00,580.9,29.97,23.48,13.32,49.67,1,14.17,28.33,30.33,0.02,21.13
2020-05-02 15:30:00,613.99,30.0,23.48,13.12,47.0,1,8.97,58.33,60.33,1.28,51.13
2020-05-02 16:00:00,644.52,30.07,23.48,12.74,29.37,1,7.95,19.62,90.33,0.58,20.6
2020-05-02 16:30:00,647.66,30.53,23.48,11.88,25.33,1,28.95,13.6,120.33,1.37,1.73
2020-05-02 17:00:00,641.31,36.63,23.44,11.85,16.0,1,1.92,0.9,9.57,2.62,31.73
2020-05-02 17:30:00,562.05,35.07,23.53,11.57,2.13,1,19.9,4.55,13.72,12.4,25.72
2020-05-02 18:00:00,520.76,33.4,23.58,10.93,0.0,1,1.38,15.72,43.72,1.03,55.72
2020-05-02 18:30:00,491.87,32.2,23.45,10.05,0.0,1,1.52,13.18,10.02,2.38,85.72
2020-05-02 19:00:00,589.12,33.4,23.4,9.95,0.0,1,21.52,1.17,4.0,3.32,115.72
2020-05-02 19:30:00,600.17,33.0,23.54,9.9,0.0,1,11.98,31.17,18.32,14.08,145.72
2020-05-02 20:00:00,594.39,33.0,23.58,9.73,0.0,1,6.97,61.17,48.32,0.33,175.72
2020-05-02 20:30:00,609.81,33.23,23.58,9.22,0.0,1,9.95,2.1,0.27,0.28,205.72
2020-05-02 21:00:00,589.09,33.27,23.48,9.1,0.0,1,2.92,7.08,30.27,1.12,235.72
2020-05-02 21:30:00,563.16,33.33,23.47,9.03,0.0,1,5.4,6.9,4.57,3.55,265.72
2020-05-02 22:00:00,534.95,33.9,23.22,8.91,0.0,1,1.38,26.88,34.57,2.3,295.72
2020-05-02 22:30:00,572.91,34.77,23.22,8.89,0.0,1,6.37,19.03,64.57,7.3,325.72
2020-05-02 23:00:00,594.07,35.1,23.22,8.75,0.0,1,10.35,22.18,94.57,22.95,355.72
2020-05-02 23:30:00,575.77,35.0,23.22,8.72,0.0,1,9.5,52.18,124.57,52.95,385.72
2020-05-03 00:00:00,567.8,35.0,23.22,8.49,0.0,1,4.47,82.18,154.57,9.2,415.72
2020-05-03 00:30:00,566.06,35.0,23.12,8.22,0.0,1,4.45,112.18,24.95,17.73,445.72
2020-05-03 01:00:00,562.99,35.0,23.1,8.04,0.0,1,24.45,142.18,54.95,6.33,475.72
2020-05-03 01:30:00,571.01,35.0,23.1,7.76,0.0,1,4.42,172.18,84.95,6.55,505.72
2020-05-03 02:00:00,567.77,35.0,23.1,7.85,0.0,1,20.42,202.18,114.95,5.23,535.72
2020-05-03 02:30:00,557.17,35.0,23.1,8.02,0.0,0,4.38,232.18,144.95,9.35,565.72
2020-05-03 03:00:00,561.77,35.53,23.1,7.97,0.0,1,1.37,0.03,174.95,7.75,595.72
2020-05-03 03:30:00,565.49,36.0,23.18,8.01,0.0,1,5.35,30.03,24.02,0.0,625.72
2020-05-03 04:00:00,552.16,35.33,23.24,7.93,3.6,1,1.83,8.0,7.98,7.13,0.63
2020-05-03 04:30:00,476.46,34.27,22.95,7.71,31.6,1,17.82,4.13,5.3,3.37,8.78
2020-05-03 05:00:00,470.72,34.67,22.32,8.43,584.08,1,47.82,19.13,13.78,1.25,3.27
2020-05-03 05:30:00,472.21,35.0,21.91,9.32,1340.8,1,3.93,49.13,14.93,0.7,0.23
2020-05-03 06:00:00,473.95,35.0,21.84,10.04,1233.26,1,8.93,79.13,19.75,5.12,0.72
2020-05-03 06:30:00,470.72,34.57,22.02,10.96,1008.0,1,38.93,12.07,0.55,1.8,3.37
2020-05-03 07:00:00,466.73,33.93,22.43,11.26,865.28,1,13.88,20.55,1.53,1.0,0.35
2020-05-03 07:30:00,470.72,33.0,22.95,11.74,955.84,1,43.88,2.85,10.02,2.07,0.33
2020-05-03 08:00:00,490.35,30.37,23.45,12.19,519.74,1,1.85,18.85,0.0,0.32,5.32
2020-05-03 08:30:00,497.3,28.4,24.39,13.05,504.0,1,8.83,17.83,1.65,0.12,0.47
2020-05-03 09:00:00,461.67,27.27,24.93,13.12,185.41,1,21.82,21.32,8.97,0.03,0.45
2020-05-03 09:30:00,450.05,26.27,25.2,13.77,494.67,0,17.8,9.12,6.45,0.23,0.42
2020-05-03 10:00:00,447.78,25.0,25.5,13.53,158.21,0,22.78,39.12,6.77,0.07,4.92
2020-05-03 10:30:00,448.6,25.2,25.55,11.05,60.13,1,6.92,2.73,7.73,0.22,1.05
2020-05-03 11:00:00,538.26,28.57,25.48,9.57,54.93,1,8.9,2.22,37.73,0.22,0.03
2020-05-03 11:30:00,574.69,30.0,25.5,11.11,181.23,1,3.88,32.22,4.7,1.22,1.52
2020-05-03 12:00:00,589.18,30.0,25.58,11.84,119.85,1,1.52,62.22,34.7,0.57,0.67
2020-05-03 12:30:00,614.75,30.03,25.47,12.01,80.05,1,1.67,26.85,2.67,0.22,6.65
2020-05-03 13:00:00,563.39,29.37,25.3,11.46,27.33,1,1.65,18.82,3.13,2.38,9.63
2020-05-03 13:30:00,495.0,29.0,25.08,10.79,74.78,0,0.3,48.82,22.13,2.87,1.6
2020-05-03 14:00:00,501.65,29.17,24.54,11.52,56.77,1,1.27,20.78,0.77,0.05,4.25
2020-05-03 14:30:00,564.44,30.13,24.52,8.99,18.67,1,2.42,10.58,30.77,4.42,24.25
2020-05-03 15:00:00,581.99,32.27,24.52,8.24,31.87,1,5.07,18.23,60.77,3.85,3.7
2020-05-03 15:30:00,566.27,33.0,24.65,8.75,44.67,1,12.05,48.23,2.87,2.28,14.2
2020-05-03 16:00:00,532.61,32.67,24.85,9.38,44.67,1,4.03,0.18,3.68,0.1,19.85
2020-05-03 16:30:00,572.94,32.93,24.94,9.47,36.67,1,0.0,6.83,33.68,8.25,5.32
2020-05-03 17:00:00,585.45,32.8,24.94,9.34,22.5,1,3.15,0.32,63.68,2.52,14.8
2020-05-03 17:30:00,560.1,32.27,24.87,9.54,1.7,1,0.13,1.47,1.12,28.3,26.78
2020-05-03 18:00:00,522.6,34.1,24.03,9.51,0.0,1,1.78,1.78,3.43,2.13,56.78
2020-05-03 18:30:00,585.49,34.13,24.07,9.32,0.0,1,0.77,10.27,1.25,0.15,86.78
2020-05-03 19:00:00,502.92,34.8,23.41,9.3,0.0,1,0.58,25.42,8.23,8.72,116.78
2020-05-03 19:30:00,574.74,35.0,23.62,8.75,0.0,1,13.57,55.42,29.4,3.18,146.78
2020-05-03 20:00:00,587.88,34.97,23.69,8.23,0.0,1,2.88,0.53,16.37,11.98,176.78
2020-05-03 20:30:00,619.42,34.07,23.74,8.23,0.0,1,6.87,22.53,46.37,5.17,206.78
2020-05-03 21:00:00,617.9,34.0,23.8,7.48,0.0,1,21.85,52.53,16.33,5.55,236.78
2020-05-03 21:30:00,598.27,34.27,23.82,6.76,0.0,1,21.83,0.48,6.47,2.7,266.78
2020-05-03 22:00:00,576.09,34.23,23.74,6.98,0.0,1,12.8,14.47,36.47,3.58,296.78
2020-05-03 22:30:00,569.43,34.0,23.74,7.13,0.0,1,2.78,44.47,66.47,2.1,326.78
2020-05-03 23:00:00,587.34,34.0,23.74,7.04,0.0,1,6.77,74.47,96.47,3.12,356.78
2020-05-03 23:30:00,573.15,34.0,23.74,6.85,0.0,1,19.75,104.47,126.47,4.57,386.78
2020-05-04 00:00:00,595.01,34.0,23.74,6.06,0.0,1,4.72,134.47,156.47,3.42,416.78
2020-05-04 00:30:00,608.6,34.0,23.74,5.57,0.0,1,18.72,164.47,186.47,19.23,446.78
2020-05-04 01:00:00,606.83,34.0,23.74,5.45,0.0,1,2.85,194.47,216.47,6.43,476.78
2020-05-04 01:30:00,571.93,34.0,23.74,5.38,0.0,1,2.83,224.47,246.47,21.07,506.78
2020-05-04 02:00:00,549.01,33.77,23.74,4.59,0.0,0,13.82,0.13,276.47,1.02,536.78
2020-05-04 02:30:00,598.39,33.73,23.74,3.72,0.0,1,6.78,6.28,306.47,25.28,566.78
2020-05-04 03:00:00,597.74,33.03,23.74,4.07,0.0,1,5.77,26.28,336.47,4.28,596.78
2020-05-04 03:30:00,646.44,33.6,23.74,4.79,0.0,1,1.08,9.25,366.47,1.63,626.78
2020-05-04 04:00:00,585.92,33.0,23.69,5.61,0.0,1,8.07,39.25,15.4,1.45,656.78
2020-05-04 04:30:00,572.86,33.0,23.64,6.55,0.0,1,11.05,69.25,45.4,5.95,686.78
2020-05-04 05:00:00,533.23,32.97,23.44,7.47,424.83,1,6.03,0.68,0.35,1.72,0.33
2020-05-04 05:30:00,472.96,33.83,22.25,8.8,942.7,1,23.02,6.67,9.67,3.1,0.48
2020-05-04 06:00:00,470.72,34.0,21.72,9.23,598.3,1,53.02,36.67,1.82,1.7,0.45
2020-05-04 06:30:00,470.72,34.07,21.35,9.85,454.19,1,83.02,3.97,0.12,8.38,0.43
2020-05-04 07:00:00,515.69,34.7,22.02,10.16,192.96,1,2.95,20.95,4.6,1.62,0.42
2020-05-04 07:30:00,577.45,34.27,22.71,10.98,254.7,1,23.95,21.93,2.58,0.03,0.07
2020-05-04 08:00:00,592.83,33.47,23.17,11.15,282.81,1,2.75,15.92,5.57,2.38,0.05
2020-05-04 08:30:00,586.6,32.3,23.66,11.58,586.49,1,1.72,2.38,3.55,1.82,0.03
2020-05-04 09:00:00,628.35,37.73,24.33,11.91,614.1,1,1.7,0.2,1.37,1.12,0.18
2020-05-04 09:30:00,618.61,37.2,25.04,9.35,115.15,1,16.7,0.02,9.35,0.37,7.17
2020-05-04 10:00:00,595.11,32.37,25.12,5.26,39.37,1,1.67,0.0,17.17,1.38,0.13
2020-05-04 10:30:00,578.56,30.97,24.98,5.58,93.69,1,2.82,5.15,29.15,0.28,0.62
2020-05-04 11:00:00,531.83,30.53,25.08,5.79,89.31,1,2.8,8.13,0.12,5.37,6.6
2020-05-04 11:30:00,590.87,31.0,25.29,5.64,20.0,1,1.78,38.13,9.1,2.17,36.6
2020-05-04 12:00:00,622.82,31.0,25.4,4.81,20.0,1,11.77,68.13,39.1,0.17,66.6
2020-05-04 12:30:00,681.17,31.87,25.32,4.58,20.0,1,0.07,0.4,1.57,10.97,96.6
2020-05-04 13:00:00,512.09,32.47,24.72,4.49,22.67,1,2.55,1.38,0.37,13.4,7.87
2020-05-04 13:30:00,535.43,33.13,23.91,4.8,26.0,1,0.53,4.87,16.37,13.65,7.33
2020-05-04 14:00:00,598.08,34.0,23.77,5.07,76.23,1,0.52,6.67,1.67,1.98,1.32
2020-05-04 14:30:00,596.83,33.27,23.77,5.14,55.7,1,12.5,17.67,4.32,8.37,5.3
2020-05-04 15:00:00,602.37,32.67,24.07,4.93,56.83,1,0.47,3.47,0.62,38.37,3.95
2020-05-04 15:30:00,524.63,31.97,24.32,4.83,27.33,1,2.45,0.12,2.6,4.52,25.43
2020-05-04 16:00:00,480.41,31.0,23.95,4.49,26.0,1,25.45,1.58,6.25,0.55,55.43
2020-05-04 16:30:00,541.63,31.87,23.53,4.28,32.0,1,0.42,0.73,17.57,6.77,3.38
2020-05-04 17:00:00,629.38,34.57,23.67,4.03,27.0,1,1.38,4.72,4.55,3.93,33.38
2020-05-04 17:30:00,573.34,34.17,24.1,3.6,12.6,1,4.72,6.87,17.53,5.62,15.02
2020-05-04 18:00:00,570.87,31.47,24.19,3.47,0.0,1,3.7,8.18,1.35,16.85,45.02
2020-05-04 18:30:00,606.1,30.0,24.28,3.14,0.0,1,11.68,6.17,31.35,7.12,75.02
2020-05-04 19:00:00,580.48,28.63,24.29,2.84,0.0,1,11.65,1.15,1.3,8.23,105.02
2020-05-04 19:30:00,523.3,27.93,24.25,2.62,0.0,1,7.63,0.97,14.3,0.58,135.02
2020-05-04 20:00:00,482.2,27.33,24.1,2.57,3.67,0,1.78,5.95,24.28,8.62,4.58
2020-05-04 20:30:00,576.34,28.07,24.11,2.49,22.0,1,2.77,3.92,7.75,6.1,34.58
2020-05-04 21:00:00,603.23,33.83,24.26,2.48,20.53,1,1.75,0.4,1.73,36.1,1.72
2020-05-04 21:30:00,632.32,32.57,24.46,2.6,0.0,1,12.73,2.88,18.72,26.62,31.72
2020-05-04 22:00:00,599.05,29.27,24.29,2.71,0.0,1,1.7,2.87,8.37,1.87,61.72
2020-05-04 22:30:00,575.9,28.13,24.22,2.88,0.0,1,12.68,15.85,38.37,11.28,91.72
2020-05-04 23:00:00,570.66,28.0,24.16,3.11,0.0,1,8.67,45.85,13.32,1.53,121.72
2020-05-04 23:30:00,566.7,27.47,24.09,3.22,0.0,1,27.67,6.3,3.97,2.35,151.72
2020-05-05 00:00:00,564.91,27.03,24.0,3.27,0.0,1,1.62,28.3,33.97,5.43,181.72
2020-05-05 00:30:00,559.51,27.33,24.0,3.22,0.0,0,3.6,5.43,63.97,11.9,211.72
2020-05-05 01:00:00,590.89,27.7,24.0,3.3,0.0,1,6.75,6.58,93.97,41.9,241.72
2020-05-05 01:30:00,574.43,27.23,24.0,3.37,0.0,1,16.73,3.57,0.05,20.23,271.72
2020-05-05 02:00:00,571.53,27.07,23.9,3.49,0.0,1,1.72,18.55,30.05,19.43,301.72
2020-05-05 02:30:00,599.8,27.53,23.9,3.53,0.0,1,4.7,0.68,60.05,49.43,331.72
2020-05-05 03:00:00,598.76,27.03,23.9,3.41,0.0,1,2.67,4.67,90.05,0.07,361.72
2020-05-05 03:30:00,575.14,27.0,23.88,3.34,0.0,0,16.67,34.67,5.48,2.27,391.72
2020-05-05 04:00:00,578.87,27.13,23.8,3.45,6.83,1,1.63,1.63,35.48,10.55,0.93
2020-05-05 04:30:00,614.07,27.13,23.8,3.75,34.33,1,1.62,6.6,65.48,3.37,4.08
2020-05-05 05:00:00,604.8,27.27,23.8,4.18,56.57,1,31.62,3.58,95.48,7.58,0.07
2020-05-05 05:30:00,598.55,27.97,23.8,4.79,61.38,1,18.58,21.58,125.48,9.2,5.55
2020-05-05 06:00:00,579.38,28.3,23.8,5.17,38.33,1,13.72,8.38,155.48,6.97,4.53
2020-05-05 06:30:00,590.33,29.03,23.81,5.33,36.37,1,3.7,4.37,2.52,11.48,12.18
2020-05-05 07:00:00,514.62,28.03,23.92,5.66,39.63,1,6.68,28.37,32.52,2.13,0.65
2020-05-05 07:30:00,471.5,28.0,23.78,6.17,58.97,0,10.17,58.37,13.48,6.62,3.13
2020-05-05 08:00:00,464.0,28.77,23.56,6.29,49.9,0,40.17,22.32,12.97,12.68,1.78
2020-05-05 08:30:00,464.0,29.0,23.43,6.44,53.73,0,70.17,52.32,19.95,11.85,0.77
2020-05-05 09:00:00,456.49,29.0,23.36,7.18,84.47,0,5.1,82.32,10.93,1.57,1.25
2020-05-05 09:30:00,461.39,29.0,23.29,8.04,128.82,0,6.08,112.32,1.57,0.7,0.22
2020-05-05 10:00:00,457.26,29.03,23.18,9.27,188.77,1,10.07,10.4,31.57,0.02,6.87
2020-05-05 10:30:00,528.74,29.73,23.09,9.87,148.31,1,3.72,21.38,21.55,4.97,0.85
2020-05-05 11:00:00,569.39,29.77,23.06,10.4,101.9,1,1.7,6.37,51.55,0.1,27.85
2020-05-05 11:30:00,494.84,29.0,22.97,11.06,88.62,0,8.68,36.37,25.52,0.35,8.32
2020-05-05 12:00:00,475.72,29.0,22.95,10.82,55.33,0,22.67,66.37,2.47,1.05,0.45
2020-05-05 12:30:00,469.02,28.43,22.84,11.0,97.42,1,8.8,16.3,32.47,0.82,0.43
2020-05-05 13:00:00,479.18,28.0,22.98,11.47,99.03,1,2.95,46.3,5.43,2.82,8.92
2020-05-05 13:30:00,527.09,26.6,23.26,11.61,76.3,1,0.93,7.6,28.43,8.43,0.9
2020-05-05 14:00:00,479.45,25.0,23.24,11.74,43.67,0,15.92,37.6,5.4,1.48,13.55
2020-05-05 14:30:00,471.89,24.93,23.12,11.72,38.0,0,4.88,0.55,12.55,8.87,43.55
2020-05-05 15:00:00,465.17,24.03,23.06,11.79,35.67,0,9.88,28.55,42.55,1.05,6.52
2020-05-05 15:30:00,461.76,24.0,23.06,11.43,28.0,0,29.87,58.55,72.55,2.32,36.52
2020-05-05 16:00:00,458.13,23.77,23.06,11.24,28.0,0,9.83,4.33,102.55,19.33,66.52
2020-05-05 16:30:00,456.01,23.0,23.04,10.98,24.0,0,12.82,34.33,5.63,3.67,11.62
2020-05-05 17:00:00,462.72,23.0,22.96,10.48,12.0,0,42.82,64.33,35.63,10.33,9.6
2020-05-05 17:30:00,517.41,23.0,22.96,10.04,0.0,1,10.77,94.33,65.63,6.13,39.6
2020-05-05 18:00:00,588.22,24.07,23.04,9.51,0.0,1,3.58,10.25,5.73,4.13,69.6
2020-05-05 18:30:00,631.54,23.13,23.13,9.07,0.0,1,6.57,24.23,8.72,0.53,99.6
2020-05-05 19:00:00,623.06,23.0,23.02,8.49,0.0,1,17.55,54.23,10.7,2.35,129.6
2020-05-05 19:30:00,636.43,23.07,22.96,7.99,0.0,1,1.53,1.35,40.7,11.48,159.6
2020-05-05 20:00:00,599.25,23.87,23.04,8.13,0.0,1,1.67,18.35,7.67,19.07,189.6
2020-05-05 20:30:00,488.87,24.0,23.15,8.13,0.0,1,17.67,48.35,1.63,6.6,219.6
2020-05-05 21:00:00,566.58,24.03,22.52,7.99,0.0,1,3.63,9.97,8.12,5.85,249.6
2020-05-05 21:30:00,599.96,24.03,22.66,7.75,0.0,1,13.62,0.95,22.12,8.6,279.6
2020-05-05 22:00:00,622.26,25.0,22.75,7.52,0.0,1,8.6,0.27,21.27,2.85,309.6
2020-05-05 22:30:00,606.46,27.0,22.78,7.3,0.0,0,23.6,29.77,51.27,21.82,339.6
2020-05-05 23:00:00,606.73,27.9,22.87,7.27,0.0,0,12.57,26.75,21.9,51.82,369.6
2020-05-05 23:30:00,637.59,28.73,22.9,7.16,0.0,1,8.55,10.55,51.9,9.62,399.6
2020-05-06 00:00:00,622.31,28.47,22.9,7.02,0.0,1,6.53,10.53,81.9,39.62,429.6
2020-05-06 00:30:00,609.12,28.67,22.9,6.97,0.0,1,3.5,10.5,111.9,10.9,459.6
2020-05-06 01:00:00,618.77,28.37,22.9,6.86,0.0,1,19.5,13.48,141.9,13.83,489.6
2020-05-06 01:30:00,657.13,28.93,22.9,6.49,0.0,1,1.63,4.47,171.9,6.28,519.6
2020-05-06 02:00:00,697.51,28.97,22.9,6.17,0.67,1,4.62,25.47,201.9,1.62,1.58
2020-05-06 02:30:00,676.8,28.93,22.9,6.06,10.0,1,18.6,4.43,231.9,1.47,31.58
2020-05-06 03:00:00,653.3,28.43,22.9,6.04,26.33,1,2.58,1.42,261.9,6.72,6.55
2020-05-06 03:30:00,692.46,28.87,22.98,6.43,64.67,1,1.57,6.57,24.9,3.93,19.05
2020-05-06 04:00:00,598.34,27.4,22.91,6.56,68.23,1,2.87,0.2,27.22,0.8,6.18
2020-05-06 04:30:00,672.0,27.63,22.9,7.17,81.57,1,1.35,0.18,57.22,15.97,10.17
2020-05-06 05:00:00,607.66,27.0,22.98,7.39,533.39,1,2.33,29.18,0.15,5.98,0.13
2020-05-06 05:30:00,543.99,25.0,23.46,8.17,1213.74,1,2.47,29.98,3.13,1.6,1.28
2020-05-06 06:00:00,559.52,24.97,24.1,8.8,1005.79,1,7.45,12.97,3.12,1.9,0.75
2020-05-06 06:30:00,539.85,24.17,24.78,9.72,924.89,1,1.6,24.95,2.58,1.58,0.73
2020-05-06 07:00:00,486.61,23.13,25.42,10.4,658.8,0,13.58,25.93,13.42,1.05,0.22
2020-05-06 07:30:00,469.65,22.03,25.65,10.9,256.42,0,24.75,28.92,26.9,1.53,0.87
2020-05-06 08:00:00,456.96,21.43,25.66,10.87,145.74,0,29.73,13.72,56.9,3.27,7.85
2020-05-06 08:30:00,456.96,21.0,25.64,10.84,196.71,0,59.73,43.72,4.85,0.02,0.83
2020-05-06 09:00:00,451.73,20.8,25.58,11.34,484.13,1,13.85,5.68,6.83,0.6,0.82
2020-05-06 09:30:00,445.76,20.0,25.66,11.72,129.52,0,43.85,35.68,36.83,0.33,3.47
2020-05-06 10:00:00,445.76,19.93,25.66,11.74,258.11,0,73.85,19.98,66.83,2.5,0.45
2020-05-06 10:30:00,470.01,20.47,25.56,12.2,186.66,1,4.8,8.12,29.8,4.27,0.93
2020-05-06 11:00:00,560.65,22.0,25.56,12.28,246.79,1,0.77,29.12,59.8,0.72,1.9
2020-05-06 11:30:00,496.03,21.4,25.5,12.64,249.05,1,2.75,15.25,16.92,1.4,2.05
2020-05-06 12:00:00,488.71,21.0,25.45,13.64,176.85,1,10.73,45.25,2.38,0.08,1.53
2020-05-06 12:30:00,477.42,21.2,25.3,15.03,137.0,0,12.72,0.22,11.37,0.12,0.52
2020-05-06 13:00:00,458.37,21.47,25.18,15.42,110.0,0,20.72,9.2,17.87,0.18,5.0
2020-05-06 13:30:00,446.43,21.2,24.98,15.29,102.28,0,20.68,5.18,10.67,0.3,4.15
2020-05-06 14:00:00,453.14,22.0,24.84,14.28,69.33,0,25.68,35.18,1.65,5.47,3.63
2020-05-06 14:30:00,454.72,22.0,24.69,13.93,57.23,0,55.68,65.18,7.13,5.63,0.12
2020-05-06 15:00:00,454.72,22.0,24.55,13.77,55.0,0,85.68,95.18,15.12,4.03,13.6
2020-05-06 15:30:00,454.72,22.0,24.41,12.07,20.7,0,115.68,125.18,1.08,0.38,6.73
2020-05-06 16:00:00,473.48,22.67,24.3,10.4,11.33,1,9.75,19.25,31.08,0.15,3.72
2020-05-06 16:30:00,507.99,23.87,24.3,10.45,20.0,1,0.72,24.73,61.08,22.53,33.72
2020-05-06 17:00:00,553.1,24.5,24.37,9.9,15.0,1,16.05,11.72,19.03,2.1,4.85
2020-05-06 17:30:00,565.17,24.83,24.42,9.35,0.0,1,2.02,11.68,6.02,3.95,34.85
2020-05-06 18:00:00,610.36,24.83,24.56,9.58,0.0,1,6.02,1.67,17.17,0.68,64.85
2020-05-06 18:30:00,620.98,23.83,24.6,10.26,7.7,1,5.0,1.48,47.17,0.17,10.3
2020-05-06 19:00:00,605.23,24.0,24.43,9.79,21.0,1,1.97,29.48,21.13,13.82,40.3
2020-05-06 19:30:00,624.01,24.0,24.4,9.51,21.0,1,16.95,59.48,51.13,1.02,70.3
2020-05-06 20:00:00,622.08,24.0,24.3,8.85,21.0,1,23.93,89.48,28.1,7.23,100.3
2020-05-06 20:30:00,611.26,24.03,24.3,8.55,21.0,1,20.92,24.58,58.1,0.05,130.3
2020-05-06 21:00:00,629.07,24.03,24.4,8.26,16.8,1,0.88,0.22,3.55,30.05,5.03
2020-05-06 21:30:00,549.65,24.0,24.11,8.09,0.0,1,7.03,29.22,12.03,1.87,35.03
2020-05-06 22:00:00,589.5,24.0,24.12,7.79,0.0,0,11.03,59.22,11.02,1.8,65.03
2020-05-06 22:30:00,591.43,24.0,23.99,7.4,0.0,1,22.02,89.22,21.5,3.75,95.03
2020-05-06 23:00:00,592.79,24.0,23.96,7.12,0.0,1,6.98,119.22,51.5,15.35,125.03
2020-05-06 23:30:00,594.13,23.0,23.96,6.75,0.0,1,8.97,29.15,81.5,4.78,155.03
2020-05-07 00:00:00,586.82,23.0,23.96,6.11,0.0,0,10.95,59.15,111.5,6.23,185.03
2020-05-07 00:30:00,589.03,23.0,23.96,5.64,0.0,1,1.92,89.15,141.5,9.12,215.03
2020-05-07 01:00:00,581.42,22.5,23.96,5.33,0.0,1,6.9,11.07,171.5,20.48,245.03
2020-05-07 01:30:00,593.27,22.3,23.96,4.99,0.0,1,0.88,1.22,201.5,10.3,275.03
2020-05-07 02:00:00,576.3,22.0,23.94,4.7,0.0,1,2.03,29.2,5.52,29.22,305.03
2020-05-07 02:30:00,585.07,21.73,23.84,4.5,0.0,1,4.02,0.83,35.52,3.87,335.03
2020-05-07 03:00:00,569.42,21.57,23.84,4.31,0.0,1,6.0,0.82,65.52,33.87,365.03
2020-05-07 03:30:00,564.71,21.4,23.84,4.43,0.0,0,15.98,12.82,95.52,27.15,395.03
2020-05-07 04:00:00,554.93,21.0,23.82,4.71,0.0,0,8.95,42.82,6.1,4.93,425.03
2020-05-07 04:30:00,554.03,21.0,23.74,5.26,0.4,1,18.93,72.82,36.1,2.13,0.9
2020-05-07 05:00:00,563.65,21.0,23.76,5.48,67.68,1,3.9,102.82,4.07,3.5,4.88
2020-05-07 05:30:00,549.78,20.8,24.24,6.02,284.39,1,0.88,17.9,2.55,0.28,11.37
2020-05-07 06:00:00,543.95,20.73,24.83,6.68,329.58,1,1.87,1.87,1.35,4.95,5.33
2020-05-07 06:30:00,494.17,21.07,24.96,6.97,288.92,1,7.18,0.85,13.35,1.38,0.48
2020-05-07 07:00:00,475.33,21.1,25.14,7.48,267.73,1,21.18,23.85,11.0,2.13,2.97
2020-05-07 07:30:00,467.17,21.03,25.35,7.98,313.03,1,8.15,0.8,1.97,0.07,6.45
2020-05-07 08:00:00,457.79,21.13,25.51,8.53,305.62,1,2.12,16.8,8.95,2.58,0.42
2020-05-07 08:30:00,448.0,20.63,25.52,8.78,276.83,1,32.12,0.93,3.27,1.68,0.07
2020-05-07 09:00:00,448.0,19.47,25.38,9.04,173.63,1,62.12,3.08,8.08,0.07,0.05
2020-05-07 09:30:00,446.88,17.5,25.01,9.74,180.67,1,2.23,12.9,1.72,0.75,1.03
2020-05-07 10:00:00,446.42,17.57,24.84,9.98,118.25,1,21.23,0.88,9.2,0.2,1.52
2020-05-07 10:30:00,455.55,17.4,24.83,10.52,60.27,1,11.2,2.53,1.02,0.72,17.67
2020-05-07 11:00:00,456.16,18.17,24.58,10.61,55.0,1,20.18,0.85,16.02,0.07,5.65
2020-05-07 11:30:00,452.8,18.63,24.38,10.84,51.0,1,50.18,0.32,5.32,0.95,7.63
2020-05-07 12:00:00,452.8,18.63,24.1,11.12,43.0,0,80.18,3.63,2.3,0.08,37.63
2020-05-07 12:30:00,446.36,18.57,23.71,11.24,43.0,1,20.13,0.12,0.27,0.3,67.63
2020-05-07 13:00:00,453.91,19.13,23.6,11.12,35.67,1,6.1,0.6,13.77,0.42,21.75
2020-05-07 13:30:00,454.29,18.3,23.25,11.3,33.0,1,7.08,0.08,1.73,0.77,51.75
2020-05-07 14:00:00,456.0,18.93,23.21,11.18,22.2,1,37.08,1.07,6.72,1.87,26.22
2020-05-07 14:30:00,452.74,19.4,23.08,11.02,21.0,0,5.22,0.37,36.72,0.28,56.22
2020-05-07 15:00:00,449.64,19.13,23.0,11.27,21.0,0,5.2,0.02,24.7,1.83,86.22
2020-05-07 15:30:00,453.35,19.4,22.7,11.6,21.0,1,7.18,2.5,19.17,2.83,116.22
2020-05-07 16:00:00,458.88,20.0,22.72,11.55,12.0,0,37.18,14.5,0.32,3.93,26.3
2020-05-07 16:30:00,478.74,20.1,22.84,11.34,31.53,1,20.15,5.63,30.32,16.07,27.95
2020-05-07 17:00:00,478.9,20.0,22.88,11.3,19.17,1,0.12,35.63,11.28,3.63,4.42
2020-05-07 17:30:00,578.61,20.87,22.79,11.15,5.5,1,6.1,0.27,6.93,7.6,5.4
2020-05-07 18:00:00,467.61,20.0,22.62,10.84,0.0,1,27.1,30.27,4.9,0.63,35.4
2020-05-07 18:30:00,472.68,20.03,22.76,9.19,0.0,1,15.07,18.4,34.9,4.68,65.4
2020-05-07 19:00:00,470.51,20.37,22.8,8.43,0.0,1,3.22,10.38,12.03,14.83,95.4
2020-05-07 19:30:00,477.76,21.03,22.86,8.52,0.0,1,33.22,22.53,42.03,0.43,125.4
2020-05-07 20:00:00,599.26,22.73,22.79,8.35,0.0,1,0.18,6.35,20.0,6.23,155.4
2020-05-07 20:30:00,588.76,23.0,22.82,7.81,0.0,1,8.17,36.35,17.98,9.45,185.4
2020-05-07 21:00:00,591.98,23.0,22.91,7.54,0.0,1,13.15,66.35,11.97,1.12,215.4
2020-05-07 21:30:00,598.17,23.0,22.98,7.18,0.0,1,6.12,96.35,41.97,12.17,245.4
2020-05-07 22:00:00,591.01,23.0,22.98,6.79,0.0,1,22.12,126.35,71.97,25.35,275.4
2020-05-07 22:30:00,593.53,23.1,23.01,6.65,0.0,1,6.08,2.23,9.9,4.28,305.4
2020-05-07 23:00:00,585.56,23.8,23.08,6.38,0.0,1,3.07,23.23,39.9,8.7,335.4
2020-05-07 23:30:00,588.77,24.0,23.08,6.31,0.0,1,16.05,53.23,69.9,11.8,365.4
2020-05-08 00:00:00,563.86,24.07,23.08,6.35,0.0,0,2.02,7.35,99.9,8.68,395.4
2020-05-08 00:30:00,597.8,26.07,23.08,5.94,0.0,1,0.17,12.0,129.9,1.72,425.4
2020-05-08 01:00:00,631.66,27.0,23.14,5.56,0.0,1,2.15,42.0,18.65,23.58,455.4
2020-05-08 01:30:00,630.12,27.3,23.18,5.48,0.0,1,3.13,0.95,48.65,11.53,485.4
2020-05-08 02:00:00,618.77,27.67,23.18,5.41,0.0,1,0.1,5.12,78.65,41.53,515.4
2020-05-08 02:30:00,585.72,27.5,23.18,5.48,0.0,1,1.08,0.08,108.65,16.27,545.4
2020-05-08 03:00:00,620.07,28.07,23.18,5.76,2.67,1,3.07,18.08,138.65,1.13,7.88
2020-05-08 03:30:00,602.88,28.0,23.26,6.39,9.33,0,8.05,48.08,22.72,5.78,27.87
2020-05-08 04:00:00,613.19,28.0,23.28,7.11,10.33,1,2.03,78.08,52.72,0.5,0.5
2020-05-08 04:30:00,573.11,28.0,23.28,7.64,24.07,1,0.02,108.08,82.72,1.95,1.48
2020-05-08 05:00:00,556.05,27.43,23.35,8.62,168.48,1,15.0,0.83,1.98,0.95,0.97
2020-05-08 05:30:00,504.55,25.3,23.51,9.56,387.81,1,15.65,26.82,9.13,3.18,0.45
2020-05-08 06:00:00,477.29,25.0,23.31,10.18,315.6,1,5.63,56.82,4.95,1.13,0.58
2020-05-08 06:30:00,475.84,25.2,23.68,10.55,312.44,1,29.62,0.77,3.93,0.07,0.07
2020-05-08 07:00:00,473.65,25.23,24.12,10.68,278.41,1,4.58,0.58,2.4,0.13,0.55
2020-05-08 07:30:00,458.59,27.07,24.47,11.45,334.39,1,8.57,1.73,0.72,1.63,6.03
2020-05-08 08:00:00,448.96,28.2,24.9,11.33,343.14,1,38.57,1.72,4.7,2.22,0.18
2020-05-08 08:30:00,448.96,28.13,25.36,10.89,306.44,1,68.57,0.02,17.37,0.97,6.17
2020-05-08 09:00:00,440.36,28.2,25.5,10.6,171.22,1,0.5,1.0,9.83,0.75,1.15
2020-05-08 09:30:00,455.9,28.77,24.52,10.89,714.17,1,20.5,4.48,0.98,0.63,0.3
2020-05-08 10:00:00,459.84,29.47,23.92,12.22,986.27,1,50.5,0.8,0.63,1.58,0.28
2020-05-08 10:30:00,480.78,29.37,23.84,13.39,443.03,1,3.62,1.45,4.45,4.58,0.75
2020-05-08 11:00:00,547.42,27.63,24.56,13.65,339.08,1,18.62,0.27,2.42,0.4,0.23
2020-05-08 11:30:00,495.65,26.93,24.01,14.05,316.06,1,9.6,17.92,2.4,0.22,0.38
2020-05-08 12:00:00,516.36,27.0,24.38,14.43,232.06,1,0.57,47.92,16.23,0.62,0.87
2020-05-08 12:30:00,503.06,27.3,24.35,14.46,168.74,1,4.55,1.05,7.22,0.18,2.85
2020-05-08 13:00:00,527.66,26.33,24.22,14.68,129.76,1,10.55,8.2,37.22,0.73,2.83
2020-05-08 13:30:00,513.81,24.87,24.13,14.84,123.18,1,4.52,3.18,21.85,0.15,0.48
2020-05-08 14:00:00,524.73,25.0,23.92,14.46,133.67,1,3.5,33.18,4.32,0.23,1.47
2020-05-08 14:30:00,527.67,25.0,24.1,14.34,88.38,1,8.48,3.47,4.47,1.87,0.95
2020-05-08 15:00:00,560.46,26.53,24.1,13.86,68.93,1,0.45,8.28,13.62,1.33,1.93
2020-05-08 15:30:00,544.13,25.67,24.25,13.71,55.0,1,4.78,6.43,26.62,0.42,31.93
2020-05-08 16:00:00,465.19,25.0,24.2,13.71,58.6,0,24.77,36.43,2.58,5.27,17.07
2020-05-08 16:30:00,461.76,25.0,24.06,13.65,39.4,0,54.77,66.43,32.58,14.85,7.53
2020-05-08 17:00:00,460.41,25.27,23.91,13.44,20.8,0,0.72,2.72,12.72,8.73,5.52
2020-05-08 17:30:00,698.99,28.6,23.84,13.17,0.0,1,0.03,0.53,42.72,1.55,35.52
2020-05-08 18:00:00,615.51,27.9,23.84,12.88,2.3,1,0.02,6.18,72.72,8.07,19.17
2020-05-08 18:30:00,526.72,27.0,23.78,12.52,0.0,1,8.83,36.18,1.65,12.0,49.17
2020-05-08 19:00:00,493.73,27.0,23.56,12.23,0.0,1,25.83,66.18,18.82,0.4,79.17
2020-05-08 19:30:00,486.76,25.47,23.52,11.85,0.0,1,13.8,22.97,48.82,7.3,109.17
2020-05-08 20:00:00,473.45,25.0,23.42,11.47,0.0,0,21.78,52.97,24.95,1.82,139.17
2020-05-08 20:30:00,466.59,25.0,23.4,11.06,0.0,0,8.77,82.97,54.95,11.75,169.17
2020-05-08 21:00:00,461.34,25.0,23.39,10.64,11.0,1,1.73,1.23,1.4,8.57,14.22
2020-05-08 21:30:00,544.83,25.4,23.3,10.36,1.47,1,5.72,18.88,31.4,8.53,25.2
2020-05-08 22:00:00,552.17,25.07,23.18,10.06,0.0,1,0.7,0.7,3.35,1.15,55.2
2020-05-08 22:30:00,550.15,26.93,23.05,9.59,0.0,0,0.68,23.52,8.33,1.8,85.2
2020-05-08 23:00:00,537.41,27.0,22.98,9.16,0.0,1,8.83,53.52,38.33,0.78,115.2
2020-05-08 23:30:00,549.21,27.0,23.08,8.6,0.0,0,6.8,83.52,28.15,2.55,145.2
2020-05-09 00:00:00,558.38,27.0,23.18,7.72,0.0,1,3.78,113.52,28.63,7.97,175.2
2020-05-09 00:30:00,557.23,26.13,23.18,6.97,0.0,1,8.77,7.93,58.63,5.98,205.2
2020-05-09 01:00:00,565.17,25.0,23.18,6.5,0.0,0,1.75,37.93,88.63,2.37,235.2
2020-05-09 01:30:00,574.27,25.0,23.24,6.15,0.0,1,0.73,67.93,16.57,1.1,265.2
2020-05-09 02:00:00,573.91,24.6,23.28,6.0,0.0,1,10.72,0.88,46.57,2.85,295.2
2020-05-09 02:30:00,567.25,24.17,23.28,5.82,0.0,1,11.7,14.87,76.57,15.4,325.2
2020-05-09 03:00:00,565.0,24.0,23.28,5.8,0.0,1,4.67,44.87,106.57,8.28,355.2
2020-05-09 03:30:00,587.71,24.37,23.38,5.85,0.0,1,6.65,15.0,24.83,1.02,385.2
2020-05-09 04:00:00,581.61,24.0,23.4,6.15,0.0,1,6.8,45.0,0.8,7.52,415.2
2020-05-09 04:30:00,573.76,23.77,23.3,6.78,0.73,1,36.8,5.12,30.8,2.2,1.08
2020-05-09 05:00:00,561.33,23.07,23.33,7.31,41.27,1,8.77,13.1,0.75,1.1,14.08
2020-05-09 05:30:00,545.39,23.0,23.75,7.74,62.0,1,24.77,43.1,6.07,0.3,29.73
2020-05-09 06:00:00,535.99,22.93,24.14,8.32,144.23,1,3.73,0.9,1.88,1.32,3.7
2020-05-09 06:30:00,478.02,23.87,23.38,9.01,190.36,1,23.72,2.88,9.87,1.67,1.18
2020-05-09 07:00:00,487.97,23.03,23.28,9.27,205.17,1,5.7,22.87,3.52,0.75,1.83
2020-05-09 07:30:00,478.85,22.9,24.14,9.61,379.29,1,1.67,0.83,6.33,0.15,1.3
2020-05-09 08:00:00,504.95,22.9,24.65,10.47,421.5,1,3.65,12.83,1.82,2.12,0.28
2020-05-09 08:30:00,499.19,23.0,25.0,10.5,232.03,1,0.63,42.83,10.13,1.43,1.27
2020-05-09 09:00:00,455.71,22.6,25.22,10.34,273.19,0,14.78,1.45,3.6,2.32,2.42
2020-05-09 09:30:00,448.96,21.9,25.41,10.38,214.34,0,44.78,2.93,11.58,2.9,4.4
2020-05-09 10:00:00,451.33,21.77,25.59,10.83,137.62,0,5.75,3.92,1.07,1.67,1.88
2020-05-09 10:30:00,451.01,21.5,25.65,11.6,89.93,0,26.75,0.9,18.07,0.82,4.37
2020-05-09 11:00:00,449.92,21.37,25.58,11.55,70.73,0,56.75,1.87,3.03,2.23,3.02
2020-05-09 11:30:00,456.63,20.93,25.42,11.62,55.0,0,16.7,0.18,2.52,0.78,33.02
2020-05-09 12:00:00,455.88,19.37,25.19,12.13,52.63,0,0.67,3.83,2.5,0.13,0.97
2020-05-09 12:30:00,481.92,18.97,24.97,12.66,79.62,1,30.67,0.65,13.98,1.62,0.45
2020-05-09 13:00:00,472.7,19.63,24.92,13.04,113.29,1,10.65,0.3,43.98,0.03,2.1
2020-05-09 13:30:00,451.95,19.57,24.85,13.16,97.14,0,19.63,1.62,20.97,0.12,1.08
2020-05-09 14:00:00,454.53,18.23,24.63,12.5,81.78,1,6.62,0.6,6.6,1.25,4.58
2020-05-09 14:30:00,474.91,19.03,24.37,12.17,50.87,1,1.75,0.08,4.25,0.37,21.57
2020-05-09 15:00:00,456.7,18.77,24.12,10.31,36.0,0,10.73,0.9,3.22,0.2,8.2
2020-05-09 15:30:00,454.53,18.97,23.95,9.34,26.0,0,5.72,2.55,6.72,0.33,38.2
2020-05-09 16:00:00,448.0,19.13,23.62,9.14,26.0,0,35.72,5.37,17.2,2.93,68.2
2020-05-09 16:30:00,448.0,20.03,23.46,8.6,26.0,0,65.72,26.35,8.0,0.52,98.2
2020-05-09 17:00:00,466.02,20.17,23.4,8.07,18.33,1,0.65,19.33,16.83,3.15,22.13
2020-05-09 17:30:00,532.74,20.0,23.44,7.69,1.4,1,5.63,49.33,46.83,2.23,26.78
2020-05-09 18:00:00,564.47,20.0,23.51,7.28,0.0,1,0.62,79.33,21.95,12.12,56.78
2020-05-09 18:30:00,560.93,20.97,23.5,6.73,0.0,1,8.6,28.28,8.08,4.35,86.78
2020-05-09 19:00:00,566.24,21.2,23.15,6.33,0.0,1,1.57,5.57,0.07,13.58,116.78
2020-05-09 19:30:00,588.01,22.0,22.89,6.05,0.0,1,1.88,35.57,5.72,8.32,146.78
2020-05-09 20:00:00,690.47,22.5,23.22,5.83,0.0,1,2.87,4.53,6.03,11.42,176.78
2020-05-09 20:30:00,570.3,24.97,22.65,5.71,0.0,1,2.35,2.35,1.5,13.22,206.78
2020-05-09 21:00:00,484.76,24.57,22.55,5.51,0.0,1,0.33,9.33,6.33,2.63,236.78
2020-05-09 21:30:00,568.27,25.13,22.77,5.29,0.0,1,8.32,25.5,26.48,27.7,266.78
2020-05-09 22:00:00,569.06,25.0,22.9,5.27,0.0,1,4.45,55.5,29.47,14.75,296.78
2020-05-09 22:30:00,596.07,25.27,22.97,5.28,0.0,1,0.6,0.1,20.27,44.75,326.78
2020-05-09 23:00:00,622.85,25.93,23.05,5.28,0.0,1,0.58,7.25,14.25,74.75,356.78
2020-05-09 23:30:00,587.61,27.0,23.1,5.28,0.0,1,11.57,37.25,44.25,104.75,386.78
2020-05-10 00:00:00,593.96,27.77,23.1,5.19,0.0,1,0.72,22.38,74.25,26.12,416.78
2020-05-10 00:30:00,602.17,28.47,23.1,5.22,0.0,0,1.7,3.35,104.25,12.3,446.78
2020-05-10 01:00:00,591.94,28.97,23.19,5.2,0.0,1,1.67,2.33,25.68,0.7,476.78
2020-05-10 01:30:00,574.78,29.13,23.2,5.39,0.0,1,25.67,1.32,55.68,7.77,506.78
2020-05-10 02:00:00,582.44,30.0,23.2,5.99,0.0,1,8.63,31.32,85.68,3.08,536.78
2020-05-10 02:30:00,587.63,30.03,23.2,6.73,0.0,1,6.62,9.62,115.68,4.2,566.78
2020-05-10 03:00:00,595.36,30.8,23.2,7.3,0.0,1,14.6,11.6,145.68,5.85,596.78
2020-05-10 03:30:00,579.13,31.0,23.25,7.53,0.0,1,9.58,41.6,11.73,2.12,626.78
2020-05-10 04:00:00,561.61,32.33,23.32,7.76,0.0,1,1.55,17.07,41.73,5.88,656.78
2020-05-10 04:30:00,579.05,33.07,23.32,8.03,5.53,1,0.53,1.03,71.73,2.53,3.33
2020-05-10 05:00:00,617.09,34.0,23.38,8.62,42.7,1,4.52,31.03,1.02,5.1,0.32
2020-05-10 05:30:00,497.77,29.97,23.46,9.32,100.21,1,9.83,22.85,3.65,0.33,9.3
2020-05-10 06:00:00,467.84,30.03,23.15,10.16,218.49,1,39.83,12.98,7.48,0.05,0.28
2020-05-10 06:30:00,467.84,29.97,23.16,11.57,268.66,1,69.83,7.8,23.47,4.25,0.43
2020-05-10 07:00:00,465.47,29.17,23.11,12.51,147.86,1,5.78,24.8,21.45,13.0,4.42
2020-05-10 07:30:00,462.63,29.0,23.13,13.2,161.67,1,21.78,54.8,15.42,1.12,0.4
2020-05-10 08:00:00,466.99,28.37,23.28,13.76,205.78,1,2.92,17.75,6.73,2.25,0.37
2020-05-10 08:30:00,466.88,27.63,23.57,14.7,201.12,1,32.92,4.05,21.38,0.83,3.53
2020-05-10 09:00:00,466.22,27.9,23.72,15.18,139.82,0,11.88,23.05,4.7,0.42,0.5
2020-05-10 09:30:00,467.68,28.1,23.91,14.82,69.74,1,24.87,4.85,27.68,1.4,0.98
2020-05-10 10:00:00,470.67,28.9,24.09,14.92,89.25,0,24.85,17.85,3.5,0.67,2.47
2020-05-10 10:30:00,468.8,28.97,24.32,15.86,77.45,0,54.85,26.83,22.48,0.7,1.12
2020-05-10 11:00:00,468.8,29.47,24.32,15.65,19.03,0,84.85,1.8,9.45,3.75,4.6
2020-05-10 11:30:00,471.62,29.33,24.49,15.78,27.8,1,5.78,1.45,16.95,1.42,3.08
2020-05-10 12:00:00,475.01,30.33,24.39,15.3,39.0,0,17.77,1.42,16.08,3.25,5.07
2020-05-10 12:30:00,459.61,30.47,24.36,14.97,39.0,0,27.75,1.07,18.23,0.83,23.05
2020-05-10 13:00:00,458.88,30.63,24.32,14.58,23.43,1,57.75,4.22,48.23,0.12,1.68
2020-05-10 13:30:00,458.88,30.8,24.32,13.97,2.0,0,87.75,1.03,78.23,1.72,1.67
2020-05-10 14:00:00,462.04,31.67,24.25,12.83,9.47,0,7.85,3.52,19.18,5.22,1.15
2020-05-10 14:30:00,470.72,33.1,24.22,12.52,5.33,0,37.85,0.5,49.18,4.82,2.8
2020-05-10 15:00:00,470.72,33.5,24.1,12.31,0.0,1,67.85,5.48,28.65,0.97,32.8
2020-05-10 15:30:00,470.72,34.6,24.06,11.87,0.0,0,97.85,17.97,11.62,9.85,62.8
2020-05-10 16:00:00,471.06,35.17,23.96,11.62,0.0,0,0.77,0.93,11.43,14.5,92.8
2020-05-10 16:30:00,473.79,35.53,23.83,11.36,0.0,0,20.77,2.75,20.42,3.82,122.8
2020-05-10 17:00:00,465.28,35.5,23.76,10.84,0.0,0,14.75,0.73,7.07,3.72,152.8
2020-05-10 17:30:00,545.96,38.37,23.74,8.91,4.4,1,4.72,5.05,2.2,4.15,5.35
2020-05-10 18:00:00,591.05,36.7,23.9,6.03,22.0,1,6.87,0.7,3.18,4.93,35.35
2020-05-10 18:30:00,588.81,35.07,23.67,5.28,22.0,1,11.85,21.68,0.67,6.22,65.35
2020-05-10 19:00:00,554.56,34.23,23.36,4.65,22.0,1,1.83,1.65,2.65,1.48,95.35
2020-05-10 19:30:00,594.6,34.23,23.53,3.93,22.0,1,2.3,0.8,21.32,2.73,125.35
2020-05-10 20:00:00,631.64,33.47,23.62,3.2,22.0,1,2.28,14.8,16.45,0.38,155.35
2020-05-10 20:30:00,568.92,32.53,23.66,2.53,22.0,1,9.28,5.77,0.42,0.03,185.35
2020-05-10 21:00:00,600.49,30.5,23.48,1.9,22.0,1,25.27,5.75,23.42,0.67,215.35
2020-05-10 21:30:00,566.92,30.73,22.98,1.32,9.53,1,0.57,1.9,1.05,4.93,16.53
2020-05-10 22:00:00,599.79,40.77,21.78,1.04,0.0,1,1.05,1.22,9.22,6.33,46.53
2020-05-10 22:30:00,929.39,36.4,22.32,1.05,0.0,1,0.37,1.2,4.35,3.28,76.53
2020-05-10 23:00:00,512.82,31.9,22.56,1.12,0.0,1,1.85,6.52,34.35,1.88,106.53
2020-05-10 23:30:00,476.91,30.97,22.56,0.99,0.0,1,22.83,6.48,64.35,2.7,136.53
2020-05-11 00:00:00,472.93,30.77,22.47,1.18,0.0,1,2.8,0.47,25.3,3.63,166.53
2020-05-11 00:30:00,470.22,30.1,22.4,1.09,0.0,1,10.78,19.45,15.45,14.28,196.53
2020-05-11 01:00:00,486.77,30.13,22.31,1.24,0.0,1,1.77,6.43,9.43,0.27,226.53
2020-05-11 01:30:00,491.89,29.97,22.24,1.36,0.0,1,1.75,0.92,39.43,5.65,256.53
2020-05-11 02:00:00,480.21,29.3,22.24,1.07,0.0,1,1.73,16.9,69.43,2.53,286.53
2020-05-11 02:30:00,477.18,28.9,22.2,0.84,0.0,1,0.7,8.88,12.37,15.03,316.53
2020-05-11 03:00:00,488.13,28.3,22.14,0.71,0.0,1,7.7,11.02,42.37,22.1,346.53
2020-05-11 03:30:00,510.33,28.13,21.51,0.68,0.0,0,4.67,0.5,2.33,6.98,376.53
2020-05-11 04:00:00,492.48,27.97,21.83,0.65,0.0,1,6.82,6.65,11.32,1.25,406.53
2020-05-11 04:30:00,477.21,27.3,21.9,1.3,10.8,1,2.8,9.63,41.32,0.23,0.93
2020-05-11 05:00:00,489.07,27.53,22.02,1.64,72.4,1,0.78,7.45,14.62,1.55,0.92
2020-05-11 05:30:00,496.29,26.57,22.22,1.66,91.11,1,5.77,0.43,10.08,1.05,0.4
2020-05-11 06:00:00,488.54,25.17,22.49,1.94,154.8,1,0.73,3.23,6.07,2.4,2.05
2020-05-11 06:30:00,473.13,24.23,22.91,2.07,180.38,1,1.72,0.72,2.05,0.43,1.02
2020-05-11 07:00:00,497.26,23.73,23.45,2.92,146.9,1,0.7,0.2,0.37,1.63,0.0
2020-05-11 07:30:00,476.5,22.13,23.71,3.2,158.92,1,11.68,0.68,4.85,1.47,0.65
2020-05-11 08:00:00,460.9,21.67,23.95,3.63,223.22,1,12.67,0.5,8.17,0.73,9.13
2020-05-11 08:30:00,450.4,19.5,24.36,4.41,230.74,0,0.82,3.65,0.63,0.5,3.62
2020-05-11 09:00:00,452.27,19.0,24.58,4.94,184.46,0,9.8,0.12,6.62,1.05,2.58
2020-05-11 09:30:00,454.27,18.67,24.7,5.18,152.92,0,14.78,0.1,6.77,0.5,1.23
2020-05-11 10:00:00,489.3,16.1,24.55,5.61,85.16,1,1.75,8.92,1.57,0.9,0.22
2020-05-11 10:30:00,505.82,17.1,24.33,6.18,52.9,1,5.73,0.4,5.55,1.0,0.2
2020-05-11 11:00:00,458.26,16.03,24.19,6.58,43.97,0,0.72,1.7,13.05,5.68,1.68
2020-05-11 11:30:00,446.98,17.53,24.15,7.0,25.8,0,6.7,0.18,1.52,1.43,5.83
2020-05-11 12:00:00,447.93,16.3,23.91,7.33,23.07,1,2.67,1.33,5.33,1.12,14.82
2020-05-11 12:30:00,459.93,16.53,23.73,7.45,18.23,1,21.67,0.48,3.82,0.92,3.28
2020-05-11 13:00:00,443.55,15.87,23.34,7.32,20.57,1,5.8,2.63,5.63,0.13,16.27
2020-05-11 13:30:00,444.91,17.63,23.28,7.93,19.4,1,27.8,0.43,1.77,1.02,23.77
2020-05-11 14:00:00,452.59,17.2,23.39,8.11,17.0,0,19.77,0.92,4.75,0.12,53.77
2020-05-11 14:30:00,456.71,16.53,23.06,7.98,17.0,1,6.75,0.07,11.73,0.1,83.77
2020-05-11 15:00:00,450.1,17.17,22.85,8.16,14.77,0,1.72,0.38,9.88,2.0,3.35
2020-05-11 15:30:00,451.52,17.87,22.99,7.5,5.7,0,19.72,2.87,4.37,1.28,9.5
2020-05-11 16:00:00,452.8,18.13,23.08,4.88,1.67,0,49.72,0.35,34.37,0.02,4.48
2020-05-11 16:30:00,464.0,19.93,23.08,5.45,0.0,1,29.68,28.33,64.37,2.58,29.98
2020-05-11 17:00:00,464.0,20.0,22.96,5.5,0.0,0,59.68,58.33,15.3,8.88,59.98
2020-05-11 17:30:00,455.89,20.07,22.81,5.35,0.0,0,19.63,1.45,6.78,0.08,89.98
2020-05-11 18:00:00,454.69,20.17,22.59,5.02,0.0,0,0.62,2.43,19.77,2.8,119.98
2020-05-11 18:30:00,503.27,21.13,22.77,4.73,0.0,1,7.77,23.93,5.58,5.78,149.98
2020-05-11 19:00:00,470.38,21.0,22.57,4.36,0.0,0,5.73,53.93,4.73,4.9,179.98
2020-05-11 19:30:00,459.27,21.03,22.28,3.59,0.0,0,0.72,12.88,7.72,4.02,209.98
2020-05-11 20:00:00,470.72,21.0,22.34,3.38,0.0,0,30.72,42.88,37.72,11.3,239.98
2020-05-11 20:30:00,470.72,21.0,22.34,3.38,0.0,0,60.72,72.88,67.72,27.33,269.98
2020-05-11 21:00:00,542.31,22.3,22.16,3.23,11.0,1,0.67,13.83,24.33,3.65,10.63
2020-05-11 21:30:00,674.41,23.0,22.25,3.11,0.0,1,5.48,43.83,0.97,28.5,40.63
2020-05-11 22:00:00,638.14,24.67,22.45,2.93,0.0,1,2.63,0.3,2.45,15.2,70.63
2020-05-11 22:30:00,651.07,31.1,22.76,2.74,0.0,1,3.95,1.62,24.62,21.23,100.63
2020-05-11 23:00:00,695.31,26.9,22.78,2.83,0.0,1,0.93,1.1,54.62,27.65,130.63
2020-05-11 23:30:00,579.64,24.3,22.78,2.9,0.0,1,0.73,11.08,84.62,12.53,160.63
2020-05-12 00:00:00,631.4,24.13,22.7,2.53,0.0,1,0.72,2.05,22.57,5.87,190.63
2020-05-12 00:30:00,660.97,24.93,22.68,2.39,0.0,1,1.7,27.05,52.57,17.37,220.63
2020-05-12 01:00:00,675.61,26.33,22.71,2.15,0.0,1,14.68,0.02,9.52,19.5,250.63
2020-05-12 01:30:00,683.93,25.87,22.78,1.9,0.0,1,4.67,1.67,39.52,22.6,280.63
2020-05-12 02:00:00,663.83,26.4,22.78,1.91,0.0,1,2.65,4.32,69.52,4.73,310.63
2020-05-12 02:30:00,682.33,26.0,22.78,2.08,0.0,1,2.63,3.12,99.52,21.57,340.63
2020-05-12 03:00:00,665.54,25.07,22.78,2.23,0.0,1,5.62,25.12,129.52,5.3,370.63
2020-05-12 03:30:00,671.45,25.03,22.78,2.69,0.0,1,1.58,7.08,159.52,0.03,400.63
2020-05-12 04:00:00,610.95,23.87,22.84,3.3,9.87,1,0.57,0.07,15.57,2.02,7.03
2020-05-12 04:30:00,601.5,23.27,22.9,3.78,75.27,1,4.72,12.05,45.57,3.6,0.02
2020-05-12 05:00:00,619.97,22.87,23.05,4.51,636.05,1,0.7,2.03,2.53,0.78,0.67
2020-05-12 05:30:00,571.67,22.17,23.8,5.26,868.54,1,2.18,19.02,5.5,0.67,0.65
2020-05-12 06:00:00,478.25,21.7,24.25,5.82,772.1,1,10.17,0.32,5.82,1.4,0.63
2020-05-12 06:30:00,468.11,21.53,24.67,6.39,662.14,1,9.15,6.3,5.3,2.33,0.1
2020-05-12 07:00:00,476.82,20.87,25.18,7.18,664.19,1,12.13,2.28,4.28,2.42,0.25
2020-05-12 07:30:00,478.87,20.43,25.42,7.71,403.08,1,2.1,0.1,34.28,0.37,1.23
2020-05-12 08:00:00,462.02,19.77,25.42,7.81,102.11,1,23.1,3.75,64.28,2.92,0.72
2020-05-12 08:30:00,465.31,19.73,25.52,8.08,148.03,1,2.07,0.4,25.23,0.35,3.7
2020-05-12 09:00:00,465.89,19.53,25.5,7.58,54.07,1,0.2,0.53,9.7,4.57,2.35
2020-05-12 09:30:00,454.72,18.27,25.39,7.33,64.34,1,30.2,0.02,0.52,0.0,3.82
2020-05-12 10:00:00,470.63,18.77,25.17,5.2,17.1,1,0.17,11.85,11.5,1.17,6.8
2020-05-12 10:30:00,463.46,20.1,25.15,4.96,44.1,1,0.15,2.82,10.48,0.73,0.28
2020-05-12 11:00:00,506.57,21.63,24.91,5.54,101.75,1,0.13,0.8,2.78,3.45,0.43
2020-05-12 11:30:00,504.06,22.8,24.69,6.39,76.71,1,3.12,11.78,5.28,8.93,4.92
2020-05-12 12:00:00,463.08,21.67,24.48,5.95,28.8,1,6.1,5.77,29.43,7.5,15.4
2020-05-12 12:30:00,504.53,23.23,24.27,5.34,7.53,1,2.08,5.25,14.42,0.3,17.38
2020-05-12 13:00:00,525.64,24.17,24.14,4.93,0.0,1,0.07,0.22,44.42,3.63,47.38
2020-05-12 13:30:00,574.39,24.27,24.16,5.72,8.0,1,0.87,4.37,5.53,1.58,23.02
2020-05-12 14:00:00,655.67,23.67,24.31,6.62,1.0,1,5.87,9.35,21.53,1.88,25.5
2020-05-12 14:30:00,639.1,22.97,24.34,6.64,0.0,1,1.83,1.0,51.53,1.08,55.5
2020-05-12 15:00:00,574.43,23.0,24.12,6.15,0.0,1,3.82,31.0,6.48,3.77,85.5
2020-05-12 15:30:00,507.13,23.2,23.59,5.33,0.0,1,0.13,3.3,12.13,2.25,115.5
2020-05-12 16:00:00,480.07,23.2,23.41,4.38,0.0,1,10.12,16.28,20.12,3.6,145.5
2020-05-12 16:30:00,466.83,23.0,23.32,4.48,0.0,0,18.12,46.28,15.43,7.77,175.5
2020-05-12 17:00:00,462.72,23.4,23.08,4.64,10.0,0,48.12,0.23,8.9,0.08,11.72
2020-05-12 17:30:00,479.75,24.67,22.98,4.45,25.0,1,2.07,0.05,12.88,3.37,41.72
2020-05-12 18:00:00,494.75,25.8,22.98,4.0,1.67,1,2.05,5.03,4.87,0.7,27.18
2020-05-12 18:30:00,464.96,24.27,23.17,3.72,1.0,1,29.05,1.02,7.35,1.95,12.65
2020-05-12 19:00:00,466.79,24.0,23.15,3.72,0.0,1,3.02,31.02,4.0,9.2,42.65
2020-05-12 19:30:00,519.62,26.37,22.8,3.44,0.0,1,2.15,0.82,11.48,1.63,72.65
2020-05-12 20:00:00,645.64,29.13,22.65,3.23,0.0,1,2.13,9.8,2.47,3.83,102.65
2020-05-12 20:30:00,677.22,29.03,22.77,2.7,0.0,1,3.12,24.78,9.45,2.98,132.65
2020-05-12 21:00:00,664.74,28.57,22.84,2.51,0.0,1,0.1,3.75,39.45,1.25,162.65
2020-05-12 21:30:00,728.6,28.33,22.84,2.11,0.0,1,14.25,11.75,69.45,4.43,192.65
2020-05-12 22:00:00,688.92,28.0,22.91,1.99,0.0,0,3.4,41.75,19.4,21.03,222.65
2020-05-12 22:30:00,683.48,28.0,22.94,2.09,0.0,1,0.37,71.75,49.4,25.55,252.65
2020-05-12 23:00:00,650.63,27.73,22.99,1.98,0.0,1,1.35,2.52,14.85,9.5,282.65
2020-05-12 23:30:00,659.16,27.83,23.04,1.85,0.0,1,0.0,18.5,44.85,10.47,312.65
2020-05-13 00:00:00,703.25,28.8,23.04,1.79,0.0,1,3.98,11.32,74.85,7.98,342.65
2020-05-13 00:30:00,706.26,29.0,23.04,1.87,0.0,1,0.13,41.32,104.85,26.35,372.65
2020-05-13 01:00:00,612.32,28.23,23.04,1.89,0.0,1,5.62,1.27,134.85,11.37,402.65
2020-05-13 01:30:00,559.84,27.03,23.04,1.8,0.0,0,14.6,25.27,164.85,5.9,432.65
2020-05-13 02:00:00,649.13,28.0,23.04,1.54,0.0,1,0.07,13.4,194.85,7.18,462.65
2020-05-13 02:30:00,681.95,28.0,23.11,1.32,0.0,1,0.05,43.4,17.22,11.22,492.65
2020-05-13 03:00:00,710.25,28.0,23.16,1.29,0.0,1,2.03,73.4,47.22,2.37,522.65
2020-05-13 03:30:00,714.54,27.8,23.16,1.25,0.0,1,0.0,4.5,77.22,5.7,552.65
2020-05-13 04:00:00,649.96,27.27,23.16,1.16,0.0,1,5.83,4.48,107.22,0.87,582.65
2020-05-13 04:30:00,719.97,27.17,23.16,1.14,0.0,1,0.8,23.48,137.22,2.47,612.65
2020-05-13 05:00:00,647.54,27.2,23.16,1.12,3.0,1,1.95,0.45,167.22,2.98,4.25
2020-05-13 05:30:00,617.49,27.3,23.09,1.28,18.0,1,2.1,20.45,1.93,0.33,34.25
2020-05-13 06:00:00,599.24,27.93,22.51,1.04,0.93,1,0.75,3.25,1.9,3.25,14.22
2020-05-13 06:30:00,594.97,28.63,22.83,0.84,9.67,1,0.73,1.22,3.55,2.12,28.38
2020-05-13 07:00:00,700.48,29.6,23.01,1.37,9.4,1,3.03,0.03,2.7,2.08,11.85
2020-05-13 07:30:00,688.16,29.47,23.17,1.83,20.3,1,0.02,5.02,20.7,1.42,0.82
2020-05-13 08:00:00,692.19,29.4,23.29,1.65,9.33,1,0.0,1.0,19.17,7.78,1.47
2020-05-13 08:30:00,684.61,29.43,23.34,1.51,7.1,1,8.98,3.65,0.15,1.05,2.45
2020-05-13 09:00:00,666.94,28.8,23.44,1.35,4.67,1,3.97,7.63,30.15,0.95,3.93
2020-05-13 09:30:00,727.72,28.7,23.46,1.48,18.07,1,16.95,3.62,6.27,0.58,10.42
2020-05-13 10:00:00,713.49,28.33,23.55,1.9,8.53,1,3.93,7.75,2.42,2.5,0.05
2020-05-13 10:30:00,595.07,27.77,23.73,2.02,36.5,1,0.73,7.23,4.07,0.68,1.03
2020-05-13 11:00:00,475.11,27.0,23.45,2.36,33.1,1,3.72,37.23,1.38,2.85,0.52
2020-05-13 11:30:00,464.96,27.0,23.19,2.57,33.67,1,33.72,67.23,3.85,1.07,14.5
2020-05-13 12:00:00,464.96,27.0,23.06,3.2,39.0,1,63.72,97.23,33.85,1.23,3.65
2020-05-13 12:30:00,464.96,27.0,23.06,3.8,19.9,1,93.72,127.23,63.85,0.3,6.63
2020-05-13 13:00:00,464.96,27.03,23.0,3.73,33.37,0,123.72,0.13,18.82,0.73,8.6
2020-05-13 13:30:00,469.07,27.03,22.96,4.89,38.0,1,1.78,22.13,48.82,5.73,38.6
2020-05-13 14:00:00,461.44,25.6,22.89,5.64,40.07,0,17.78,19.12,17.1,0.08,0.23
2020-05-13 14:30:00,465.92,26.47,22.71,5.73,30.17,1,47.78,21.42,5.58,1.18,0.72
2020-05-13 15:00:00,465.92,27.0,22.74,5.19,23.63,1,77.78,51.42,35.58,11.6,27.22
2020-05-13 15:30:00,462.93,26.93,22.74,5.99,15.0,0,7.72,3.72,65.58,4.83,26.18
2020-05-13 16:00:00,459.53,25.8,22.68,6.73,13.07,1,10.7,14.87,16.53,10.8,1.32
2020-05-13 16:30:00,467.84,24.97,22.68,6.51,3.4,1,40.7,17.85,18.5,0.75,8.3
2020-05-13 17:00:00,467.84,25.0,22.64,6.61,5.0,1,70.7,47.85,48.5,21.17,13.78
2020-05-13 17:30:00,498.58,24.63,22.73,6.63,3.47,1,0.63,10.97,26.63,1.58,9.27
2020-05-13 18:00:00,564.74,24.0,22.87,6.01,4.6,1,1.77,0.43,2.1,2.9,5.4
2020-05-13 18:30:00,525.74,23.97,22.24,5.23,23.0,1,1.92,2.08,6.08,1.78,35.4
2020-05-13 19:00:00,616.12,24.37,21.97,5.18,23.0,1,5.73,7.07,14.23,2.0,65.4
2020-05-13 19:30:00,734.06,24.33,22.17,5.16,23.0,1,2.38,13.05,11.05,1.83,95.4
2020-05-13 20:00:00,688.38,23.57,22.27,4.81,23.0,1,0.37,2.35,7.02,0.15,125.4
2020-05-13 20:30:00,740.71,23.4,22.36,3.72,23.0,1,0.5,5.33,5.83,2.97,155.4
2020-05-13 21:00:00,674.24,23.2,22.49,3.96,11.5,1,1.48,21.33,15.82,15.58,14.97
2020-05-13 21:30:00,727.7,23.0,22.54,3.93,0.0,1,1.47,51.33,45.82,45.58,44.97
2020-05-13 22:00:00,730.58,23.0,22.54,3.77,0.0,0,0.45,81.33,75.82,6.2,74.97
2020-05-13 22:30:00,738.5,23.5,22.54,3.45,0.0,1,0.43,12.43,105.82,1.78,104.97
2020-05-13 23:00:00,708.31,23.9,22.54,3.36,0.0,1,1.42,15.42,135.82,5.47,134.97
2020-05-13 23:30:00,714.3,24.1,22.58,3.06,0.0,1,1.4,0.05,8.23,2.5,164.97
2020-05-14 00:00:00,712.21,24.03,22.66,3.07,0.0,1,16.38,28.05,38.23,4.45,194.97
2020-05-14 00:30:00,668.65,23.9,22.66,3.14,0.0,1,1.37,1.68,68.23,2.75,224.97
2020-05-14 01:00:00,638.85,23.33,22.66,2.84,0.0,1,0.17,3.67,98.23,0.12,254.97
2020-05-14 01:30:00,584.96,23.43,22.7,2.85,0.0,1,1.15,9.65,0.48,8.85,284.97
2020-05-14 02:00:00,481.0,24.0,21.98,2.53,0.0,1,18.65,39.65,0.3,0.88,314.97
2020-05-14 02:30:00,473.92,24.0,20.94,2.44,0.0,0,48.65,69.65,4.45,27.03,344.97
2020-05-14 03:00:00,468.33,24.0,20.58,2.72,0.0,1,18.62,99.65,0.1,4.7,374.97
2020-05-14 03:30:00,501.98,26.2,19.76,3.16,0.0,1,7.6,14.93,5.75,0.43,404.97
2020-05-14 04:00:00,474.68,25.0,20.03,3.55,0.0,1,5.58,44.93,27.75,8.15,434.97
2020-05-14 04:30:00,475.09,25.0,20.04,4.1,11.13,0,7.73,74.93,57.75,0.32,1.35
2020-05-14 05:00:00,476.74,25.0,20.04,4.9,77.75,1,3.7,104.93,87.75,3.63,0.33
2020-05-14 05:30:00,483.86,25.13,20.17,5.41,68.7,1,3.68,11.02,5.02,1.33,8.48
2020-05-14 06:00:00,486.72,24.77,20.57,5.72,64.83,1,33.68,3.17,3.5,1.1,0.95
2020-05-14 06:30:00,486.72,24.07,21.11,6.15,370.3,1,63.68,17.17,0.48,7.12,0.95
2020-05-14 07:00:00,476.93,23.7,21.53,6.68,738.24,1,0.63,0.63,25.47,2.07,0.43
2020-05-14 07:30:00,456.77,22.73,21.42,7.05,399.5,0,23.63,0.27,6.77,0.43,0.57
2020-05-14 08:00:00,452.06,22.57,21.33,6.83,527.38,1,8.6,5.1,3.42,2.25,1.55
2020-05-14 08:30:00,468.03,22.73,21.94,7.42,493.3,1,8.58,2.07,5.73,1.63,0.03
2020-05-14 09:00:00,467.27,22.0,22.13,7.43,313.77,1,0.55,1.55,1.05,2.37,0.52
2020-05-14 09:30:00,480.17,22.37,21.53,5.13,134.2,1,3.7,5.53,1.03,1.67,1.65
2020-05-14 10:00:00,546.84,33.0,22.29,3.86,32.57,1,3.85,3.35,3.18,1.42,4.65
2020-05-14 10:30:00,613.96,30.83,22.85,5.0,67.37,1,1.83,0.33,0.15,0.37,1.62
2020-05-14 11:00:00,593.96,28.23,23.19,6.56,310.25,1,1.82,0.15,1.97,0.47,5.1
2020-05-14 11:30:00,502.93,25.03,23.12,7.47,272.74,0,15.63,3.13,10.97,0.23,1.75
2020-05-14 12:00:00,466.21,23.87,22.99,8.08,133.49,0,3.62,6.12,3.93,0.5,2.73
2020-05-14 12:30:00,462.28,23.53,22.7,7.54,163.65,1,16.6,2.1,14.43,0.02,4.72
2020-05-14 13:00:00,472.83,23.0,22.76,8.35,131.2,0,0.58,32.1,44.43,0.65,1.2
2020-05-14 13:30:00,477.11,23.0,22.76,7.87,95.68,0,2.55,62.1,74.43,0.07,0.85
2020-05-14 14:00:00,473.35,22.93,22.66,9.21,99.02,0,18.55,1.03,3.03,0.13,5.83
2020-05-14 14:30:00,468.54,22.67,22.54,9.58,75.68,0,5.68,3.02,33.03,1.82,6.82
2020-05-14 15:00:00,465.8,22.8,22.41,8.53,62.37,0,5.67,2.0,27.0,0.38,2.45
2020-05-14 15:30:00,469.44,22.67,22.35,7.96,45.0,0,11.65,2.97,4.13,0.78,0.93
2020-05-14 16:00:00,468.0,22.5,22.18,7.93,37.13,0,12.63,4.12,34.13,0.27,14.92
2020-05-14 16:30:00,465.19,22.5,22.12,7.95,33.0,0,13.62,2.1,0.93,1.62,44.92
2020-05-14 17:00:00,464.33,22.3,22.05,7.66,23.33,0,0.58,18.1,19.92,1.2,0.05
2020-05-14 17:30:00,471.66,22.0,22.08,7.42,1.73,0,5.57,48.1,49.92,0.87,25.53
2020-05-14 18:00:00,471.38,22.0,22.08,7.22,0.0,0,1.55,78.1,79.92,0.55,55.53
2020-05-14 18:30:00,476.8,22.2,22.08,6.18,0.0,0,31.55,4.03,109.92,0.08,85.53
2020-05-14 19:00:00,476.8,23.0,22.07,5.49,0.0,0,61.55,34.03,1.0,10.93,115.53
2020-05-14 19:30:00,476.8,23.0,21.98,5.22,0.0,0,91.55,64.03,31.0,0.08,145.53
2020-05-14 20:00:00,471.72,23.0,21.98,5.01,0.0,0,13.65,94.03,61.0,16.83,175.53
2020-05-14 20:30:00,467.01,23.07,21.88,4.94,0.0,0,2.63,1.95,28.97,1.28,205.53
2020-05-14 21:00:00,476.44,23.83,21.88,5.22,0.0,0,0.6,17.95,58.97,5.2,235.53
2020-05-14 21:30:00,476.71,24.0,21.88,5.77,0.0,1,22.6,47.95,88.97,5.1,265.53
2020-05-14 22:00:00,480.0,24.07,21.88,6.1,0.0,1,52.6,0.57,118.97,0.12,295.53
2020-05-14 22:30:00,477.76,24.3,21.86,5.4,0.0,1,5.55,1.55,0.2,11.93,325.53
2020-05-14 23:00:00,468.8,25.2,21.03,5.44,0.0,1,35.55,5.68,4.85,7.07,355.53
2020-05-14 23:30:00,466.43,24.03,21.52,5.12,0.0,0,17.52,0.83,23.85,3.1,385.53
2020-05-15 00:00:00,466.33,24.27,21.54,4.69,0.0,0,1.48,1.48,53.85,1.8,415.53
2020-05-15 00:30:00,469.76,25.07,21.54,4.31,0.0,1,31.48,0.97,83.85,4.93,445.53
2020-05-15 01:00:00,467.34,25.0,21.54,4.04,0.0,1,6.62,18.45,113.85,12.38,475.53
2020-05-15 01:30:00,464.81,25.0,21.54,3.71,0.0,1,18.6,48.45,143.85,1.57,505.53
2020-05-15 02:00:00,486.36,25.7,21.46,3.38,0.0,1,0.57,0.4,20.08,13.68,535.53
2020-05-15 02:30:00,492.25,26.13,21.31,3.38,4.33,1,3.55,0.72,27.9,0.55,12.35
2020-05-15 03:00:00,492.02,25.57,21.3,3.78,10.0,1,0.53,2.2,57.9,8.38,42.35
2020-05-15 03:30:00,476.76,25.17,21.3,4.03,10.0,1,0.52,14.52,87.9,5.15,72.35
2020-05-15 04:00:00,469.7,25.0,21.17,4.05,10.0,1,23.52,44.52,10.33,2.42,102.35
2020-05-15 04:30:00,466.88,25.0,20.91,4.59,48.03,1,53.52,74.52,11.65,2.0,0.43
2020-05-15 05:00:00,466.88,25.0,20.76,5.31,255.69,1,83.52,104.52,23.13,0.83,0.08
2020-05-15 05:30:00,467.97,24.47,20.83,5.86,418.35,1,2.62,13.45,7.1,0.75,2.07
2020-05-15 06:00:00,480.89,23.73,21.09,6.09,357.64,1,0.58,0.25,15.42,2.2,0.05
2020-05-15 06:30:00,537.27,22.57,21.42,7.01,270.69,1,4.07,0.23,6.07,0.03,1.2
2020-05-15 07:00:00,497.16,21.5,21.45,7.74,288.12,1,11.05,0.72,2.7,1.1,3.68
2020-05-15 07:30:00,490.43,21.1,21.37,7.76,191.45,1,23.05,2.03,4.68,0.27,7.67
2020-05-15 08:00:00,499.39,20.07,21.3,8.13,156.71,1,14.02,0.5,0.67,0.55,7.15
2020-05-15 08:30:00,492.65,21.53,21.76,8.93,142.62,1,11.0,4.15,2.32,2.25,3.78
2020-05-15 09:00:00,487.97,21.87,22.37,9.55,94.01,1,0.97,0.13,16.3,2.63,3.77
2020-05-15 09:30:00,471.15,21.87,22.73,9.46,77.37,0,15.97,5.28,14.95,0.8,3.25
2020-05-15 10:00:00,459.73,22.0,22.86,10.03,74.77,0,15.95,35.28,12.93,1.3,2.23
2020-05-15 10:30:00,461.99,21.97,22.92,10.36,77.64,0,1.08,10.25,42.93,0.78,4.38
2020-05-15 11:00:00,456.92,21.93,22.9,10.33,56.13,1,13.07,15.23,4.88,5.17,8.87
2020-05-15 11:30:00,462.67,22.33,22.86,10.01,145.59,1,0.05,0.87,6.03,0.73,3.35
2020-05-15 12:00:00,481.66,22.47,23.02,10.56,181.08,1,14.03,6.18,36.03,6.22,0.82
2020-05-15 12:30:00,494.92,22.13,23.09,10.79,161.95,1,10.02,16.18,20.17,0.2,0.47
2020-05-15 13:00:00,486.31,22.27,23.31,10.58,135.92,1,10.0,0.15,21.82,2.1,2.45
2020-05-15 13:30:00,489.31,22.93,23.34,10.38,118.91,1,3.97,0.47,51.82,3.8,1.93
2020-05-15 14:00:00,487.18,24.13,23.33,10.56,107.13,1,0.95,1.43,2.43,1.73,8.92
2020-05-15 14:30:00,581.59,27.47,23.34,10.1,77.08,1,3.43,7.25,5.42,1.13,4.57
2020-05-15 15:00:00,624.51,27.0,23.48,9.56,75.71,1,1.58,29.25,11.4,0.1,13.05
2020-05-15 15:30:00,609.31,27.0,23.54,9.63,59.33,1,0.55,0.22,41.4,0.4,10.53
2020-05-15 16:00:00,562.98,25.47,23.62,9.37,41.33,1,7.55,6.2,18.03,1.5,13.02
2020-05-15 16:30:00,597.55,25.07,23.8,8.81,23.67,1,6.52,24.7,12.85,3.05,27.0
2020-05-15 17:00:00,591.52,25.33,23.86,8.38,21.67,1,6.5,3.17,42.85,0.78,3.13
2020-05-15 17:30:00,596.41,27.0,23.86,8.2,6.5,1,10.48,33.17,72.85,5.62,14.12
2020-05-15 18:00:00,583.2,27.0,23.84,8.11,0.0,1,10.47,63.17,5.78,13.37,44.12
2020-05-15 18:30:00,588.44,27.0,23.76,8.07,0.0,1,28.45,93.17,35.78,13.25,74.12
2020-05-15 19:00:00,580.38,27.0,23.76,7.76,0.0,1,0.42,123.17,65.78,0.23,104.12
2020-05-15 19:30:00,583.62,27.0,23.76,7.4,0.0,1,0.4,153.17,95.78,10.05,134.12
2020-05-15 20:00:00,607.4,27.0,23.79,7.01,0.0,1,10.55,183.17,8.87,4.08,164.12
2020-05-15 20:30:00,551.99,25.8,23.89,6.76,0.0,1,1.52,17.37,1.33,0.6,194.12
2020-05-15 21:00:00,467.31,26.53,23.3,6.63,0.0,1,7.5,22.18,1.98,13.17,224.12
2020-05-15 21:30:00,461.73,27.13,22.63,6.52,0.0,1,1.48,1.15,0.8,9.98,254.12
2020-05-15 22:00:00,650.02,29.57,22.08,6.25,0.0,1,1.3,16.13,4.78,9.98,284.12
2020-05-15 22:30:00,677.53,29.3,22.2,6.14,0.0,1,0.93,11.1,11.77,39.98,314.12
2020-05-15 23:00:00,627.82,29.1,22.33,6.03,0.0,1,2.92,1.08,19.75,2.55,344.12
2020-05-15 23:30:00,687.08,29.07,22.37,5.84,0.0,1,2.9,22.08,2.05,10.08,374.12
2020-05-16 00:00:00,679.94,29.0,22.48,5.73,0.0,1,2.88,52.08,32.05,2.18,404.12
2020-05-16 00:30:00,691.14,29.0,22.54,5.65,0.0,1,6.03,82.08,18.53,6.1,434.12
2020-05-16 01:00:00,686.74,29.8,22.58,5.48,0.0,1,1.02,23.18,48.53,12.72,464.12
2020-05-16 01:30:00,681.83,29.83,22.67,5.38,0.0,1,5.98,0.15,26.5,7.75,494.12
2020-05-16 02:00:00,636.48,29.5,22.72,5.12,0.0,1,5.97,6.13,12.8,14.65,524.12
2020-05-16 02:30:00,598.31,29.33,22.78,5.04,0.0,0,3.95,9.12,42.8,14.52,554.12
2020-05-16 03:00:00,646.71,29.53,22.87,4.98,0.0,1,0.93,8.1,21.77,1.72,584.12
2020-05-16 03:30:00,655.02,28.93,22.96,4.87,0.0,1,0.92,0.08,6.07,0.52,614.12
2020-05-16 04:00:00,757.91,28.73,22.9,3.87,0.0,0,0.23,0.07,36.07,26.05,644.12
2020-05-16 04:30:00,675.36,28.7,22.9,3.82,6.2,1,2.38,1.03,0.03,7.25,0.17
2020-05-16 05:00:00,638.21,27.77,23.11,4.16,22.0,1,0.35,3.35,1.02,0.42,0.15
2020-05-16 05:30:00,588.0,27.03,23.5,4.54,72.14,1,10.35,22.35,19.5,4.87,0.3
2020-05-16 06:00:00,582.69,26.33,23.88,4.87,158.79,1,11.5,5.32,0.97,1.93,2.28
2020-05-16 06:30:00,569.79,24.67,24.24,5.71,126.08,1,11.47,8.3,7.8,0.15,1.27
2020-05-16 07:00:00,559.49,23.47,24.75,6.01,183.15,1,8.62,9.62,1.77,0.35,0.73
2020-05-16 07:30:00,567.84,22.6,25.26,6.44,246.46,1,6.6,11.6,1.08,2.67,0.88
2020-05-16 08:00:00,572.79,21.93,25.77,7.09,301.63,1,6.75,0.07,9.23,1.23,1.37
2020-05-16 08:30:00,544.25,21.23,25.96,7.62,272.06,1,4.72,0.88,18.05,2.55,0.35
2020-05-16 09:00:00,498.88,20.1,26.12,8.2,302.73,1,34.72,0.03,25.03,0.72,0.33
2020-05-16 09:30:00,527.21,19.6,25.77,7.86,151.11,1,1.68,0.85,1.83,0.73,0.48
2020-05-16 10:00:00,510.26,19.97,25.48,8.37,130.63,1,4.67,0.32,3.32,0.97,0.95
2020-05-16 10:30:00,444.71,17.6,25.02,8.85,88.12,1,21.65,2.8,0.8,0.47,0.43
2020-05-16 11:00:00,435.16,16.0,24.52,8.98,60.41,1,16.63,29.8,13.78,1.9,2.92
2020-05-16 11:30:00,437.81,15.23,24.26,9.65,66.8,1,18.62,13.77,6.27,2.05,0.07
2020-05-16 12:00:00,441.92,15.03,23.94,9.93,65.33,1,48.62,1.42,0.57,2.03,13.55
2020-05-16 12:30:00,441.92,16.23,24.15,9.87,47.0,1,78.62,0.9,11.07,0.43,4.53
2020-05-16 13:00:00,448.81,17.83,24.19,9.36,47.93,1,18.72,1.53,1.03,1.0,22.52
2020-05-16 13:30:00,450.26,17.33,24.07,9.12,28.0,1,6.68,0.85,10.02,1.3,15.67
2020-05-16 14:00:00,450.45,19.4,24.05,9.03,28.33,0,19.68,0.33,27.02,3.2,21.15
2020-05-16 14:30:00,449.92,19.07,24.03,9.19,24.0,1,8.67,0.15,9.98,10.05,20.13
2020-05-16 15:00:00,442.13,18.3,23.89,9.2,21.0,1,9.63,0.3,6.3,2.77,50.13
2020-05-16 15:30:00,452.59,18.77,23.7,9.23,21.0,1,9.62,0.28,10.28,14.42,80.13
2020-05-16 16:00:00,451.2,16.77,23.51,9.52,21.0,1,1.6,0.1,12.27,4.42,110.13
2020-05-16 16:30:00,456.96,17.4,23.33,9.12,17.33,1,31.6,13.08,8.07,0.22,10.72
2020-05-16 17:00:00,444.76,17.27,23.1,8.83,6.97,1,3.55,1.05,23.73,6.28,10.18
2020-05-16 17:30:00,448.9,18.0,23.14,8.68,0.0,1,11.72,0.37,17.7,13.23,40.18
2020-05-16 18:00:00,448.31,18.07,23.09,8.48,0.0,1,6.68,0.52,6.68,0.55,70.18
2020-05-16 18:30:00,460.41,19.0,23.0,8.11,0.0,1,1.67,7.0,4.5,0.22,100.18
2020-05-16 19:00:00,525.1,20.0,23.21,7.69,0.0,1,6.65,37.0,12.32,4.92,130.18
2020-05-16 19:30:00,516.33,20.0,23.28,7.34,0.0,1,2.62,67.0,42.32,4.92,160.18
2020-05-16 20:00:00,532.52,19.6,23.23,7.0,0.0,1,2.6,0.6,13.43,12.03,190.18
2020-05-16 20:30:00,520.86,18.93,23.08,6.72,0.0,1,3.58,2.75,9.92,15.43,220.18
2020-05-16 21:00:00,578.11,20.33,23.03,6.46,0.0,1,7.57,2.73,16.9,3.47,250.18
2020-05-16 21:30:00,677.13,20.9,23.18,6.19,0.0,1,6.05,2.88,28.9,17.15,280.18
2020-05-16 22:00:00,695.7,21.0,23.18,6.08,0.0,1,4.03,32.88,58.9,14.58,310.18
2020-05-16 22:30:00,640.29,21.17,23.18,6.04,0.0,1,7.18,12.52,88.9,6.87,340.18
2020-05-16 23:00:00,665.4,21.63,23.18,6.14,0.0,1,2.17,17.5,118.9,36.87,370.18
2020-05-16 23:30:00,690.72,22.6,23.18,6.14,0.0,1,2.15,1.8,148.9,66.87,400.18
2020-05-17 00:00:00,710.02,24.43,23.18,6.14,0.0,1,1.12,11.8,178.9,96.87,430.18
2020-05-17 00:30:00,687.64,24.73,23.18,6.14,0.0,1,0.1,1.77,208.9,126.87,460.18
2020-05-17 01:00:00,619.68,24.3,23.26,6.08,0.0,1,0.08,8.75,24.92,12.25,490.18
2020-05-17 01:30:00,643.72,24.87,23.28,6.01,0.0,1,1.07,19.58,54.92,42.25,520.18
2020-05-17 02:00:00,651.11,25.1,23.28,6.01,0.0,1,1.05,0.53,84.92,72.25,550.18
2020-05-17 02:30:00,639.82,26.07,23.28,6.01,0.0,1,2.02,1.18,114.92,102.25,580.18
2020-05-17 03:00:00,587.11,25.13,23.28,6.01,0.0,1,0.0,23.35,144.92,132.25,610.18
2020-05-17 03:30:00,587.53,25.0,23.28,6.06,0.0,1,0.32,3.32,174.92,11.45,640.18
2020-05-17 04:00:00,638.44,25.07,23.28,6.26,0.0,0,1.3,25.8,204.92,29.75,670.18
2020-05-17 04:30:00,577.93,24.37,23.33,6.43,4.67,1,1.28,14.78,12.62,1.05,13.25
2020-05-17 05:00:00,578.46,24.1,23.53,6.66,88.43,1,7.27,19.77,0.92,1.3,6.4
2020-05-17 05:30:00,527.72,23.17,24.17,7.0,352.0,1,2.25,22.58,8.4,1.27,1.88
2020-05-17 06:00:00,491.46,22.73,24.54,7.38,303.18,1,2.38,1.55,5.38,2.62,2.35
2020-05-17 06:30:00,475.84,22.03,24.86,7.77,311.63,1,32.38,21.55,7.7,1.03,5.33
2020-05-17 07:00:00,486.9,21.6,25.15,8.14,581.63,1,2.35,0.02,3.18,0.13,1.48
2020-05-17 07:30:00,477.23,21.2,25.27,8.71,1179.07,1,13.33,1.5,3.67,0.88,1.97
2020-05-17 08:00:00,468.52,19.63,25.33,9.27,803.03,1,9.48,0.32,2.97,0.05,1.45
2020-05-17 08:30:00,441.05,18.87,25.01,9.51,799.55,1,12.63,6.97,0.45,2.47,0.6
2020-05-17 09:00:00,436.0,17.8,24.38,9.53,762.12,1,4.62,0.27,6.62,2.8,2.08
2020-05-17 09:30:00,441.55,18.6,24.51,10.07,484.59,0,28.62,0.75,0.08,2.23,0.07
2020-05-17 10:00:00,444.05,17.27,24.15,9.98,263.11,1,1.57,2.07,1.4,0.68,0.53
2020-05-17 10:30:00,494.02,17.37,24.86,10.4,464.29,1,6.55,18.05,19.88,0.33,0.18
2020-05-17 11:00:00,460.64,17.93,25.03,9.88,323.23,0,4.53,27.03,4.35,2.03,2.17
2020-05-17 11:30:00,458.54,18.0,25.12,9.58,195.34,0,15.52,57.03,34.35,0.03,1.13
2020-05-17 12:00:00,453.76,18.0,25.17,9.75,252.66,1,45.52,87.03,12.67,0.73,0.12
2020-05-17 12:30:00,452.91,17.13,25.36,10.83,226.53,0,1.48,25.98,11.32,0.22,0.77
2020-05-17 13:00:00,440.96,17.37,25.4,10.07,140.39,0,31.48,10.97,10.47,2.58,0.77
2020-05-17 13:30:00,440.96,20.0,25.36,8.22,154.14,0,61.48,29.95,4.43,0.23,3.75
2020-05-17 14:00:00,457.87,20.93,25.53,9.34,121.96,1,16.6,26.93,25.43,0.4,1.72
2020-05-17 14:30:00,460.45,21.0,25.4,9.79,93.48,0,3.57,56.93,11.4,1.23,6.37
2020-05-17 15:00:00,466.88,21.03,25.22,7.89,45.67,1,33.57,0.53,6.7,1.63,12.85
2020-05-17 15:30:00,456.36,22.0,24.97,6.53,28.33,1,28.55,29.53,16.87,0.4,28.35
2020-05-17 16:00:00,454.09,22.53,24.92,5.41,8.93,0,14.52,15.52,46.87,0.4,18.32
2020-05-17 16:30:00,456.96,23.0,24.97,5.09,51.07,0,44.52,45.52,15.83,2.72,1.95
2020-05-17 17:00:00,456.96,23.0,25.02,5.61,35.47,1,74.52,75.52,45.83,1.15,8.95
2020-05-17 17:30:00,456.96,23.43,24.91,5.91,20.33,0,104.52,11.63,4.95,2.45,10.43
2020-05-17 18:00:00,491.79,24.53,24.82,5.45,2.8,1,1.43,12.77,34.95,3.85,23.42
2020-05-17 18:30:00,536.84,24.4,24.29,5.2,0.0,1,3.25,0.75,3.58,7.43,53.42
2020-05-17 19:00:00,479.04,24.23,23.12,5.25,0.0,1,23.25,10.73,4.9,1.97,83.42
2020-05-17 19:30:00,474.04,24.13,23.49,5.18,0.0,0,6.22,7.72,16.55,10.55,113.42
2020-05-17 20:00:00,476.8,24.4,23.07,5.01,0.0,0,36.22,3.2,0.87,0.5,143.42
2020-05-17 20:30:00,535.78,30.37,21.32,4.79,19.8,1,1.18,14.52,1.85,2.63,26.5
2020-05-17 21:00:00,621.64,30.4,22.36,4.59,3.67,1,0.33,4.17,4.82,4.1,24.65
2020-05-17 21:30:00,576.93,29.2,22.57,4.31,0.0,1,6.32,22.48,2.3,0.72,54.65
2020-05-17 22:00:00,606.46,28.9,22.7,4.24,0.0,1,1.97,1.45,32.3,7.15,84.65
2020-05-17 22:30:00,705.55,29.0,22.8,4.23,0.0,1,13.95,31.45,25.28,2.43,114.65
2020-05-17 23:00:00,738.86,29.0,22.85,4.23,0.0,0,9.93,61.45,9.43,19.3,144.65
2020-05-17 23:30:00,651.91,28.6,22.93,3.95,0.0,1,0.75,3.4,2.4,0.22,174.65
2020-05-18 00:00:00,614.3,28.77,23.02,3.91,0.0,1,2.72,9.38,32.4,13.25,204.65
2020-05-18 00:30:00,673.89,28.6,23.08,3.78,0.0,1,0.2,5.87,0.03,15.4,234.65
2020-05-18 01:00:00,487.7,25.27,23.38,3.83,0.0,1,18.2,25.7,30.03,45.4,264.65
2020-05-18 01:30:00,475.84,25.0,23.32,3.87,0.0,1,48.2,55.7,14.0,2.63,294.65
2020-05-18 02:00:00,475.84,25.0,23.21,3.47,0.0,1,78.2,85.7,13.15,5.6,324.65
2020-05-18 02:30:00,471.52,25.0,23.13,3.86,0.0,1,3.3,115.7,7.12,2.2,354.65
2020-05-18 03:00:00,475.5,25.07,23.04,3.47,0.0,1,6.28,6.93,5.1,2.3,384.65
2020-05-18 03:30:00,473.32,25.73,22.96,3.96,0.0,1,28.27,5.92,35.1,2.75,414.65
2020-05-18 04:00:00,472.96,27.0,22.96,4.88,0.0,1,58.27,35.92,65.1,0.75,444.65
2020-05-18 04:30:00,472.96,27.0,22.96,5.75,9.03,1,88.27,65.92,95.1,6.2,1.02
2020-05-18 05:00:00,472.96,27.0,22.94,6.48,64.0,1,118.27,95.92,0.85,2.32,18.0
2020-05-18 05:30:00,473.42,27.0,23.35,7.01,56.5,1,0.18,125.92,1.83,0.47,0.47
2020-05-18 06:00:00,481.45,27.07,23.72,7.76,365.61,1,0.17,5.82,2.32,0.8,0.12
2020-05-18 06:30:00,475.0,25.07,24.13,7.94,868.54,1,6.15,28.82,3.13,0.05,0.6
2020-05-18 07:00:00,462.17,25.07,24.62,8.73,877.09,0,7.63,7.12,0.78,0.27,0.08
2020-05-18 07:30:00,467.16,24.83,24.86,9.04,592.34,1,12.78,0.1,30.78,0.3,0.07
2020-05-18 08:00:00,466.94,24.53,25.0,9.46,531.25,1,13.77,4.08,29.77,0.15,0.22
2020-05-18 08:30:00,454.17,24.47,25.0,9.75,400.41,0,12.75,9.07,59.77,0.15,0.7
2020-05-18 09:00:00,459.8,23.77,25.0,10.38,632.37,0,13.73,4.88,89.77,0.13,1.67
2020-05-18 09:30:00,453.89,23.5,25.0,10.81,456.35,0,8.7,4.87,119.77,0.42,5.17
2020-05-18 10:00:00,446.72,22.77,24.94,11.34,463.62,0,38.7,3.33,17.02,0.77,0.8
2020-05-18 10:30:00,460.76,22.8,24.9,11.62,366.11,0,27.68,0.32,47.02,0.02,6.28
2020-05-18 11:00:00,461.76,22.53,24.77,12.0,292.62,1,57.68,1.3,3.3,0.52,1.27
2020-05-18 11:30:00,472.0,22.2,24.78,12.52,304.99,1,29.63,0.78,0.1,0.88,0.25
2020-05-18 12:00:00,462.38,21.37,24.22,12.7,144.23,0,2.6,0.42,2.08,0.33,1.9
2020-05-18 12:30:00,445.25,21.33,23.81,12.53,95.77,0,5.75,0.9,4.57,0.37,5.88
2020-05-18 13:00:00,456.43,21.97,24.02,12.0,102.18,0,0.73,28.9,17.57,0.27,0.35
2020-05-18 13:30:00,454.25,21.67,23.92,12.64,107.19,1,10.72,0.87,4.7,0.52,0.33
2020-05-18 14:00:00,452.39,21.87,23.64,11.66,100.85,1,0.68,17.87,10.18,2.43,1.48
2020-05-18 14:30:00,464.96,22.67,23.65,10.8,58.27,0,30.68,17.83,1.33,2.35,6.97
2020-05-18 15:00:00,461.85,23.23,23.46,10.17,64.33,0,3.65,9.82,12.98,1.7,14.95
2020-05-18 15:30:00,471.15,23.43,23.34,9.41,29.0,0,12.63,4.8,18.97,1.48,10.43
2020-05-18 16:00:00,467.84,24.1,23.28,8.63,16.33,0,14.62,0.28,4.45,4.55,0.57
2020-05-18 16:30:00,467.36,25.2,23.16,8.79,31.0,1,14.6,0.08,4.42,9.22,11.57
2020-05-18 17:00:00,468.5,26.63,22.94,8.48,11.3,1,10.58,0.57,7.73,1.37,10.05
2020-05-18 17:30:00,488.04,28.97,22.77,7.95,3.67,1,1.38,1.55,1.72,7.93,15.03
2020-05-18 18:00:00,530.65,29.47,23.05,7.9,2.2,1,21.38,0.87,8.53,12.38,5.67
2020-05-18 18:30:00,504.12,26.43,23.3,7.5,0.37,1,2.35,0.85,25.53,13.2,28.17
2020-05-18 19:00:00,496.83,25.6,23.42,7.39,0.0,1,18.35,3.5,1.65,43.2,58.17
2020-05-18 19:30:00,490.37,25.17,23.55,7.45,0.0,1,12.32,12.82,7.98,0.28,88.17
2020-05-18 20:00:00,499.16,25.3,23.62,6.98,0.0,1,12.3,1.28,37.98,15.97,118.17
2020-05-18 20:30:00,488.36,26.67,23.74,6.9,0.0,1,11.45,24.28,28.95,4.35,148.17
2020-05-18 21:00:00,489.3,27.03,23.74,6.92,0.0,1,12.43,6.25,58.95,0.3,178.17
2020-05-18 21:30:00,499.62,27.4,23.78,6.86,0.0,1,12.42,3.07,12.73,0.38,208.17
2020-05-18 22:00:00,479.55,27.0,23.91,6.62,0.0,1,18.4,33.07,21.73,8.45,238.17
2020-05-18 22:30:00,474.88,27.0,23.94,6.58,0.0,1,48.4,63.07,51.73,0.52,268.17
2020-05-18 23:00:00,474.88,27.93,23.94,6.61,0.0,1,78.4,21.02,81.73,22.85,298.17
2020-05-18 23:30:00,474.88,28.0,23.94,6.68,0.0,0,108.4,51.02,111.73,8.48,328.17
2020-05-19 00:00:00,474.88,28.0,23.84,6.92,0.0,1,138.4,81.02,29.65,10.05,358.17
2020-05-19 00:30:00,474.88,28.0,23.84,6.76,0.0,1,168.4,111.02,59.65,8.27,388.17
2020-05-19 01:00:00,474.88,28.0,23.84,6.42,0.0,1,198.4,141.02,89.65,23.83,418.17
2020-05-19 01:30:00,474.88,28.0,23.84,5.76,0.0,1,228.4,171.02,119.65,2.42,448.17
2020-05-19 02:00:00,480.81,28.0,23.84,4.53,0.0,1,16.42,201.02,149.65,5.85,478.17
2020-05-19 02:30:00,481.79,28.0,23.84,4.29,0.0,1,13.4,231.02,179.65,2.12,508.17
2020-05-19 03:00:00,478.72,28.0,23.84,4.93,0.0,1,43.4,261.02,0.7,3.62,538.17
2020-05-19 03:30:00,542.06,29.0,23.58,5.74,0.0,1,4.35,10.52,7.52,4.43,568.17
2020-05-19 04:00:00,486.5,28.0,23.81,6.5,0.0,1,3.33,40.52,27.5,0.28,598.17
2020-05-19 04:30:00,483.03,28.0,23.82,7.37,17.5,1,7.32,70.52,57.5,0.6,3.62
2020-05-19 05:00:00,472.69,28.0,23.82,8.15,59.13,1,4.3,100.52,0.45,5.45,0.08
2020-05-19 05:30:00,475.0,28.0,23.98,8.49,33.9,1,22.28,130.52,18.78,5.22,4.23
2020-05-19 06:00:00,471.59,28.0,24.18,9.11,35.9,0,16.27,160.52,15.25,7.68,5.22
2020-05-19 06:30:00,466.88,28.0,24.32,9.6,25.67,0,46.27,190.52,0.73,2.93,3.2
2020-05-19 07:00:00,466.88,28.0,24.44,10.37,17.0,0,76.27,220.52,30.73,3.18,33.2
2020-05-19 07:30:00,466.88,27.23,24.45,10.26,262.31,1,106.27,16.03,2.7,10.8,1.33
2020-05-19 08:00:00,466.88,27.23,24.49,10.6,365.4,1,136.27,0.0,13.68,2.93,0.3
2020-05-19 08:30:00,466.88,27.87,24.44,10.8,488.9,1,166.27,1.98,43.68,0.0,0.28
2020-05-19 09:00:00,466.88,26.87,24.52,11.41,595.64,1,196.27,1.8,23.65,2.73,0.27
2020-05-19 09:30:00,468.35,25.93,24.54,11.78,392.79,1,1.12,0.28,53.65,2.13,2.42
2020-05-19 10:00:00,476.47,24.23,24.52,11.9,268.64,1,0.1,4.77,6.1,3.1,3.4
2020-05-19 10:30:00,495.04,25.33,24.44,11.97,307.19,1,23.1,5.25,36.1,1.63,0.38
2020-05-19 11:00:00,476.13,25.8,24.21,12.25,391.14,1,5.07,0.23,0.72,0.17,2.37
2020-05-19 11:30:00,481.16,27.73,23.34,10.86,57.37,1,0.05,14.72,1.87,1.4,4.02
2020-05-19 12:00:00,551.3,27.77,24.03,10.32,53.57,1,7.03,6.7,7.7,0.6,8.5
2020-05-19 12:30:00,489.97,25.8,24.3,10.1,41.73,1,7.02,17.02,20.68,1.58,0.47
2020-05-19 13:00:00,501.09,26.7,24.34,9.16,56.6,1,2.98,8.65,50.68,3.42,5.95
2020-05-19 13:30:00,541.62,27.37,24.47,10.48,75.28,1,6.97,12.8,10.97,0.05,0.6
2020-05-19 14:00:00,495.68,27.27,24.51,9.48,38.33,1,12.12,3.78,8.95,0.65,0.58
2020-05-19 14:30:00,479.38,27.07,24.44,9.33,51.43,1,5.1,5.77,38.95,2.63,5.55
2020-05-19 15:00:00,508.9,27.63,24.29,9.12,44.47,1,6.08,0.73,4.9,2.25,3.53
2020-05-19 15:30:00,518.01,27.83,24.34,8.43,24.0,1,1.07,0.72,29.9,0.72,33.53
2020-05-19 16:00:00,486.86,27.17,24.34,8.27,23.33,1,6.03,14.72,59.9,7.48,1.67
2020-05-19 16:30:00,498.41,27.43,24.27,8.36,14.0,1,7.02,12.68,7.85,18.47,31.67
2020-05-19 17:00:00,525.73,28.0,24.09,8.34,11.67,1,6.0,42.68,11.83,6.67,4.63
2020-05-19 17:30:00,484.37,27.83,23.92,7.95,0.0,0,9.98,0.13,7.82,18.48,34.63
2020-05-19 18:00:00,467.84,27.2,23.82,7.7,0.0,0,14.97,22.13,37.82,16.5,64.63
2020-05-19 18:30:00,460.8,27.0,23.78,7.32,0.0,0,44.97,52.13,10.93,7.73,94.63
2020-05-19 19:00:00,460.8,27.57,23.67,6.5,0.0,1,74.97,16.27,12.58,6.6,124.63
2020-05-19 19:30:00,460.8,28.0,23.6,6.44,0.0,0,104.97,46.27,42.58,10.12,154.63
2020-05-19 20:00:00,479.64,28.0,23.44,6.39,0.0,1,2.22,76.27,7.55,6.08,184.63
2020-05-19 20:30:00,551.67,28.23,23.19,6.59,0.0,1,5.7,3.2,20.7,1.95,214.63
2020-05-19 21:00:00,585.23,29.0,23.23,6.27,0.0,1,0.85,33.2,21.68,5.05,244.63
2020-05-19 21:30:00,600.0,29.0,23.26,5.93,0.0,0,30.85,63.2,51.68,2.43,274.63
2020-05-19 22:00:00,606.58,29.0,23.33,5.66,0.0,0,6.8,93.2,19.63,3.18,304.63
2020-05-19 22:30:00,618.18,29.43,23.36,5.11,0.0,1,10.78,8.12,49.63,2.32,334.63
2020-05-19 23:00:00,613.61,30.07,23.43,4.63,0.0,1,16.77,1.93,17.1,1.83,364.63
2020-05-19 23:30:00,625.81,29.53,23.48,3.98,0.0,1,10.75,12.42,47.1,0.97,394.63
2020-05-20 00:00:00,602.08,29.0,23.48,3.93,0.0,1,20.73,42.42,77.1,2.22,424.63
2020-05-20 00:30:00,610.97,28.9,23.48,3.8,0.0,1,5.72,0.37,107.1,0.5,454.63
2020-05-20 01:00:00,625.95,28.57,23.48,3.52,0.0,1,2.68,5.35,137.1,4.22,484.63
2020-05-20 01:30:00,591.5,28.07,23.48,3.4,0.0,1,16.68,24.52,167.1,0.9,514.63
2020-05-20 02:00:00,566.31,28.0,23.48,3.44,0.0,0,1.82,54.52,197.1,1.8,544.63
2020-05-20 02:30:00,591.24,28.23,23.48,3.62,0.0,1,0.8,7.47,227.1,1.25,574.63
2020-05-20 03:00:00,601.29,28.0,23.48,4.01,0.0,1,3.78,37.47,257.1,4.0,604.63
2020-05-20 03:30:00,573.76,27.23,23.48,4.5,0.0,0,8.77,20.6,287.1,4.87,634.63
2020-05-20 04:00:00,566.29,27.03,23.48,5.34,0.47,1,1.73,3.73,317.1,0.8,5.7
2020-05-20 04:30:00,590.89,27.0,23.48,5.92,47.7,1,3.72,33.73,347.1,3.4,0.35
2020-05-20 05:00:00,594.17,26.93,23.59,6.68,1220.68,1,0.7,0.2,0.37,1.3,0.83
2020-05-20 05:30:00,493.38,27.23,22.31,7.12,1856.43,1,15.68,3.85,5.33,0.45,1.32
2020-05-20 06:00:00,470.83,27.73,21.54,7.62,1663.87,1,19.67,4.98,0.82,0.9,0.3
2020-05-20 06:30:00,469.06,27.77,21.06,8.19,1478.12,1,15.65,0.47,8.63,2.83,0.43
2020-05-20 07:00:00,499.94,25.8,22.12,8.7,900.76,1,4.8,17.63,2.12,2.15,0.42
2020-05-20 07:30:00,550.56,24.23,23.41,8.71,895.99,1,23.78,22.62,1.6,2.9,2.4
2020-05-20 08:00:00,560.32,23.2,24.33,9.33,1101.48,1,4.75,23.93,1.25,0.85,0.38
2020-05-20 08:30:00,563.09,21.97,25.15,9.85,843.65,1,4.73,0.4,5.4,1.33,0.53
2020-05-20 09:00:00,569.85,21.37,25.73,10.21,771.85,1,1.72,4.38,3.87,1.43,0.02
2020-05-20 09:30:00,476.68,18.27,26.05,10.69,732.29,1,5.7,25.2,15.03,1.6,0.5
2020-05-20 10:00:00,456.69,18.4,26.13,10.57,374.93,1,1.68,0.67,8.0,0.37,0.47
2020-05-20 10:30:00,536.09,18.93,26.09,10.79,259.38,1,4.17,12.17,5.98,2.03,0.62
2020-05-20 11:00:00,588.91,19.93,26.0,11.0,267.72,1,1.13,8.82,35.98,2.73,0.6
2020-05-20 11:30:00,600.37,19.07,26.0,10.95,264.75,1,19.13,12.13,65.98,0.4,2.08
2020-05-20 12:00:00,587.87,19.37,26.07,11.64,218.96,1,2.27,6.6,8.1,2.43,0.07
2020-05-20 12:30:00,490.55,20.7,26.19,11.53,179.55,1,13.25,0.08,1.08,3.88,1.22
2020-05-20 13:00:00,471.1,19.43,25.99,12.3,163.74,1,3.23,0.9,13.07,0.13,4.2
2020-05-20 13:30:00,465.92,19.8,25.77,12.6,134.46,0,33.23,8.88,11.53,0.42,1.67
2020-05-20 14:00:00,507.49,17.23,25.34,12.52,131.68,1,3.18,19.37,1.85,1.17,0.15
2020-05-20 14:30:00,591.19,17.0,25.14,12.1,93.21,1,4.17,49.37,31.85,0.07,0.3
2020-05-20 15:00:00,611.71,17.4,25.14,12.01,86.47,1,17.15,2.32,61.85,1.73,7.28
2020-05-20 15:30:00,608.97,18.93,25.19,11.68,74.81,1,2.13,3.63,1.45,3.63,1.77
2020-05-20 16:00:00,514.2,19.5,25.32,11.09,71.94,1,7.12,11.12,4.6,0.87,9.25
2020-05-20 16:30:00,486.19,20.83,25.21,10.08,58.33,1,9.1,22.1,9.58,2.7,6.38
2020-05-20 17:00:00,476.8,21.1,25.01,9.5,38.0,0,39.1,2.4,11.07,4.18,10.37
2020-05-20 17:30:00,484.44,22.5,24.76,9.03,23.33,1,1.22,1.38,19.07,2.88,10.85
2020-05-20 18:00:00,545.56,24.77,24.75,8.53,7.7,1,1.22,5.38,9.05,6.42,15.35
2020-05-20 18:30:00,480.36,22.07,24.77,8.05,0.0,0,28.22,20.37,13.03,12.78,45.35
2020-05-20 19:00:00,465.81,23.67,22.86,7.77,0.0,1,9.85,2.83,0.33,1.72,75.35
2020-05-20 19:30:00,526.07,28.07,21.32,7.63,0.0,1,10.48,17.15,0.32,16.77,105.35
2020-05-20 20:00:00,584.99,28.0,22.73,7.52,0.0,1,5.47,47.15,3.28,46.77,135.35
2020-05-20 20:30:00,626.42,28.13,23.06,7.46,0.0,1,4.45,0.6,7.27,1.6,165.35
2020-05-20 21:00:00,620.32,28.63,23.15,7.37,0.0,1,0.92,0.58,1.25,4.97,195.35
2020-05-20 21:30:00,685.13,35.5,23.37,7.28,0.0,1,1.57,3.9,5.73,7.35,225.35
2020-05-20 22:00:00,646.25,30.63,23.14,7.26,0.0,1,0.88,4.55,3.05,2.07,255.35
2020-05-20 22:30:00,605.08,29.03,22.95,7.22,0.0,1,6.88,21.55,6.2,10.53,285.35
2020-05-20 23:00:00,643.25,29.0,23.08,7.19,0.0,1,0.85,51.55,36.2,17.8,315.35
2020-05-20 23:30:00,595.35,28.5,23.08,6.93,0.0,1,5.83,12.67,66.2,1.15,345.35
2020-05-21 00:00:00,583.36,28.4,23.14,6.44,0.0,1,17.83,2.65,16.32,3.53,375.35
2020-05-21 00:30:00,585.25,28.83,23.18,6.14,0.0,1,20.97,23.63,46.32,0.42,405.35
2020-05-21 01:00:00,587.15,29.0,23.25,5.58,0.0,1,4.95,53.63,19.45,19.67,435.35
2020-05-21 01:30:00,596.85,29.03,23.28,5.37,0.0,1,4.92,7.58,49.45,10.43,465.35
2020-05-21 02:00:00,633.58,29.57,23.28,5.14,0.0,1,9.9,0.57,79.45,1.98,495.35
2020-05-21 02:30:00,599.06,29.03,23.3,5.33,0.0,0,1.88,22.57,5.55,9.95,525.35
2020-05-21 03:00:00,575.32,29.0,23.39,5.98,0.0,1,0.87,52.57,3.53,7.1,555.35
2020-05-21 03:30:00,598.89,29.0,23.38,6.6,0.0,1,19.85,82.57,23.52,1.2,585.35
2020-05-21 04:00:00,671.23,28.77,23.4,7.79,0.0,1,6.83,3.48,53.52,2.27,615.35
2020-05-21 04:30:00,613.93,25.53,23.4,8.95,12.7,1,11.82,5.8,0.47,2.75,3.93
2020-05-21 05:00:00,556.85,23.37,23.36,9.71,67.07,1,2.12,18.8,0.78,6.0,7.92
2020-05-21 05:30:00,584.86,23.0,23.86,10.34,87.1,1,2.1,48.8,2.77,1.27,2.4
2020-05-21 06:00:00,550.71,22.8,24.12,11.0,766.45,1,7.08,0.08,1.42,1.18,2.05
2020-05-21 06:30:00,468.27,21.0,24.1,11.22,1007.74,1,4.07,30.08,0.22,1.42,21.55
2020-05-21 07:00:00,457.3,20.33,25.18,11.65,981.93,0,6.05,19.05,1.03,1.15,0.52
2020-05-21 07:30:00,448.96,19.67,26.0,12.0,881.94,0,36.05,4.35,4.02,3.98,0.0
2020-05-21 08:00:00,480.77,17.77,26.54,12.61,856.49,1,21.18,2.5,1.5,1.68,0.13
2020-05-21 08:30:00,475.23,17.0,26.93,12.73,760.62,0,8.15,32.5,3.65,2.6,2.62
2020-05-21 09:00:00,457.81,17.0,27.23,13.16,526.76,0,19.13,62.5,11.8,3.58,0.1
2020-05-21 09:30:00,451.22,16.4,27.39,13.47,582.75,0,6.12,6.27,20.78,1.7,0.58
2020-05-21 10:00:00,455.93,18.53,27.38,13.99,486.18,1,8.1,0.25,10.77,0.43,0.22
2020-05-21 10:30:00,454.6,19.77,27.37,14.42,388.02,1,14.08,3.73,9.73,0.17,0.2
2020-05-21 11:00:00,456.96,19.4,27.2,14.75,245.51,1,44.08,1.22,1.72,0.27,7.7
2020-05-21 11:30:00,462.93,18.87,26.91,14.94,294.84,1,13.05,9.87,22.72,0.95,2.17
2020-05-21 12:00:00,458.88,17.07,26.74,15.28,145.32,0,29.03,20.85,13.52,0.27,2.82
2020-05-21 12:30:00,495.49,17.17,26.34,14.94,13.74,1,1.83,9.83,11.0,0.23,23.82
2020-05-21 13:00:00,590.12,19.33,26.12,15.75,0.0,1,4.82,14.82,23.48,0.75,53.82
2020-05-21 13:30:00,590.81,20.0,26.03,15.68,0.0,1,25.8,44.82,19.47,1.13,83.82
2020-05-21 14:00:00,575.01,20.0,25.92,15.76,0.0,1,2.77,74.82,1.77,0.97,113.82
2020-05-21 14:30:00,577.71,20.0,25.78,16.09,0.0,1,14.93,104.82,4.92,0.65,143.82
2020-05-21 15:00:00,528.15,20.0,25.49,14.45,27.67,1,6.9,3.23,2.73,1.65,8.87
2020-05-21 15:30:00,464.98,20.23,24.59,13.51,37.1,1,1.88,8.22,4.38,1.13,26.37
2020-05-21 16:00:00,475.25,20.37,24.0,13.08,29.4,1,2.87,10.2,7.87,5.88,17.02
2020-05-21 16:30:00,572.25,21.0,24.1,12.44,25.0,1,11.85,40.2,14.52,3.72,47.02
2020-05-21 17:00:00,591.08,21.0,24.17,11.98,20.0,1,2.83,70.2,3.5,2.53,14.47
2020-05-21 17:30:00,596.82,21.0,24.3,11.4,9.5,1,1.82,100.2,12.98,3.25,10.95
2020-05-21 18:00:00,573.33,20.5,24.27,10.81,0.0,1,0.78,13.3,0.45,5.48,40.95
2020-05-21 18:30:00,515.23,20.0,24.24,10.36,0.0,1,4.77,43.3,30.45,8.35,70.95
2020-05-21 19:00:00,484.36,20.47,24.27,10.02,11.67,1,4.77,0.08,7.75,6.23,13.07
2020-05-21 19:30:00,522.34,26.47,24.34,9.57,25.0,1,0.73,1.57,37.75,0.23,43.07
2020-05-21 20:00:00,577.83,27.97,24.44,9.05,25.0,1,5.9,4.55,29.73,0.78,73.07
2020-05-21 20:30:00,597.58,28.83,24.44,8.25,25.0,1,2.87,5.03,59.73,2.8,103.07
2020-05-21 21:00:00,613.51,26.3,24.4,7.96,13.33,1,1.85,11.18,0.85,2.68,13.67
2020-05-21 21:30:00,498.45,23.87,23.03,8.28,0.0,1,22.83,4.0,4.17,4.2,43.67
2020-05-21 22:00:00,576.34,24.0,22.67,7.66,0.0,1,9.82,34.0,14.15,2.93,73.67
2020-05-21 22:30:00,628.02,24.0,22.86,7.19,0.0,1,3.12,64.0,2.62,9.83,103.67
2020-05-21 23:00:00,635.84,24.47,23.04,7.43,0.0,1,2.1,5.27,17.45,6.77,133.67
2020-05-21 23:30:00,616.73,26.0,23.16,7.37,0.0,1,7.1,12.75,22.43,5.68,163.67
2020-05-22 00:00:00,633.22,27.0,23.28,6.58,0.0,0,8.08,42.75,29.92,2.38,193.67
2020-05-22 00:30:00,602.7,26.07,23.28,6.48,0.0,1,18.07,12.07,59.92,1.25,223.67
2020-05-22 01:00:00,595.71,23.97,23.28,7.13,0.0,1,2.03,3.53,89.92,4.63,253.67
2020-05-22 01:30:00,559.17,22.43,23.28,7.03,0.0,1,26.03,16.52,119.92,0.8,283.67
2020-05-22 02:00:00,553.69,22.0,23.28,7.06,0.0,1,3.0,46.52,149.92,2.88,313.67
2020-05-22 02:30:00,568.21,22.0,23.28,7.19,0.0,1,8.32,76.52,179.92,11.53,343.67
2020-05-22 03:00:00,583.7,21.57,23.28,7.44,0.0,1,3.28,12.47,209.92,2.9,373.67
2020-05-22 03:30:00,580.92,20.97,23.28,8.17,2.33,1,3.27,0.43,239.92,15.03,6.58
2020-05-22 04:00:00,559.84,20.4,23.28,8.58,10.0,1,0.25,4.42,269.92,2.15,36.58
2020-05-22 04:30:00,575.84,20.8,23.22,9.44,83.01,1,2.25,5.4,16.92,4.05,0.53
2020-05-22 05:00:00,566.56,20.3,23.36,10.16,258.05,1,4.22,9.38,2.88,1.32,2.53
2020-05-22 05:30:00,567.17,20.23,23.89,10.88,337.38,1,2.2,6.53,5.87,4.83,1.17
2020-05-22 06:00:00,487.96,20.57,23.47,11.33,849.73,1,7.18,2.18,0.33,1.25,0.15
2020-05-22 06:30:00,470.73,20.3,21.75,12.04,1339.78,1,15.33,0.48,0.32,1.25,1.13
2020-05-22 07:00:00,472.0,20.73,21.86,12.71,1108.8,1,45.33,5.13,4.8,0.88,2.12
2020-05-22 07:30:00,466.54,19.73,22.35,13.13,1002.13,1,15.3,0.45,4.12,2.97,1.77
2020-05-22 08:00:00,461.76,19.8,22.68,13.79,1083.09,1,45.3,1.6,0.43,0.47,0.23
2020-05-22 08:30:00,461.76,19.17,23.05,14.28,1053.35,1,75.3,0.75,5.92,1.05,1.22
2020-05-22 09:00:00,466.2,18.33,23.18,14.31,1038.57,1,12.25,0.73,35.92,2.58,1.2
2020-05-22 09:30:00,467.56,17.97,23.25,14.91,1004.93,1,12.23,2.72,0.38,6.07,0.85
2020-05-22 10:00:00,461.76,18.1,23.46,15.07,865.64,1,42.23,3.37,4.37,1.2,2.33
2020-05-22 10:30:00,461.76,17.03,23.33,15.0,688.29,1,72.23,0.67,2.17,0.8,1.82
2020-05-22 11:00:00,472.96,17.2,23.02,15.52,519.82,1,29.17,1.15,6.15,2.35,0.3
2020-05-22 11:30:00,480.13,18.03,22.88,15.58,334.85,1,0.3,4.63,1.8,2.7,3.43
2020-05-22 12:00:00,532.31,18.0,23.68,16.23,212.26,1,2.28,29.63,0.78,0.07,6.43
2020-05-22 12:30:00,484.74,18.0,23.98,16.49,162.98,0,19.28,59.63,16.78,0.25,5.42
2020-05-22 13:00:00,468.2,18.0,24.11,16.74,134.67,0,3.25,89.63,27.27,0.98,9.38
2020-05-22 13:30:00,454.35,18.0,24.18,16.91,117.9,0,12.23,119.63,14.4,0.12,2.53
2020-05-22 14:00:00,456.96,18.0,24.24,16.22,100.71,0,42.23,149.63,44.4,0.35,12.02
2020-05-22 14:30:00,456.96,17.8,24.24,15.45,86.37,0,72.23,2.7,74.4,1.98,4.0
2020-05-22 15:00:00,456.96,17.0,24.23,14.62,74.0,0,102.23,32.7,1.0,0.02,2.65
2020-05-22 15:30:00,454.23,17.53,24.14,14.07,62.0,0,10.17,14.67,31.0,1.8,8.63
2020-05-22 16:00:00,455.49,18.0,24.04,13.54,55.0,0,17.15,44.67,0.3,1.15,38.63
2020-05-22 16:30:00,530.27,21.7,23.92,12.9,45.33,1,0.28,3.95,30.3,3.6,28.6
2020-05-22 17:00:00,480.68,19.87,23.66,12.45,38.67,1,5.27,8.6,8.6,2.12,0.73
2020-05-22 17:30:00,477.61,20.0,23.44,11.8,24.0,1,14.25,38.6,38.6,5.47,2.22
2020-05-22 18:00:00,466.88,20.0,23.44,11.08,7.5,0,44.25,68.6,68.6,6.23,14.7
2020-05-22 18:30:00,460.8,20.0,23.44,10.37,0.0,0,14.22,98.6,98.6,5.97,44.7
2020-05-22 19:00:00,461.25,20.23,23.54,9.73,0.0,0,6.18,6.68,1.52,3.58,74.7
2020-05-22 19:30:00,464.0,21.27,23.69,9.09,0.0,0,36.18,5.33,8.5,6.92,104.7
2020-05-22 20:00:00,464.0,22.0,23.76,8.78,0.0,0,66.18,35.33,38.5,3.6,134.7
2020-05-22 20:30:00,464.0,23.0,23.76,8.42,0.0,0,96.18,0.62,68.5,4.37,164.7
2020-05-22 21:00:00,464.0,24.13,23.68,8.03,0.0,1,126.18,3.6,23.78,21.1,194.7
2020-05-22 21:30:00,534.27,25.0,23.69,8.11,0.0,1,10.25,27.1,9.75,8.65,224.7
2020-05-22 22:00:00,555.21,24.43,23.84,8.56,0.0,1,2.23,7.57,0.73,0.32,254.7
2020-05-22 22:30:00,495.33,22.47,24.1,8.84,0.0,1,0.22,5.55,30.73,30.32,284.7
2020-05-22 23:00:00,488.93,22.3,24.04,8.8,0.0,1,4.2,2.7,18.7,10.1,314.7
2020-05-22 23:30:00,494.14,22.43,23.93,8.57,0.0,1,2.18,0.68,19.85,9.17,344.7
2020-05-23 00:00:00,502.57,22.87,23.86,8.38,0.0,0,3.17,13.67,12.83,3.1,374.7
2020-05-23 00:30:00,483.5,23.0,23.8,8.14,0.0,1,22.15,43.67,42.83,27.2,404.7
2020-05-23 01:00:00,476.59,23.07,23.8,8.02,0.0,1,9.13,16.63,72.83,26.93,434.7
2020-05-23 01:30:00,472.55,23.43,23.8,8.27,0.0,1,9.12,4.6,102.83,0.17,464.7
2020-05-23 02:00:00,474.08,24.0,23.69,8.71,0.0,1,8.1,0.42,27.77,26.47,494.7
2020-05-23 02:30:00,478.7,24.07,23.68,8.72,0.0,1,2.23,11.4,57.77,56.47,524.7
2020-05-23 03:00:00,469.76,24.0,23.68,9.06,0.0,1,32.23,41.4,87.77,3.2,554.7
2020-05-23 03:30:00,473.31,24.03,23.63,9.88,0.0,1,0.2,13.37,13.03,3.33,584.7
2020-05-23 04:00:00,466.88,24.07,23.47,10.24,0.0,0,30.2,3.35,27.02,6.73,614.7
2020-05-23 04:30:00,466.88,24.0,23.46,10.35,0.0,1,60.2,33.35,0.98,1.6,644.7
2020-05-23 05:00:00,466.88,24.0,23.27,10.27,0.0,1,90.2,63.35,20.82,7.02,674.7
2020-05-23 05:30:00,469.64,23.73,23.23,10.45,0.0,1,12.13,2.62,2.78,11.23,704.7
2020-05-23 06:00:00,472.57,23.1,23.14,10.5,0.0,1,4.12,13.62,32.78,21.33,734.7
2020-05-23 06:30:00,469.59,23.03,23.05,10.42,43.6,1,5.1,24.6,4.25,3.87,5.23
2020-05-23 07:00:00,470.52,23.0,22.8,10.34,62.0,1,2.08,54.6,3.9,7.85,35.23
2020-05-23 07:30:00,483.5,23.03,23.04,10.47,68.33,1,10.05,2.55,12.72,9.77,18.87
2020-05-23 08:00:00,474.23,23.17,23.1,10.58,72.33,0,2.2,2.53,42.72,2.38,0.83
2020-05-23 08:30:00,478.72,23.07,23.1,10.73,73.87,0,32.2,14.52,72.72,8.32,12.32
2020-05-23 09:00:00,479.13,23.0,23.13,10.69,63.67,1,0.17,44.52,14.67,7.85,24.98
2020-05-23 09:30:00,506.14,23.13,23.32,10.74,71.67,1,0.13,5.47,0.47,0.53,28.95
2020-05-23 10:00:00,510.28,23.53,23.32,10.71,60.53,1,3.12,0.78,25.47,0.78,5.92
2020-05-23 10:30:00,513.14,23.6,23.35,10.43,50.33,1,0.1,1.27,15.43,2.78,25.92
2020-05-23 11:00:00,605.4,24.6,23.31,10.26,49.0,1,0.58,4.25,10.25,8.58,55.92
2020-05-23 11:30:00,483.37,24.03,23.18,10.24,49.0,1,10.57,28.25,40.25,0.07,85.92
2020-05-23 12:00:00,488.13,25.37,22.98,9.49,41.33,0,0.55,2.53,4.7,1.35,22.02
2020-05-23 12:30:00,530.61,27.4,23.18,8.38,39.0,1,4.53,0.02,14.53,4.72,52.02
2020-05-23 13:00:00,491.16,26.93,23.3,7.76,32.67,0,21.52,0.0,44.53,3.22,3.63
2020-05-23 13:30:00,479.47,27.03,23.24,7.78,31.33,0,24.67,0.98,14.48,5.68,22.13
2020-05-23 14:00:00,470.51,28.07,23.15,7.76,23.0,0,19.65,0.47,7.47,28.23,17.1
2020-05-23 14:30:00,478.22,28.77,23.1,7.73,19.0,1,4.62,0.28,4.45,19.43,47.1
2020-05-23 15:00:00,521.43,29.7,23.25,7.92,19.0,1,1.6,0.08,5.43,4.82,77.1
2020-05-23 15:30:00,474.12,30.37,22.9,8.05,19.0,0,17.58,2.73,2.9,18.38,107.1
2020-05-23 16:00:00,461.08,28.87,23.08,8.03,9.67,0,11.57,2.05,17.9,4.25,1.68
2020-05-23 16:30:00,503.48,31.2,23.12,8.01,2.0,1,1.53,0.03,47.9,34.25,5.83
2020-05-23 17:00:00,601.83,35.97,23.14,7.76,0.0,1,1.52,1.18,2.68,4.73,35.83
2020-05-23 17:30:00,505.11,33.77,22.26,7.45,0.0,1,2.5,0.5,0.17,0.0,65.83
2020-05-23 18:00:00,492.44,31.63,21.9,7.49,0.0,1,1.65,0.3,6.65,6.25,95.83
2020-05-23 18:30:00,470.93,31.1,22.2,7.76,0.0,0,7.63,0.97,29.47,0.1,125.83
2020-05-23 19:00:00,468.12,33.57,22.21,7.85,0.0,0,1.62,0.43,1.45,20.92,155.83
2020-05-23 19:30:00,462.88,33.6,22.35,7.79,0.0,0,2.6,0.25,9.1,23.25,185.83
2020-05-23 20:00:00,470.57,33.0,22.44,7.78,0.0,0,2.57,29.42,6.23,4.97,215.83
2020-05-23 20:30:00,469.5,33.07,22.52,8.0,0.0,0,20.57,3.22,36.23,0.45,245.83
2020-05-23 21:00:00,467.84,34.47,22.52,7.91,0.0,0,50.57,8.53,66.23,5.45,275.83
2020-05-23 21:30:00,467.84,34.97,22.52,8.05,0.0,0,80.57,28.53,96.23,10.25,305.83
2020-05-23 22:00:00,471.13,35.0,22.63,8.13,0.0,1,6.48,58.53,10.82,40.25,335.83
2020-05-23 22:30:00,475.36,35.1,22.74,8.12,0.0,1,14.48,2.47,40.82,1.07,365.83
2020-05-23 23:00:00,468.8,35.57,22.74,7.97,0.0,0,44.48,0.45,70.82,8.93,395.83
2020-05-23 23:30:00,468.8,35.97,22.67,8.07,0.0,1,74.48,22.45,21.93,2.07,425.83
2020-05-24 00:00:00,468.8,36.0,22.64,8.26,0.0,1,104.48,52.45,51.93,32.07,455.83
2020-05-24 00:30:00,466.99,36.03,22.64,8.13,0.0,0,21.57,10.4,81.93,5.33,485.83
2020-05-24 01:00:00,468.8,36.0,22.7,8.01,0.0,1,51.57,40.4,17.88,35.33,515.83
2020-05-24 01:30:00,468.8,36.0,22.74,7.96,0.0,1,81.57,70.4,47.88,11.82,545.83
2020-05-24 02:00:00,468.8,36.0,22.74,7.89,0.0,0,111.57,100.4,77.88,41.82,575.83
2020-05-24 02:30:00,471.36,36.0,22.74,7.97,0.0,0,9.48,130.4,107.88,2.38,605.83
2020-05-24 03:00:00,469.76,36.0,22.74,8.38,0.0,1,39.48,160.4,137.88,0.3,635.83
2020-05-24 03:30:00,496.93,36.37,22.45,9.02,0.33,1,6.45,18.45,11.12,5.38,0.23
2020-05-24 04:00:00,468.41,36.0,22.64,9.6,7.37,1,10.43,48.45,25.93,22.77,0.38
2020-05-24 04:30:00,472.0,35.8,22.66,9.97,45.07,1,40.43,5.9,55.93,1.27,1.87
2020-05-24 05:00:00,469.31,35.0,22.82,10.84,117.32,1,5.55,35.9,0.05,0.65,1.85
2020-05-24 05:30:00,469.63,35.0,23.06,11.6,67.51,1,2.53,65.9,0.03,1.53,0.83
2020-05-24 06:00:00,462.74,35.0,23.28,11.83,98.54,1,7.52,95.9,8.35,1.07,0.48
2020-05-24 06:30:00,460.93,34.63,23.54,12.11,111.41,0,26.52,6.0,16.83,0.33,0.47
2020-05-24 07:00:00,462.5,34.0,23.76,12.45,55.97,0,4.48,36.0,14.32,4.18,1.43
2020-05-24 07:30:00,463.25,33.6,23.84,12.83,72.85,0,9.47,3.97,5.28,0.87,3.08
2020-05-24 08:00:00,472.0,32.67,23.93,13.26,126.43,0,39.47,0.1,2.6,0.53,6.07
2020-05-24 08:30:00,466.54,31.23,24.11,14.15,152.56,0,5.42,0.92,3.08,2.82,2.55
2020-05-24 09:00:00,464.35,30.27,24.29,14.64,87.89,0,12.4,2.4,15.07,0.23,4.53
2020-05-24 09:30:00,464.59,29.87,24.34,14.35,23.07,0,15.55,0.38,45.07,0.53,0.17
2020-05-24 10:00:00,466.13,29.93,24.34,14.4,33.17,1,9.53,0.85,75.07,1.98,0.65
2020-05-24 10:30:00,501.85,32.6,24.4,14.83,38.9,1,2.5,3.17,18.52,0.02,2.63
2020-05-24 11:00:00,504.33,31.27,24.44,14.77,27.8,1,7.5,1.98,48.52,0.37,8.12
2020-05-24 11:30:00,469.39,30.5,24.44,15.44,30.2,0,2.47,2.13,78.52,1.37,3.77
2020-05-24 12:00:00,457.92,30.93,24.28,15.86,18.0,0,32.47,25.13,8.62,0.72,1.25
2020-05-24 12:30:00,457.92,30.33,24.25,15.69,17.0,0,62.47,18.1,1.6,0.37,24.73
2020-05-24 13:00:00,465.02,29.5,24.17,15.35,20.0,0,17.42,3.42,12.58,0.0,54.73
2020-05-24 13:30:00,469.76,29.07,24.03,15.57,20.0,0,47.42,10.4,21.57,0.07,84.73
2020-05-24 14:00:00,469.76,29.0,23.91,15.34,18.33,0,77.42,40.4,26.05,0.27,4.33
2020-05-24 14:30:00,469.76,29.0,23.9,15.34,3.67,0,107.42,70.4,56.05,0.4,17.32
2020-05-24 15:00:00,466.5,29.0,23.9,14.8,2.33,0,0.5,100.4,86.05,1.3,9.8
2020-05-24 15:30:00,469.4,31.63,22.94,14.22,54.17,1,0.48,1.97,1.13,1.15,0.93
2020-05-24 16:00:00,466.93,35.03,21.49,13.68,50.57,1,0.47,2.45,9.12,1.77,24.93
2020-05-24 16:30:00,479.58,35.5,21.53,13.3,34.33,1,0.45,0.93,2.1,1.72,19.92
2020-05-24 17:00:00,545.61,34.7,22.48,12.5,26.0,1,1.42,0.58,0.08,2.98,2.88
2020-05-24 17:30:00,539.08,34.57,23.02,11.67,17.0,1,0.4,0.07,0.07,2.38,32.88
2020-05-24 18:00:00,549.39,34.83,23.62,11.2,2.83,1,5.38,0.05,3.88,0.62,22.03
2020-05-24 18:30:00,552.81,34.63,23.81,11.02,0.0,1,2.37,1.87,14.87,10.07,52.03
2020-05-24 19:00:00,533.65,34.9,23.76,10.68,0.0,1,0.5,0.83,44.87,1.03,82.03
2020-05-24 19:30:00,523.15,35.0,23.55,10.32,0.0,1,1.48,0.15,1.32,0.32,112.03
2020-05-24 20:00:00,488.83,33.57,23.05,9.98,0.0,1,4.47,18.65,7.47,1.75,142.03
2020-05-24 20:30:00,480.06,33.43,23.32,9.45,0.0,1,11.45,12.12,37.47,3.63,172.03
2020-05-24 21:00:00,472.96,34.0,23.34,9.1,0.0,1,41.45,42.12,6.6,1.7,202.03
2020-05-24 21:30:00,490.07,35.03,23.37,8.84,0.0,1,4.42,8.58,4.58,8.93,232.03
2020-05-24 22:00:00,539.36,37.0,23.22,8.57,0.0,1,11.4,38.58,34.58,14.28,262.03
2020-05-24 22:30:00,554.03,37.0,23.1,8.26,0.0,0,24.4,68.58,29.55,11.75,292.03
2020-05-24 23:00:00,579.35,37.47,23.11,7.77,0.0,0,1.37,4.87,2.35,7.08,322.03
2020-05-24 23:30:00,622.61,37.4,23.29,7.42,0.0,1,6.18,0.83,18.02,2.53,352.03
2020-05-25 00:00:00,581.33,37.03,23.34,7.18,0.0,1,15.67,27.83,48.02,2.87,382.03
2020-05-25 00:30:00,564.29,36.97,23.34,6.78,0.0,1,15.65,5.3,78.02,13.7,412.03
2020-05-25 01:00:00,565.54,36.6,23.34,6.38,0.0,0,0.62,10.28,108.02,2.43,442.03
2020-05-25 01:30:00,585.95,36.9,23.36,6.32,0.0,1,0.6,5.43,6.1,12.02,472.03
2020-05-25 02:00:00,661.26,37.37,23.44,6.39,0.0,1,3.92,0.58,36.1,0.47,502.03
2020-05-25 02:30:00,636.39,36.53,23.53,6.52,0.0,1,4.9,13.07,27.07,4.55,532.03
2020-05-25 03:00:00,579.73,36.0,23.54,6.67,0.0,1,11.22,43.07,57.07,5.63,562.03
2020-05-25 03:30:00,589.41,36.0,23.54,6.83,0.37,0,8.2,73.07,87.07,0.0,28.0
2020-05-25 04:00:00,562.78,36.0,23.54,7.27,18.1,1,20.18,103.07,117.07,0.28,22.98
2020-05-25 04:30:00,552.85,36.0,23.54,7.49,35.7,1,0.15,133.07,147.07,0.02,0.45
2020-05-25 05:00:00,565.6,36.5,23.75,7.92,88.08,1,5.13,0.28,1.45,4.25,1.6
2020-05-25 05:30:00,573.6,43.47,24.2,8.9,555.19,1,1.1,11.62,0.77,4.7,0.08
2020-05-25 06:00:00,479.77,36.9,23.16,9.5,973.7,1,3.92,7.08,1.25,4.75,0.05
2020-05-25 06:30:00,482.39,37.63,23.59,11.32,939.73,1,3.9,10.07,2.07,1.93,4.03
2020-05-25 07:00:00,468.1,36.4,24.58,12.03,875.35,0,11.9,17.07,0.22,0.5,2.18
2020-05-25 07:30:00,459.09,35.3,25.34,12.74,761.79,0,3.87,20.05,2.2,4.63,0.17
2020-05-25 08:00:00,448.0,33.43,25.93,13.45,724.39,0,33.87,0.35,3.02,4.75,1.15
2020-05-25 08:30:00,445.27,30.57,26.39,14.36,624.05,0,7.83,12.33,1.48,1.02,3.13
2020-05-25 09:00:00,440.49,29.4,26.74,14.83,581.68,0,7.82,17.32,10.82,1.22,0.28
2020-05-25 09:30:00,445.61,28.27,26.97,15.43,501.08,0,1.8,19.3,10.97,2.08,0.25
2020-05-25 10:00:00,443.4,28.0,27.04,15.66,216.55,0,2.95,49.3,40.97,0.32,1.73
2020-05-25 10:30:00,445.42,28.0,27.04,15.68,170.74,0,18.93,79.3,70.97,3.58,1.72
2020-05-25 11:00:00,458.43,28.0,26.91,15.72,182.2,0,23.92,109.3,11.73,2.15,0.87
2020-05-25 11:30:00,468.26,28.0,26.76,16.01,77.85,0,13.9,139.3,3.72,1.1,2.35
2020-05-25 12:00:00,462.72,28.83,26.59,15.98,145.45,0,43.9,23.38,11.7,0.48,0.33
2020-05-25 12:30:00,462.72,29.0,26.45,16.66,146.08,0,73.9,53.38,19.68,2.42,4.32
2020-05-25 13:00:00,462.72,29.0,26.32,16.18,90.01,0,103.9,83.38,4.67,0.12,0.45
2020-05-25 13:30:00,462.72,29.63,26.18,17.55,128.75,0,133.9,18.32,9.65,0.08,1.43
2020-05-25 14:00:00,456.38,29.93,26.03,16.73,83.38,0,12.8,19.3,0.28,0.12,0.92
2020-05-25 14:30:00,455.66,30.0,25.89,17.98,98.04,0,3.78,49.3,3.77,1.35,10.9
2020-05-25 15:00:00,482.81,31.83,25.38,16.79,75.81,1,4.93,11.77,3.25,0.73,7.05
2020-05-25 15:30:00,541.33,33.0,25.38,15.96,51.13,1,3.92,41.77,33.25,0.88,18.03
2020-05-25 16:00:00,543.38,33.0,25.38,15.78,43.0,1,0.05,71.77,63.25,0.77,26.02
2020-05-25 16:30:00,486.38,32.0,25.32,15.79,37.67,0,5.03,12.2,13.7,7.15,12.0
2020-05-25 17:00:00,468.91,31.87,25.19,15.45,30.0,0,6.02,12.02,21.18,6.23,5.65
2020-05-25 17:30:00,462.72,33.0,25.07,15.28,22.0,0,36.02,42.02,25.17,3.07,35.65
2020-05-25 18:00:00,451.93,32.73,25.01,14.81,5.93,0,21.17,22.33,15.65,7.18,15.12
2020-05-25 18:30:00,450.76,33.0,24.88,14.68,0.0,0,6.13,52.33,19.63,1.97,45.12
2020-05-25 19:00:00,454.17,32.73,24.77,14.18,0.0,0,16.12,18.28,19.62,5.98,75.12
2020-05-25 19:30:00,460.63,33.43,24.75,13.51,0.0,1,3.1,0.25,8.77,4.75,105.12
2020-05-25 20:00:00,617.65,34.73,24.86,12.9,0.0,1,6.08,12.75,4.73,4.22,135.12
2020-05-25 20:30:00,673.63,34.97,24.87,12.49,0.0,1,6.05,15.72,3.38,3.02,165.12
2020-05-25 21:00:00,566.91,34.6,24.62,12.25,0.0,1,3.03,8.7,10.37,11.73,195.12
2020-05-25 21:30:00,500.1,34.0,24.39,11.98,0.0,0,5.02,38.7,13.35,1.67,225.12
2020-05-25 22:00:00,484.2,34.83,24.01,11.44,0.0,1,0.0,24.83,9.15,14.92,255.12
2020-05-25 22:30:00,558.41,35.03,24.03,10.98,0.0,1,4.32,16.82,9.13,7.68,285.12
2020-05-25 23:00:00,598.47,35.0,24.1,10.73,0.0,1,24.3,46.82,39.13,4.28,315.12
2020-05-25 23:30:00,636.69,34.83,24.1,10.58,0.0,1,7.78,4.77,69.13,9.02,345.12
2020-05-26 00:00:00,578.33,34.0,24.17,10.31,0.0,1,15.6,34.77,21.43,1.63,375.12
2020-05-26 00:30:00,521.9,33.17,24.45,9.8,0.0,1,7.57,24.92,16.4,2.4,405.12
2020-05-26 01:00:00,475.95,33.0,24.38,8.47,0.0,1,15.55,54.92,0.37,4.85,435.12
2020-05-26 01:30:00,480.28,33.0,24.19,8.38,0.0,1,27.55,84.92,15.37,4.18,465.12
2020-05-26 02:00:00,480.96,33.0,24.02,8.44,0.0,1,57.55,114.92,8.17,0.85,495.12
2020-05-26 02:30:00,472.94,33.0,23.85,8.74,0.0,1,5.5,144.92,21.17,0.63,525.12
2020-05-26 03:00:00,480.7,33.0,23.82,9.67,0.0,1,2.48,174.92,51.17,1.3,555.12
2020-05-26 03:30:00,517.63,34.23,23.55,10.38,0.0,0,7.45,18.47,8.95,9.07,585.12
2020-05-26 04:00:00,482.18,34.0,23.68,11.01,0.0,1,23.62,48.47,38.95,2.48,615.12
2020-05-26 04:30:00,480.0,34.0,23.58,12.14,49.07,1,53.62,78.47,28.93,0.1,1.7
2020-05-26 05:00:00,480.0,34.0,23.66,13.29,117.0,1,83.62,108.47,8.9,3.32,2.18
2020-05-26 05:30:00,480.0,33.03,23.99,14.25,97.67,1,113.62,24.73,5.38,0.33,9.17
2020-05-26 06:00:00,471.13,32.73,24.31,15.3,76.67,0,25.55,2.7,1.37,0.22,6.15
2020-05-26 06:30:00,465.39,31.0,24.74,15.94,63.67,0,0.52,32.7,6.18,2.5,12.3
2020-05-26 07:00:00,465.54,31.23,25.02,16.68,1000.96,1,8.5,4.48,6.65,1.0,1.28
2020-05-26 07:30:00,457.92,30.97,25.09,17.18,1383.47,1,38.5,11.47,9.8,2.03,0.27
2020-05-26 08:00:00,457.92,30.63,25.04,17.67,1162.41,1,68.5,4.45,9.95,0.48,0.4
2020-05-26 08:30:00,459.01,29.93,25.41,18.08,1332.03,1,2.6,4.77,3.43,0.33,0.38
2020-05-26 09:00:00,460.69,28.93,25.94,18.62,1375.13,1,18.58,15.92,19.58,3.72,1.87
2020-05-26 09:30:00,454.08,28.27,26.16,19.02,1458.6,1,1.57,3.23,10.07,1.43,1.35
2020-05-26 10:00:00,457.92,27.5,26.25,19.38,1164.33,1,31.57,5.37,10.03,0.75,0.5
2020-05-26 10:30:00,457.92,26.4,26.39,19.51,789.9,1,61.57,3.52,3.18,5.43,2.48
2020-05-26 11:00:00,457.92,25.0,26.98,20.05,435.93,1,91.57,33.52,7.83,3.53,3.45
2020-05-26 11:30:00,457.92,25.67,27.2,20.87,359.67,1,121.57,4.15,1.63,0.32,1.43
2020-05-26 12:00:00,457.92,26.93,27.32,21.11,251.79,1,151.57,5.47,31.63,0.9,5.58
2020-05-26 12:30:00,487.01,27.3,27.29,21.25,130.13,1,0.45,6.45,0.6,0.05,9.57
2020-05-26 13:00:00,549.9,28.0,26.99,21.37,0.0,1,2.43,36.45,3.58,0.38,39.57
2020-05-26 13:30:00,577.31,27.97,26.88,19.96,0.0,1,20.58,9.42,33.58,1.2,69.57
2020-05-26 14:00:00,486.36,27.23,27.0,20.66,0.0,1,14.73,22.4,29.57,0.27,99.57
2020-05-26 14:30:00,463.37,27.8,26.82,20.91,35.13,1,1.7,7.7,9.53,2.13,2.65
2020-05-26 15:00:00,559.18,28.83,26.69,19.9,70.73,1,0.18,4.68,3.67,2.57,3.63
2020-05-26 15:30:00,482.31,28.03,26.5,19.58,53.07,1,28.02,24.68,25.67,3.58,27.13
2020-05-26 16:00:00,463.25,28.0,26.43,19.48,45.67,0,9.98,54.68,15.15,9.15,0.27
2020-05-26 16:30:00,456.0,28.0,26.34,18.98,30.0,0,39.98,84.68,8.12,2.68,30.27
2020-05-26 17:00:00,456.0,28.0,26.22,18.26,23.33,0,69.98,114.68,12.77,0.93,19.73
2020-05-26 17:30:00,456.0,28.0,26.09,16.91,8.67,0,99.98,144.68,20.92,1.33,14.72
2020-05-26 18:00:00,456.0,28.1,26.03,16.34,0.0,0,129.98,16.73,4.05,8.18,44.72
2020-05-26 18:30:00,456.0,28.0,26.13,15.87,0.0,1,159.98,46.73,8.03,4.77,74.72
2020-05-26 19:00:00,481.63,28.7,25.93,15.42,0.0,1,8.03,5.68,12.02,2.1,104.72
2020-05-26 19:30:00,531.74,30.0,25.75,15.09,0.0,1,4.0,35.68,20.83,3.73,134.72
2020-05-26 20:00:00,511.83,29.97,25.6,14.97,0.0,1,0.98,9.65,0.13,4.73,164.72
2020-05-26 20:30:00,525.03,29.87,25.35,14.62,0.0,1,2.97,5.97,0.78,10.77,194.72
2020-05-26 21:00:00,482.23,31.33,24.47,14.38,0.0,1,2.95,13.95,0.27,4.6,224.72
2020-05-26 21:30:00,551.81,33.0,24.41,14.51,0.0,1,4.92,43.95,21.25,3.78,254.72
2020-05-26 22:00:00,569.89,32.27,24.48,14.63,0.0,1,0.23,5.4,3.88,6.47,284.72
2020-05-26 22:30:00,482.24,30.0,24.66,14.18,0.0,1,26.73,35.4,0.87,1.67,314.72
2020-05-26 23:00:00,474.88,30.0,24.74,13.82,0.0,1,14.7,65.4,5.85,1.38,344.72
2020-05-26 23:30:00,473.65,30.0,24.6,13.43,0.0,1,7.68,95.4,10.83,5.28,374.72
2020-05-27 00:00:00,469.92,30.03,24.46,12.92,0.0,1,26.68,11.33,18.82,2.32,404.72
2020-05-27 00:30:00,468.8,30.03,24.37,12.37,0.0,1,56.68,17.32,15.3,4.27,434.72
2020-05-27 01:00:00,468.8,30.13,24.32,11.9,0.0,1,86.68,2.45,0.27,2.2,464.72
2020-05-27 01:30:00,468.8,30.13,24.28,11.68,0.0,1,116.68,0.43,3.27,32.2,494.72
2020-05-27 02:00:00,468.8,30.33,24.37,11.72,0.0,1,146.68,5.42,14.25,12.5,524.72
2020-05-27 02:30:00,466.38,31.0,24.23,11.87,0.0,1,13.73,35.42,26.23,2.87,554.72
2020-05-27 03:00:00,467.84,31.07,24.22,11.99,0.0,1,43.73,2.03,56.23,12.25,584.72
2020-05-27 03:30:00,473.53,31.2,24.1,11.92,0.0,1,12.7,0.68,6.35,42.25,614.72
2020-05-27 04:00:00,474.61,31.2,24.0,11.97,0.0,1,16.68,5.68,36.35,2.25,644.72
2020-05-27 04:30:00,471.37,31.13,24.02,12.01,0.0,1,12.67,9.17,6.82,1.7,674.72
2020-05-27 05:00:00,474.49,31.53,24.1,12.12,0.0,1,12.65,0.8,36.82,3.57,704.72
2020-05-27 05:30:00,481.25,32.7,24.1,12.52,28.3,1,3.62,12.3,66.82,0.58,0.42
2020-05-27 06:00:00,465.92,33.0,24.19,13.11,95.01,1,33.62,42.3,27.27,2.93,0.4
2020-05-27 06:30:00,465.92,33.33,24.26,13.62,67.8,1,63.62,0.08,14.25,1.53,1.88
2020-05-27 07:00:00,465.92,33.27,24.42,14.4,60.3,1,93.62,5.07,6.72,2.13,0.85
2020-05-27 07:30:00,462.93,33.73,24.63,15.08,66.44,0,7.72,1.88,7.7,2.77,1.5
2020-05-27 08:00:00,454.72,34.07,24.82,15.43,55.0,1,37.72,8.37,22.53,0.23,31.5
2020-05-27 08:30:00,460.86,34.1,25.0,16.22,75.17,0,9.68,9.35,2.5,0.4,0.47
2020-05-27 09:00:00,460.86,34.1,25.22,16.51,85.09,1,1.65,24.33,17.98,3.05,4.45
2020-05-27 09:30:00,464.96,34.0,25.4,17.23,74.49,1,31.65,54.33,10.8,0.95,0.6
2020-05-27 10:00:00,458.47,34.0,25.57,17.77,36.67,1,18.62,84.33,25.78,0.38,6.08
2020-05-27 10:30:00,454.72,33.33,25.65,18.17,42.57,0,48.62,19.6,19.92,0.22,3.05
2020-05-27 11:00:00,454.72,32.93,25.68,18.46,41.67,0,78.62,0.08,49.92,0.12,6.53
2020-05-27 11:30:00,454.72,32.13,25.68,19.19,34.0,0,108.62,0.38,79.92,1.58,36.53
2020-05-27 12:00:00,453.81,31.13,25.71,19.41,34.0,0,16.72,27.55,8.03,0.12,66.53
2020-05-27 12:30:00,457.08,31.07,25.73,19.15,27.07,0,7.7,2.35,15.02,3.08,15.15
2020-05-27 13:00:00,448.48,32.83,25.67,17.85,21.0,0,19.68,1.5,17.0,1.07,45.15
2020-05-27 13:30:00,444.8,33.77,25.53,16.14,2.5,0,49.68,5.15,8.47,1.2,24.78
2020-05-27 14:00:00,454.19,34.27,25.45,11.07,1.3,0,19.63,0.78,2.45,1.75,2.25
2020-05-27 14:30:00,459.26,34.37,25.34,10.32,66.57,1,21.62,0.6,32.45,0.3,7.73
2020-05-27 15:00:00,469.74,35.37,25.34,10.84,76.26,1,1.58,0.08,62.45,1.25,5.38
2020-05-27 15:30:00,474.61,36.67,25.34,10.38,30.33,1,2.57,0.07,92.45,0.3,22.88
2020-05-27 16:00:00,491.14,37.33,25.34,10.37,38.97,1,16.57,0.88,122.45,6.52,0.35
2020-05-27 16:30:00,498.09,36.0,25.32,10.25,49.0,1,3.7,4.87,4.52,1.15,30.35
2020-05-27 17:00:00,486.72,35.03,25.15,10.24,50.67,1,33.7,17.85,1.67,26.22,24.82
2020-05-27 17:30:00,482.21,35.1,25.02,10.28,29.67,1,3.67,1.82,31.67,0.13,11.47
2020-05-27 18:00:00,491.91,35.63,24.96,10.0,19.0,1,9.65,1.8,18.13,11.32,41.47
2020-05-27 18:30:00,489.98,35.67,24.92,9.61,5.07,1,13.63,0.78,48.13,6.42,18.43
2020-05-27 19:00:00,489.27,35.93,24.92,9.36,0.0,1,6.6,20.78,78.13,5.72,48.43
2020-05-27 19:30:00,494.72,36.0,24.82,9.29,0.0,1,17.6,50.78,28.25,3.12,78.43
2020-05-27 20:00:00,495.81,36.0,24.76,9.58,0.0,1,23.58,80.78,1.88,10.37,108.43
2020-05-27 20:30:00,493.06,36.0,24.44,9.54,0.0,1,11.55,110.78,4.7,3.12,138.43
2020-05-27 21:00:00,493.44,36.0,24.17,9.28,0.0,0,2.53,140.78,13.53,10.82,168.43
2020-05-27 21:30:00,493.21,36.0,23.98,9.14,0.0,1,3.68,170.78,9.67,1.77,198.43
2020-05-27 22:00:00,490.11,36.0,23.82,9.05,0.0,1,17.67,200.78,13.15,15.03,228.43
2020-05-27 22:30:00,503.05,36.07,23.78,8.97,0.0,1,16.65,0.8,3.13,1.0,258.43
2020-05-27 23:00:00,571.3,37.0,23.82,8.86,0.0,1,8.28,30.8,15.12,8.02,288.43
2020-05-27 23:30:00,567.1,37.0,23.69,8.59,0.0,0,3.27,60.8,20.27,2.85,318.43
2020-05-28 00:00:00,560.0,36.97,23.66,8.42,0.0,1,33.27,0.73,50.27,2.9,348.43
2020-05-28 00:30:00,569.86,36.13,23.62,8.27,0.0,1,1.4,24.73,11.88,0.03,378.43
2020-05-28 01:00:00,564.64,35.5,23.56,7.8,0.0,1,0.37,14.72,41.88,0.05,408.43
2020-05-28 01:30:00,653.63,35.33,23.63,7.49,0.0,1,1.52,2.35,0.02,6.37,438.43
2020-05-28 02:00:00,587.26,33.97,23.76,7.39,0.0,1,7.5,12.33,30.02,36.37,468.43
2020-05-28 02:30:00,583.25,33.07,23.76,7.6,0.0,1,9.65,27.33,60.02,3.38,498.43
2020-05-28 03:00:00,573.96,33.0,23.76,8.19,0.0,1,1.63,57.33,90.02,2.55,528.43
2020-05-28 03:30:00,549.12,32.53,23.67,8.68,0.0,0,17.62,0.43,27.12,6.52,558.43
2020-05-28 04:00:00,557.37,31.07,23.59,9.05,0.0,1,7.6,16.77,19.93,2.82,588.43
2020-05-28 04:30:00,554.88,31.0,23.56,9.45,0.0,1,37.6,46.77,49.93,2.15,618.43
2020-05-28 05:00:00,544.73,30.3,23.56,9.92,0.0,0,27.57,20.73,79.93,2.22,648.43
2020-05-28 05:30:00,569.79,30.07,23.7,10.42,0.0,1,13.55,0.7,5.2,0.42,678.43
2020-05-28 06:00:00,593.92,30.0,24.13,10.9,16.53,1,29.53,30.7,3.67,1.17,15.98
2020-05-28 06:30:00,582.57,29.07,24.77,11.56,31.0,1,27.52,26.0,2.65,2.23,45.98
2020-05-28 07:00:00,575.23,28.7,25.32,11.9,35.27,1,17.48,0.97,8.47,1.93,3.1
2020-05-28 07:30:00,598.4,28.83,25.49,12.28,80.48,1,5.8,0.95,4.62,0.1,2.08
2020-05-28 08:00:00,475.96,28.87,25.24,12.52,107.63,1,13.28,8.77,4.43,0.47,7.57
2020-05-28 08:30:00,458.15,28.6,25.5,12.89,585.18,1,11.27,0.75,6.08,0.62,0.22
2020-05-28 09:00:00,458.73,28.17,25.72,13.46,509.03,1,10.25,0.57,25.07,1.05,0.7
2020-05-28 09:30:00,451.84,26.8,25.62,13.9,575.97,1,40.25,0.2,9.22,0.52,0.18
2020-05-28 10:00:00,451.84,25.83,25.6,14.32,449.38,0,70.25,1.02,39.22,0.23,0.17
2020-05-28 10:30:00,452.91,26.47,25.6,14.28,245.02,0,1.35,1.17,0.17,1.3,3.3
2020-05-28 11:00:00,458.3,25.57,25.45,14.47,202.38,0,1.33,1.15,0.65,0.23,1.78
2020-05-28 11:30:00,466.88,24.53,25.14,15.24,257.06,1,31.33,3.8,10.13,0.28,0.77
2020-05-28 12:00:00,468.63,25.07,25.08,15.02,181.36,1,3.28,0.45,8.12,1.6,0.25
2020-05-28 12:30:00,470.78,24.73,24.9,15.15,151.85,0,26.28,0.43,16.43,0.2,1.9
2020-05-28 13:00:00,469.76,24.73,24.77,15.43,133.95,0,56.28,1.4,19.42,1.1,4.38
2020-05-28 13:30:00,469.76,24.73,24.58,15.4,119.59,0,86.28,4.9,7.22,1.2,5.37
2020-05-28 14:00:00,472.12,24.87,24.56,15.82,106.38,1,0.22,5.03,29.22,0.55,2.83
2020-05-28 14:30:00,464.09,24.87,24.53,14.96,82.51,1,12.2,0.02,8.18,1.15,2.98
2020-05-28 15:00:00,462.61,24.57,24.32,14.76,66.33,0,10.35,0.0,13.33,5.0,28.48
2020-05-28 15:30:00,464.79,24.7,24.24,14.89,56.0,1,11.32,2.47,43.33,0.15,29.47
2020-05-28 16:00:00,459.84,24.1,24.15,14.97,47.0,0,41.32,16.13,27.63,2.57,26.43
2020-05-28 16:30:00,456.58,24.0,24.0,14.68,45.67,0,8.28,46.13,7.6,20.92,0.57
2020-05-28 17:00:00,449.69,24.87,23.95,14.48,35.33,1,1.25,25.27,7.58,9.65,1.05
2020-05-28 17:30:00,471.65,25.83,23.96,13.57,25.67,1,0.23,4.73,0.55,0.25,0.03
2020-05-28 18:00:00,493.21,28.6,23.53,12.22,12.27,1,13.23,6.38,1.37,0.97,6.52
2020-05-28 18:30:00,495.9,29.6,23.44,11.35,0.0,1,20.22,1.53,6.35,1.33,36.52
2020-05-28 19:00:00,487.27,27.97,23.48,10.52,0.0,1,12.18,2.5,16.33,1.45,66.52
2020-05-28 19:30:00,580.92,31.53,23.39,10.06,0.0,1,0.83,6.15,9.65,7.8,96.52
2020-05-28 20:00:00,658.58,36.9,23.51,9.84,0.0,1,1.48,1.63,0.63,0.73,126.52
2020-05-28 20:30:00,600.81,33.8,23.65,9.54,0.0,1,1.97,3.95,5.12,5.73,156.52
2020-05-28 21:00:00,767.15,35.9,23.74,9.48,0.0,1,0.95,2.77,5.6,3.27,186.52
2020-05-28 21:30:00,707.95,35.27,23.86,9.21,0.0,1,8.93,22.43,15.92,5.3,216.52
2020-05-28 22:00:00,629.41,34.33,23.65,8.74,0.0,0,0.07,6.4,8.55,9.93,246.52
2020-05-28 22:30:00,591.83,34.07,23.58,8.93,0.0,1,12.07,0.38,38.55,13.67,276.52
2020-05-28 23:00:00,619.85,35.0,23.7,9.13,0.0,0,16.05,29.38,10.52,13.95,306.52
2020-05-28 23:30:00,608.52,35.03,23.85,9.22,0.0,1,4.02,18.35,16.68,8.02,336.52
2020-05-29 00:00:00,588.96,34.97,23.9,8.95,0.0,1,12.0,3.48,46.68,0.23,366.52
2020-05-29 00:30:00,563.94,35.0,23.81,8.6,0.0,0,3.48,33.48,27.65,5.37,396.52
2020-05-29 01:00:00,563.81,35.0,23.68,7.96,0.0,1,4.47,63.48,28.63,10.95,426.52
2020-05-29 01:30:00,571.73,34.93,23.68,7.65,0.0,1,1.43,1.43,58.63,10.35,456.52
2020-05-29 02:00:00,582.45,34.0,23.61,7.46,0.0,1,4.42,31.43,19.58,13.45,486.52
2020-05-29 02:30:00,661.8,34.43,23.64,7.64,0.0,1,0.23,2.38,17.57,1.75,516.52
2020-05-29 03:00:00,618.7,33.27,23.68,8.11,0.0,1,1.22,1.37,47.57,4.68,546.52
2020-05-29 03:30:00,592.89,32.47,23.68,8.6,0.0,1,8.2,5.18,77.57,7.32,576.52
2020-05-29 04:00:00,577.58,31.0,23.61,8.96,11.57,1,25.18,35.18,21.5,12.95,3.63
2020-05-29 04:30:00,604.06,33.0,23.64,9.4,100.51,1,6.17,29.67,13.65,0.48,0.12
2020-05-29 05:00:00,606.69,31.37,23.88,10.59,295.98,1,0.13,4.47,4.63,3.85,0.1
2020-05-29 05:30:00,505.28,29.57,24.21,11.38,271.1,1,2.28,11.62,3.1,1.28,0.08
2020-05-29 06:00:00,476.59,28.6,24.64,12.06,158.42,0,9.93,11.6,9.08,1.38,1.73
2020-05-29 06:30:00,458.88,28.0,24.9,12.51,96.82,0,29.93,41.6,9.73,1.65,0.22
2020-05-29 07:00:00,453.44,27.03,25.14,12.73,115.09,0,14.9,27.07,5.38,0.42,2.18
2020-05-29 07:30:00,458.88,27.0,25.34,12.97,77.68,0,44.9,57.07,15.87,0.7,3.67
2020-05-29 08:00:00,458.88,27.0,25.54,13.22,134.61,0,74.9,87.07,5.85,0.25,4.82
2020-05-29 08:30:00,456.34,25.33,25.87,13.88,99.92,0,6.02,24.68,16.83,0.0,0.8
2020-05-29 09:00:00,490.93,25.07,26.04,14.53,111.49,1,0.98,12.32,6.8,0.45,1.28
2020-05-29 09:30:00,484.82,25.0,26.12,14.72,82.11,0,15.98,42.32,36.8,0.53,0.43
2020-05-29 10:00:00,463.77,24.83,26.22,14.94,51.33,0,25.97,13.45,25.28,0.12,21.92
2020-05-29 10:30:00,457.77,24.83,26.22,15.29,47.0,0,10.93,1.08,11.25,0.2,51.92
2020-05-29 11:00:00,460.49,24.8,26.24,15.24,47.0,1,0.92,0.57,41.25,0.88,81.92
2020-05-29 11:30:00,469.55,26.2,26.18,15.62,47.03,1,19.9,0.38,3.22,0.45,1.52
2020-05-29 12:00:00,464.43,26.8,25.92,16.32,42.8,1,15.88,0.03,25.7,0.05,0.0
2020-05-29 12:30:00,467.48,25.47,25.79,16.71,42.5,1,9.87,13.18,4.5,0.85,2.97
2020-05-29 13:00:00,473.02,24.0,25.48,17.66,32.63,0,11.85,43.18,24.5,0.08,9.97
2020-05-29 13:30:00,456.53,24.27,25.46,17.53,28.5,0,19.0,6.15,0.47,0.62,0.6
2020-05-29 14:00:00,468.83,26.13,25.24,17.17,11.87,1,1.97,1.78,1.95,1.75,22.08
2020-05-29 14:30:00,483.47,25.53,24.7,16.9,0.5,1,24.95,1.93,2.08,0.62,26.58
2020-05-29 15:00:00,529.11,26.87,24.85,16.51,0.0,1,11.93,27.1,1.73,1.58,56.58
2020-05-29 15:30:00,563.48,27.0,24.97,16.29,0.0,1,0.9,57.1,1.72,0.63,86.58
2020-05-29 16:00:00,511.37,25.0,24.98,16.11,0.0,1,9.88,16.05,5.03,10.92,116.58
2020-05-29 16:30:00,478.89,25.0,24.8,15.86,0.0,0,3.87,46.05,11.02,10.05,146.58
2020-05-29 17:00:00,464.96,25.0,24.69,15.6,0.0,1,33.87,76.05,15.0,5.68,176.58
2020-05-29 17:30:00,455.25,26.93,24.6,15.39,0.0,0,25.83,28.67,9.98,6.47,206.58
2020-05-29 18:00:00,451.58,27.0,24.5,15.15,0.0,0,5.97,58.67,4.47,6.2,236.58
2020-05-29 18:30:00,446.74,27.17,24.41,14.52,0.0,0,3.95,4.62,2.43,0.77,266.58
2020-05-29 19:00:00,452.49,28.37,24.36,13.41,0.0,1,1.93,10.6,3.25,8.78,296.58
2020-05-29 19:30:00,465.58,29.57,24.25,12.85,0.0,0,25.93,16.58,19.25,9.57,326.58
2020-05-29 20:00:00,456.83,30.0,24.11,12.65,0.0,0,20.9,46.58,4.22,4.05,356.58
2020-05-29 20:30:00,454.59,30.43,23.93,12.26,0.0,0,18.88,12.87,19.53,3.55,386.58
2020-05-29 21:00:00,473.54,31.73,23.86,11.6,0.0,1,0.85,6.02,7.5,5.03,416.58
2020-05-29 21:30:00,588.43,33.0,23.85,11.06,0.0,1,1.33,36.02,20.5,4.47,446.58
2020-05-29 22:00:00,573.63,33.0,23.82,10.74,0.0,0,11.32,66.02,50.5,5.72,476.58
2020-05-29 22:30:00,573.91,33.93,23.82,10.45,0.0,1,3.47,22.13,80.5,13.8,506.58
2020-05-29 23:00:00,573.93,34.0,23.97,10.16,0.0,0,27.47,52.13,14.43,21.67,536.58
2020-05-29 23:30:00,595.53,34.9,24.02,9.99,0.0,1,4.43,0.25,44.43,8.53,566.58
2020-05-30 00:00:00,605.43,35.53,24.01,9.43,0.0,1,1.4,0.23,2.72,1.52,596.58
2020-05-30 00:30:00,614.13,35.57,23.92,9.29,0.0,1,0.38,0.38,32.72,26.17,626.58
2020-05-30 01:00:00,616.28,34.93,23.84,9.51,0.0,1,11.37,1.35,24.53,12.58,656.58
2020-05-30 01:30:00,591.46,33.3,23.82,9.36,0.0,1,4.35,20.85,54.53,14.77,686.58
2020-05-30 02:00:00,588.91,31.67,23.85,9.33,0.0,1,24.35,19.33,9.48,2.25,716.58
2020-05-30 02:30:00,592.23,31.0,23.92,10.05,0.0,1,7.32,49.33,0.45,8.17,746.58
2020-05-30 03:00:00,586.45,31.0,23.8,10.2,0.0,1,17.3,79.33,6.45,9.83,776.58
2020-05-30 03:30:00,582.93,31.0,23.72,10.39,0.0,1,19.28,109.33,36.45,1.28,806.58
2020-05-30 04:00:00,580.67,31.67,23.66,10.51,0.0,1,9.42,9.75,13.25,6.13,836.58
2020-05-30 04:30:00,596.91,33.0,23.57,10.72,0.0,1,27.42,39.75,7.23,5.95,866.58
2020-05-30 05:00:00,590.12,33.1,23.51,11.25,0.0,1,6.38,0.72,2.7,0.57,896.58
2020-05-30 05:30:00,606.69,34.0,23.76,11.76,4.67,1,2.37,30.72,5.18,9.18,9.83
2020-05-30 06:00:00,541.95,33.33,23.91,12.08,15.83,1,8.35,6.85,2.17,3.33,0.8
2020-05-30 06:30:00,523.43,34.33,23.82,12.74,93.03,1,3.33,0.32,0.15,6.23,9.78
2020-05-30 07:00:00,557.79,34.9,23.92,13.27,135.57,1,13.32,17.98,30.15,0.62,0.43
2020-05-30 07:30:00,535.38,34.8,23.96,14.0,232.01,1,1.28,12.95,9.12,1.93,1.92
2020-05-30 08:00:00,531.23,34.93,24.02,14.85,371.14,1,4.27,0.27,0.92,1.55,1.9
2020-05-30 08:30:00,489.64,31.8,24.49,15.4,347.41,1,4.58,0.58,13.75,1.92,0.37
2020-05-30 09:00:00,479.06,33.4,24.58,15.85,254.02,1,17.58,7.23,43.75,0.12,0.02
2020-05-30 09:30:00,467.05,35.0,24.65,16.64,295.31,0,27.57,37.23,3.2,1.03,0.0
2020-05-30 10:00:00,456.06,34.17,24.84,16.87,228.28,0,20.53,11.18,14.35,0.5,0.98
2020-05-30 10:30:00,451.84,33.83,24.96,17.26,234.2,0,50.53,0.0,16.5,0.13,6.47
2020-05-30 11:00:00,451.84,33.0,25.0,17.55,200.65,0,80.53,30.0,46.5,0.28,0.12
2020-05-30 11:30:00,451.84,33.0,25.0,17.8,162.85,0,110.53,60.0,76.5,0.3,5.6
2020-05-30 12:00:00,462.87,31.2,25.06,18.1,108.44,1,3.62,6.93,7.43,1.97,9.08
2020-05-30 12:30:00,481.49,30.9,24.92,18.12,80.53,1,9.6,26.93,16.58,3.75,3.55
2020-05-30 13:00:00,464.32,31.07,24.88,18.09,66.67,0,14.58,14.07,46.58,3.12,0.7
2020-05-30 13:30:00,457.92,31.0,24.84,17.88,57.0,0,44.58,44.07,10.72,0.13,30.7
2020-05-30 14:00:00,465.27,30.37,24.82,17.79,51.67,1,12.55,9.03,17.7,0.22,15.67
2020-05-30 14:30:00,463.75,30.07,24.86,17.24,44.67,1,11.52,25.02,47.7,0.23,6.65
2020-05-30 15:00:00,468.16,30.0,24.77,16.52,37.0,1,23.52,55.02,25.67,0.47,36.65
2020-05-30 15:30:00,471.54,29.77,24.7,15.96,37.0,1,0.47,6.3,13.47,0.87,66.65
2020-05-30 16:00:00,500.35,30.0,24.56,15.63,27.67,1,3.62,36.3,4.12,1.32,27.27
2020-05-30 16:30:00,485.35,30.3,24.3,15.22,27.0,1,3.6,8.27,6.43,1.47,57.27
2020-05-30 17:00:00,467.43,30.97,24.22,14.65,27.0,0,9.58,0.23,0.4,3.55,87.27
2020-05-30 17:30:00,461.76,30.0,24.09,14.02,21.67,0,39.58,30.23,3.22,7.42,15.87
2020-05-30 18:00:00,461.76,30.0,23.98,13.49,17.0,0,69.58,60.23,6.2,4.88,45.87
2020-05-30 18:30:00,489.13,31.6,23.95,12.83,0.0,1,2.53,1.68,13.85,0.85,29.85
2020-05-30 19:00:00,505.26,30.3,24.0,12.18,0.0,1,15.52,20.68,43.85,7.98,59.85
2020-05-30 19:30:00,492.8,30.0,23.91,11.54,0.0,1,45.52,50.68,3.82,1.88,89.85
2020-05-30 20:00:00,512.63,29.97,23.8,11.02,0.0,1,3.47,23.47,33.82,1.48,119.85
2020-05-30 20:30:00,568.01,29.83,23.81,10.47,0.0,1,0.95,12.45,2.93,5.72,149.85
2020-05-30 21:00:00,651.87,30.0,23.98,9.88,0.0,1,6.1,42.45,17.93,2.95,179.85
2020-05-30 21:30:00,597.38,30.07,24.01,9.57,0.0,1,1.08,3.9,1.57,4.52,209.85
2020-05-30 22:00:00,603.54,30.0,23.85,9.32,0.0,1,1.07,33.9,19.4,4.6,239.85
2020-05-30 22:30:00,577.26,30.03,23.74,8.99,0.0,0,18.05,2.03,23.38,10.57,269.85
2020-05-30 23:00:00,574.42,30.87,23.72,8.71,0.0,1,17.03,25.03,53.38,13.75,299.85
2020-05-30 23:30:00,577.92,31.0,23.72,8.65,0.0,1,47.03,55.03,83.38,2.9,329.85
2020-05-31 00:00:00,574.47,31.0,23.72,8.42,0.0,1,5.0,85.03,113.38,19.67,359.85
2020-05-31 00:30:00,569.92,31.0,23.72,8.21,0.0,0,35.0,115.03,143.38,15.42,389.85
2020-05-31 01:00:00,576.17,31.0,23.72,8.04,0.0,1,0.95,145.03,173.38,21.1,419.85
2020-05-31 01:30:00,568.0,31.0,23.72,7.9,0.0,0,30.95,175.03,203.38,27.82,449.85
2020-05-31 02:00:00,564.33,31.07,23.72,7.93,0.0,0,0.08,0.73,233.38,0.03,479.85
2020-05-31 02:30:00,569.85,33.0,23.72,8.2,0.0,1,0.07,0.38,263.38,2.58,509.85
2020-05-31 03:00:00,562.56,32.73,23.72,8.76,0.0,1,5.05,15.7,293.38,4.43,539.85
2020-05-31 03:30:00,572.83,33.0,23.72,9.5,0.0,1,7.03,45.7,323.38,2.68,569.85
2020-05-31 04:00:00,556.34,33.0,23.59,10.4,0.0,1,18.02,75.7,4.33,0.83,599.85
2020-05-31 04:30:00,562.2,33.37,23.45,11.56,1.33,1,0.98,10.65,15.32,0.08,3.95
2020-05-31 05:00:00,557.3,34.0,23.41,12.46,3.67,1,1.97,40.65,2.28,4.43,18.93
2020-05-31 05:30:00,571.8,34.33,23.57,13.35,0.0,0,16.97,1.1,6.1,0.48,48.93
2020-05-31 06:00:00,571.29,34.03,24.02,14.37,0.0,1,0.93,19.27,2.42,0.68,78.93
2020-05-31 06:30:00,559.41,33.9,24.72,15.41,2.47,1,16.92,0.23,1.9,3.02,3.53
2020-05-31 07:00:00,621.28,42.17,25.47,16.26,72.03,1,0.05,1.22,1.03,0.1,2.02
2020-05-31 07:30:00,491.88,31.43,26.02,17.19,167.43,1,17.05,2.2,24.03,0.07,0.0
2020-05-31 08:00:00,460.12,29.9,26.07,18.14,147.28,1,21.03,0.67,10.35,1.48,2.15
2020-05-31 08:30:00,456.96,28.6,26.2,18.58,143.59,1,51.03,1.48,3.65,0.52,6.63
2020-05-31 09:00:00,446.51,28.5,26.49,19.06,131.89,1,27.0,2.47,13.3,1.47,5.6
2020-05-31 09:30:00,456.0,28.13,26.58,19.13,117.21,1,29.98,18.45,43.3,1.07,2.08
2020-05-31 10:00:00,450.05,27.6,26.64,19.48,102.46,1,1.93,2.43,10.27,0.03,6.73
2020-05-31 10:30:00,444.8,27.0,26.52,19.63,91.67,1,31.93,7.92,17.25,1.18,6.22
2020-05-31 11:00:00,454.51,26.2,26.42,19.84,79.67,1,25.92,2.22,14.4,2.18,12.7
2020-05-31 11:30:00,456.0,24.93,26.33,20.24,68.33,1,55.92,1.2,7.37,0.33,16.68
2020-05-31 12:00:00,467.52,25.17,26.03,20.66,53.17,1,26.03,17.2,25.03,4.75,4.32
2020-05-31 12:30:00,466.26,24.8,25.88,20.66,43.0,1,20.02,9.17,13.5,0.07,34.32
2020-05-31 13:00:00,463.79,24.83,25.82,21.08,33.33,0,2.98,3.15,43.5,0.6,28.8
2020-05-31 13:30:00,457.55,24.73,25.74,21.09,33.0,1,14.98,0.12,4.12,1.95,58.8
2020-05-31 14:00:00,449.92,25.07,25.54,21.05,25.0,0,44.98,22.95,17.12,1.5,23.42
2020-05-31 14:30:00,449.92,24.9,25.4,20.56,23.0,0,74.98,1.92,4.58,3.62,53.42
2020-05-31 15:00:00,449.92,24.77,25.3,19.94,23.0,1,104.98,0.9,34.58,2.4,83.42
2020-05-31 15:30:00,462.49,24.33,25.3,19.51,34.2,1,10.9,1.88,64.58,3.08,15.87
2020-05-31 16:00:00,462.02,24.67,25.2,19.05,44.0,1,6.87,18.87,10.53,9.7,45.87
2020-05-31 16:30:00,457.49,25.0,25.26,18.75,42.67,1,19.87,48.87,40.53,1.4,3.98
2020-05-31 17:00:00,461.27,25.0,25.24,18.17,34.0,1,21.02,78.87,4.48,7.95,33.98
2020-05-31 17:30:00,459.01,25.07,25.16,17.51,26.0,1,19.0,5.82,34.48,6.37,23.95
2020-05-31 18:00:00,457.8,25.0,25.16,16.82,20.0,1,6.97,35.82,64.48,3.05,11.1
2020-05-31 18:30:00,459.56,25.0,25.07,16.04,10.13,1,12.95,65.82,25.62,3.4,3.07
2020-05-31 19:00:00,453.76,25.0,24.95,15.33,0.0,1,42.95,95.82,2.58,2.37,33.07
2020-05-31 19:30:00,453.76,25.0,24.78,14.66,0.0,1,72.95,125.82,3.07,1.52,63.07
2020-05-31 20:00:00,452.1,25.0,24.62,14.09,0.0,1,15.9,155.82,5.05,2.43,93.07
2020-05-31 20:30:00,455.4,25.0,24.47,13.62,0.0,1,1.88,185.82,14.05,7.73,123.07
2020-05-31 21:00:00,466.92,25.0,24.35,13.22,0.0,1,1.87,215.82,0.35,4.93,153.07
2020-05-31 21:30:00,465.17,25.13,24.22,12.88,0.0,1,9.85,11.83,30.35,0.43,183.07
2020-05-31 22:00:00,501.33,27.53,24.07,12.5,0.7,1,2.98,5.82,2.8,9.12,2.28
2020-05-31 22:30:00,583.13,29.73,23.75,12.08,7.67,1,2.47,8.12,6.28,0.08,19.77
2020-05-31 23:00:00,500.02,28.7,23.56,11.66,0.0,0,6.45,4.1,6.77,0.37,49.77
2020-05-31 23:30:00,470.02,27.9,23.5,11.5,0.0,0,3.1,0.42,10.75,3.35,79.77
