timestamp,co2_ppm,rh_pct,temp_in_c,temp_out_c,light_lux,presence,co2_age_min,rh_age_min,temp_in_age_min,temp_out_age_min,light_age_min
2020-05-01 15:00:00,607.1,46.0,20.86,6.39,10.0,0,0.9,2.23,22.4,19.0,10.87
2020-05-01 15:05:00,579.58,44.0,20.86,6.47,10.0,0,0.88,4.72,27.4,0.55,15.87
2020-05-01 15:10:00,556.74,44.0,20.86,6.67,10.0,0,0.88,9.72,32.4,0.43,20.87
2020-05-01 15:15:00,536.0,43.2,20.91,6.82,10.0,0,5.88,3.72,1.22,1.33,25.87
2020-05-01 15:20:00,536.0,43.0,20.98,6.92,10.0,0,10.88,8.72,6.22,0.8,30.87
2020-05-01 15:25:00,527.04,43.0,20.98,7.02,8.2,0,3.88,13.72,11.22,5.8,0.02
2020-05-01 15:30:00,508.8,43.0,20.98,7.09,8.8,0,1.88,18.72,16.22,1.15,0.02
2020-05-01 15:35:00,498.88,42.2,21.04,7.14,0.0,0,6.88,3.2,2.2,4.82,5.02
2020-05-01 15:40:00,506.05,42.4,21.2,7.17,0.0,1,0.87,1.2,0.87,0.07,10.02
2020-05-01 15:45:00,579.9,42.8,21.38,7.14,4.0,1,1.87,0.2,3.2,5.07,2.5
2020-05-01 15:50:00,603.14,42.0,21.52,7.12,0.0,1,1.87,5.2,4.2,0.98,7.5
2020-05-01 15:55:00,595.84,42.0,21.62,7.22,0.0,1,6.87,10.2,4.18,1.2,12.5
2020-05-01 16:00:00,589.31,42.2,21.69,7.14,4.0,1,2.85,0.18,2.18,6.2,0.5
2020-05-01 16:05:00,602.88,41.6,21.18,7.12,8.0,1,4.85,0.18,0.18,1.47,2.5
2020-05-01 16:10:00,575.68,41.2,20.84,6.92,6.0,1,0.85,0.52,3.18,3.77,0.98
2020-05-01 16:15:00,565.95,43.2,20.78,6.89,0.0,1,0.85,0.18,0.17,8.77,4.98
2020-05-01 16:20:00,633.98,42.2,21.24,6.89,0.0,1,0.35,3.02,1.17,13.77,9.98
2020-05-01 16:25:00,652.74,42.0,21.5,6.84,0.0,1,1.35,8.02,0.33,1.7,14.98
2020-05-01 16:30:00,686.72,42.0,21.68,6.89,0.0,1,0.33,13.02,1.17,6.7,19.98
2020-05-01 16:35:00,718.85,41.8,21.82,6.89,0.0,1,1.33,0.0,2.17,11.7,24.98
2020-05-01 16:40:00,736.0,41.2,21.93,6.89,0.0,1,1.33,3.0,2.17,16.7,29.98
2020-05-01 16:45:00,745.86,41.0,22.04,6.94,0.0,1,0.33,8.0,2.15,1.1,34.98
2020-05-01 16:50:00,779.65,41.2,22.12,7.02,0.0,1,1.32,2.98,1.32,6.1,39.98
2020-05-01 16:55:00,806.4,41.0,22.2,7.02,0.0,1,4.32,7.98,0.48,11.1,44.98
2020-05-01 17:00:00,806.4,41.0,22.28,7.09,0.0,1,9.32,12.98,5.48,2.58,49.98
2020-05-01 17:05:00,829.31,41.0,22.33,7.14,0.0,1,3.32,17.98,1.13,7.58,54.98
2020-05-01 17:10:00,851.84,41.0,22.4,7.14,0.0,1,4.98,22.98,6.13,12.58,59.98
2020-05-01 17:15:00,858.37,41.0,22.5,7.14,14.0,1,2.98,27.98,3.63,17.58,4.62
2020-05-01 17:20:00,835.07,40.4,22.52,7.14,11.2,1,1.97,2.47,8.63,22.58,0.12
2020-05-01 17:25:00,777.86,40.0,22.52,7.14,0.0,1,1.97,7.47,13.63,27.58,5.12
2020-05-01 17:30:00,756.48,40.0,22.62,7.14,0.0,1,6.97,12.47,4.63,32.58,10.12
2020-05-01 17:35:00,795.01,40.0,22.69,7.14,0.0,1,0.13,17.47,2.12,37.58,15.12
2020-05-01 17:40:00,822.4,40.2,22.8,7.14,0.0,1,0.13,2.45,2.12,42.58,20.12
2020-05-01 17:45:00,734.21,38.0,22.84,7.14,0.0,1,0.12,3.45,7.12,47.58,25.12
2020-05-01 17:50:00,654.46,38.4,22.84,7.14,0.0,1,0.12,1.28,12.12,52.58,30.12
2020-05-01 17:55:00,638.78,38.0,22.84,7.14,0.0,1,2.12,6.28,17.12,57.58,35.12
2020-05-01 18:00:00,613.76,38.0,22.84,7.14,0.0,1,4.62,11.28,22.12,62.58,40.12
2020-05-01 18:05:00,613.76,38.0,22.84,7.14,0.0,1,9.62,16.28,27.12,67.58,45.12
2020-05-01 18:10:00,609.6,38.0,22.57,7.14,0.0,1,0.6,21.28,1.1,72.58,50.12
2020-05-01 18:15:00,554.3,38.4,21.93,7.14,0.0,1,1.6,0.43,1.1,77.58,55.12
2020-05-01 18:20:00,525.31,40.0,21.6,7.14,0.0,1,2.6,5.43,4.6,82.58,60.12
2020-05-01 18:25:00,501.76,40.0,21.67,7.14,0.0,1,4.6,10.43,2.58,87.58,65.12
2020-05-01 18:30:00,527.42,40.2,21.82,7.17,0.0,1,0.6,0.42,4.58,0.5,70.12
2020-05-01 18:35:00,624.45,40.4,21.92,7.27,0.0,1,0.25,1.42,4.92,5.5,75.12
2020-05-01 18:40:00,648.0,40.2,21.94,7.24,0.0,1,5.25,2.42,0.92,0.47,80.12
2020-05-01 18:45:00,648.0,40.0,22.02,7.14,0.0,1,10.25,7.42,5.92,5.47,85.12
2020-05-01 18:50:00,691.84,40.6,22.1,7.14,0.0,1,0.25,2.42,3.08,10.47,90.12
2020-05-01 18:55:00,721.41,40.8,22.12,7.14,0.0,1,2.58,3.4,8.08,15.47,95.12
2020-05-01 19:00:00,752.38,41.0,22.12,7.14,0.0,1,0.57,8.4,13.08,20.47,100.12
2020-05-01 19:05:00,778.88,41.0,22.12,7.14,0.0,1,5.57,13.4,18.08,25.47,105.12
2020-05-01 19:10:00,768.64,40.8,22.12,7.14,0.0,1,4.57,0.4,23.08,30.47,110.12
2020-05-01 19:15:00,749.44,40.8,22.22,7.14,0.0,1,4.57,0.4,3.07,35.47,115.12
2020-05-01 19:20:00,739.84,40.0,22.24,7.14,0.0,1,0.57,5.4,8.07,40.47,120.12
2020-05-01 19:25:00,685.95,40.0,22.24,7.14,0.0,1,1.57,10.4,13.07,45.47,125.12
2020-05-01 19:30:00,660.99,40.0,22.24,7.14,0.0,1,1.57,15.4,18.07,50.47,130.12
2020-05-01 19:35:00,674.05,40.0,22.24,7.14,0.0,1,2.55,20.4,23.07,55.47,135.12
2020-05-01 19:40:00,678.4,40.0,22.24,7.14,0.0,1,7.55,25.4,28.07,60.47,140.12
2020-05-01 19:45:00,691.84,40.0,22.3,7.14,0.0,1,4.55,30.4,2.22,65.47,145.12
2020-05-01 19:50:00,696.7,40.0,22.34,7.14,0.0,1,1.55,35.4,7.22,70.47,150.12
2020-05-01 19:55:00,693.38,38.8,22.34,7.14,0.0,1,0.55,1.03,12.22,75.47,155.12
2020-05-01 20:00:00,677.76,38.0,22.34,7.14,0.0,1,5.55,6.03,17.22,80.47,160.12
2020-05-01 20:05:00,671.62,38.0,22.34,7.14,0.0,1,2.53,11.03,22.22,85.47,165.12
2020-05-01 20:10:00,656.64,38.0,22.34,7.14,0.0,1,4.53,16.03,27.22,90.47,170.12
2020-05-01 20:15:00,647.17,38.0,22.34,7.14,0.0,1,3.53,21.03,32.22,95.47,175.12
2020-05-01 20:20:00,642.62,38.0,22.38,7.12,0.0,1,0.53,26.03,1.18,0.55,180.12
2020-05-01 20:25:00,636.1,38.0,22.44,7.02,0.0,1,0.52,31.03,6.18,5.55,185.12
2020-05-01 20:30:00,644.8,38.0,22.44,7.02,0.0,1,5.52,36.03,11.18,10.55,190.12
2020-05-01 20:35:00,629.76,38.0,22.44,7.02,0.0,1,4.52,41.03,16.18,15.55,195.12
2020-05-01 20:40:00,632.77,38.8,22.44,7.02,0.0,1,0.02,0.68,21.18,20.55,200.12
2020-05-01 20:45:00,667.97,39.6,22.44,7.02,0.0,1,0.02,3.52,26.18,25.55,205.12
2020-05-01 20:50:00,870.78,40.0,22.44,7.02,0.0,1,0.02,8.52,31.18,30.55,210.12
2020-05-01 20:55:00,963.33,40.0,22.44,7.02,0.0,1,0.0,13.52,36.18,35.55,215.12
2020-05-01 21:00:00,779.26,40.6,22.44,7.02,0.0,1,0.33,0.5,41.18,40.55,220.12
2020-05-01 21:05:00,710.53,42.0,22.44,7.02,0.0,1,1.33,4.5,46.18,45.55,225.12
2020-05-01 21:10:00,711.55,42.0,22.46,7.02,0.0,1,1.33,9.5,0.82,50.55,230.12
2020-05-01 21:15:00,689.92,41.0,22.54,6.94,0.0,1,4.5,4.5,5.82,2.3,235.12
2020-05-01 21:20:00,689.92,41.0,22.54,6.89,0.0,1,9.5,9.5,10.82,7.3,240.12
2020-05-01 21:25:00,689.92,41.0,22.54,6.89,0.0,1,14.5,14.5,15.82,12.3,245.12
2020-05-01 21:30:00,689.92,41.0,22.54,6.89,0.0,1,19.5,19.5,20.82,17.3,250.12
2020-05-01 21:35:00,689.66,40.8,22.54,6.89,0.0,1,0.48,3.98,25.82,22.3,255.12
2020-05-01 21:40:00,746.88,40.6,22.54,6.89,0.0,1,1.48,1.98,30.82,27.3,260.12
2020-05-01 21:45:00,742.53,40.0,22.54,6.89,0.0,1,0.47,6.98,35.82,32.3,265.12
2020-05-01 21:50:00,719.74,40.0,22.54,6.89,0.0,1,1.47,11.98,40.82,37.3,270.12
2020-05-01 21:55:00,716.16,40.0,22.54,6.77,0.0,1,0.47,16.98,45.82,4.62,275.12
2020-05-01 22:00:00,726.4,40.0,22.54,6.77,0.0,1,5.47,0.13,50.82,9.62,280.12
2020-05-01 22:05:00,705.54,40.0,22.54,6.77,0.0,1,2.47,1.12,55.82,14.62,285.12
2020-05-01 22:10:00,701.44,38.0,22.54,6.77,0.0,1,7.47,4.62,60.82,19.62,290.12
2020-05-01 22:15:00,687.23,38.0,22.54,6.77,0.0,1,0.45,9.62,65.82,24.62,295.12
2020-05-01 22:20:00,666.88,38.0,22.54,6.77,0.0,1,5.45,14.62,70.82,29.62,300.12
2020-05-01 22:25:00,660.48,38.0,22.54,6.77,0.0,1,1.45,19.62,75.82,34.62,305.12
2020-05-01 22:30:00,643.78,38.0,22.54,6.77,0.0,1,1.45,24.62,80.82,39.62,310.12
2020-05-01 22:35:00,661.25,38.0,22.54,6.72,0.0,1,2.45,29.62,85.82,1.18,315.12
2020-05-01 22:40:00,662.78,38.0,22.54,6.64,0.0,0,1.43,34.62,90.82,6.18,320.12
2020-05-01 22:45:00,650.11,38.0,22.54,6.64,0.0,0,2.43,39.62,95.82,11.18,325.12
2020-05-01 22:50:00,645.76,38.0,22.48,6.64,0.0,1,7.43,44.62,2.93,16.18,330.12
2020-05-01 22:55:00,650.11,38.8,22.44,6.64,0.0,1,0.6,0.93,7.93,21.18,335.12
2020-05-01 23:00:00,671.62,39.2,22.44,6.64,0.0,1,1.6,0.42,12.93,26.18,340.12
2020-05-01 23:05:00,675.33,39.6,22.44,6.64,0.0,1,0.58,0.42,17.93,31.18,345.12
2020-05-01 23:10:00,665.6,40.0,22.44,6.64,0.0,1,5.58,5.42,22.93,36.18,350.12
2020-05-01 23:15:00,660.86,40.0,22.44,6.64,0.0,1,1.58,10.42,27.93,41.18,355.12
2020-05-01 23:20:00,653.76,39.6,22.48,6.64,0.0,1,6.58,0.92,1.92,46.18,360.12
2020-05-01 23:25:00,653.76,40.0,22.54,6.64,0.0,1,11.58,5.92,6.92,51.18,365.12
2020-05-01 23:30:00,653.76,40.0,22.54,6.64,0.0,1,16.58,10.92,11.92,56.18,370.12
2020-05-01 23:35:00,653.76,40.0,22.54,6.64,0.0,0,21.58,15.92,16.92,61.18,375.12
2020-05-01 23:40:00,653.76,40.0,22.54,6.64,0.0,0,26.58,20.92,21.92,66.18,380.12
2020-05-01 23:45:00,653.76,40.0,22.54,6.64,0.0,1,31.58,25.92,26.92,71.18,385.12
2020-05-01 23:50:00,653.76,40.0,22.54,6.64,0.0,1,36.58,30.92,31.92,76.18,390.12
2020-05-01 23:55:00,653.76,40.0,22.54,6.64,0.0,1,41.58,35.92,36.92,81.18,395.12
2020-05-02 00:00:00,659.01,40.0,22.54,6.67,0.0,1,1.55,40.92,41.92,0.52,400.12
2020-05-02 00:05:00,666.88,40.0,22.54,6.77,0.0,1,6.55,3.72,46.92,5.52,405.12
2020-05-02 00:10:00,670.21,40.0,22.54,6.77,0.0,1,0.55,8.72,51.92,10.52,410.12
2020-05-02 00:15:00,683.52,40.0,22.54,6.77,0.0,1,5.55,13.72,56.92,15.52,415.12
2020-05-02 00:20:00,696.96,39.6,22.54,6.77,0.0,1,4.55,0.37,61.92,20.52,420.12
2020-05-02 00:25:00,663.68,40.0,22.54,6.77,0.0,1,1.53,5.37,66.92,25.52,425.12
2020-05-02 00:30:00,652.22,40.0,22.54,6.82,0.0,1,1.53,10.37,71.92,1.1,430.12
2020-05-02 00:35:00,658.56,40.0,22.54,6.89,0.0,1,6.53,0.03,76.92,6.1,435.12
2020-05-02 00:40:00,658.56,40.0,22.54,6.89,0.0,1,11.53,5.03,81.92,11.1,440.12
2020-05-02 00:45:00,660.99,40.0,22.54,6.89,0.0,0,0.52,10.03,86.92,16.1,445.12
2020-05-02 00:50:00,670.72,40.0,22.54,6.89,0.0,0,5.52,15.03,91.92,21.1,450.12
2020-05-02 00:55:00,668.29,40.0,22.54,6.92,0.0,0,0.52,20.03,96.92,0.22,455.12
2020-05-02 01:00:00,648.58,39.2,22.54,7.02,0.0,0,2.52,0.02,101.92,5.22,460.12
2020-05-02 01:05:00,641.92,39.2,22.54,7.02,0.0,0,7.52,1.18,106.92,10.22,465.12
2020-05-02 01:10:00,641.92,39.6,22.54,7.02,0.0,0,12.52,1.0,111.92,15.22,470.12
2020-05-02 01:15:00,641.92,39.2,22.54,7.02,0.0,0,17.52,0.5,116.92,20.22,475.12
2020-05-02 01:20:00,635.9,38.0,22.54,7.02,0.0,0,1.5,4.17,121.92,25.22,480.12
2020-05-02 01:25:00,602.24,38.4,22.54,7.02,0.0,1,2.5,0.67,126.92,30.22,485.12
2020-05-02 01:30:00,583.74,38.0,22.54,7.02,0.0,1,0.83,5.67,131.92,35.22,490.12
2020-05-02 01:35:00,568.96,37.8,22.54,7.02,0.0,1,5.83,0.67,136.92,40.22,495.12
2020-05-02 01:40:00,573.76,39.2,22.54,7.02,0.0,1,0.83,1.48,141.92,45.22,500.12
2020-05-02 01:45:00,610.11,40.0,22.54,7.02,0.0,1,1.82,2.48,146.92,50.22,505.12
2020-05-02 01:50:00,614.27,40.0,22.54,7.02,0.0,1,2.82,4.48,151.92,55.22,510.12
2020-05-02 01:55:00,612.93,40.0,22.54,7.07,0.0,1,0.82,9.48,156.92,1.4,515.12
2020-05-02 02:00:00,639.17,40.0,22.54,7.14,0.0,1,0.82,14.48,161.92,6.4,520.12
2020-05-02 02:05:00,654.72,40.0,22.54,7.14,0.0,1,5.82,19.48,166.92,11.4,525.12
2020-05-02 02:10:00,644.48,40.0,22.54,7.14,0.0,1,3.82,24.48,171.92,16.4,530.12
2020-05-02 02:15:00,654.08,38.8,22.54,7.14,0.0,1,1.8,2.13,176.92,21.4,535.12
2020-05-02 02:20:00,682.75,38.0,22.54,7.14,0.0,1,3.8,7.13,181.92,26.4,540.12
2020-05-02 02:25:00,664.83,38.0,22.54,7.14,0.0,1,1.3,12.13,186.92,31.4,545.12
2020-05-02 02:30:00,668.16,38.0,22.54,7.02,0.0,1,3.3,17.13,191.92,4.1,550.12
2020-05-02 02:35:00,670.72,38.0,22.54,7.02,0.0,0,8.3,22.13,196.92,9.1,555.12
2020-05-02 02:40:00,659.46,38.0,22.54,6.94,0.0,0,3.3,27.13,201.92,2.52,560.12
2020-05-02 02:45:00,648.38,38.0,22.54,6.89,0.0,0,2.28,32.13,206.92,7.52,565.12
2020-05-02 02:50:00,642.88,37.2,22.54,6.89,0.0,1,7.28,0.12,211.92,12.52,570.12
2020-05-02 02:55:00,617.86,38.4,22.54,6.84,0.0,1,0.28,1.95,216.92,1.57,575.12
2020-05-02 03:00:00,672.64,38.0,22.54,6.77,0.0,1,1.28,6.95,221.92,6.57,580.12
2020-05-02 03:05:00,670.72,38.0,22.54,6.74,0.0,1,3.27,11.95,226.92,0.27,585.12
2020-05-02 03:10:00,629.44,38.0,22.57,6.64,0.0,1,0.27,16.95,0.93,5.27,590.12
2020-05-02 03:15:00,592.38,37.0,22.68,6.64,0.0,1,3.27,4.93,5.93,10.27,595.12
2020-05-02 03:20:00,589.76,37.2,22.68,6.64,0.0,1,8.27,0.93,10.93,15.27,600.12
2020-05-02 03:25:00,624.64,38.0,22.68,6.64,0.0,1,0.27,5.93,15.93,20.27,605.12
2020-05-02 03:30:00,658.82,38.0,22.68,6.72,0.0,1,0.25,10.93,20.93,2.82,610.12
2020-05-02 03:35:00,685.95,38.0,22.68,6.79,0.0,1,1.92,15.93,25.93,0.17,615.12
2020-05-02 03:40:00,652.22,37.0,22.68,6.89,0.0,1,0.08,4.92,30.93,5.17,620.12
2020-05-02 03:45:00,636.48,37.0,22.68,6.89,0.0,1,2.08,9.92,35.93,10.17,625.12
2020-05-02 03:50:00,664.83,37.0,22.68,6.89,0.0,1,3.08,14.92,40.93,15.17,630.12
2020-05-02 03:55:00,678.4,37.0,22.68,7.02,0.0,1,4.08,19.92,45.93,4.57,635.12
2020-05-02 04:00:00,663.87,36.6,22.68,7.12,8.0,0,0.07,0.73,50.93,3.43,3.05
2020-05-02 04:05:00,649.92,36.2,22.68,7.19,10.0,0,5.07,0.73,55.93,1.9,8.05
2020-05-02 04:10:00,640.32,36.0,22.68,7.27,10.0,0,2.07,5.73,60.93,6.9,13.05
2020-05-02 04:15:00,602.88,36.0,22.68,7.27,10.0,0,0.73,10.73,65.93,11.9,18.05
2020-05-02 04:20:00,575.94,36.0,22.68,7.29,10.0,0,2.73,15.73,70.93,0.9,23.05
2020-05-02 04:25:00,562.62,36.0,22.68,7.39,10.0,0,2.72,20.73,75.93,5.9,28.05
2020-05-02 04:30:00,557.76,36.0,22.68,7.44,10.0,0,7.72,25.73,80.93,2.43,33.05
2020-05-02 04:35:00,557.76,36.0,22.68,7.52,10.0,0,12.72,30.73,85.93,4.63,38.05
2020-05-02 04:40:00,557.76,36.0,22.68,7.52,10.0,1,17.72,35.73,90.93,9.63,2.02
2020-05-02 04:45:00,557.76,36.0,22.68,7.57,25.4,1,22.72,40.73,95.93,1.32,0.02
2020-05-02 04:50:00,552.64,36.0,22.68,7.64,34.4,1,1.72,45.73,100.93,6.32,0.02
2020-05-02 04:55:00,544.96,36.0,22.68,7.64,46.0,1,6.72,50.73,105.93,11.32,5.02
2020-05-02 05:00:00,554.43,36.0,22.74,7.64,46.6,1,3.7,55.73,2.87,16.32,2.18
2020-05-02 05:05:00,556.8,35.0,22.78,7.64,77.22,1,8.7,4.7,7.87,21.32,0.17
2020-05-02 05:10:00,539.71,35.0,22.92,7.64,502.86,1,0.7,9.7,4.03,26.32,0.17
2020-05-02 05:15:00,500.29,35.0,22.8,7.71,657.06,1,2.7,14.7,0.02,2.03,0.17
2020-05-02 05:20:00,489.66,35.0,22.54,7.76,687.3,1,0.68,19.7,0.02,7.03,0.17
2020-05-02 05:25:00,480.96,36.0,22.2,7.86,771.26,1,5.68,4.68,1.18,3.97,0.17
2020-05-02 05:30:00,480.96,36.0,22.14,7.84,1043.97,1,10.68,9.68,6.18,2.98,0.15
2020-05-02 05:35:00,474.24,36.0,22.06,7.96,764.0,1,2.68,14.68,2.18,0.7,0.15
2020-05-02 05:40:00,469.76,36.0,21.96,8.18,836.61,1,7.68,19.68,1.17,1.45,0.15
2020-05-02 05:45:00,469.76,36.0,21.82,8.06,536.83,1,12.68,24.68,3.33,2.47,0.15
2020-05-02 05:50:00,469.76,36.0,21.66,8.06,661.82,1,17.68,29.68,0.67,1.82,0.15
2020-05-02 05:55:00,469.76,36.0,21.52,8.13,683.2,1,22.68,34.68,2.67,6.82,0.15
2020-05-02 06:00:00,469.76,36.0,21.36,8.13,671.55,1,27.68,39.68,4.67,11.82,0.13
2020-05-02 06:05:00,469.76,36.0,21.3,8.23,730.11,1,32.68,44.68,2.67,0.7,0.63
2020-05-02 06:10:00,469.76,36.0,21.23,8.23,629.44,1,37.68,49.68,0.15,3.47,0.13
2020-05-02 06:15:00,469.76,36.0,21.02,8.13,539.46,1,42.68,54.68,0.65,4.85,0.13
2020-05-02 06:20:00,469.76,37.0,20.99,8.31,634.37,1,47.68,4.65,0.65,0.4,0.13
2020-05-02 06:25:00,490.24,36.0,21.36,8.43,714.75,1,1.82,4.65,0.15,2.05,0.13
2020-05-02 06:30:00,514.3,36.0,21.62,8.63,328.58,1,1.82,9.65,0.82,0.15,1.62
2020-05-02 06:35:00,522.88,36.0,21.8,8.84,202.85,1,6.82,14.65,2.8,0.25,1.62
2020-05-02 06:40:00,518.53,36.0,21.92,8.72,185.18,1,1.82,19.65,3.8,4.78,0.12
2020-05-02 06:45:00,512.0,35.2,22.04,8.65,190.66,1,6.82,3.63,4.13,1.7,1.62
2020-05-02 06:50:00,524.86,35.0,22.14,8.65,275.84,1,0.8,8.63,3.13,1.53,1.62
2020-05-02 06:55:00,543.42,35.0,22.24,8.72,232.22,1,0.8,13.63,3.13,6.53,0.77
2020-05-02 07:00:00,553.92,35.0,22.3,8.74,245.63,1,5.8,18.63,1.12,0.22,0.27
2020-05-02 07:05:00,553.92,35.0,22.36,8.86,293.41,1,10.8,23.63,6.12,2.25,0.27
2020-05-02 07:10:00,561.6,34.6,22.38,8.86,158.03,1,2.8,1.95,0.12,0.82,2.27
2020-05-02 07:15:00,566.72,34.0,22.48,8.74,201.44,1,7.8,6.95,5.12,0.53,0.27
2020-05-02 07:20:00,566.72,34.0,22.5,8.72,171.23,1,12.8,11.95,0.12,5.53,0.27
2020-05-02 07:25:00,566.72,34.0,22.58,8.74,223.2,1,17.8,16.95,5.12,0.3,0.25
2020-05-02 07:30:00,566.72,34.0,22.6,8.94,330.62,1,22.8,21.95,0.6,3.15,0.25
2020-05-02 07:35:00,566.72,34.0,22.68,8.96,743.49,1,27.8,26.95,5.6,0.43,0.25
2020-05-02 07:40:00,572.35,34.0,22.82,9.06,333.98,1,1.77,31.95,0.1,0.47,0.25
2020-05-02 07:45:00,576.83,34.0,22.94,9.0,210.24,1,1.77,36.95,1.1,0.08,0.75
2020-05-02 07:50:00,624.64,34.0,23.02,9.02,220.45,1,0.77,41.95,0.92,1.2,0.23
2020-05-02 07:55:00,699.26,34.2,23.14,8.93,215.78,1,0.27,0.92,1.92,1.42,0.23
2020-05-02 08:00:00,711.04,34.0,23.22,9.3,612.03,1,1.25,4.92,0.08,1.5,0.23
2020-05-02 08:05:00,677.12,34.2,23.34,9.42,622.98,1,1.25,3.92,0.58,0.87,0.73
2020-05-02 08:10:00,663.17,34.0,23.42,9.49,616.06,1,1.25,8.92,5.58,0.0,0.23
2020-05-02 08:15:00,656.64,34.0,23.5,9.44,723.58,1,6.25,13.92,3.58,0.22,1.22
2020-05-02 08:20:00,641.02,34.0,23.56,9.71,483.52,1,1.25,18.92,1.9,2.35,0.22
2020-05-02 08:25:00,633.92,33.6,23.62,9.69,384.16,1,6.25,1.9,6.9,0.72,0.22
2020-05-02 08:30:00,616.26,33.0,23.62,9.6,447.2,1,0.23,6.9,11.9,0.77,0.22
2020-05-02 08:35:00,598.21,33.0,23.62,9.56,315.46,1,1.57,11.9,16.9,3.23,0.2
2020-05-02 08:40:00,582.53,33.0,23.69,9.74,514.62,1,1.57,16.9,2.88,1.83,0.2
2020-05-02 08:45:00,569.98,33.0,23.74,9.88,386.56,1,1.57,21.9,7.88,0.68,0.7
2020-05-02 08:50:00,545.02,33.0,23.78,9.6,554.43,0,1.55,26.9,1.88,0.02,0.37
2020-05-02 08:55:00,530.62,31.4,23.84,9.81,583.49,0,2.55,3.22,6.88,1.23,0.87
2020-05-02 09:00:00,525.76,31.0,23.94,9.83,653.44,0,7.55,8.22,4.88,2.33,0.35
2020-05-02 09:05:00,498.05,31.0,24.04,10.43,409.25,0,0.22,13.22,3.05,0.62,0.35
2020-05-02 09:10:00,483.84,31.0,24.06,10.55,439.58,0,5.22,18.22,8.05,0.47,0.85
2020-05-02 09:15:00,483.84,31.0,24.06,10.17,181.22,0,10.22,23.22,13.05,0.23,0.35
2020-05-02 09:20:00,483.84,31.0,24.06,9.9,268.62,0,15.22,28.22,18.05,0.2,0.35
2020-05-02 09:25:00,483.84,31.0,24.06,9.83,275.81,0,20.22,33.22,23.05,2.28,0.35
2020-05-02 09:30:00,483.84,31.0,24.06,9.9,520.77,0,25.22,38.22,28.05,0.78,0.33
2020-05-02 09:35:00,481.47,30.4,24.14,10.24,226.24,0,0.2,0.18,3.02,1.15,1.33
2020-05-02 09:40:00,472.0,30.0,24.16,10.43,200.62,0,5.2,5.18,8.02,1.65,0.83
2020-05-02 09:45:00,472.0,30.8,24.16,10.58,134.0,0,10.2,3.18,13.02,3.07,4.33
2020-05-02 09:50:00,472.0,31.0,24.16,10.38,241.84,0,15.2,8.18,18.02,2.2,0.33
2020-05-02 09:55:00,461.76,31.0,24.16,10.36,207.65,0,4.18,13.18,23.02,7.2,0.32
2020-05-02 10:00:00,461.76,30.6,24.16,10.38,170.43,0,9.18,0.17,28.02,0.18,0.32
2020-05-02 10:05:00,461.76,30.0,24.16,10.36,205.79,0,14.18,4.17,33.02,0.63,0.32
2020-05-02 10:10:00,461.76,30.0,24.16,10.58,166.99,0,19.18,9.17,38.02,1.25,0.32
2020-05-02 10:15:00,461.76,30.0,24.16,10.55,188.62,0,24.18,14.17,43.02,1.52,0.82
2020-05-02 10:20:00,450.88,30.0,24.16,10.79,199.36,0,4.17,19.17,48.02,1.55,0.32
2020-05-02 10:25:00,456.51,30.0,24.16,11.03,129.41,0,1.17,24.17,53.02,0.4,1.8
2020-05-02 10:30:00,456.77,30.0,24.16,10.79,294.98,0,3.15,29.17,58.02,0.13,0.8
2020-05-02 10:35:00,454.72,30.0,24.16,11.18,290.66,0,8.15,34.17,63.02,0.48,3.8
2020-05-02 10:40:00,454.72,30.0,24.16,11.18,249.02,0,13.15,39.17,68.02,0.5,0.3
2020-05-02 10:45:00,454.72,30.0,24.16,11.03,247.62,0,18.15,44.17,73.02,1.32,2.47
2020-05-02 10:50:00,454.72,30.0,24.16,11.51,304.03,0,23.15,49.17,78.02,1.62,1.95
2020-05-02 10:55:00,454.72,30.0,24.16,11.54,303.84,0,28.15,54.17,83.02,1.58,0.45
2020-05-02 11:00:00,454.72,30.0,24.16,11.75,288.67,0,33.15,59.17,88.02,2.48,0.45
2020-05-02 11:05:00,452.54,30.0,24.16,11.7,288.42,0,0.3,64.17,93.02,0.83,0.95
2020-05-02 11:10:00,443.84,30.0,24.24,11.7,343.23,0,5.3,69.17,3.13,0.87,0.95
2020-05-02 11:15:00,452.54,30.0,24.26,11.78,340.03,0,3.3,74.17,8.13,0.02,1.95
2020-05-02 11:20:00,454.72,30.0,24.26,11.9,200.82,0,8.3,79.17,13.13,0.57,0.43
2020-05-02 11:25:00,454.72,29.8,24.26,12.04,288.0,0,13.3,0.95,18.13,1.63,0.43
2020-05-02 11:30:00,454.72,29.4,24.26,12.21,185.22,0,18.3,0.95,23.13,1.35,1.43
2020-05-02 11:35:00,440.96,29.0,24.28,11.75,233.66,0,4.28,5.95,0.1,1.23,0.43
2020-05-02 11:40:00,449.66,29.0,24.36,11.92,227.97,0,3.28,10.95,5.1,0.05,0.42
2020-05-02 11:45:00,451.84,29.0,24.36,11.78,228.86,0,8.28,15.95,10.1,0.4,0.42
2020-05-02 11:50:00,451.84,29.0,24.36,12.68,240.61,0,13.28,20.95,15.1,0.27,1.92
2020-05-02 11:55:00,451.84,29.0,24.36,12.92,220.83,0,18.28,25.95,20.1,0.95,1.42
2020-05-02 12:00:00,451.84,29.0,24.36,13.49,192.8,0,23.28,30.95,25.1,0.03,2.42
2020-05-02 12:05:00,451.84,29.0,24.36,12.9,117.8,0,28.28,35.95,30.1,0.27,1.9
2020-05-02 12:10:00,451.84,29.0,24.36,12.42,103.0,0,33.28,40.95,35.1,1.67,1.4
2020-05-02 12:15:00,451.84,29.0,24.36,12.04,81.0,0,38.28,45.95,40.1,0.27,6.4
2020-05-02 12:20:00,451.84,29.0,24.26,12.04,91.6,0,43.28,50.95,4.08,1.55,0.9
2020-05-02 12:25:00,446.59,29.0,24.26,11.97,100.0,0,1.25,55.95,9.08,0.53,4.9
2020-05-02 12:30:00,438.72,29.0,24.24,11.9,93.63,0,6.25,60.95,0.07,0.73,0.88
2020-05-02 12:35:00,448.96,29.0,24.16,11.87,83.01,0,4.25,65.95,5.07,0.08,3.88
2020-05-02 12:40:00,448.96,29.0,24.16,12.06,114.81,0,9.25,70.95,10.07,0.43,0.55
2020-05-02 12:45:00,448.96,29.0,24.16,12.23,107.42,0,14.25,75.95,15.07,0.22,1.55
2020-05-02 12:50:00,448.96,29.0,24.16,13.11,144.0,0,19.25,80.95,20.07,0.05,4.55
2020-05-02 12:55:00,448.96,29.0,24.16,14.12,107.82,0,24.25,85.95,25.07,0.02,0.03
2020-05-02 13:00:00,448.96,29.0,24.1,13.04,110.4,0,29.25,90.95,2.05,0.15,0.03
2020-05-02 13:05:00,448.96,29.0,24.06,12.8,122.21,0,34.25,95.95,7.05,0.33,3.53
2020-05-02 13:10:00,448.96,29.0,24.06,14.21,105.8,0,39.25,100.95,12.05,0.03,0.03
2020-05-02 13:15:00,448.96,29.0,24.06,14.33,106.82,0,44.25,105.95,17.05,0.0,0.53
2020-05-02 13:20:00,448.96,29.0,24.06,13.11,82.41,1,49.25,110.95,22.05,2.3,2.52
2020-05-02 13:25:00,454.08,29.4,24.06,13.23,88.02,1,1.22,0.87,27.05,0.38,1.02
2020-05-02 13:30:00,474.18,30.0,24.06,13.23,66.6,1,0.2,5.87,32.05,1.65,3.02
2020-05-02 13:35:00,493.38,30.2,23.94,12.82,79.8,1,3.2,0.87,0.37,0.13,1.52
2020-05-02 13:40:00,479.81,30.8,23.6,13.6,95.04,1,0.2,2.87,4.53,0.18,4.02
2020-05-02 13:45:00,466.88,30.8,23.74,14.49,88.62,1,5.2,1.87,0.52,0.82,1.5
2020-05-02 13:50:00,466.88,30.6,23.84,14.1,79.0,1,10.2,1.85,0.52,0.12,6.5
2020-05-02 13:55:00,472.9,30.0,23.92,14.12,79.0,1,1.2,6.85,5.52,1.03,11.5
2020-05-02 14:00:00,493.76,30.0,23.92,14.61,79.0,1,4.18,11.85,10.52,0.02,16.5
2020-05-02 14:05:00,473.92,29.8,23.92,14.59,79.0,1,4.18,0.35,15.52,0.32,21.5
2020-05-02 14:10:00,473.92,29.4,23.78,14.75,69.4,1,9.18,1.35,4.52,0.25,3.0
2020-05-02 14:15:00,481.47,29.4,23.78,14.89,67.0,1,1.18,0.33,9.52,0.15,8.0
2020-05-02 14:20:00,506.88,30.0,23.78,14.89,67.0,1,4.18,4.33,14.52,0.5,13.0
2020-05-02 14:25:00,478.02,29.4,23.68,14.84,67.0,1,1.17,2.33,1.33,0.05,18.0
2020-05-02 14:30:00,487.23,29.0,23.56,13.88,59.0,1,1.17,7.33,0.33,1.68,3.48
2020-05-02 14:35:00,534.59,29.8,23.48,13.37,57.0,1,0.17,3.33,5.33,1.17,8.48
2020-05-02 14:40:00,571.58,30.0,23.48,13.6,53.0,1,0.17,8.33,10.33,0.17,1.13
2020-05-02 14:45:00,585.92,30.0,23.48,13.44,47.0,1,5.17,13.33,15.33,0.18,6.13
2020-05-02 14:50:00,597.76,30.0,23.48,13.51,47.0,1,4.17,18.33,20.33,0.85,11.13
2020-05-02 14:55:00,597.76,30.0,23.48,13.16,47.0,1,9.17,23.33,25.33,0.43,16.13
2020-05-02 15:00:00,597.76,30.0,23.48,12.87,47.0,1,14.17,28.33,30.33,0.02,21.13
2020-05-02 15:05:00,608.26,30.0,23.48,13.13,47.0,1,3.98,33.33,35.33,0.15,26.13
2020-05-02 15:10:00,610.88,30.0,23.48,13.16,47.0,1,8.98,38.33,40.33,2.83,31.13
2020-05-02 15:15:00,610.88,30.0,23.48,13.13,47.0,1,13.98,43.33,45.33,0.27,36.13
2020-05-02 15:20:00,610.88,30.0,23.48,13.11,47.0,1,18.98,48.33,50.33,5.27,41.13
2020-05-02 15:25:00,620.35,30.0,23.48,12.94,47.0,1,3.97,53.33,55.33,0.72,46.13
2020-05-02 15:30:00,622.72,30.0,23.48,13.23,47.0,1,8.97,58.33,60.33,1.28,51.13
2020-05-02 15:35:00,640.0,30.2,23.48,13.2,38.2,1,4.97,0.62,65.33,0.73,3.6
2020-05-02 15:40:00,640.0,30.2,23.48,12.99,34.0,1,9.97,0.62,70.33,5.73,0.6
2020-05-02 15:45:00,652.8,30.0,23.48,12.75,26.0,1,4.97,4.62,75.33,1.72,5.6
2020-05-02 15:50:00,652.8,30.0,23.48,12.61,26.0,1,9.97,9.62,80.33,0.43,10.6
2020-05-02 15:55:00,643.78,30.0,23.48,12.4,26.0,1,2.95,14.62,85.33,4.85,15.6
2020-05-02 16:00:00,637.76,30.0,23.48,12.47,26.0,1,7.95,19.62,90.33,0.58,20.6
2020-05-02 16:05:00,645.95,30.0,23.48,12.23,26.0,1,3.95,24.62,95.33,2.1,25.6
2020-05-02 16:10:00,648.0,30.2,23.48,11.92,26.0,1,8.95,0.6,100.33,1.85,30.6
2020-05-02 16:15:00,648.0,30.2,23.48,11.73,26.0,1,13.95,0.6,105.33,2.45,35.6
2020-05-02 16:20:00,648.0,30.8,23.48,11.68,26.0,1,18.95,3.6,110.33,7.45,40.6
2020-05-02 16:25:00,648.0,31.0,23.48,11.78,26.0,1,23.95,8.6,115.33,3.27,45.6
2020-05-02 16:30:00,648.0,31.0,23.48,11.92,22.0,1,28.95,13.6,120.33,1.37,1.73
2020-05-02 16:35:00,627.33,31.0,23.48,12.06,16.0,1,1.93,18.6,125.33,0.27,6.73
2020-05-02 16:40:00,612.48,31.0,23.42,11.92,16.0,1,1.92,23.6,2.58,5.27,11.73
2020-05-02 16:45:00,588.54,38.6,23.38,11.8,16.0,1,3.92,0.42,7.58,4.6,16.73
2020-05-02 16:50:00,652.74,40.2,23.38,11.8,16.0,1,1.92,0.08,12.58,9.6,21.73
2020-05-02 16:55:00,686.08,40.8,23.48,11.8,16.0,1,3.92,0.07,4.57,14.6,26.73
2020-05-02 17:00:00,680.7,38.2,23.48,11.73,16.0,1,1.92,0.9,9.57,2.62,31.73
2020-05-02 17:05:00,628.61,36.4,23.48,11.68,12.8,1,1.9,2.57,14.57,7.62,0.72
2020-05-02 17:10:00,572.8,35.4,23.48,11.66,0.0,1,2.9,2.57,19.57,0.97,5.72
2020-05-02 17:15:00,542.72,35.0,23.48,11.44,0.0,1,4.9,7.57,24.57,4.08,10.72
2020-05-02 17:20:00,542.72,35.0,23.56,11.51,0.0,1,9.9,12.57,3.72,2.4,15.72
2020-05-02 17:25:00,542.72,34.6,23.58,11.56,0.0,1,14.9,2.55,8.72,7.4,20.72
2020-05-02 17:30:00,542.72,34.0,23.58,11.56,0.0,1,19.9,4.55,13.72,12.4,25.72
2020-05-02 17:35:00,537.22,33.8,23.58,11.42,0.0,1,1.9,0.55,18.72,1.68,30.72
2020-05-02 17:40:00,546.88,33.8,23.58,11.27,0.0,1,2.88,3.55,23.72,1.65,35.72
2020-05-02 17:45:00,530.3,33.8,23.58,10.96,0.0,1,1.88,0.72,28.72,1.4,40.72
2020-05-02 17:50:00,499.84,33.0,23.58,10.77,0.0,1,4.38,5.72,33.72,1.65,45.72
2020-05-02 17:55:00,506.37,33.0,23.58,10.74,0.0,1,2.38,10.72,38.72,1.55,50.72
2020-05-02 18:00:00,503.94,33.0,23.58,10.43,0.0,1,1.38,15.72,43.72,1.03,55.72
2020-05-02 18:05:00,489.02,32.2,23.54,10.19,0.0,1,1.37,1.87,1.87,1.75,60.72
2020-05-02 18:10:00,475.2,31.0,23.48,10.12,0.0,1,2.37,6.87,6.87,0.2,65.72
2020-05-02 18:15:00,470.72,31.0,23.48,10.05,0.0,1,7.37,11.87,11.87,2.45,70.72
2020-05-02 18:20:00,474.82,33.0,23.46,10.0,0.0,1,1.37,3.18,0.02,7.45,75.72
2020-05-02 18:25:00,501.31,33.0,23.38,10.0,0.0,1,1.37,8.18,5.02,12.45,80.72
2020-05-02 18:30:00,540.16,33.0,23.38,9.93,0.0,1,1.52,13.18,10.02,2.38,85.72
2020-05-02 18:35:00,568.77,33.0,23.38,9.88,0.0,1,0.52,18.18,15.02,7.38,90.72
2020-05-02 18:40:00,586.43,33.8,23.38,9.95,0.0,1,1.52,3.18,20.02,2.53,95.72
2020-05-02 18:45:00,594.88,34.0,23.38,10.0,0.0,1,6.52,8.18,25.02,7.53,100.72
2020-05-02 18:50:00,594.88,33.4,23.38,10.0,0.0,1,11.52,2.17,30.02,12.53,105.72
2020-05-02 18:55:00,594.88,33.0,23.38,9.88,0.0,1,16.52,7.17,35.02,4.13,110.72
2020-05-02 19:00:00,594.88,33.2,23.48,9.98,0.0,1,21.52,1.17,4.0,3.32,115.72
2020-05-02 19:05:00,594.88,33.0,23.48,9.93,0.0,1,26.52,6.17,9.0,2.32,120.72
2020-05-02 19:10:00,594.88,33.0,23.48,9.88,0.0,1,31.52,11.17,14.0,7.32,125.72
2020-05-02 19:15:00,608.96,33.0,23.56,9.98,0.0,1,4.0,16.17,3.32,3.57,130.72
2020-05-02 19:20:00,604.86,33.0,23.58,9.88,0.0,1,1.98,21.17,8.32,4.08,135.72
2020-05-02 19:25:00,598.72,33.0,23.58,9.88,0.0,1,6.98,26.17,13.32,9.08,140.72
2020-05-02 19:30:00,598.72,33.0,23.58,9.88,0.0,1,11.98,31.17,18.32,14.08,145.72
2020-05-02 19:35:00,598.72,33.0,23.58,9.81,0.0,1,16.98,36.17,23.32,2.13,150.72
2020-05-02 19:40:00,598.72,33.0,23.58,9.76,0.0,1,21.98,41.17,28.32,7.13,155.72
2020-05-02 19:45:00,594.37,33.0,23.58,9.76,0.0,1,1.97,46.17,33.32,12.13,160.72
2020-05-02 19:50:00,577.34,33.0,23.58,9.76,0.0,1,3.97,51.17,38.32,17.13,165.72
2020-05-02 19:55:00,592.38,33.0,23.58,9.76,0.0,1,1.97,56.17,43.32,22.13,170.72
2020-05-02 20:00:00,604.8,33.0,23.58,9.54,0.0,1,6.97,61.17,48.32,0.33,175.72
2020-05-02 20:05:00,604.8,33.0,23.58,9.37,0.0,1,11.97,66.17,53.32,1.58,180.72
2020-05-02 20:10:00,604.8,33.0,23.58,9.3,0.0,1,16.97,71.17,58.32,6.58,185.72
2020-05-02 20:15:00,604.8,33.0,23.58,9.23,0.0,1,21.97,76.17,63.32,2.22,190.72
2020-05-02 20:20:00,604.8,33.2,23.58,9.18,0.0,1,26.97,1.1,68.32,7.22,195.72
2020-05-02 20:25:00,619.84,33.6,23.58,9.11,0.0,1,4.95,1.1,73.32,2.3,200.72
2020-05-02 20:30:00,619.84,33.6,23.56,9.11,0.0,1,9.95,2.1,0.27,0.28,205.72
2020-05-02 20:35:00,626.24,33.0,23.48,9.06,0.0,1,1.93,4.1,5.27,5.28,210.72
2020-05-02 20:40:00,592.19,33.0,23.48,9.06,0.0,1,2.93,9.1,10.27,10.28,215.72
2020-05-02 20:45:00,581.76,33.0,23.48,9.06,0.0,1,7.93,14.1,15.27,15.28,220.72
2020-05-02 20:50:00,573.5,33.0,23.48,9.08,0.0,1,2.93,19.1,20.27,0.93,225.72
2020-05-02 20:55:00,568.0,33.6,23.48,9.18,0.0,1,7.93,2.08,25.27,5.93,230.72
2020-05-02 21:00:00,592.83,34.0,23.48,9.13,0.0,1,2.92,7.08,30.27,1.12,235.72
2020-05-02 21:05:00,616.0,34.0,23.48,9.06,0.0,1,4.92,12.08,35.27,6.12,240.72
2020-05-02 21:10:00,611.9,34.0,23.48,9.11,0.0,1,1.92,17.08,40.27,1.18,245.72
2020-05-02 21:15:00,605.76,33.4,23.56,9.06,0.0,1,6.92,2.07,2.23,6.18,250.72
2020-05-02 21:20:00,563.26,33.0,23.62,8.96,0.0,1,1.9,7.07,7.23,4.4,255.72
2020-05-02 21:25:00,498.18,32.6,23.48,8.96,0.0,1,0.4,1.9,1.57,9.4,260.72
2020-05-02 21:30:00,483.84,33.0,23.22,9.04,0.0,1,5.4,6.9,4.57,3.55,265.72
2020-05-02 21:35:00,506.05,33.4,23.22,9.06,0.0,1,2.4,1.88,9.57,8.55,270.72
2020-05-02 21:40:00,540.8,34.0,23.22,8.98,0.0,1,4.4,6.88,14.57,3.08,275.72
2020-05-02 21:45:00,540.8,34.0,23.22,8.84,0.0,1,9.4,11.88,19.57,4.6,280.72
2020-05-02 21:50:00,531.78,34.0,23.22,8.84,0.0,1,2.38,16.88,24.57,9.6,285.72
2020-05-02 21:55:00,529.41,34.0,23.22,8.84,0.0,1,0.38,21.88,29.57,14.6,290.72
2020-05-02 22:00:00,560.9,34.0,23.22,8.91,0.0,1,1.38,26.88,34.57,2.3,295.72
2020-05-02 22:05:00,569.92,34.6,23.22,8.94,0.0,1,6.38,0.03,39.57,0.07,300.72
2020-05-02 22:10:00,569.92,34.0,23.22,8.84,0.0,1,11.38,5.03,44.57,5.07,305.72
2020-05-02 22:15:00,569.92,35.0,23.22,8.84,0.0,1,16.38,4.03,49.57,10.07,310.72
2020-05-02 22:20:00,569.92,35.0,23.22,8.84,0.0,1,21.38,9.03,54.57,15.07,315.72
2020-05-02 22:25:00,575.04,35.0,23.22,8.91,0.0,1,1.37,14.03,59.57,2.3,320.72
2020-05-02 22:30:00,582.72,35.0,23.22,8.96,0.0,1,6.37,19.03,64.57,7.3,325.72
2020-05-02 22:35:00,582.72,35.2,23.22,8.86,0.0,1,11.37,0.18,69.57,3.2,330.72
2020-05-02 22:40:00,587.97,35.4,23.22,8.77,0.0,1,1.35,2.18,74.57,2.95,335.72
2020-05-02 22:45:00,606.02,35.0,23.22,8.72,0.0,1,2.35,7.18,79.57,7.95,340.72
2020-05-02 22:50:00,608.19,35.0,23.22,8.72,0.0,1,0.35,12.18,84.57,12.95,345.72
2020-05-02 22:55:00,589.76,35.0,23.22,8.72,0.0,1,5.35,17.18,89.57,17.95,350.72
2020-05-02 23:00:00,589.76,35.0,23.22,8.72,0.0,1,10.35,22.18,94.57,22.95,355.72
2020-05-02 23:05:00,587.39,35.0,23.22,8.72,0.0,1,0.5,27.18,99.57,27.95,360.72
2020-05-02 23:10:00,577.92,35.0,23.22,8.72,0.0,0,5.5,32.18,104.57,32.95,365.72
2020-05-02 23:15:00,577.92,35.0,23.22,8.72,0.0,0,10.5,37.18,109.57,37.95,370.72
2020-05-02 23:20:00,577.92,35.0,23.22,8.72,0.0,1,15.5,42.18,114.57,42.95,375.72
2020-05-02 23:25:00,566.72,35.0,23.22,8.72,0.0,1,4.5,47.18,119.57,47.95,380.72
2020-05-02 23:30:00,566.72,35.0,23.22,8.72,0.0,1,9.5,52.18,124.57,52.95,385.72
2020-05-02 23:35:00,566.72,35.0,23.22,8.6,0.0,1,14.5,57.18,129.57,4.57,390.72
2020-05-02 23:40:00,566.72,35.0,23.22,8.52,0.0,1,19.5,62.18,134.57,3.2,395.72
2020-05-02 23:45:00,566.72,35.0,23.22,8.54,0.0,1,24.5,67.18,139.57,2.3,400.72
2020-05-02 23:50:00,560.19,35.0,23.22,8.5,0.0,1,2.48,72.18,144.57,7.3,405.72
2020-05-02 23:55:00,563.71,35.0,23.22,8.38,0.0,1,2.48,77.18,149.57,4.2,410.72
2020-05-03 00:00:00,582.72,35.0,23.22,8.38,0.0,1,4.47,82.18,154.57,9.2,415.72
2020-05-03 00:05:00,576.19,35.0,23.22,8.38,0.0,1,2.47,87.18,159.57,14.2,420.72
2020-05-03 00:10:00,571.84,35.0,23.1,8.36,0.0,1,7.47,92.18,4.95,0.55,425.72
2020-05-03 00:15:00,571.84,35.0,23.1,8.18,0.0,0,12.47,97.18,9.95,2.73,430.72
2020-05-03 00:20:00,555.84,35.0,23.1,8.13,0.0,0,4.47,102.18,14.95,7.73,435.72
2020-05-03 00:25:00,566.72,35.0,23.1,8.13,0.0,0,4.47,107.18,19.95,12.73,440.72
2020-05-03 00:30:00,553.92,35.0,23.1,8.13,0.0,1,4.45,112.18,24.95,17.73,445.72
2020-05-03 00:35:00,553.92,35.0,23.1,8.13,0.0,1,9.45,117.18,29.95,22.73,450.72
2020-05-03 00:40:00,564.8,35.0,23.1,8.03,0.0,1,4.45,122.18,34.95,3.33,455.72
2020-05-03 00:45:00,564.8,35.0,23.1,8.06,0.0,1,9.45,127.18,39.95,1.33,460.72
2020-05-03 00:50:00,564.8,35.0,23.1,8.13,0.0,1,14.45,132.18,44.95,6.33,465.72
2020-05-03 00:55:00,564.8,35.0,23.1,7.99,0.0,1,19.45,137.18,49.95,1.33,470.72
2020-05-03 01:00:00,564.8,35.0,23.1,7.89,0.0,1,24.45,142.18,54.95,6.33,475.72
2020-05-03 01:05:00,564.8,35.0,23.1,7.89,0.0,1,29.45,147.18,59.95,11.33,480.72
2020-05-03 01:10:00,564.8,35.0,23.1,7.79,0.0,1,34.45,152.18,64.95,3.33,485.72
2020-05-03 01:15:00,567.81,35.0,23.1,7.76,0.0,1,0.43,157.18,69.95,8.33,490.72
2020-05-03 01:20:00,579.84,35.0,23.1,7.76,0.0,1,5.43,162.18,74.95,13.33,495.72
2020-05-03 01:25:00,579.84,35.0,23.1,7.71,0.0,1,10.43,167.18,79.95,1.55,500.72
2020-05-03 01:30:00,568.96,35.0,23.1,7.64,0.0,1,4.42,172.18,84.95,6.55,505.72
2020-05-03 01:35:00,566.72,35.0,23.1,7.69,0.0,1,0.42,177.18,89.95,1.8,510.72
2020-05-03 01:40:00,560.19,35.0,23.1,7.76,0.0,1,0.42,182.18,94.95,6.8,515.72
2020-05-03 01:45:00,569.92,35.0,23.1,7.84,0.0,1,5.42,187.18,99.95,2.05,520.72
2020-05-03 01:50:00,569.92,35.0,23.1,7.89,0.0,1,10.42,192.18,104.95,7.05,525.72
2020-05-03 01:55:00,569.92,35.0,23.1,7.91,0.0,1,15.42,197.18,109.95,0.23,530.72
2020-05-03 02:00:00,569.92,35.0,23.1,8.01,0.0,1,20.42,202.18,114.95,5.23,535.72
2020-05-03 02:05:00,563.2,35.0,23.1,8.13,0.0,1,2.4,207.18,119.95,4.35,540.72
2020-05-03 02:10:00,558.72,35.0,23.1,8.13,0.0,1,7.4,212.18,124.95,9.35,545.72
2020-05-03 02:15:00,558.72,35.0,23.1,7.96,0.0,0,12.4,217.18,129.95,1.33,550.72
2020-05-03 02:20:00,558.72,35.0,23.1,7.89,0.0,0,17.4,222.18,134.95,6.33,555.72
2020-05-03 02:25:00,558.72,35.0,23.1,8.01,0.0,0,22.4,227.18,139.95,4.35,560.72
2020-05-03 02:30:00,544.96,35.0,23.1,8.01,0.0,0,4.38,232.18,144.95,9.35,565.72
2020-05-03 02:35:00,547.33,35.0,23.1,8.01,0.0,0,0.38,237.18,149.95,14.35,570.72
2020-05-03 02:40:00,556.8,35.0,23.1,8.01,0.0,0,5.38,242.18,154.95,19.35,575.72
2020-05-03 02:45:00,556.8,35.4,23.1,7.89,0.0,1,10.38,1.03,159.95,4.35,580.72
2020-05-03 02:50:00,559.62,36.0,23.1,7.94,0.0,1,0.37,6.03,164.95,1.02,585.72
2020-05-03 02:55:00,573.06,36.0,23.1,7.96,0.0,1,0.37,11.03,169.95,2.75,590.72
2020-05-03 03:00:00,577.02,35.8,23.1,8.01,0.0,1,1.37,0.03,174.95,7.75,595.72
2020-05-03 03:05:00,562.05,36.0,23.1,7.91,0.0,1,2.37,5.03,179.95,3.98,600.72
2020-05-03 03:10:00,565.89,36.0,23.2,7.89,0.0,1,0.37,10.03,4.02,8.98,605.72
2020-05-03 03:15:00,579.84,36.0,23.2,8.01,0.0,1,5.37,15.03,9.02,4.7,610.72
2020-05-03 03:20:00,560.06,36.0,23.2,8.03,0.0,1,1.35,20.03,14.02,0.43,615.72
2020-05-03 03:25:00,556.16,36.0,23.2,8.13,0.0,1,0.35,25.03,19.02,5.43,620.72
2020-05-03 03:30:00,568.96,36.0,23.2,8.06,0.0,0,5.35,30.03,24.02,0.0,625.72
2020-05-03 03:35:00,562.24,36.0,23.2,7.89,0.0,0,2.35,35.03,29.02,5.0,630.72
2020-05-03 03:40:00,557.76,36.0,23.2,7.89,0.0,1,7.35,40.03,34.02,10.0,635.72
2020-05-03 03:45:00,564.48,36.0,23.2,7.89,0.0,1,2.33,45.03,39.02,15.0,640.72
2020-05-03 03:50:00,568.96,35.8,23.2,7.94,0.0,1,7.33,0.0,44.02,1.88,645.72
2020-05-03 03:55:00,553.34,34.2,23.28,7.96,6.6,1,1.33,3.0,2.98,2.13,0.13
2020-05-03 04:00:00,506.18,34.0,23.34,8.01,15.0,1,1.83,8.0,7.98,7.13,0.63
2020-05-03 04:05:00,488.13,34.0,23.28,7.89,23.0,1,2.83,13.0,2.32,0.33,5.63
2020-05-03 04:10:00,482.88,34.0,23.14,7.74,23.0,1,7.83,18.0,4.32,0.35,10.63
2020-05-03 04:15:00,475.58,34.0,23.0,7.62,23.0,1,2.82,23.0,4.32,0.93,15.63
2020-05-03 04:20:00,470.72,34.6,22.86,7.64,33.0,1,7.82,2.15,0.3,4.05,4.28
2020-05-03 04:25:00,470.72,35.0,22.74,7.64,42.6,1,12.82,7.15,0.3,9.05,3.78
2020-05-03 04:30:00,470.72,34.0,22.66,7.74,45.0,1,17.82,4.13,5.3,3.37,8.78
2020-05-03 04:35:00,470.72,34.0,22.66,7.96,68.62,1,22.82,9.13,10.3,2.13,0.77
2020-05-03 04:40:00,470.72,34.0,22.66,8.23,153.63,1,27.82,14.13,15.3,0.25,0.77
2020-05-03 04:45:00,470.72,35.0,22.39,8.38,390.59,1,32.82,4.13,0.78,5.25,0.27
2020-05-03 04:50:00,470.72,35.0,22.08,8.49,714.62,1,37.82,9.13,3.78,1.0,0.77
2020-05-03 04:55:00,470.72,35.0,22.06,8.62,1028.74,1,42.82,14.13,8.78,0.25,0.27
2020-05-03 05:00:00,470.72,35.0,22.06,8.86,1148.29,1,47.82,19.13,13.78,1.25,3.27
2020-05-03 05:05:00,470.72,35.0,22.0,9.11,1213.95,1,52.82,24.13,2.95,1.57,0.25
2020-05-03 05:10:00,470.72,35.0,21.96,9.2,1347.84,1,57.82,29.13,7.95,0.87,0.75
2020-05-03 05:15:00,470.72,35.0,21.96,9.28,1412.35,1,62.82,34.13,12.95,0.37,0.25
2020-05-03 05:20:00,470.72,35.0,21.84,9.25,1410.82,1,67.82,39.13,4.93,2.58,1.75
2020-05-03 05:25:00,470.72,35.0,21.84,9.44,1344.26,1,72.82,44.13,9.93,0.12,0.25
2020-05-03 05:30:00,479.68,35.0,21.84,9.66,1315.58,1,3.93,49.13,14.93,0.7,0.23
2020-05-03 05:35:00,481.92,35.0,21.84,9.78,1305.34,1,8.93,54.13,19.93,0.0,0.23
2020-05-03 05:40:00,470.72,35.0,21.74,9.88,1309.44,1,4.93,59.13,4.75,5.0,1.23
2020-05-03 05:45:00,470.72,35.0,21.86,9.93,1264.0,1,9.93,64.13,4.75,1.8,1.23
2020-05-03 05:50:00,476.86,35.0,21.86,10.02,1223.55,1,2.93,69.13,9.75,0.45,1.73
2020-05-03 05:55:00,472.77,35.0,21.86,10.26,1176.06,1,3.93,74.13,14.75,0.12,0.23
2020-05-03 06:00:00,470.72,35.0,21.86,10.36,1121.15,1,8.93,79.13,19.75,5.12,0.72
2020-05-03 06:05:00,470.72,35.0,21.86,10.55,1065.22,1,13.93,84.13,24.75,0.87,1.88
2020-05-03 06:10:00,470.72,35.0,21.86,10.79,1036.8,1,18.93,89.13,29.75,2.35,0.88
2020-05-03 06:15:00,470.72,35.0,21.94,10.89,1008.13,1,23.93,94.13,2.23,1.0,0.88
2020-05-03 06:20:00,470.72,34.4,22.07,11.15,989.7,1,28.93,2.07,2.23,2.23,2.38
2020-05-03 06:25:00,470.72,34.0,22.14,11.18,982.27,1,33.93,7.07,0.55,0.9,0.87
2020-05-03 06:30:00,470.72,34.0,22.26,11.22,965.89,1,38.93,12.07,0.55,1.8,3.37
2020-05-03 06:35:00,470.72,34.0,22.34,11.13,911.36,1,43.93,17.07,5.55,3.13,1.87
2020-05-03 06:40:00,459.84,33.6,22.34,10.86,860.29,1,4.9,0.55,10.55,3.45,0.87
2020-05-03 06:45:00,459.84,34.0,22.36,11.1,824.58,1,9.9,5.55,0.72,1.12,0.87
2020-05-03 06:50:00,468.54,34.0,22.44,11.27,841.22,1,3.88,10.55,5.72,0.0,1.37
2020-05-03 06:55:00,470.72,34.0,22.54,11.54,865.79,1,8.88,15.55,4.7,1.52,0.87
2020-05-03 07:00:00,470.72,34.0,22.59,11.66,888.45,1,13.88,20.55,1.53,1.0,0.35
2020-05-03 07:05:00,470.72,33.8,22.7,11.56,926.85,1,18.88,2.53,1.03,6.0,2.35
2020-05-03 07:10:00,470.72,33.4,22.82,11.63,928.77,1,23.88,0.37,1.03,2.03,0.35
2020-05-03 07:15:00,470.72,33.0,22.92,11.66,976.64,1,28.88,4.03,0.02,3.02,0.35
2020-05-03 07:20:00,470.72,33.0,23.02,11.82,983.04,1,33.88,9.03,0.02,0.92,2.33
2020-05-03 07:25:00,470.72,32.6,23.12,11.8,980.22,1,38.88,0.87,5.02,4.22,1.33
2020-05-03 07:30:00,470.72,32.2,23.12,11.99,939.52,1,43.88,2.85,10.02,2.07,0.33
2020-05-03 07:35:00,470.72,32.4,23.12,12.02,971.01,1,48.88,2.52,15.02,1.93,0.83
2020-05-03 07:40:00,470.72,33.0,23.19,12.09,913.28,1,53.88,0.52,2.02,0.5,0.83
2020-05-03 07:45:00,470.72,29.8,23.26,12.11,364.61,1,58.88,3.85,0.0,0.38,3.83
2020-05-03 07:50:00,486.46,29.0,23.46,12.3,295.04,1,1.85,8.85,1.17,1.52,8.83
2020-05-03 07:55:00,519.36,29.0,23.74,12.16,292.45,1,1.85,13.85,2.5,4.02,0.32
2020-05-03 08:00:00,524.1,29.0,23.92,12.47,282.08,1,1.85,18.85,0.0,0.32,5.32
2020-05-03 08:05:00,508.1,29.0,24.1,12.97,282.08,1,3.85,23.85,1.0,0.55,10.32
2020-05-03 08:10:00,505.92,29.0,24.25,12.85,575.04,1,8.85,28.85,2.0,1.15,0.48
2020-05-03 08:15:00,505.92,28.4,24.32,12.85,588.16,1,13.85,2.83,0.98,0.18,5.48
2020-05-03 08:20:00,499.2,28.0,24.45,13.13,588.74,1,2.83,7.83,1.98,0.93,3.47
2020-05-03 08:25:00,483.71,28.0,24.56,13.23,552.58,1,3.83,12.83,1.65,4.02,0.47
2020-05-03 08:30:00,480.96,28.0,24.67,13.27,437.41,1,8.83,17.83,1.65,0.12,0.47
2020-05-03 08:35:00,472.77,28.0,24.8,12.89,189.44,1,3.82,22.83,2.65,0.65,1.47
2020-05-03 08:40:00,465.6,27.6,24.84,12.99,297.7,1,1.82,1.32,7.65,0.12,1.45
2020-05-03 08:45:00,457.92,27.0,24.94,13.13,170.64,1,6.82,6.32,4.65,1.57,0.45
2020-05-03 08:50:00,457.92,27.0,24.94,13.11,143.81,1,11.82,11.32,9.65,6.57,0.45
2020-05-03 08:55:00,457.92,27.0,25.02,13.27,149.04,1,16.82,16.32,3.97,1.45,1.45
2020-05-03 09:00:00,457.92,27.0,25.04,13.32,161.82,1,21.82,21.32,8.97,0.03,0.45
2020-05-03 09:05:00,457.92,27.0,25.04,13.25,319.58,0,26.82,26.32,13.97,0.27,0.45
2020-05-03 09:10:00,457.92,27.0,25.09,13.41,541.82,0,31.82,31.32,1.95,1.47,0.43
2020-05-03 09:15:00,450.05,27.0,25.18,13.86,572.1,0,2.8,36.32,0.45,0.13,2.43
2020-05-03 09:20:00,444.8,26.6,25.26,14.07,539.9,0,7.8,0.62,5.45,0.73,0.93
2020-05-03 09:25:00,444.8,25.0,25.3,13.95,517.5,0,12.8,4.12,1.45,0.02,3.93
2020-05-03 09:30:00,444.8,25.0,25.36,14.07,477.12,0,17.8,9.12,6.45,0.23,0.42
2020-05-03 09:35:00,453.76,25.0,25.43,14.4,441.02,0,3.78,14.12,2.27,5.23,0.92
2020-05-03 09:40:00,449.86,25.0,25.48,14.35,206.03,0,2.78,19.12,7.27,0.32,0.42
2020-05-03 09:45:00,445.76,25.0,25.48,13.77,82.0,0,7.78,24.12,12.27,0.88,1.92
2020-05-03 09:50:00,445.76,25.0,25.48,13.23,65.2,0,12.78,29.12,17.27,1.73,3.92
2020-05-03 09:55:00,445.76,25.0,25.52,12.92,71.0,0,17.78,34.12,1.77,2.6,3.42
2020-05-03 10:00:00,445.76,25.0,25.58,12.49,84.0,0,22.78,39.12,6.77,0.07,4.92
2020-05-03 10:05:00,445.76,25.0,25.58,11.94,84.0,0,27.78,44.12,11.77,0.52,9.92
2020-05-03 10:10:00,445.76,25.0,25.58,11.63,78.8,0,32.78,49.12,16.77,0.42,1.07
2020-05-03 10:15:00,445.76,25.0,25.58,11.1,55.0,1,37.78,3.25,21.77,3.82,1.07
2020-05-03 10:20:00,445.76,25.0,25.58,10.94,49.0,1,42.78,8.25,26.77,1.73,6.07
2020-05-03 10:25:00,450.62,25.0,25.52,10.55,49.0,1,1.92,13.25,2.73,2.07,11.07
2020-05-03 10:30:00,457.92,26.2,25.48,10.12,45.0,1,6.92,2.73,7.73,0.22,1.05
2020-05-03 10:35:00,475.65,27.6,25.48,9.74,39.0,1,1.9,2.73,12.73,0.22,6.05
2020-05-03 10:40:00,532.61,28.0,25.48,9.93,39.0,1,1.9,7.73,17.73,1.32,11.05
2020-05-03 10:45:00,550.72,28.2,25.48,9.81,29.0,1,6.9,0.23,22.73,0.48,4.55
2020-05-03 10:50:00,550.72,29.0,25.48,9.25,29.0,1,11.9,5.23,27.73,1.2,9.55
2020-05-03 10:55:00,558.91,29.0,25.48,9.18,52.2,1,3.9,10.23,32.73,6.2,0.53
2020-05-03 11:00:00,560.96,29.6,25.48,9.51,141.41,1,8.9,2.22,37.73,0.22,0.03
2020-05-03 11:05:00,565.7,30.0,25.48,10.02,227.04,1,1.88,7.22,42.73,0.68,5.03
2020-05-03 11:10:00,572.8,30.0,25.48,10.58,218.82,1,6.88,12.22,47.73,0.65,0.53
2020-05-03 11:15:00,572.8,30.0,25.48,11.42,187.26,1,11.88,17.22,52.73,0.27,2.02
2020-05-03 11:20:00,572.8,30.0,25.48,11.46,161.63,1,16.88,22.22,57.73,1.03,2.02
2020-05-03 11:25:00,586.88,30.0,25.48,11.56,154.62,1,4.88,27.22,62.73,0.6,1.52
2020-05-03 11:30:00,577.15,30.0,25.58,11.63,138.0,1,3.88,32.22,4.7,1.22,1.52
2020-05-03 11:35:00,584.96,30.0,25.58,12.02,108.61,1,4.87,37.22,9.7,0.02,1.02
2020-05-03 11:40:00,572.16,30.0,25.58,11.92,103.2,1,3.87,42.22,14.7,0.52,2.0
2020-05-03 11:45:00,580.22,30.0,25.58,11.63,100.8,1,0.53,47.22,19.7,1.7,2.5
2020-05-03 11:50:00,597.76,30.0,25.58,11.7,100.42,1,5.53,52.22,24.7,0.17,1.0
2020-05-03 11:55:00,597.76,30.0,25.58,11.68,152.22,1,10.53,57.22,29.7,0.42,0.17
2020-05-03 12:00:00,602.24,30.0,25.58,12.09,153.84,1,1.52,62.22,34.7,0.57,0.67
2020-05-03 12:05:00,608.96,30.2,25.48,11.58,109.62,1,6.52,1.85,4.68,0.05,1.67
2020-05-03 12:10:00,620.99,30.0,25.48,11.8,93.04,1,3.52,6.85,9.68,5.05,4.15
2020-05-03 12:15:00,621.95,30.0,25.48,12.06,80.62,1,0.68,11.85,14.68,1.75,1.65
2020-05-03 12:20:00,613.76,30.0,25.48,12.06,72.0,1,5.68,16.85,19.68,0.38,6.65
2020-05-03 12:25:00,622.72,30.0,25.48,12.23,67.0,1,3.67,21.85,24.68,1.85,1.65
2020-05-03 12:30:00,600.13,30.0,25.42,12.33,58.0,1,1.67,26.85,2.67,0.22,6.65
2020-05-03 12:35:00,583.68,30.0,25.38,12.09,43.0,1,1.67,31.85,7.67,0.88,1.65
2020-05-03 12:40:00,601.47,30.0,25.38,12.18,33.0,1,3.67,36.85,12.67,0.73,1.13
2020-05-03 12:45:00,581.82,29.2,25.36,12.02,27.0,1,1.65,3.82,0.15,0.33,6.13
2020-05-03 12:50:00,553.15,29.0,25.26,11.27,27.0,1,3.65,8.82,5.15,0.68,11.13
2020-05-03 12:55:00,538.62,29.0,25.26,10.79,17.0,1,0.65,13.82,10.15,1.12,4.63
2020-05-03 13:00:00,521.6,29.0,25.18,10.43,17.0,1,1.65,18.82,3.13,2.38,9.63
2020-05-03 13:05:00,508.29,29.0,25.16,10.22,39.6,0,1.65,23.82,8.13,0.03,0.12
2020-05-03 13:10:00,499.84,29.0,25.1,10.46,83.02,0,6.65,28.82,2.13,1.42,1.62
2020-05-03 13:15:00,499.84,29.0,25.06,10.89,99.04,0,11.65,33.82,7.13,2.3,4.12
2020-05-03 13:20:00,491.97,29.0,25.06,10.96,85.02,0,2.3,38.82,12.13,7.3,1.12
2020-05-03 13:25:00,486.72,29.0,25.06,11.08,77.0,0,7.3,43.82,17.13,4.47,0.1
2020-05-03 13:30:00,483.33,29.0,25.06,11.15,65.0,0,0.3,48.82,22.13,2.87,1.6
2020-05-03 13:35:00,469.76,29.4,25.06,11.27,82.21,1,5.3,1.78,27.13,2.67,0.6
2020-05-03 13:40:00,475.9,29.6,24.79,11.46,78.82,1,2.28,0.78,0.95,0.68,1.1
2020-05-03 13:45:00,480.0,29.0,24.23,11.63,58.0,1,7.28,5.78,2.95,2.47,6.1
2020-05-03 13:50:00,500.35,29.0,24.31,11.66,53.6,1,0.28,10.78,0.93,0.9,1.25
2020-05-03 13:55:00,534.4,29.0,24.42,11.58,41.0,1,1.27,15.78,5.93,0.18,2.25
2020-05-03 14:00:00,549.5,29.0,24.44,11.51,27.0,1,1.27,20.78,0.77,0.05,4.25
2020-05-03 14:05:00,557.76,29.0,24.52,10.29,27.0,1,6.27,25.78,5.77,0.22,9.25
2020-05-03 14:10:00,563.39,29.6,24.52,9.56,17.0,1,1.27,2.77,10.77,0.22,4.25
2020-05-03 14:15:00,571.84,30.0,24.52,8.93,17.0,1,6.27,7.77,15.77,1.1,9.25
2020-05-03 14:20:00,567.1,30.2,24.52,8.48,17.0,1,1.42,0.58,20.77,0.55,14.25
2020-05-03 14:25:00,560.0,31.0,24.52,8.43,17.0,1,6.42,5.58,25.77,0.98,19.25
2020-05-03 14:30:00,566.53,31.0,24.52,8.26,17.0,1,2.42,10.58,30.77,4.42,24.25
2020-05-03 14:35:00,570.88,31.0,24.52,8.36,17.0,1,7.42,15.58,35.77,3.4,29.25
2020-05-03 14:40:00,576.51,31.0,24.52,8.23,17.0,1,1.42,20.58,40.77,1.7,34.25
2020-05-03 14:45:00,584.96,32.6,24.52,8.13,19.2,1,6.42,3.23,45.77,6.7,0.72
2020-05-03 14:50:00,587.14,33.0,24.52,8.26,36.0,1,0.07,8.23,50.77,0.53,3.72
2020-05-03 14:55:00,592.64,33.0,24.52,8.33,46.0,1,0.07,13.23,55.77,1.47,3.22
2020-05-03 15:00:00,579.84,33.0,24.52,8.16,56.0,1,5.07,18.23,60.77,3.85,3.7
2020-05-03 15:05:00,579.84,33.0,24.52,8.31,58.0,1,10.07,23.23,65.77,0.08,8.7
2020-05-03 15:10:00,579.84,33.0,24.52,8.54,48.0,1,15.07,28.23,70.77,1.48,4.7
2020-05-03 15:15:00,576.83,33.0,24.64,8.65,48.0,1,0.05,33.23,4.72,1.6,9.7
2020-05-03 15:20:00,557.12,33.0,24.7,8.86,38.0,1,2.05,38.23,2.88,1.77,4.2
2020-05-03 15:25:00,552.0,33.0,24.74,8.98,38.0,1,7.05,43.23,7.88,0.83,9.2
2020-05-03 15:30:00,552.0,33.0,24.8,9.13,38.0,1,12.05,48.23,2.87,2.28,14.2
2020-05-03 15:35:00,552.0,33.0,24.84,9.3,38.0,1,17.05,53.23,7.87,4.0,19.2
2020-05-03 15:40:00,527.68,33.0,24.84,9.32,38.0,1,1.03,58.23,12.87,1.07,24.2
2020-05-03 15:45:00,522.37,32.6,24.84,9.25,48.0,1,0.03,0.7,17.87,1.83,4.85
2020-05-03 15:50:00,519.81,33.0,24.84,9.44,48.0,1,3.03,3.03,22.87,1.67,9.85
2020-05-03 15:55:00,528.83,33.0,24.84,9.58,48.0,1,3.03,8.03,27.87,1.95,14.85
2020-05-03 16:00:00,544.96,31.4,24.92,9.4,48.0,1,4.03,0.18,3.68,0.1,19.85
2020-05-03 16:05:00,557.06,33.0,24.94,9.42,42.0,1,0.02,2.52,8.68,5.1,2.33
2020-05-03 16:10:00,575.04,33.0,24.94,9.44,38.0,1,1.02,7.52,13.68,0.28,7.33
2020-05-03 16:15:00,582.72,33.0,24.94,9.54,38.0,1,6.02,12.52,18.68,5.28,12.33
2020-05-03 16:20:00,577.6,33.0,24.94,9.58,38.0,1,1.02,0.0,23.68,1.62,17.33
2020-05-03 16:25:00,558.98,32.6,24.94,9.44,36.0,1,0.02,1.83,28.68,3.25,0.32
2020-05-03 16:30:00,586.24,33.0,24.94,9.42,28.0,1,0.0,6.83,33.68,8.25,5.32
2020-05-03 16:35:00,598.72,33.0,24.94,9.35,28.0,1,5.0,11.83,38.68,2.18,10.32
2020-05-03 16:40:00,598.72,33.0,24.94,9.3,28.0,1,10.0,16.83,43.68,7.18,15.32
2020-05-03 16:45:00,595.52,33.0,24.94,9.32,28.0,1,0.0,21.83,48.68,0.7,20.32
2020-05-03 16:50:00,571.71,33.0,24.94,9.4,17.0,1,3.17,26.83,53.68,0.92,4.8
2020-05-03 16:55:00,577.66,32.2,24.94,9.3,17.0,1,3.15,1.32,58.68,5.92,9.8
2020-05-03 17:00:00,570.37,32.6,24.94,9.37,17.0,1,3.15,0.32,63.68,2.52,14.8
2020-05-03 17:05:00,568.0,33.0,24.94,9.52,10.2,1,8.15,4.98,68.68,3.3,1.78
2020-05-03 17:10:00,568.0,33.0,24.94,9.54,0.0,1,13.15,1.48,73.68,8.3,6.78
2020-05-03 17:15:00,568.0,32.2,24.94,9.54,0.0,1,18.15,0.97,78.68,13.3,11.78
2020-05-03 17:20:00,568.0,33.0,24.94,9.54,0.0,1,23.15,5.97,83.68,18.3,16.78
2020-05-03 17:25:00,551.1,31.4,24.9,9.54,0.0,1,0.13,3.97,1.63,23.3,21.78
2020-05-03 17:30:00,537.47,31.0,24.57,9.54,0.0,1,0.13,1.47,1.12,28.3,26.78
2020-05-03 17:35:00,523.9,31.4,24.36,9.54,0.0,1,1.13,0.45,3.12,33.3,31.78
2020-05-03 17:40:00,500.8,34.0,24.0,9.54,0.0,1,4.13,4.45,2.45,38.3,36.78
2020-05-03 17:45:00,500.8,34.4,23.94,9.54,0.0,1,9.13,1.78,7.45,43.3,41.78
2020-05-03 17:50:00,511.3,35.0,23.94,9.44,0.0,1,3.78,6.78,12.45,0.03,46.78
2020-05-03 17:55:00,535.94,35.0,23.94,9.54,0.0,1,1.78,11.78,17.45,5.03,51.78
2020-05-03 18:00:00,562.88,34.8,24.02,9.47,0.0,1,1.78,1.78,3.43,2.13,56.78
2020-05-03 18:05:00,583.1,35.0,24.04,9.42,0.0,1,2.78,6.78,8.43,7.13,61.78
2020-05-03 18:10:00,587.84,35.0,24.04,9.42,0.0,1,7.78,11.78,13.43,12.13,66.78
2020-05-03 18:15:00,596.29,34.8,24.04,9.35,0.0,1,2.78,0.77,18.43,2.62,71.78
2020-05-03 18:20:00,601.92,34.0,24.14,9.2,0.0,1,7.78,0.27,3.43,3.2,76.78
2020-05-03 18:25:00,592.32,33.0,24.24,9.18,0.0,1,2.77,5.27,0.92,8.2,81.78
2020-05-03 18:30:00,551.49,33.0,23.93,9.32,0.0,1,0.77,10.27,1.25,0.15,86.78
2020-05-03 18:35:00,509.5,33.8,23.52,9.42,0.0,1,1.77,0.42,0.25,5.15,91.78
2020-05-03 18:40:00,484.93,35.0,23.22,9.4,0.0,1,3.6,5.42,4.42,0.48,96.78
2020-05-03 18:45:00,481.92,35.0,23.3,9.3,0.0,1,8.6,10.42,0.25,5.48,101.78
2020-05-03 18:50:00,489.47,35.0,23.42,9.3,0.0,1,0.58,15.42,5.25,10.48,106.78
2020-05-03 18:55:00,516.48,35.0,23.5,9.2,0.0,1,2.58,20.42,3.23,3.72,111.78
2020-05-03 19:00:00,535.23,35.0,23.52,9.18,0.0,1,0.58,25.42,8.23,8.72,116.78
2020-05-03 19:05:00,556.35,35.0,23.62,9.06,0.0,1,1.57,30.42,4.4,4.97,121.78
2020-05-03 19:10:00,562.88,35.0,23.62,8.96,0.0,1,6.57,35.42,9.4,4.18,126.78
2020-05-03 19:15:00,570.75,35.0,23.62,8.84,0.0,1,2.57,40.42,14.4,0.0,131.78
2020-05-03 19:20:00,584.7,35.0,23.62,8.7,0.0,1,3.57,45.42,19.4,0.42,136.78
2020-05-03 19:25:00,586.88,35.0,23.62,8.54,0.0,1,8.57,50.42,24.4,2.12,141.78
2020-05-03 19:30:00,586.88,35.0,23.62,8.4,0.0,1,13.57,55.42,29.4,3.18,146.78
2020-05-03 19:35:00,571.84,35.0,23.62,8.33,0.0,1,4.88,60.42,34.4,1.57,151.78
2020-05-03 19:40:00,582.34,35.0,23.62,8.23,0.0,1,3.88,65.42,39.4,0.6,156.78
2020-05-03 19:45:00,584.96,35.0,23.67,8.13,0.0,1,8.88,70.42,1.37,5.6,161.78
2020-05-03 19:50:00,584.96,35.0,23.74,8.18,0.0,1,13.88,75.42,6.37,1.98,166.78
2020-05-03 19:55:00,594.56,35.0,23.74,8.26,0.0,1,2.88,80.42,11.37,6.98,171.78
2020-05-03 20:00:00,608.64,34.8,23.74,8.26,0.0,1,2.88,0.53,16.37,11.98,176.78
2020-05-03 20:05:00,613.76,34.2,23.74,8.26,0.0,1,7.88,3.53,21.37,16.98,181.78
2020-05-03 20:10:00,619.01,34.2,23.74,8.26,0.0,1,1.87,2.53,26.37,21.98,186.78
2020-05-03 20:15:00,626.88,34.0,23.74,8.26,0.0,1,6.87,7.53,31.37,26.98,191.78
2020-05-03 20:20:00,626.88,34.0,23.74,8.26,0.0,1,11.87,12.53,36.37,31.98,196.78
2020-05-03 20:25:00,620.1,34.0,23.74,8.23,0.0,1,1.87,17.53,41.37,0.17,201.78
2020-05-03 20:30:00,609.92,34.0,23.74,8.13,0.0,1,6.87,22.53,46.37,5.17,206.78
2020-05-03 20:35:00,609.92,34.0,23.74,8.13,0.0,1,11.87,27.53,51.37,10.17,211.78
2020-05-03 20:40:00,614.27,34.0,23.74,8.01,0.0,1,1.85,32.53,56.37,1.0,216.78
2020-05-03 20:45:00,620.8,34.0,23.78,7.64,0.0,1,6.85,37.53,1.33,1.45,221.78
2020-05-03 20:50:00,620.8,34.0,23.84,7.24,0.0,1,11.85,42.53,6.33,1.28,226.78
2020-05-03 20:55:00,620.8,34.0,23.84,6.99,0.0,1,16.85,47.53,11.33,0.55,231.78
2020-05-03 21:00:00,620.8,34.0,23.84,6.89,0.0,1,21.85,52.53,16.33,5.55,236.78
2020-05-03 21:05:00,620.8,34.0,23.84,6.82,0.0,1,26.85,57.53,21.33,2.47,241.78
2020-05-03 21:10:00,600.83,34.0,23.84,6.77,0.0,1,1.83,62.53,26.33,7.47,246.78
2020-05-03 21:15:00,592.0,34.0,23.84,6.77,0.0,1,6.83,67.53,31.33,12.47,251.78
2020-05-03 21:20:00,592.0,34.0,23.84,6.77,0.0,1,11.83,72.53,36.33,17.47,256.78
2020-05-03 21:25:00,592.0,34.8,23.8,6.77,0.0,1,16.83,3.48,1.47,22.47,261.78
2020-05-03 21:30:00,592.0,34.8,23.74,6.69,0.0,0,21.83,0.48,6.47,2.7,266.78
2020-05-03 21:35:00,580.8,34.4,23.74,6.69,0.0,1,4.82,0.47,11.47,1.23,271.78
2020-05-03 21:40:00,580.8,34.8,23.74,6.77,0.0,1,9.82,2.47,16.47,6.23,276.78
2020-05-03 21:45:00,580.8,34.2,23.74,6.94,0.0,1,14.82,0.47,21.47,1.33,281.78
2020-05-03 21:50:00,574.27,34.0,23.74,7.07,0.0,1,2.8,4.47,26.47,1.07,286.78
2020-05-03 21:55:00,569.92,34.0,23.74,7.14,0.0,1,7.8,9.47,31.47,6.07,291.78
2020-05-03 22:00:00,569.92,34.0,23.74,7.24,0.0,1,12.8,14.47,36.47,3.58,296.78
2020-05-03 22:05:00,569.92,34.0,23.74,7.14,0.0,1,17.8,19.47,41.47,4.3,301.78
2020-05-03 22:10:00,569.92,34.0,23.74,7.14,0.0,1,22.8,24.47,46.47,9.3,306.78
2020-05-03 22:15:00,569.92,34.0,23.74,7.14,0.0,1,27.8,29.47,51.47,14.3,311.78
2020-05-03 22:20:00,569.92,34.0,23.74,7.14,0.0,1,32.8,34.47,56.47,19.3,316.78
2020-05-03 22:25:00,560.19,34.0,23.74,7.14,0.0,1,3.78,39.47,61.47,24.3,321.78
2020-05-03 22:30:00,576.7,34.0,23.74,7.07,0.0,1,2.78,44.47,66.47,2.1,326.78
2020-05-03 22:35:00,606.72,34.0,23.74,7.02,0.0,1,3.77,49.47,71.47,7.1,331.78
2020-05-03 22:40:00,617.66,34.0,23.74,7.02,0.0,1,3.77,54.47,76.47,12.1,336.78
2020-05-03 22:45:00,619.84,34.0,23.74,7.02,0.0,1,8.77,59.47,81.47,17.1,341.78
2020-05-03 22:50:00,574.66,34.0,23.74,7.02,0.0,0,2.77,64.47,86.47,22.1,346.78
2020-05-03 22:55:00,549.31,34.0,23.74,7.02,0.0,0,1.77,69.47,91.47,27.1,351.78
2020-05-03 23:00:00,555.84,34.0,23.74,7.12,0.0,0,6.77,74.47,96.47,3.12,356.78
2020-05-03 23:05:00,555.84,34.0,23.74,7.14,0.0,1,11.77,79.47,101.47,8.12,361.78
2020-05-03 23:10:00,563.71,34.0,23.74,7.07,0.0,1,2.75,84.47,106.47,2.78,366.78
2020-05-03 23:15:00,579.84,34.0,23.74,7.02,0.0,1,4.75,89.47,111.47,7.78,371.78
2020-05-03 23:20:00,579.84,34.0,23.74,6.92,0.0,1,9.75,94.47,116.47,0.77,376.78
2020-05-03 23:25:00,579.84,34.0,23.74,6.54,0.0,1,14.75,99.47,121.47,3.45,381.78
2020-05-03 23:30:00,579.84,34.0,23.74,6.39,0.0,1,19.75,104.47,126.47,4.57,386.78
2020-05-03 23:35:00,590.72,34.0,23.74,6.29,0.0,1,4.73,109.47,131.47,3.57,391.78
2020-05-03 23:40:00,600.45,34.0,23.74,6.19,0.0,1,3.73,114.47,136.47,2.45,396.78
2020-05-03 23:45:00,592.0,34.0,23.74,6.14,0.0,1,4.73,119.47,141.47,7.45,401.78
2020-05-03 23:50:00,592.0,34.0,23.74,6.04,0.0,1,9.73,124.47,146.47,3.48,406.78
2020-05-03 23:55:00,592.0,34.0,23.74,5.91,0.0,1,14.73,129.47,151.47,3.45,411.78
2020-05-04 00:00:00,602.88,34.0,23.74,5.78,0.0,1,4.72,134.47,156.47,3.42,416.78
2020-05-04 00:05:00,595.58,34.0,23.74,5.66,0.0,1,2.72,139.47,161.47,4.23,421.78
2020-05-04 00:10:00,599.68,34.0,23.74,5.66,0.0,1,3.72,144.47,166.47,9.23,426.78
2020-05-04 00:15:00,612.16,34.0,23.74,5.53,0.0,1,3.72,149.47,171.47,4.23,431.78
2020-05-04 00:20:00,614.72,34.0,23.74,5.53,0.0,1,8.72,154.47,176.47,9.23,436.78
2020-05-04 00:25:00,614.72,34.0,23.74,5.53,0.0,1,13.72,159.47,181.47,14.23,441.78
2020-05-04 00:30:00,614.72,34.0,23.74,5.53,0.0,1,18.72,164.47,186.47,19.23,446.78
2020-05-04 00:35:00,614.72,34.0,23.74,5.53,0.0,1,23.72,169.47,191.47,24.23,451.78
2020-05-04 00:40:00,607.62,34.0,23.74,5.53,0.0,1,2.87,174.47,196.47,29.23,456.78
2020-05-04 00:45:00,602.88,34.0,23.74,5.53,0.0,1,7.87,179.47,201.47,34.23,461.78
2020-05-04 00:50:00,602.88,34.0,23.74,5.46,0.0,1,12.87,184.47,206.47,2.2,466.78
2020-05-04 00:55:00,602.88,34.0,23.74,5.36,0.0,1,17.87,189.47,211.47,1.43,471.78
2020-05-04 01:00:00,609.98,34.0,23.74,5.28,0.0,1,2.85,194.47,216.47,6.43,476.78
2020-05-04 01:05:00,609.6,34.0,23.74,5.28,0.0,1,1.85,199.47,221.47,11.43,481.78
2020-05-04 01:10:00,584.13,34.0,23.74,5.33,0.0,1,2.85,204.47,226.47,1.07,486.78
2020-05-04 01:15:00,563.97,34.0,23.74,5.41,0.0,1,3.83,209.47,231.47,6.07,491.78
2020-05-04 01:20:00,560.96,34.0,23.74,5.41,0.0,1,8.83,214.47,236.47,11.07,496.78
2020-05-04 01:25:00,560.96,34.0,23.74,5.41,0.0,0,13.83,219.47,241.47,16.07,501.78
2020-05-04 01:30:00,551.94,34.0,23.74,5.41,0.0,0,2.83,224.47,246.47,21.07,506.78
2020-05-04 01:35:00,538.62,34.0,23.74,5.27,0.0,0,2.83,229.47,251.47,0.03,511.78
2020-05-04 01:40:00,538.62,34.0,23.74,4.9,0.0,0,1.82,234.47,256.47,1.37,516.78
2020-05-04 01:45:00,545.92,33.8,23.74,4.65,0.0,0,6.82,0.15,261.47,1.7,521.78
2020-05-04 01:50:00,555.39,33.8,23.74,4.47,0.0,0,3.82,2.15,266.47,3.35,526.78
2020-05-04 01:55:00,557.76,33.8,23.74,4.29,0.0,0,8.82,2.13,271.47,0.82,531.78
2020-05-04 02:00:00,557.76,33.2,23.74,3.94,0.0,1,13.82,0.13,276.47,1.02,536.78
2020-05-04 02:05:00,578.43,34.0,23.74,3.8,0.0,1,1.8,4.13,281.47,0.28,541.78
2020-05-04 02:10:00,594.62,34.0,23.74,3.7,0.0,1,1.8,9.13,286.47,5.28,546.78
2020-05-04 02:15:00,610.94,34.0,23.74,3.7,0.0,1,2.8,14.13,291.47,10.28,551.78
2020-05-04 02:20:00,610.82,34.0,23.74,3.7,0.0,1,2.8,19.13,296.47,15.28,556.78
2020-05-04 02:25:00,601.6,33.4,23.74,3.7,0.0,1,1.78,1.28,301.47,20.28,561.78
2020-05-04 02:30:00,593.92,33.0,23.74,3.7,0.0,1,6.78,6.28,306.47,25.28,566.78
2020-05-04 02:35:00,600.32,33.2,23.74,3.78,0.0,1,1.78,1.28,311.47,2.68,571.78
2020-05-04 02:40:00,604.29,33.0,23.74,3.91,0.0,1,1.78,6.28,316.47,3.12,576.78
2020-05-04 02:45:00,595.84,33.0,23.74,4.03,0.0,1,6.78,11.28,321.47,3.7,581.78
2020-05-04 02:50:00,595.84,33.0,23.74,4.19,0.0,1,11.78,16.28,326.47,4.7,586.78
2020-05-04 02:55:00,590.14,33.0,23.74,4.19,0.0,1,0.77,21.28,331.47,9.7,591.78
2020-05-04 03:00:00,600.0,33.0,23.74,4.31,0.0,1,5.77,26.28,336.47,4.28,596.78
2020-05-04 03:05:00,595.78,33.6,23.74,4.41,0.0,1,1.77,2.27,341.47,3.35,601.78
2020-05-04 03:10:00,650.05,34.0,23.74,4.54,0.0,1,1.77,7.27,346.47,3.12,606.78
2020-05-04 03:15:00,692.1,34.0,23.74,4.62,0.0,1,0.1,12.27,351.47,1.45,611.78
2020-05-04 03:20:00,701.31,34.0,23.74,4.85,0.0,1,1.1,17.27,356.47,1.63,616.78
2020-05-04 03:25:00,641.79,33.0,23.74,5.06,0.0,1,0.08,4.25,361.47,4.12,621.78
2020-05-04 03:30:00,597.63,33.0,23.74,5.22,0.0,1,1.08,9.25,366.47,1.63,626.78
2020-05-04 03:35:00,589.76,33.0,23.74,5.28,0.0,1,6.08,14.25,371.47,6.63,631.78
2020-05-04 03:40:00,589.76,33.0,23.74,5.38,0.0,1,11.08,19.25,376.47,3.68,636.78
2020-05-04 03:45:00,589.76,33.0,23.72,5.53,0.0,1,16.08,24.25,0.4,4.65,641.78
2020-05-04 03:50:00,589.76,33.0,23.64,5.67,0.0,0,21.08,29.25,5.4,1.03,646.78
2020-05-04 03:55:00,579.52,33.0,23.64,5.83,0.0,0,3.07,34.25,10.4,2.97,651.78
2020-05-04 04:00:00,576.96,33.0,23.64,5.93,0.0,0,8.07,39.25,15.4,1.45,656.78
2020-05-04 04:05:00,576.96,33.0,23.64,6.14,0.0,0,13.07,44.25,20.4,0.58,661.78
2020-05-04 04:10:00,576.96,33.0,23.64,6.29,0.0,0,18.07,49.25,25.4,0.87,666.78
2020-05-04 04:15:00,576.96,33.0,23.64,6.59,0.0,1,23.07,54.25,30.4,3.47,671.78
2020-05-04 04:20:00,572.86,33.0,23.64,6.64,0.0,1,1.05,59.25,35.4,8.47,676.78
2020-05-04 04:25:00,566.72,33.0,23.64,6.77,0.0,1,6.05,64.25,40.4,0.95,681.78
2020-05-04 04:30:00,566.72,33.0,23.64,6.89,0.0,1,11.05,69.25,45.4,5.95,686.78
2020-05-04 04:35:00,566.72,33.0,23.64,6.94,2.0,1,16.05,74.25,50.4,1.42,0.35
2020-05-04 04:40:00,577.92,33.0,23.64,7.12,26.21,1,4.03,79.25,55.4,3.82,0.35
2020-05-04 04:45:00,568.13,33.0,23.66,7.27,176.83,1,0.03,84.25,0.68,0.75,1.33
2020-05-04 04:50:00,513.15,32.6,23.58,7.54,679.04,1,0.03,3.7,0.18,1.65,0.83
2020-05-04 04:55:00,491.52,33.0,23.22,7.81,797.7,1,1.03,8.7,0.85,0.08,0.33
2020-05-04 05:00:00,481.92,33.2,22.89,8.16,867.2,1,6.03,0.68,0.35,1.72,0.33
2020-05-04 05:05:00,481.92,33.6,22.51,8.26,969.22,1,11.03,0.68,2.33,6.72,1.33
2020-05-04 05:10:00,472.96,34.0,22.46,8.4,909.57,1,3.02,5.68,7.33,1.03,0.98
2020-05-04 05:15:00,470.72,34.0,22.32,9.23,1009.02,1,8.02,10.68,1.83,0.22,0.48
2020-05-04 05:20:00,470.72,33.6,22.18,9.09,1041.41,1,13.02,0.67,2.67,0.63,0.48
2020-05-04 05:25:00,470.72,33.8,22.02,8.86,901.89,1,18.02,1.67,4.67,0.82,0.48
2020-05-04 05:30:00,470.72,34.0,22.02,8.98,825.09,1,23.02,6.67,9.67,3.1,0.48
2020-05-04 05:35:00,470.72,34.0,21.86,9.0,696.19,1,28.02,11.67,0.65,1.13,0.47
2020-05-04 05:40:00,470.72,34.0,21.76,9.18,861.06,1,33.02,16.67,5.65,4.45,0.47
2020-05-04 05:45:00,470.72,34.0,21.76,9.28,800.51,1,38.02,21.67,10.65,3.92,0.47
2020-05-04 05:50:00,470.72,34.0,21.71,9.3,413.63,1,43.02,26.67,1.65,8.92,0.47
2020-05-04 05:55:00,470.72,34.0,21.64,9.3,246.24,1,48.02,31.67,6.65,13.92,0.47
2020-05-04 06:00:00,470.72,34.0,21.59,9.35,572.16,1,53.02,36.67,1.82,1.7,0.45
2020-05-04 06:05:00,470.72,34.0,21.42,9.65,663.49,1,58.02,41.67,4.8,1.03,0.45
2020-05-04 06:10:00,470.72,34.0,21.4,9.95,602.05,1,63.02,46.67,0.8,0.82,0.45
2020-05-04 06:15:00,470.72,34.0,21.3,9.76,547.9,1,68.02,51.67,5.8,4.38,0.45
2020-05-04 06:20:00,470.72,34.0,21.3,9.93,458.08,1,73.02,56.67,10.8,0.95,0.45
2020-05-04 06:25:00,470.72,34.2,21.3,9.93,277.44,1,78.02,0.97,15.8,3.38,0.45
2020-05-04 06:30:00,470.72,34.2,21.38,9.88,176.21,1,83.02,3.97,0.12,8.38,0.43
2020-05-04 06:35:00,470.72,34.0,21.65,9.98,135.62,1,88.02,8.97,0.28,0.85,0.93
2020-05-04 06:40:00,473.15,34.2,21.83,9.88,131.23,1,0.97,0.95,1.28,5.85,0.43
2020-05-04 06:45:00,499.65,35.0,21.96,10.02,170.62,1,0.95,5.95,2.78,0.77,0.43
2020-05-04 06:50:00,531.52,35.0,22.1,10.14,278.59,1,3.95,10.95,3.95,0.18,0.43
2020-05-04 06:55:00,550.27,35.0,22.23,10.34,224.64,1,0.95,15.95,3.62,3.98,3.43
2020-05-04 07:00:00,568.83,35.0,22.36,10.62,217.06,1,2.95,20.95,4.6,1.62,0.42
2020-05-04 07:05:00,564.48,35.0,22.46,10.53,170.37,1,3.95,25.95,3.43,3.12,3.42
2020-05-04 07:10:00,577.02,34.6,22.54,10.5,160.8,1,3.95,1.93,2.93,0.4,1.58
2020-05-04 07:15:00,580.8,34.0,22.62,10.82,458.43,1,8.95,6.93,1.93,0.97,0.08
2020-05-04 07:20:00,580.8,34.0,22.78,11.27,314.18,1,13.95,11.93,3.43,0.53,0.08
2020-05-04 07:25:00,580.8,34.0,22.88,11.58,220.8,1,18.95,16.93,3.42,0.53,0.57
2020-05-04 07:30:00,580.8,34.0,22.96,11.2,203.65,1,23.95,21.93,2.58,0.03,0.07
2020-05-04 07:35:00,580.8,34.0,23.02,10.98,232.03,1,28.95,26.93,0.58,3.83,0.07
2020-05-04 07:40:00,592.0,34.0,23.1,11.03,142.24,1,4.77,31.93,5.58,0.02,1.57
2020-05-04 07:45:00,592.0,33.8,23.16,11.37,124.0,1,9.77,0.92,2.58,1.83,4.57
2020-05-04 07:50:00,592.0,33.0,23.2,11.15,291.87,1,14.77,5.92,7.58,0.57,0.05
2020-05-04 07:55:00,605.76,33.0,23.22,11.2,243.46,1,4.75,10.92,0.57,1.85,0.55
2020-05-04 08:00:00,594.43,33.0,23.32,11.15,663.23,1,2.75,15.92,5.57,2.38,0.05
2020-05-04 08:05:00,578.75,33.0,23.44,11.25,573.15,1,2.73,20.92,4.07,1.38,0.05
2020-05-04 08:10:00,605.76,32.6,23.54,11.44,662.46,1,4.73,0.73,3.05,0.0,0.03
2020-05-04 08:15:00,592.96,31.0,23.61,11.58,821.18,1,3.73,5.73,1.05,0.78,0.03
2020-05-04 08:20:00,566.14,31.0,23.7,11.92,614.53,1,0.73,10.73,0.05,4.12,0.03
2020-05-04 08:25:00,559.23,32.6,23.78,11.68,415.42,1,1.73,3.38,5.05,2.18,0.53
2020-05-04 08:30:00,616.77,33.6,23.88,11.61,432.19,1,1.72,2.38,3.55,1.82,0.03
2020-05-04 08:35:00,637.76,35.4,23.98,11.66,463.74,1,6.72,1.38,3.55,0.03,0.02
2020-05-04 08:40:00,637.76,36.6,24.12,11.46,687.62,1,11.72,3.38,0.53,0.78,0.02
2020-05-04 08:45:00,630.66,37.2,24.26,11.92,714.43,1,2.72,0.38,1.53,0.78,0.02
2020-05-04 08:50:00,625.92,38.8,24.4,12.42,651.97,1,7.72,1.87,3.87,2.15,0.02
2020-05-04 08:55:00,619.2,38.8,24.56,12.04,515.39,1,2.72,0.87,1.37,0.0,0.52
2020-05-04 09:00:00,618.82,39.6,24.68,11.97,651.46,1,1.7,0.2,1.37,1.12,0.18
2020-05-04 09:05:00,624.96,39.6,24.82,11.97,339.62,1,6.7,1.87,2.18,0.58,0.17
2020-05-04 09:10:00,624.96,38.8,24.93,11.32,180.05,1,11.7,2.37,2.18,0.17,0.17
2020-05-04 09:15:00,620.48,37.4,25.02,9.81,81.02,1,1.7,2.37,1.35,0.08,0.17
2020-05-04 09:20:00,613.76,36.8,25.08,8.11,46.2,1,6.7,0.02,6.35,0.43,2.17
2020-05-04 09:25:00,613.76,35.8,25.18,7.71,24.0,1,11.7,0.02,4.35,1.65,2.17
2020-05-04 09:30:00,613.76,34.8,25.18,7.19,20.0,1,16.7,0.02,9.35,0.37,7.17
2020-05-04 09:35:00,605.06,34.0,25.18,6.31,20.0,1,3.68,0.02,14.35,0.43,12.17
2020-05-04 09:40:00,602.88,33.0,25.18,5.39,22.0,1,8.68,5.02,19.35,0.3,0.65
2020-05-04 09:45:00,589.76,33.0,25.12,4.85,30.0,1,4.68,10.02,2.17,2.08,5.65
2020-05-04 09:50:00,595.9,32.6,25.08,4.8,32.2,1,2.68,0.67,7.17,7.08,0.65
2020-05-04 09:55:00,600.0,31.0,25.08,5.01,61.6,1,7.68,2.0,12.17,2.12,2.65
2020-05-04 10:00:00,577.09,30.6,25.08,5.2,70.4,1,1.67,0.0,17.17,1.38,0.13
2020-05-04 10:05:00,555.71,30.8,24.98,5.18,81.02,1,3.67,3.0,4.15,0.12,2.63
2020-05-04 10:10:00,575.55,31.0,24.98,5.38,95.04,1,2.67,8.0,9.15,0.43,0.63
2020-05-04 10:15:00,601.92,31.0,24.98,5.62,135.23,1,4.83,13.0,14.15,1.03,0.13
2020-05-04 10:20:00,590.66,31.0,24.98,5.79,110.03,1,3.82,18.0,19.15,1.75,0.63
2020-05-04 10:25:00,569.92,31.0,24.98,5.86,65.41,1,4.82,0.15,24.15,0.78,2.62
2020-05-04 10:30:00,577.6,31.0,24.98,5.67,75.41,1,2.82,5.15,29.15,0.28,0.62
2020-05-04 10:35:00,576.32,31.0,25.06,5.69,141.01,1,1.82,10.15,3.13,2.53,1.62
2020-05-04 10:40:00,540.93,30.4,25.08,5.86,168.0,1,1.82,2.13,8.13,3.98,4.12
2020-05-04 10:45:00,517.5,30.0,25.08,5.86,124.83,1,3.8,7.13,13.13,2.22,0.62
2020-05-04 10:50:00,504.0,30.0,25.08,5.88,56.0,1,4.8,12.13,18.13,4.6,0.6
2020-05-04 10:55:00,508.74,30.8,25.08,5.81,26.0,1,1.8,3.13,23.13,0.37,1.6
2020-05-04 11:00:00,543.49,31.0,25.1,5.66,20.0,1,2.8,8.13,0.12,5.37,6.6
2020-05-04 11:05:00,585.41,31.0,25.18,5.58,20.0,1,1.8,13.13,5.12,0.62,11.6
2020-05-04 11:10:00,596.8,31.0,25.2,5.53,20.0,1,6.8,18.13,0.12,5.62,16.6
2020-05-04 11:15:00,584.96,31.0,25.28,5.72,20.0,1,4.78,23.13,5.12,1.13,21.6
2020-05-04 11:20:00,584.96,31.0,25.28,5.94,20.0,1,9.78,28.13,10.12,0.05,26.6
2020-05-04 11:25:00,590.08,31.0,25.4,5.68,20.0,1,1.78,33.13,4.1,1.23,31.6
2020-05-04 11:30:00,603.01,31.0,25.4,5.38,20.0,1,1.78,38.13,9.1,2.17,36.6
2020-05-04 11:35:00,620.35,31.0,25.4,5.15,20.0,1,3.77,43.13,14.1,1.9,41.6
2020-05-04 11:40:00,622.72,31.0,25.4,4.93,20.0,1,8.77,48.13,19.1,0.2,46.6
2020-05-04 11:45:00,622.72,31.0,25.4,4.76,20.0,1,13.77,53.13,24.1,1.7,51.6
2020-05-04 11:50:00,619.26,31.0,25.4,4.65,20.0,1,1.77,58.13,29.1,1.43,56.6
2020-05-04 11:55:00,625.92,31.0,25.4,4.6,20.0,1,6.77,63.13,34.1,0.57,61.6
2020-05-04 12:00:00,625.92,31.0,25.4,4.76,20.0,1,11.77,68.13,39.1,0.17,66.6
2020-05-04 12:05:00,625.92,31.4,25.4,4.47,20.0,1,16.77,1.92,44.1,3.83,71.6
2020-05-04 12:10:00,652.67,31.0,25.3,4.69,20.0,1,1.75,4.75,4.57,0.02,76.6
2020-05-04 12:15:00,666.88,31.0,25.3,4.86,20.0,1,6.75,9.75,9.57,0.43,81.6
2020-05-04 12:20:00,682.62,32.2,25.3,4.57,20.0,1,0.92,0.73,14.57,0.97,86.6
2020-05-04 12:25:00,717.31,33.0,25.3,4.44,20.0,1,0.07,5.73,19.57,5.97,91.6
2020-05-04 12:30:00,741.63,32.6,25.34,4.44,20.0,1,0.07,0.4,1.57,10.97,96.6
2020-05-04 12:35:00,620.03,31.0,25.37,4.44,20.0,1,0.57,5.4,0.55,15.97,101.6
2020-05-04 12:40:00,530.05,32.6,25.14,4.36,20.0,1,1.57,3.9,1.38,1.38,106.6
2020-05-04 12:45:00,500.1,33.0,24.86,4.44,20.0,1,0.57,8.9,2.38,6.38,111.6
2020-05-04 12:50:00,483.14,33.0,24.62,4.54,20.0,1,1.57,13.9,2.38,3.4,116.6
2020-05-04 12:55:00,467.14,32.6,24.31,4.57,26.0,1,3.55,2.88,1.05,8.4,2.87
2020-05-04 13:00:00,472.06,32.6,23.99,4.57,30.0,1,2.55,1.38,0.37,13.4,7.87
2020-05-04 13:05:00,484.61,33.0,23.76,4.62,30.0,1,0.55,6.38,5.37,1.5,12.87
2020-05-04 13:10:00,518.66,32.6,23.84,4.7,14.0,1,0.55,0.7,3.37,6.5,3.35
2020-05-04 13:15:00,529.92,32.6,23.91,4.72,10.0,1,5.55,0.2,1.37,0.57,8.35
2020-05-04 13:20:00,541.95,32.2,23.98,4.9,10.0,1,3.53,2.87,6.37,3.65,13.35
2020-05-04 13:25:00,551.36,33.4,23.98,4.93,37.0,1,1.53,1.87,11.37,8.65,2.33
2020-05-04 13:30:00,586.11,35.0,23.98,4.93,55.0,1,0.53,4.87,16.37,13.65,7.33
2020-05-04 13:35:00,611.01,35.0,23.98,4.93,52.8,1,1.53,9.87,21.37,18.65,0.83
2020-05-04 13:40:00,618.88,34.6,23.98,5.08,44.0,1,6.53,0.85,26.37,0.67,5.83
2020-05-04 13:45:00,627.33,34.0,23.98,5.15,50.0,1,2.52,5.85,31.37,2.25,0.33
2020-05-04 13:50:00,632.96,33.0,24.03,4.9,87.01,1,7.52,0.18,0.0,1.08,0.32
2020-05-04 13:55:00,577.47,33.4,23.31,5.15,114.0,1,0.52,1.67,3.17,0.02,3.82
2020-05-04 14:00:00,520.83,34.0,23.34,5.22,109.6,1,0.52,6.67,1.67,1.98,1.32
2020-05-04 14:05:00,564.48,34.0,23.52,5.38,88.22,1,0.5,11.67,3.33,3.83,0.32
2020-05-04 14:10:00,601.28,33.4,23.66,5.24,52.8,1,2.5,2.67,4.67,1.7,2.32
2020-05-04 14:15:00,610.88,33.2,23.76,5.18,46.0,1,7.5,2.67,4.65,6.7,0.8
2020-05-04 14:20:00,604.35,33.0,23.84,5.13,38.0,1,2.5,7.67,3.32,1.32,5.8
2020-05-04 14:25:00,600.0,33.0,23.86,4.96,50.2,1,7.5,12.67,8.32,3.37,0.3
2020-05-04 14:30:00,600.0,33.0,23.98,4.93,59.0,1,12.5,17.67,4.32,8.37,5.3
2020-05-04 14:35:00,600.0,33.0,23.98,4.93,49.4,1,17.5,22.67,9.32,13.37,3.8
2020-05-04 14:40:00,600.0,33.0,23.98,4.93,47.0,1,22.5,27.67,14.32,18.37,8.8
2020-05-04 14:45:00,602.18,33.0,24.06,4.93,57.2,1,0.48,32.67,3.8,23.37,0.45
2020-05-04 14:50:00,610.88,32.6,24.08,4.93,75.8,1,5.48,0.47,8.8,28.37,2.45
2020-05-04 14:55:00,599.62,33.0,24.08,4.93,78.8,1,3.47,5.47,13.8,33.37,0.95
2020-05-04 15:00:00,601.54,31.4,24.22,4.93,32.8,1,0.47,3.47,0.62,38.37,3.95
2020-05-04 15:05:00,541.5,31.0,24.34,4.93,34.0,1,0.47,8.47,5.62,43.37,0.43
2020-05-04 15:10:00,495.62,31.0,24.42,4.93,26.0,1,2.47,0.62,3.28,48.37,5.43
2020-05-04 15:15:00,490.88,31.0,24.44,4.93,26.0,1,7.47,0.12,8.28,53.37,10.43
2020-05-04 15:20:00,500.03,33.0,24.34,4.85,26.0,1,0.45,1.95,3.28,2.97,15.43
2020-05-04 15:25:00,553.86,33.2,24.22,4.76,26.0,1,0.45,0.12,4.62,1.9,20.43
2020-05-04 15:30:00,565.89,32.6,24.15,4.57,26.0,1,2.45,0.12,2.6,4.52,25.43
2020-05-04 15:35:00,512.83,31.0,24.1,4.57,26.0,1,0.45,5.12,7.6,9.52,30.43
2020-05-04 15:40:00,473.92,31.0,24.04,4.57,26.0,1,5.45,10.12,2.6,14.52,35.43
2020-05-04 15:45:00,473.92,31.0,24.0,4.49,26.0,1,10.45,15.12,7.6,2.8,40.43
2020-05-04 15:50:00,473.92,31.0,23.94,4.44,26.0,1,15.45,0.1,2.58,7.8,45.43
2020-05-04 15:55:00,473.92,31.0,23.84,4.44,26.0,1,20.45,5.1,1.25,12.8,50.43
2020-05-04 16:00:00,473.92,31.0,23.76,4.41,26.0,1,25.45,1.58,6.25,0.55,55.43
2020-05-04 16:05:00,473.92,31.0,23.74,4.31,26.0,1,30.45,6.58,0.25,5.55,60.43
2020-05-04 16:10:00,473.92,31.4,23.66,4.31,26.0,1,35.45,0.08,5.25,10.55,65.43
2020-05-04 16:15:00,506.94,31.4,23.48,4.31,37.0,1,1.42,0.08,2.57,15.55,4.9
2020-05-04 16:20:00,560.83,31.0,23.44,4.31,37.0,1,0.42,1.42,7.57,20.55,9.9
2020-05-04 16:25:00,602.56,32.6,23.44,4.26,37.0,1,0.42,3.58,12.57,1.77,14.9
2020-05-04 16:30:00,631.62,33.8,23.44,4.19,29.0,1,0.42,0.73,17.57,6.77,3.38
2020-05-04 16:35:00,651.14,34.0,23.52,4.14,27.0,1,2.42,5.73,3.57,1.73,8.38
2020-05-04 16:40:00,654.27,34.0,23.54,4.06,27.0,1,0.4,10.73,8.57,6.73,13.38
2020-05-04 16:45:00,628.61,34.0,23.64,4.06,27.0,1,2.4,15.73,3.55,11.73,18.38
2020-05-04 16:50:00,621.76,34.4,23.7,4.06,27.0,1,7.4,0.73,1.55,16.73,23.38
2020-05-04 16:55:00,615.23,35.0,23.76,3.94,27.0,1,2.4,4.73,6.55,0.42,28.38
2020-05-04 17:00:00,605.25,36.0,23.86,3.91,27.0,1,1.38,4.72,4.55,3.93,33.38
2020-05-04 17:05:00,587.78,35.4,23.91,3.73,27.0,1,2.38,0.72,1.55,0.5,38.38
2020-05-04 17:10:00,575.23,35.0,24.02,3.6,27.0,1,2.38,5.72,1.53,5.5,43.38
2020-05-04 17:15:00,562.18,34.0,24.14,3.6,21.6,1,3.72,4.72,2.53,10.5,0.02
2020-05-04 17:20:00,566.53,34.0,24.18,3.6,0.0,1,2.72,9.72,7.53,15.5,5.02
2020-05-04 17:25:00,580.35,33.6,24.18,3.57,0.0,1,3.72,1.87,12.53,0.62,10.02
2020-05-04 17:30:00,568.0,33.0,24.18,3.47,0.0,1,4.72,6.87,17.53,5.62,15.02
2020-05-04 17:35:00,553.92,32.6,24.18,3.47,0.0,1,4.7,0.7,22.53,10.62,20.02
2020-05-04 17:40:00,553.92,31.8,24.18,3.47,0.0,1,9.7,1.87,27.53,15.62,25.02
2020-05-04 17:45:00,553.92,31.0,24.18,3.45,0.0,0,14.7,6.87,32.53,1.85,30.02
2020-05-04 17:50:00,553.92,31.4,24.18,3.47,0.0,1,19.7,0.18,37.53,6.85,35.02
2020-05-04 17:55:00,583.87,31.0,24.18,3.47,0.0,1,1.7,3.18,42.53,11.85,40.02
2020-05-04 18:00:00,625.66,31.0,24.22,3.47,0.0,1,3.7,8.18,1.35,16.85,45.02
2020-05-04 18:05:00,619.14,31.0,24.28,3.37,0.0,1,3.68,13.18,6.35,4.15,50.02
2020-05-04 18:10:00,616.96,30.4,24.28,3.21,0.0,1,8.68,0.18,11.35,1.65,55.02
2020-05-04 18:15:00,608.77,30.0,24.28,3.11,0.0,1,3.68,4.18,16.35,6.65,60.02
2020-05-04 18:20:00,601.98,30.0,24.28,3.11,0.0,1,1.68,9.18,21.35,11.65,65.02
2020-05-04 18:25:00,594.88,29.6,24.28,3.03,0.0,1,6.68,1.17,26.35,2.12,70.02
2020-05-04 18:30:00,594.88,29.0,24.28,2.98,0.0,1,11.68,6.17,31.35,7.12,75.02
2020-05-04 18:35:00,590.02,29.0,24.28,2.98,0.0,1,1.67,11.17,36.35,12.12,80.02
2020-05-04 18:40:00,582.72,29.0,24.28,2.92,0.0,1,6.67,16.17,41.35,1.3,85.02
2020-05-04 18:45:00,595.84,29.0,24.28,2.84,0.0,1,4.67,21.17,46.35,6.3,90.02
2020-05-04 18:50:00,578.3,28.2,24.28,2.84,0.0,1,1.65,0.15,51.35,11.3,95.02
2020-05-04 18:55:00,568.0,28.0,24.28,2.74,0.0,1,6.65,4.15,56.35,3.23,100.02
2020-05-04 19:00:00,568.0,28.6,24.33,2.71,0.0,1,11.65,1.15,1.3,8.23,105.02
2020-05-04 19:05:00,569.92,28.0,24.36,2.71,0.0,1,1.65,6.15,1.3,13.23,110.02
2020-05-04 19:10:00,549.76,28.0,24.3,2.65,0.0,1,4.65,11.15,6.3,2.63,115.02
2020-05-04 19:15:00,524.86,28.0,24.3,2.61,0.0,1,2.63,16.15,11.3,7.63,120.02
2020-05-04 19:20:00,505.92,27.8,24.18,2.61,0.0,1,4.63,1.97,4.3,12.63,125.02
2020-05-04 19:25:00,497.47,28.0,24.18,2.61,0.0,1,2.63,6.97,9.3,17.63,130.02
2020-05-04 19:30:00,491.84,27.8,24.18,2.56,0.0,0,7.63,0.97,14.3,0.58,135.02
2020-05-04 19:35:00,491.84,27.6,24.18,2.61,0.0,0,12.63,0.95,19.3,5.58,140.02
2020-05-04 19:40:00,486.21,27.2,24.08,2.61,0.0,0,1.8,0.95,4.28,0.08,145.02
2020-05-04 19:45:00,477.76,27.0,24.08,2.61,0.0,0,6.8,4.95,9.28,5.08,150.02
2020-05-04 19:50:00,477.76,27.0,24.08,2.61,0.0,0,11.8,9.95,14.28,10.08,155.02
2020-05-04 19:55:00,477.76,27.2,24.08,2.51,0.0,1,16.8,0.95,19.28,3.62,160.02
2020-05-04 20:00:00,481.86,28.0,24.08,2.48,22.0,1,1.78,5.95,24.28,8.62,4.58
2020-05-04 20:05:00,507.9,28.2,24.08,2.48,22.0,1,1.78,0.93,29.28,13.62,9.58
2020-05-04 20:10:00,567.3,28.0,24.08,2.48,22.0,1,1.77,5.93,34.28,18.62,14.58
2020-05-04 20:15:00,584.0,28.0,24.08,2.48,22.0,1,6.77,10.93,39.28,23.62,19.58
2020-05-04 20:20:00,584.0,28.0,24.08,2.48,22.0,1,11.77,15.93,44.28,28.62,24.58
2020-05-04 20:25:00,591.68,28.0,24.14,2.53,22.0,1,2.77,20.93,2.75,1.1,29.58
2020-05-04 20:30:00,623.17,28.2,24.18,2.48,22.0,1,2.77,3.92,7.75,6.1,34.58
2020-05-04 20:35:00,614.85,28.2,24.18,2.48,22.0,1,1.75,0.92,12.75,11.1,39.58
2020-05-04 20:40:00,575.94,28.8,24.18,2.48,22.0,1,2.75,3.92,17.75,16.1,44.58
2020-05-04 20:45:00,553.92,33.2,24.18,2.48,22.0,1,4.75,0.08,22.75,21.1,49.58
2020-05-04 20:50:00,600.19,37.0,24.26,2.48,22.0,1,1.75,2.58,3.73,26.1,54.58
2020-05-04 20:55:00,634.88,37.6,24.33,2.48,22.0,1,4.75,0.07,1.73,31.1,59.58
2020-05-04 21:00:00,639.62,38.2,24.45,2.48,13.2,1,1.75,0.4,1.73,36.1,1.72
2020-05-04 21:05:00,646.72,35.8,24.52,2.53,0.0,1,6.75,1.07,6.73,1.62,6.72
2020-05-04 21:10:00,646.72,34.2,24.52,2.61,0.0,1,11.75,2.9,11.73,6.62,11.72
2020-05-04 21:15:00,635.71,32.6,24.44,2.61,0.0,1,3.73,0.05,3.72,11.62,16.72
2020-05-04 21:20:00,625.09,31.4,24.42,2.61,0.0,1,2.73,0.88,8.72,16.62,21.72
2020-05-04 21:25:00,619.84,31.0,24.42,2.61,0.0,1,7.73,5.88,13.72,21.62,26.72
2020-05-04 21:30:00,619.84,30.4,24.42,2.61,0.0,1,12.73,2.88,18.72,26.62,31.72
2020-05-04 21:35:00,619.84,30.0,24.32,2.63,0.0,1,17.73,7.88,4.88,0.9,36.72
2020-05-04 21:40:00,619.84,29.8,24.32,2.71,0.0,1,22.73,0.87,9.88,5.9,41.72
2020-05-04 21:45:00,601.86,29.0,24.32,2.71,0.0,1,2.72,4.87,14.88,10.9,46.72
2020-05-04 21:50:00,597.76,29.0,24.32,2.71,0.0,1,7.72,9.87,19.88,15.9,51.72
2020-05-04 21:55:00,575.55,29.0,24.24,2.71,0.0,1,2.7,14.87,3.37,20.9,56.72
2020-05-04 22:00:00,579.46,28.8,24.22,2.76,0.0,1,1.7,2.87,8.37,1.87,61.72
2020-05-04 22:05:00,582.46,28.4,24.22,2.84,0.0,1,2.7,0.85,13.37,6.87,66.72
2020-05-04 22:10:00,576.96,28.2,24.22,2.84,0.0,1,7.7,3.85,18.37,11.87,71.72
2020-05-04 22:15:00,566.72,28.2,24.22,2.84,0.0,1,4.7,0.85,23.37,16.87,76.72
2020-05-04 22:20:00,573.44,28.0,24.22,2.88,0.0,1,2.68,5.85,28.37,1.28,81.72
2020-05-04 22:25:00,577.92,28.0,24.22,2.94,0.0,1,7.68,10.85,33.37,6.28,86.72
2020-05-04 22:30:00,577.92,28.0,24.22,2.94,0.0,1,12.68,15.85,38.37,11.28,91.72
2020-05-04 22:35:00,566.72,28.0,24.22,2.94,0.0,1,4.68,20.85,43.37,16.28,96.72
2020-05-04 22:40:00,566.72,28.0,24.22,3.07,0.0,1,9.68,25.85,48.37,4.48,101.72
2020-05-04 22:45:00,566.72,28.0,24.22,3.07,0.0,1,14.68,30.85,53.37,9.48,106.72
2020-05-04 22:50:00,566.72,28.0,24.12,3.17,0.0,1,19.68,35.85,3.32,4.53,111.72
2020-05-04 22:55:00,577.22,28.0,24.1,3.17,0.0,1,3.67,40.85,8.32,9.53,116.72
2020-05-04 23:00:00,579.84,28.0,24.1,3.22,0.0,1,8.67,45.85,13.32,1.53,121.72
2020-05-04 23:05:00,571.39,27.8,24.1,3.3,0.0,0,2.67,0.32,18.32,6.53,126.72
2020-05-04 23:10:00,565.76,28.0,24.1,3.27,0.0,1,7.67,4.32,23.32,0.15,131.72
2020-05-04 23:15:00,565.76,27.2,24.1,3.17,0.0,1,12.67,1.32,28.32,5.15,136.72
2020-05-04 23:20:00,565.76,27.4,24.1,3.17,0.0,1,17.67,0.32,33.32,10.15,141.72
2020-05-04 23:25:00,565.76,27.4,24.1,3.17,0.0,1,22.67,1.3,38.32,15.15,146.72
2020-05-04 23:30:00,565.76,27.0,24.02,3.25,0.0,1,27.67,6.3,3.97,2.35,151.72
2020-05-04 23:35:00,565.76,27.2,24.0,3.3,0.0,1,32.67,3.3,8.97,7.35,156.72
2020-05-04 23:40:00,565.76,27.0,24.0,3.3,0.0,1,37.67,8.3,13.97,12.35,161.72
2020-05-04 23:45:00,565.76,27.0,24.0,3.3,0.0,1,42.67,13.3,18.97,17.35,166.72
2020-05-04 23:50:00,565.76,27.0,24.0,3.3,0.0,1,47.67,18.3,23.97,22.35,171.72
2020-05-04 23:55:00,565.76,27.0,24.0,3.27,0.0,1,52.67,23.3,28.97,0.43,176.72
2020-05-05 00:00:00,560.64,27.0,24.0,3.17,0.0,0,1.62,28.3,33.97,5.43,181.72
2020-05-05 00:05:00,552.96,27.0,24.0,3.17,0.0,0,6.62,33.3,38.97,10.43,186.72
2020-05-05 00:10:00,562.75,27.2,24.0,3.17,0.0,0,1.62,0.45,43.97,15.43,191.72
2020-05-05 00:15:00,554.88,27.0,24.0,3.17,0.0,0,6.62,5.45,48.97,20.43,196.72
2020-05-05 00:20:00,554.88,27.0,24.0,3.22,0.0,1,11.62,10.45,53.97,1.9,201.72
2020-05-05 00:25:00,554.88,27.8,24.0,3.3,0.0,1,16.62,0.43,58.97,6.9,206.72
2020-05-05 00:30:00,576.7,28.0,24.0,3.3,0.0,1,3.6,5.43,63.97,11.9,211.72
2020-05-05 00:35:00,608.7,27.8,24.0,3.3,0.0,1,3.6,1.43,68.97,16.9,216.72
2020-05-05 00:40:00,593.15,28.2,24.0,3.3,0.0,1,2.77,1.08,73.97,21.9,221.72
2020-05-05 00:45:00,589.7,28.0,24.0,3.3,0.0,1,1.77,6.08,78.97,26.9,226.72
2020-05-05 00:50:00,596.8,27.6,24.0,3.3,0.0,1,6.77,0.58,83.97,31.9,231.72
2020-05-05 00:55:00,583.23,27.6,24.0,3.3,0.0,1,1.75,1.58,88.97,36.9,236.72
2020-05-05 01:00:00,573.76,27.0,24.0,3.3,0.0,0,6.75,6.58,93.97,41.9,241.72
2020-05-05 01:05:00,573.76,27.2,24.0,3.3,0.0,1,11.75,3.58,98.97,46.9,246.72
2020-05-05 01:10:00,573.76,27.4,24.0,3.32,0.0,1,16.75,0.57,103.97,0.23,251.72
2020-05-05 01:15:00,580.67,27.0,24.0,3.4,0.0,1,1.73,4.57,108.97,5.23,256.72
2020-05-05 01:20:00,572.8,27.6,24.0,3.4,0.0,1,6.73,0.57,113.97,10.23,261.72
2020-05-05 01:25:00,572.8,27.0,24.0,3.4,0.0,1,11.73,4.57,118.97,15.23,266.72
2020-05-05 01:30:00,572.8,27.2,23.98,3.4,0.0,1,16.73,3.57,0.05,20.23,271.72
2020-05-05 01:35:00,567.68,27.2,23.9,3.4,0.0,1,1.73,0.55,5.05,25.23,276.72
2020-05-05 01:40:00,560.0,27.0,23.9,3.4,0.0,1,6.73,5.55,10.05,30.23,281.72
2020-05-05 01:45:00,575.23,27.2,23.9,3.53,0.0,1,1.72,3.55,15.05,4.43,286.72
2020-05-05 01:50:00,581.76,27.0,23.9,3.53,0.0,1,6.72,8.55,20.05,9.43,291.72
2020-05-05 01:55:00,581.76,27.0,23.9,3.53,0.0,1,11.72,13.55,25.05,14.43,296.72
2020-05-05 02:00:00,562.75,27.0,23.9,3.53,0.0,1,1.72,18.55,30.05,19.43,301.72
2020-05-05 02:05:00,554.88,27.0,23.9,3.53,0.0,1,6.72,23.55,35.05,24.43,306.72
2020-05-05 02:10:00,568.45,27.4,23.9,3.53,0.0,1,1.7,1.53,40.05,29.43,311.72
2020-05-05 02:15:00,593.54,28.0,23.9,3.53,0.0,1,2.7,6.53,45.05,34.43,316.72
2020-05-05 02:20:00,645.57,27.8,23.9,3.53,0.0,1,2.7,0.53,50.05,39.43,321.72
2020-05-05 02:25:00,637.63,27.2,23.9,3.53,0.0,1,1.7,1.53,55.05,44.43,326.72
2020-05-05 02:30:00,598.72,27.8,23.9,3.53,0.0,1,4.7,0.68,60.05,49.43,331.72
2020-05-05 02:35:00,608.96,27.0,23.9,3.53,0.0,1,4.7,5.68,65.05,54.43,336.72
2020-05-05 02:40:00,592.96,27.0,23.9,3.43,0.0,1,4.68,10.68,70.05,3.37,341.72
2020-05-05 02:45:00,586.24,27.0,23.9,3.4,0.0,1,2.68,15.68,75.05,8.37,346.72
2020-05-05 02:50:00,593.02,27.0,23.9,3.3,0.0,0,1.68,20.68,80.05,4.43,351.72
2020-05-05 02:55:00,609.92,27.2,23.9,3.4,0.0,0,6.68,0.67,85.05,4.13,356.72
2020-05-05 03:00:00,601.47,27.0,23.9,3.38,0.0,0,2.67,4.67,90.05,0.07,361.72
2020-05-05 03:05:00,583.81,27.0,23.9,3.38,0.0,0,3.67,9.67,95.05,3.62,366.72
2020-05-05 03:10:00,580.8,27.0,23.9,3.38,0.0,0,8.67,14.67,100.05,0.43,371.72
2020-05-05 03:15:00,576.45,27.0,23.9,3.3,0.0,0,1.67,19.67,105.05,5.43,376.72
2020-05-05 03:20:00,569.92,27.0,23.9,3.3,0.0,0,6.67,24.67,110.05,10.43,381.72
2020-05-05 03:25:00,569.92,27.0,23.88,3.3,0.0,0,11.67,29.67,0.48,15.43,386.72
2020-05-05 03:30:00,569.92,27.0,23.8,3.36,0.0,1,16.67,34.67,5.48,2.27,391.72
2020-05-05 03:35:00,569.92,27.0,23.8,3.4,0.0,1,21.67,39.67,10.48,7.27,396.72
2020-05-05 03:40:00,562.62,27.0,23.8,3.4,0.0,1,2.65,44.67,15.48,12.27,401.72
2020-05-05 03:45:00,568.0,27.0,23.8,3.4,0.0,1,4.65,49.67,20.48,17.27,406.72
2020-05-05 03:50:00,568.0,27.2,23.8,3.43,13.0,1,9.65,2.63,25.48,0.55,4.45
2020-05-05 03:55:00,586.62,27.2,23.8,3.53,13.0,1,1.63,1.63,30.48,5.55,9.45
2020-05-05 04:00:00,618.05,27.4,23.8,3.53,15.0,1,1.63,1.63,35.48,10.55,0.93
2020-05-05 04:05:00,624.64,27.0,23.8,3.59,23.0,1,1.63,6.63,40.48,2.27,5.93
2020-05-05 04:10:00,602.88,27.2,23.8,3.63,29.0,1,4.63,0.62,45.48,7.27,2.93
2020-05-05 04:15:00,613.38,27.2,23.8,3.73,41.0,1,3.62,2.62,50.48,3.65,3.93
2020-05-05 04:20:00,616.0,27.2,23.8,3.76,35.0,1,8.62,0.62,55.48,8.65,3.6
2020-05-05 04:25:00,616.0,27.2,23.8,3.81,33.0,1,13.62,1.6,60.48,1.83,8.6
2020-05-05 04:30:00,611.52,27.0,23.8,3.99,45.0,1,1.62,6.6,65.48,3.37,4.08
2020-05-05 04:35:00,604.8,27.0,23.8,4.02,36.8,1,6.62,11.6,70.48,8.37,0.58
2020-05-05 04:40:00,604.8,27.0,23.8,4.02,28.4,1,11.62,16.6,75.48,13.37,1.08
2020-05-05 04:45:00,604.8,27.0,23.8,4.12,46.4,1,16.62,21.6,80.48,3.6,0.58
2020-05-05 04:50:00,604.8,27.2,23.8,4.18,79.42,1,21.62,3.6,85.48,0.58,2.07
2020-05-05 04:55:00,604.8,27.6,23.8,4.36,61.8,1,26.62,0.58,90.48,2.58,3.07
2020-05-05 05:00:00,604.8,27.8,23.8,4.41,86.6,1,31.62,3.58,95.48,7.58,0.07
2020-05-05 05:05:00,602.5,28.0,23.8,4.56,41.8,1,1.58,8.58,100.48,1.7,0.07
2020-05-05 05:10:00,609.92,27.8,23.8,4.64,48.4,1,6.58,1.58,105.48,6.7,0.57
2020-05-05 05:15:00,597.12,28.0,23.8,4.67,96.03,1,3.58,6.58,110.48,0.15,3.57
2020-05-05 05:20:00,593.92,28.0,23.8,4.85,84.02,1,8.58,11.58,115.48,2.72,0.05
2020-05-05 05:25:00,593.92,28.0,23.8,5.02,57.0,1,13.58,16.58,120.48,4.2,0.55
2020-05-05 05:30:00,593.92,28.0,23.8,5.02,41.0,1,18.58,21.58,125.48,9.2,5.55
2020-05-05 05:35:00,593.92,28.0,23.8,5.02,35.0,1,23.58,26.58,130.48,14.2,2.55
2020-05-05 05:40:00,593.92,28.0,23.8,5.1,39.0,1,28.58,31.58,135.48,2.83,3.05
2020-05-05 05:45:00,593.92,28.0,23.8,5.18,41.0,1,33.58,36.58,140.48,0.95,8.05
2020-05-05 05:50:00,566.85,28.0,23.8,5.2,41.0,1,3.72,41.58,145.48,3.28,13.05
2020-05-05 05:55:00,563.84,28.8,23.8,5.22,31.0,1,8.72,3.38,150.48,1.97,4.53
2020-05-05 06:00:00,563.84,29.0,23.8,5.28,43.0,1,13.72,8.38,155.48,6.97,4.53
2020-05-05 06:05:00,572.54,29.0,23.8,5.28,40.8,1,3.72,13.38,160.48,11.97,0.52
2020-05-05 06:10:00,574.72,29.0,23.8,5.28,38.0,1,8.72,18.38,165.48,16.97,2.68
2020-05-05 06:15:00,588.8,29.0,23.8,5.28,42.0,1,1.72,23.38,170.48,21.97,7.68
2020-05-05 06:20:00,598.72,29.0,23.8,5.33,35.4,1,6.72,28.38,175.48,1.48,2.18
2020-05-05 06:25:00,598.72,29.2,23.8,5.41,31.0,1,11.72,0.37,180.48,6.48,7.18
2020-05-05 06:30:00,608.45,29.0,23.87,5.41,31.0,1,3.7,4.37,2.52,11.48,12.18
2020-05-05 06:35:00,577.86,28.2,23.92,5.46,39.8,1,2.7,3.37,7.52,1.82,3.67
2020-05-05 06:40:00,537.79,28.0,23.92,5.53,42.0,1,1.7,8.37,12.52,6.82,8.67
2020-05-05 06:45:00,517.06,28.0,23.92,5.63,34.0,1,3.68,13.37,17.52,3.57,3.67
2020-05-05 06:50:00,496.83,28.0,23.92,5.76,32.0,1,1.68,18.37,22.52,4.02,8.67
2020-05-05 06:55:00,482.37,28.0,23.92,5.76,38.6,1,1.68,23.37,27.52,9.02,2.15
2020-05-05 07:00:00,475.84,28.0,23.92,5.83,51.4,1,6.68,28.37,32.52,2.13,0.65
2020-05-05 07:05:00,475.84,28.0,23.84,5.88,56.6,1,11.68,33.37,3.5,7.13,2.65
2020-05-05 07:10:00,475.84,28.0,23.82,6.01,62.0,1,16.68,38.37,8.5,4.85,1.15
2020-05-05 07:15:00,475.84,28.0,23.82,6.16,61.0,0,21.68,43.37,13.5,0.78,4.15
2020-05-05 07:20:00,473.47,28.0,23.74,6.26,61.0,0,0.17,48.37,3.48,5.78,9.15
2020-05-05 07:25:00,464.0,28.0,23.72,6.31,61.0,0,5.17,53.37,8.48,1.62,14.15
2020-05-05 07:30:00,464.0,28.0,23.72,6.39,52.2,0,10.17,58.37,13.48,6.62,3.13
2020-05-05 07:35:00,464.0,28.0,23.62,6.39,56.6,0,15.17,63.37,3.98,11.62,2.63
2020-05-05 07:40:00,464.0,28.6,23.6,6.52,57.0,0,20.17,2.32,8.98,4.92,1.62
2020-05-05 07:45:00,464.0,29.0,23.6,6.34,51.0,0,25.17,7.32,13.98,1.08,6.62
2020-05-05 07:50:00,464.0,29.0,23.54,6.19,52.4,0,30.17,12.32,2.97,2.68,0.62
2020-05-05 07:55:00,464.0,29.0,23.5,6.14,38.0,0,35.17,17.32,7.97,7.68,3.62
2020-05-05 08:00:00,464.0,29.0,23.5,6.14,44.4,0,40.17,22.32,12.97,12.68,1.78
2020-05-05 08:05:00,464.0,29.0,23.5,6.24,51.0,0,45.17,27.32,17.97,3.27,6.78
2020-05-05 08:10:00,464.0,29.0,23.5,6.26,51.0,0,50.17,32.32,22.97,8.27,11.78
2020-05-05 08:15:00,464.0,29.0,23.4,6.31,64.0,0,55.17,37.32,4.95,1.78,4.27
2020-05-05 08:20:00,464.0,29.0,23.4,6.57,54.0,1,60.17,42.32,9.95,1.85,4.77
2020-05-05 08:25:00,464.0,29.0,23.4,6.64,46.8,1,65.17,47.32,14.95,6.85,2.77
2020-05-05 08:30:00,464.0,29.0,23.4,6.64,55.6,1,70.17,52.32,19.95,11.85,0.77
2020-05-05 08:35:00,457.86,29.0,23.4,6.87,90.0,1,2.12,57.32,24.95,0.72,4.77
2020-05-05 08:40:00,453.76,29.0,23.4,7.12,82.2,1,7.12,62.32,29.95,0.72,2.75
2020-05-05 08:45:00,453.76,29.0,23.4,7.32,79.2,1,12.12,67.32,34.95,1.43,0.75
2020-05-05 08:50:00,453.76,29.0,23.38,7.27,75.2,0,17.12,72.32,0.93,4.68,1.75
2020-05-05 08:55:00,455.81,29.0,23.3,7.22,78.01,0,0.1,77.32,5.93,1.15,0.25
2020-05-05 09:00:00,464.0,29.0,23.3,7.29,102.22,0,5.1,82.32,10.93,1.57,1.25
2020-05-05 09:05:00,464.0,29.0,23.3,7.52,123.04,0,10.1,87.32,15.93,4.65,4.73
2020-05-05 09:10:00,464.0,29.0,23.3,7.71,123.04,0,15.1,92.32,20.93,2.42,9.73
2020-05-05 09:15:00,464.0,29.0,23.3,7.89,123.04,0,20.1,97.32,25.93,4.75,14.73
2020-05-05 09:20:00,464.0,29.0,23.3,8.03,121.6,0,25.1,102.32,30.93,1.0,3.23
2020-05-05 09:25:00,459.52,29.0,23.3,8.45,130.62,0,1.08,107.32,35.93,0.65,2.22
2020-05-05 09:30:00,452.8,29.0,23.25,8.62,151.6,0,6.08,112.32,1.57,0.7,0.22
2020-05-05 09:35:00,452.8,29.0,23.18,8.88,195.23,0,11.08,117.32,6.57,0.57,0.22
2020-05-05 09:40:00,452.8,29.0,23.18,9.13,235.42,1,16.08,122.32,11.57,2.92,0.22
2020-05-05 09:45:00,452.8,29.0,23.18,9.25,184.45,1,21.08,127.32,16.57,0.55,1.7
2020-05-05 09:50:00,455.23,29.2,23.18,9.08,176.0,1,0.07,0.4,21.57,0.95,6.7
2020-05-05 09:55:00,464.96,29.0,23.18,9.6,167.46,1,5.07,5.4,26.57,1.38,1.87
2020-05-05 10:00:00,464.96,29.0,23.18,9.64,174.08,1,10.07,10.4,31.57,0.02,6.87
2020-05-05 10:05:00,464.96,29.0,23.18,9.65,175.81,1,15.07,15.4,36.57,1.47,0.37
2020-05-05 10:10:00,472.51,29.4,23.13,9.71,161.78,1,0.07,1.38,1.55,1.98,0.37
2020-05-05 10:15:00,519.23,30.0,23.06,9.81,140.0,1,0.05,6.38,6.55,2.57,2.35
2020-05-05 10:20:00,555.52,30.0,23.06,9.83,115.04,1,2.22,11.38,11.55,2.12,3.35
2020-05-05 10:25:00,573.18,30.0,23.06,9.95,146.62,1,3.72,16.38,16.55,0.97,0.35
2020-05-05 10:30:00,587.01,30.0,23.06,10.24,150.62,1,3.72,21.38,21.55,4.97,0.85
2020-05-05 10:35:00,589.76,30.0,23.06,10.38,106.22,1,8.72,26.38,26.55,1.05,2.85
2020-05-05 10:40:00,598.21,30.0,23.06,10.31,101.04,1,2.7,31.38,31.55,1.43,7.85
2020-05-05 10:45:00,590.27,30.0,23.06,10.14,101.04,1,1.7,36.38,36.55,0.88,12.85
2020-05-05 10:50:00,572.1,30.0,23.06,10.29,101.04,1,3.7,41.38,41.55,1.87,17.85
2020-05-05 10:55:00,545.22,29.6,23.06,10.53,101.04,1,1.7,1.37,46.55,2.3,22.85
2020-05-05 11:00:00,520.77,29.0,23.06,10.74,101.04,1,1.7,6.37,51.55,0.1,27.85
2020-05-05 11:05:00,503.04,29.0,23.04,10.94,101.04,1,2.7,11.37,0.52,3.25,32.85
2020-05-05 11:10:00,497.92,29.0,22.96,11.01,101.04,0,7.7,16.37,5.52,1.15,37.85
2020-05-05 11:15:00,497.92,29.0,22.96,11.13,101.04,0,12.7,21.37,10.52,0.62,42.85
2020-05-05 11:20:00,497.92,29.0,22.96,11.08,86.62,0,17.7,26.37,15.52,5.62,1.32
2020-05-05 11:25:00,487.42,29.0,22.96,11.08,72.0,0,3.68,31.37,20.52,10.62,3.32
2020-05-05 11:30:00,484.8,29.0,22.96,11.1,70.0,0,8.68,36.37,25.52,0.35,8.32
2020-05-05 11:35:00,484.8,29.0,22.96,10.96,55.0,0,13.68,41.37,30.52,5.35,4.3
2020-05-05 11:40:00,477.7,29.0,22.96,10.96,55.0,0,2.67,46.37,35.52,10.35,9.3
2020-05-05 11:45:00,472.96,29.0,22.96,10.77,55.0,0,7.67,51.37,40.52,3.17,14.3
2020-05-05 11:50:00,472.96,29.0,22.96,10.72,55.0,0,12.67,56.37,45.52,8.17,19.3
2020-05-05 11:55:00,472.96,29.0,22.96,10.72,55.0,1,17.67,61.37,50.52,13.17,24.3
2020-05-05 12:00:00,472.96,29.0,22.89,10.77,57.0,1,22.67,66.37,2.47,1.05,0.45
2020-05-05 12:05:00,472.96,29.0,22.84,10.79,65.0,1,27.67,71.37,7.47,0.8,5.45
2020-05-05 12:10:00,472.96,29.0,22.84,10.84,78.21,1,32.67,76.37,12.47,5.8,0.45
2020-05-05 12:15:00,472.96,28.6,22.84,10.94,93.04,1,37.67,1.3,17.47,3.03,2.45
2020-05-05 12:20:00,472.96,28.0,22.84,11.03,111.04,0,42.67,6.3,22.47,2.75,1.93
2020-05-05 12:25:00,462.46,28.0,22.84,11.1,117.04,0,3.8,11.3,27.47,3.0,6.93
2020-05-05 12:30:00,459.84,28.0,22.84,11.32,120.21,0,8.8,16.3,32.47,0.82,0.43
2020-05-05 12:35:00,469.57,28.0,22.84,11.44,116.0,0,3.8,21.3,37.47,5.82,0.93
2020-05-05 12:40:00,461.5,28.0,22.84,11.32,108.0,1,3.8,26.3,42.47,4.95,5.93
2020-05-05 12:45:00,461.25,28.0,22.94,11.63,97.04,1,0.95,31.3,4.28,0.13,4.43
2020-05-05 12:50:00,481.22,28.0,23.02,11.56,97.04,1,3.95,36.3,3.45,4.32,9.43
2020-05-05 12:55:00,494.72,28.0,23.06,11.51,89.04,1,4.95,41.3,0.43,1.25,3.92
2020-05-05 13:00:00,506.82,28.0,23.16,11.37,87.04,1,2.95,46.3,5.43,2.82,8.92
2020-05-05 13:05:00,548.29,28.0,23.24,11.42,95.81,1,2.95,51.3,3.43,0.95,3.42
2020-05-05 13:10:00,555.84,27.2,23.26,11.68,92.0,1,7.95,3.6,8.43,4.72,2.42
2020-05-05 13:15:00,536.7,27.0,23.26,11.66,84.0,1,2.93,8.6,13.43,0.03,1.4
2020-05-05 13:20:00,517.57,27.0,23.26,11.56,70.0,1,0.93,13.6,18.43,5.03,3.4
2020-05-05 13:25:00,507.84,25.4,23.26,11.66,60.0,1,5.93,2.6,23.43,3.43,3.4
2020-05-05 13:30:00,496.32,25.0,23.26,11.68,56.0,1,0.93,7.6,28.43,8.43,0.9
2020-05-05 13:35:00,485.76,25.0,23.26,11.49,48.0,0,5.93,12.6,33.43,2.7,5.9
2020-05-05 13:40:00,485.76,25.0,23.26,11.51,50.0,0,10.93,17.6,38.43,0.7,0.88
2020-05-05 13:45:00,483.39,25.0,23.26,11.8,48.0,0,0.92,22.6,43.43,4.97,4.38
2020-05-05 13:50:00,473.92,25.0,23.26,11.8,40.0,0,5.92,27.6,48.43,9.97,3.55
2020-05-05 13:55:00,473.92,25.0,23.24,11.87,38.0,0,10.92,32.6,0.4,2.75,8.55
2020-05-05 14:00:00,473.92,25.0,23.16,11.97,38.0,0,15.92,37.6,5.4,1.48,13.55
2020-05-05 14:05:00,473.92,25.0,23.16,11.87,38.0,0,20.92,42.6,10.4,1.88,18.55
2020-05-05 14:10:00,473.92,25.0,23.16,11.8,38.0,0,25.92,47.6,15.4,6.88,23.55
2020-05-05 14:15:00,473.92,25.0,23.16,11.73,38.0,0,30.92,52.6,20.4,2.42,28.55
2020-05-05 14:20:00,473.92,25.0,23.1,11.78,38.0,0,35.92,57.6,2.55,0.25,33.55
2020-05-05 14:25:00,473.92,25.0,23.06,11.58,38.0,0,40.92,62.6,7.55,3.87,38.55
2020-05-05 14:30:00,461.76,24.6,23.06,11.56,38.0,0,4.88,0.55,12.55,8.87,43.55
2020-05-05 14:35:00,461.76,24.2,23.06,11.58,38.0,0,9.88,3.55,17.55,0.9,48.55
2020-05-05 14:40:00,461.76,24.0,23.06,11.68,38.0,0,14.88,8.55,22.55,5.9,53.55
2020-05-05 14:45:00,461.76,24.0,23.06,11.8,38.0,0,19.88,13.55,27.55,4.0,58.55
2020-05-05 14:50:00,461.76,24.0,23.06,11.99,38.0,0,24.88,18.55,32.55,2.13,63.55
2020-05-05 14:55:00,472.0,24.0,23.06,12.02,34.0,0,4.88,23.55,37.55,0.58,1.52
2020-05-05 15:00:00,472.0,24.0,23.06,11.66,28.0,0,9.88,28.55,42.55,1.05,6.52
2020-05-05 15:05:00,461.76,24.0,23.06,11.44,28.0,0,4.87,33.55,47.55,4.73,11.52
2020-05-05 15:10:00,461.76,24.0,23.06,11.44,28.0,0,9.87,38.55,52.55,9.73,16.52
2020-05-05 15:15:00,461.76,24.0,23.06,11.44,28.0,0,14.87,43.55,57.55,14.73,21.52
2020-05-05 15:20:00,461.76,24.0,23.06,11.44,28.0,0,19.87,48.55,62.55,19.73,26.52
2020-05-05 15:25:00,461.76,24.0,23.06,11.44,28.0,0,24.87,53.55,67.55,24.73,31.52
2020-05-05 15:30:00,461.76,24.0,23.06,11.37,28.0,0,29.87,58.55,72.55,2.32,36.52
2020-05-05 15:35:00,461.76,24.0,23.06,11.32,28.0,0,34.87,63.55,77.55,7.32,41.52
2020-05-05 15:40:00,461.76,24.0,23.06,11.32,28.0,0,39.87,68.55,82.55,12.32,46.52
2020-05-05 15:45:00,461.76,24.0,23.06,11.2,28.0,0,44.87,73.55,87.55,4.33,51.52
2020-05-05 15:50:00,461.76,23.8,23.06,11.2,28.0,0,49.87,0.33,92.55,9.33,56.52
2020-05-05 15:55:00,450.88,23.8,23.06,11.2,28.0,0,4.83,0.33,97.55,14.33,61.52
2020-05-05 16:00:00,450.88,23.0,23.06,11.2,28.0,0,9.83,4.33,102.55,19.33,66.52
2020-05-05 16:05:00,450.88,23.0,23.06,11.15,28.0,0,14.83,9.33,107.55,1.35,71.52
2020-05-05 16:10:00,450.88,23.0,23.06,11.08,28.0,0,19.83,14.33,112.55,6.35,76.52
2020-05-05 16:15:00,450.88,23.0,23.06,11.08,28.0,0,24.83,19.33,117.55,11.35,81.52
2020-05-05 16:20:00,457.98,23.0,23.06,11.01,24.0,0,2.82,24.33,122.55,2.25,1.62
2020-05-05 16:25:00,462.72,23.0,23.04,10.84,18.0,0,7.82,29.33,0.63,4.1,6.62
2020-05-05 16:30:00,462.72,23.0,22.96,10.74,18.0,0,12.82,34.33,5.63,3.67,11.62
2020-05-05 16:35:00,462.72,23.0,22.96,10.65,18.0,0,17.82,39.33,10.63,2.87,16.62
2020-05-05 16:40:00,462.72,23.0,22.96,10.6,18.0,0,22.82,44.33,15.63,7.87,21.62
2020-05-05 16:45:00,462.72,23.0,22.96,10.48,18.0,0,27.82,49.33,20.63,4.65,26.62
2020-05-05 16:50:00,462.72,23.0,22.96,10.46,18.0,0,32.82,54.33,25.63,0.33,31.62
2020-05-05 16:55:00,462.72,23.0,22.96,10.36,0.0,0,37.82,59.33,30.63,5.33,4.6
2020-05-05 17:00:00,462.72,23.0,22.96,10.36,0.0,1,42.82,64.33,35.63,10.33,9.6
2020-05-05 17:05:00,470.02,23.0,22.96,10.19,0.0,1,2.78,69.33,40.63,1.2,14.6
2020-05-05 17:10:00,490.05,23.0,22.96,10.12,0.0,1,0.78,74.33,45.63,6.2,19.6
2020-05-05 17:15:00,509.44,23.0,22.96,10.07,0.0,1,2.78,79.33,50.63,1.08,24.6
2020-05-05 17:20:00,535.42,23.0,22.96,10.0,0.0,1,0.77,84.33,55.63,6.08,29.6
2020-05-05 17:25:00,549.76,23.0,22.96,9.95,0.0,1,5.77,89.33,60.63,1.13,34.6
2020-05-05 17:30:00,549.76,23.0,22.96,9.88,0.0,1,10.77,94.33,65.63,6.13,39.6
2020-05-05 17:35:00,556.48,23.6,22.96,9.81,0.0,1,2.93,2.27,70.63,2.17,44.6
2020-05-05 17:40:00,571.2,23.4,22.96,9.62,0.0,1,3.6,2.27,75.63,1.33,49.6
2020-05-05 17:45:00,558.66,24.6,23.04,9.49,0.0,1,3.58,2.25,3.75,1.25,54.6
2020-05-05 17:50:00,573.82,24.8,23.06,9.42,0.0,1,1.58,0.25,8.75,6.25,59.6
2020-05-05 17:55:00,622.85,24.0,23.08,9.42,0.0,1,1.58,5.25,0.73,11.25,64.6
2020-05-05 18:00:00,646.34,24.0,23.16,9.3,0.0,1,3.58,10.25,5.73,4.13,69.6
2020-05-05 18:05:00,648.96,23.8,23.16,9.3,0.0,1,8.58,0.23,10.73,9.13,74.6
2020-05-05 18:10:00,638.02,23.0,23.16,9.2,0.0,1,2.57,4.23,15.73,3.28,79.6
2020-05-05 18:15:00,630.72,23.0,23.16,9.16,0.0,1,7.57,9.23,20.73,0.78,84.6
2020-05-05 18:20:00,630.72,23.0,23.16,9.06,0.0,1,12.57,14.23,25.73,5.78,89.6
2020-05-05 18:25:00,624.83,23.0,23.08,8.91,0.0,1,1.57,19.23,3.72,1.62,94.6
2020-05-05 18:30:00,616.0,23.0,23.06,8.82,0.0,1,6.57,24.23,8.72,0.53,99.6
2020-05-05 18:35:00,625.6,23.0,23.06,8.72,0.0,1,2.57,29.23,13.72,5.53,104.6
2020-05-05 18:40:00,632.0,23.0,23.06,8.67,0.0,1,7.57,34.23,18.72,1.7,109.6
2020-05-05 18:45:00,624.13,23.0,23.06,8.6,0.0,1,2.55,39.23,23.72,6.7,114.6
2020-05-05 18:50:00,618.88,23.0,23.04,8.48,0.0,1,7.55,44.23,0.7,0.5,119.6
2020-05-05 18:55:00,618.88,23.0,22.96,8.31,0.0,1,12.55,49.23,5.7,2.12,124.6
2020-05-05 19:00:00,618.88,23.0,22.96,8.18,0.0,1,17.55,54.23,10.7,2.35,129.6
2020-05-05 19:05:00,618.88,23.0,22.96,8.13,0.0,1,22.55,59.23,15.7,7.35,134.6
2020-05-05 19:10:00,636.48,23.0,22.96,8.03,0.0,1,2.53,64.23,20.7,3.05,139.6
2020-05-05 19:15:00,657.92,23.0,22.96,8.01,0.0,1,4.53,69.23,25.7,8.05,144.6
2020-05-05 19:20:00,636.8,23.0,22.96,7.96,0.0,1,4.53,74.23,30.7,1.48,149.6
2020-05-05 19:25:00,636.8,23.0,22.96,7.89,0.0,1,9.53,79.23,35.7,6.48,154.6
2020-05-05 19:30:00,631.68,23.4,22.96,7.89,0.0,1,1.53,1.35,40.7,11.48,159.6
2020-05-05 19:35:00,624.0,23.8,22.96,7.76,0.0,1,6.53,2.35,45.7,4.6,164.6
2020-05-05 19:40:00,624.0,23.6,22.96,7.96,0.0,1,11.53,1.35,50.7,0.8,169.6
2020-05-05 19:45:00,624.0,23.8,22.96,8.26,0.0,1,16.53,3.35,55.7,4.07,174.6
2020-05-05 19:50:00,624.0,24.0,22.99,8.26,0.0,1,21.53,8.35,0.67,9.07,179.6
2020-05-05 19:55:00,583.1,24.0,23.16,8.26,0.0,1,1.67,13.35,2.67,14.07,184.6
2020-05-05 20:00:00,516.42,24.0,23.2,8.26,0.0,1,1.67,18.35,7.67,19.07,189.6
2020-05-05 20:05:00,498.82,24.0,23.2,8.26,0.0,1,2.67,23.35,12.67,24.07,194.6
2020-05-05 20:10:00,494.72,24.0,23.2,8.18,0.0,1,7.67,28.35,17.67,2.63,199.6
2020-05-05 20:15:00,488.19,24.0,23.2,8.13,0.0,1,2.67,33.35,22.67,7.63,204.6
2020-05-05 20:20:00,483.84,24.0,23.2,8.13,0.0,1,7.67,38.35,27.67,12.63,209.6
2020-05-05 20:25:00,483.84,24.0,23.18,8.08,0.0,1,12.67,43.35,0.13,1.6,214.6
2020-05-05 20:30:00,483.84,24.0,22.95,8.01,0.0,1,17.67,48.35,1.63,6.6,219.6
2020-05-05 20:35:00,475.14,23.6,22.53,8.01,0.0,1,3.65,2.32,2.13,11.6,224.6
2020-05-05 20:40:00,494.85,24.0,22.48,8.01,0.0,1,1.65,7.32,7.13,16.6,229.6
2020-05-05 20:45:00,566.08,24.2,22.48,8.01,0.0,1,1.65,0.97,12.13,21.6,234.6
2020-05-05 20:50:00,639.17,24.4,22.48,8.01,0.0,1,2.63,0.97,17.13,26.6,239.6
2020-05-05 20:55:00,626.75,24.0,22.56,7.99,0.0,1,1.63,4.97,3.12,0.85,244.6
2020-05-05 21:00:00,597.5,24.0,22.58,7.89,0.0,1,3.63,9.97,8.12,5.85,249.6
2020-05-05 21:05:00,594.88,24.0,22.58,7.89,0.0,1,8.63,14.97,13.12,10.85,254.6
2020-05-05 21:10:00,594.88,24.0,22.64,7.81,0.0,1,13.63,19.97,2.12,2.03,259.6
2020-05-05 21:15:00,594.88,24.0,22.68,7.76,0.0,1,18.63,24.97,7.12,7.03,264.6
2020-05-05 21:20:00,603.58,24.0,22.68,7.76,0.0,1,3.62,29.97,12.12,12.03,269.6
2020-05-05 21:25:00,605.76,24.0,22.68,7.66,0.0,1,8.62,34.97,17.12,3.6,274.6
2020-05-05 21:30:00,605.76,24.2,22.68,7.64,0.0,1,13.62,0.95,22.12,8.6,279.6
2020-05-05 21:35:00,613.06,25.0,22.68,7.59,0.0,1,2.62,5.95,27.12,1.97,284.6
2020-05-05 21:40:00,626.62,25.0,22.72,7.52,0.0,1,3.62,10.95,1.27,6.97,289.6
2020-05-05 21:45:00,628.8,25.0,22.78,7.52,0.0,1,8.62,15.95,6.27,11.97,294.6
2020-05-05 21:50:00,628.8,25.0,22.78,7.52,0.0,1,13.62,20.95,11.27,16.97,299.6
2020-05-05 21:55:00,619.33,25.0,22.78,7.52,0.0,1,3.6,25.95,16.27,21.97,304.6
2020-05-05 22:00:00,616.96,25.0,22.78,7.44,0.0,1,8.6,0.27,21.27,2.85,309.6
2020-05-05 22:05:00,616.96,27.0,22.78,7.39,0.0,1,13.6,4.77,26.27,7.85,314.6
2020-05-05 22:10:00,606.46,27.0,22.78,7.34,0.0,1,3.6,9.77,31.27,1.82,319.6
2020-05-05 22:15:00,603.84,27.0,22.78,7.27,0.0,1,8.6,14.77,36.27,6.82,324.6
2020-05-05 22:20:00,603.84,27.0,22.78,7.27,0.0,0,13.6,19.77,41.27,11.82,329.6
2020-05-05 22:25:00,603.84,27.0,22.78,7.27,0.0,0,18.6,24.77,46.27,16.82,334.6
2020-05-05 22:30:00,603.84,27.0,22.78,7.27,0.0,0,23.6,29.77,51.27,21.82,339.6
2020-05-05 22:35:00,599.3,27.4,22.78,7.27,0.0,0,1.58,1.75,56.27,26.82,344.6
2020-05-05 22:40:00,605.12,28.0,22.83,7.27,0.0,0,1.58,6.75,1.9,31.82,349.6
2020-05-05 22:45:00,601.92,28.0,22.9,7.27,0.0,0,4.58,11.75,6.9,36.82,354.6
2020-05-05 22:50:00,608.45,28.0,22.9,7.27,0.0,0,2.57,16.75,11.9,41.82,359.6
2020-05-05 22:55:00,612.8,28.0,22.9,7.27,0.0,1,7.57,21.75,16.9,46.82,364.6
2020-05-05 23:00:00,612.8,28.0,22.9,7.27,0.0,1,12.57,26.75,21.9,51.82,369.6
2020-05-05 23:05:00,634.43,28.2,22.9,7.22,0.0,1,3.57,2.55,26.9,0.62,374.6
2020-05-05 23:10:00,636.8,28.4,22.9,7.27,0.0,1,8.57,1.55,31.9,5.62,379.6
2020-05-05 23:15:00,636.8,29.0,22.9,7.27,0.0,1,13.57,6.55,36.9,10.62,384.6
2020-05-05 23:20:00,649.92,28.8,22.9,7.17,0.0,1,4.55,0.55,41.9,3.33,389.6
2020-05-05 23:25:00,635.58,29.0,22.9,7.02,0.0,1,3.55,5.55,46.9,4.62,394.6
2020-05-05 23:30:00,632.0,29.0,22.9,7.02,0.0,1,8.55,10.55,51.9,9.62,399.6
2020-05-05 23:35:00,620.8,28.8,22.9,7.02,0.0,1,4.55,3.53,56.9,14.62,404.6
2020-05-05 23:40:00,631.3,28.8,22.9,7.02,0.0,1,3.53,3.53,61.9,19.62,409.6
2020-05-05 23:45:00,633.92,28.8,22.9,7.02,0.0,1,8.53,0.53,66.9,24.62,414.6
2020-05-05 23:50:00,628.67,28.4,22.9,7.02,0.0,0,1.53,0.53,71.9,29.62,419.6
2020-05-05 23:55:00,614.4,28.0,22.9,7.02,0.0,0,1.53,5.53,76.9,34.62,424.6
2020-05-06 00:00:00,604.8,28.0,22.9,7.02,0.0,0,6.53,10.53,81.9,39.62,429.6
2020-05-06 00:05:00,604.8,28.2,22.9,7.02,0.0,0,11.53,0.52,86.9,44.62,434.6
2020-05-06 00:10:00,604.8,28.0,22.9,7.02,0.0,1,16.53,5.52,91.9,49.62,439.6
2020-05-06 00:15:00,604.8,29.0,22.9,7.02,0.0,1,21.53,4.52,96.9,54.62,444.6
2020-05-06 00:20:00,604.8,28.8,22.9,6.99,0.0,1,26.53,0.5,101.9,0.9,449.6
2020-05-06 00:25:00,609.28,29.0,22.9,6.89,0.0,1,1.5,5.5,106.9,5.9,454.6
2020-05-06 00:30:00,626.24,29.0,22.9,6.89,0.0,1,3.5,10.5,111.9,10.9,459.6
2020-05-06 00:35:00,628.8,29.0,22.9,6.89,0.0,0,8.5,15.5,116.9,15.9,464.6
2020-05-06 00:40:00,628.8,28.6,22.9,6.97,0.0,0,13.5,1.5,121.9,2.0,469.6
2020-05-06 00:45:00,613.76,28.4,22.9,6.94,0.0,1,4.5,0.48,126.9,2.77,474.6
2020-05-06 00:50:00,613.76,28.2,22.9,6.79,0.0,1,9.5,3.48,131.9,3.83,479.6
2020-05-06 00:55:00,613.76,28.0,22.9,6.77,0.0,1,14.5,8.48,136.9,8.83,484.6
2020-05-06 01:00:00,613.76,28.0,22.9,6.77,0.0,1,19.5,13.48,141.9,13.83,489.6
2020-05-06 01:05:00,599.42,28.4,22.9,6.72,0.0,1,3.48,0.48,146.9,1.77,494.6
2020-05-06 01:10:00,601.09,28.6,22.9,6.64,0.0,1,1.65,1.48,151.9,6.77,499.6
2020-05-06 01:15:00,652.16,29.2,22.9,6.57,0.0,1,1.65,0.47,156.9,2.92,504.6
2020-05-06 01:20:00,715.39,29.2,22.9,6.44,0.0,1,1.63,2.47,161.9,2.13,509.6
2020-05-06 01:25:00,648.83,29.2,22.9,6.34,0.0,1,1.63,0.47,166.9,1.28,514.6
2020-05-06 01:30:00,725.89,29.0,22.9,6.26,0.0,1,1.63,4.47,171.9,6.28,519.6
2020-05-06 01:35:00,718.85,28.8,22.9,6.26,0.0,1,1.63,0.47,176.9,11.28,524.6
2020-05-06 01:40:00,649.73,29.0,22.9,6.26,0.0,1,3.63,5.47,181.9,16.28,529.6
2020-05-06 01:45:00,675.46,29.0,22.9,6.19,0.0,1,2.62,10.47,186.9,2.72,534.6
2020-05-06 01:50:00,700.8,29.0,22.9,6.14,0.0,1,4.62,15.47,191.9,7.72,539.6
2020-05-06 01:55:00,712.58,29.0,22.9,6.09,0.0,1,3.62,20.47,196.9,1.93,544.6
2020-05-06 02:00:00,727.68,29.0,22.9,6.06,4.0,1,4.62,25.47,201.9,1.62,1.58
2020-05-06 02:05:00,713.73,28.8,22.9,6.01,10.0,1,1.62,0.45,206.9,4.83,6.58
2020-05-06 02:10:00,661.76,29.0,22.9,6.01,10.0,1,3.62,4.45,211.9,9.83,11.58
2020-05-06 02:15:00,669.31,29.0,22.9,6.01,10.0,1,3.6,9.45,216.9,14.83,16.58
2020-05-06 02:20:00,672.0,29.0,22.9,6.11,10.0,1,8.6,14.45,221.9,3.25,21.58
2020-05-06 02:25:00,672.0,28.8,22.9,6.14,10.0,1,13.6,0.43,226.9,8.25,26.58
2020-05-06 02:30:00,672.0,29.0,22.9,6.09,10.0,0,18.6,4.43,231.9,1.47,31.58
2020-05-06 02:35:00,685.31,29.0,22.9,6.01,16.0,0,3.6,9.43,236.9,6.47,2.07
2020-05-06 02:40:00,680.96,28.6,22.9,6.01,20.0,1,1.58,1.42,241.9,11.47,7.07
2020-05-06 02:45:00,630.59,28.2,22.9,6.01,20.0,1,2.58,2.42,246.9,16.47,12.07
2020-05-06 02:50:00,620.8,28.2,22.9,6.01,28.0,1,7.58,0.42,251.9,21.47,3.07
2020-05-06 02:55:00,629.63,28.4,22.9,6.06,34.0,1,1.58,0.42,256.9,1.72,1.55
2020-05-06 03:00:00,672.51,28.2,22.9,6.14,40.0,1,2.58,1.42,261.9,6.72,6.55
2020-05-06 03:05:00,673.15,28.6,22.9,6.29,48.0,1,2.57,2.57,266.9,0.0,0.05
2020-05-06 03:10:00,674.43,29.2,23.0,6.39,60.0,1,1.57,0.57,4.9,5.0,5.05
2020-05-06 03:15:00,697.22,29.6,23.0,6.44,70.0,1,3.57,0.57,9.9,1.73,4.05
2020-05-06 03:20:00,712.58,29.2,23.0,6.52,70.0,1,3.57,3.57,14.9,6.73,9.05
2020-05-06 03:25:00,725.76,28.6,23.0,6.52,70.0,1,4.57,1.57,19.9,11.73,14.05
2020-05-06 03:30:00,671.62,28.0,23.0,6.42,70.0,1,1.57,6.57,24.9,3.93,19.05
2020-05-06 03:35:00,621.89,27.8,22.94,6.39,64.0,1,1.55,1.22,2.22,8.93,2.2
2020-05-06 03:40:00,585.34,27.4,22.9,6.47,60.0,1,0.72,0.22,7.22,2.8,7.2
2020-05-06 03:45:00,579.2,27.2,22.9,6.52,60.0,1,3.72,2.22,12.22,7.8,12.2
2020-05-06 03:50:00,581.76,27.0,22.9,6.54,70.0,1,8.72,7.22,17.22,0.05,4.18
2020-05-06 03:55:00,594.88,27.4,22.9,6.67,74.4,1,4.88,0.2,22.22,0.3,1.18
2020-05-06 04:00:00,626.94,27.6,22.9,6.79,81.0,1,2.87,0.2,27.22,0.8,6.18
2020-05-06 04:05:00,660.29,27.8,22.9,6.97,92.23,1,0.87,0.2,32.22,2.85,3.68
2020-05-06 04:10:00,651.84,27.4,22.9,7.07,101.62,1,5.87,0.2,37.22,1.35,2.17
2020-05-06 04:15:00,660.22,27.4,22.9,7.17,99.2,1,0.85,0.18,42.22,0.97,0.17
2020-05-06 04:20:00,687.49,28.0,22.9,7.27,72.4,1,0.35,4.18,47.22,5.97,0.17
2020-05-06 04:25:00,698.37,27.8,22.9,7.27,62.0,1,0.35,0.18,52.22,10.97,5.17
2020-05-06 04:30:00,673.79,27.4,22.9,7.27,62.0,1,1.35,0.18,57.22,15.97,10.17
2020-05-06 04:35:00,650.88,27.0,22.9,7.14,66.8,1,1.35,4.18,62.22,4.9,1.15
2020-05-06 04:40:00,622.21,27.0,22.9,7.14,138.4,1,1.33,9.18,67.22,9.9,0.65
2020-05-06 04:45:00,597.25,27.0,22.96,7.24,374.62,1,3.33,14.18,2.17,3.6,0.65
2020-05-06 04:50:00,594.88,27.0,23.0,7.44,732.67,1,8.33,19.18,7.17,1.23,0.13
2020-05-06 04:55:00,594.88,27.0,23.02,7.64,833.66,1,13.33,24.18,0.15,0.98,0.63
2020-05-06 05:00:00,585.86,27.0,23.12,7.76,1054.21,1,2.33,29.18,0.15,5.98,0.13
2020-05-06 05:05:00,560.7,25.0,23.2,7.91,1156.22,1,2.48,4.98,5.15,1.55,0.13
2020-05-06 05:10:00,533.89,25.0,23.3,8.01,1217.41,1,2.48,9.98,3.15,6.55,0.28
2020-05-06 05:15:00,519.81,25.0,23.4,8.11,1158.78,1,3.48,14.98,3.3,3.9,0.28
2020-05-06 05:20:00,534.59,25.0,23.5,8.26,1224.06,1,2.48,19.98,3.47,4.1,0.28
2020-05-06 05:25:00,552.96,25.0,23.62,8.21,1274.62,1,4.48,24.98,4.13,0.68,0.28
2020-05-06 05:30:00,561.98,25.0,23.72,8.52,1251.33,1,2.47,29.98,3.13,1.6,1.28
2020-05-06 05:35:00,579.84,25.0,23.81,8.52,939.97,1,4.47,34.98,2.47,3.53,0.27
2020-05-06 05:40:00,575.49,25.0,23.89,8.58,1146.11,1,1.47,39.98,0.45,3.88,0.27
2020-05-06 05:45:00,552.45,25.0,24.04,8.72,1115.78,1,1.47,44.98,1.12,4.98,0.27
2020-05-06 05:50:00,541.76,24.8,24.16,8.95,956.67,1,6.47,2.97,2.12,0.8,0.77
2020-05-06 05:55:00,550.78,25.0,24.26,8.98,987.39,1,2.45,7.97,1.95,1.8,0.27
2020-05-06 06:00:00,556.8,25.0,24.42,9.04,888.83,1,7.45,12.97,3.12,1.9,0.75
2020-05-06 06:05:00,564.1,25.0,24.54,9.28,845.06,1,2.62,17.97,4.1,0.97,0.25
2020-05-06 06:10:00,561.66,24.0,24.62,9.7,939.78,1,2.62,4.95,2.6,0.03,0.25
2020-05-06 06:15:00,544.77,24.0,24.72,9.69,958.85,1,3.62,9.95,1.6,2.97,2.75
2020-05-06 06:20:00,529.92,24.0,24.8,9.88,947.33,1,4.6,14.95,0.6,1.75,2.75
2020-05-06 06:25:00,525.44,24.0,24.94,9.83,933.5,1,1.6,19.95,1.6,1.48,3.75
2020-05-06 06:30:00,513.22,24.0,25.06,9.93,924.8,0,1.6,24.95,2.58,1.58,0.73
2020-05-06 06:35:00,499.33,23.8,25.18,9.98,910.46,0,1.6,0.93,3.58,0.23,0.73
2020-05-06 06:40:00,490.88,23.0,25.3,10.02,892.16,0,6.6,5.93,3.08,0.0,0.23
2020-05-06 06:45:00,490.88,23.0,25.42,10.36,893.18,0,11.6,10.93,4.08,0.13,0.23
2020-05-06 06:50:00,481.15,23.0,25.52,10.7,548.1,0,3.58,15.93,3.42,0.97,0.22
2020-05-06 06:55:00,478.72,23.0,25.54,10.67,391.84,0,8.58,20.93,8.42,0.93,0.22
2020-05-06 07:00:00,478.72,23.0,25.54,10.67,317.06,0,13.58,25.93,13.42,1.05,0.22
2020-05-06 07:05:00,478.72,22.2,25.59,10.86,256.61,0,18.58,3.92,1.9,0.6,3.22
2020-05-06 07:10:00,467.84,22.0,25.66,10.79,265.25,0,4.75,8.92,6.9,1.7,0.38
2020-05-06 07:15:00,467.84,22.0,25.66,10.79,244.61,0,9.75,13.92,11.9,2.15,0.38
2020-05-06 07:20:00,467.84,22.0,25.66,10.98,291.04,0,14.75,18.92,16.9,1.82,0.37
2020-05-06 07:25:00,467.84,22.0,25.66,11.15,285.41,0,19.75,23.92,21.9,1.72,0.37
2020-05-06 07:30:00,467.84,22.0,25.66,10.82,195.6,0,24.75,28.92,26.9,1.53,0.87
2020-05-06 07:35:00,456.96,22.0,25.66,10.7,133.42,0,4.73,33.92,31.9,0.4,2.37
2020-05-06 07:40:00,456.96,21.8,25.66,10.72,133.04,0,9.73,3.73,36.9,1.58,1.37
2020-05-06 07:45:00,456.96,21.6,25.66,10.94,131.44,0,14.73,1.73,41.9,3.87,0.37
2020-05-06 07:50:00,456.96,21.2,25.66,10.86,202.85,0,19.73,3.72,46.9,0.68,0.35
2020-05-06 07:55:00,456.96,21.0,25.66,10.96,140.62,0,24.73,8.72,51.9,1.85,2.85
2020-05-06 08:00:00,456.96,21.0,25.66,11.06,133.04,0,29.73,13.72,56.9,3.27,7.85
2020-05-06 08:05:00,456.96,21.0,25.66,11.03,118.61,0,34.73,18.72,61.9,1.07,1.35
2020-05-06 08:10:00,456.96,21.0,25.66,10.94,110.0,0,39.73,23.72,66.9,0.45,6.35
2020-05-06 08:15:00,456.96,21.0,25.66,10.82,134.8,0,44.73,28.72,71.9,0.4,0.35
2020-05-06 08:20:00,456.96,21.0,25.66,10.72,161.02,0,49.73,33.72,76.9,5.4,0.83
2020-05-06 08:25:00,456.96,21.0,25.66,10.77,137.42,1,54.73,38.72,81.9,2.42,0.33
2020-05-06 08:30:00,456.96,21.0,25.56,10.79,518.4,1,59.73,43.72,4.85,0.02,0.83
2020-05-06 08:35:00,456.96,21.0,25.56,11.03,488.45,1,64.73,48.72,9.85,0.97,0.33
2020-05-06 08:40:00,456.96,21.0,25.56,11.15,534.91,1,69.73,53.72,14.85,1.63,0.83
2020-05-06 08:45:00,456.96,21.0,25.56,11.1,578.82,1,74.73,58.72,19.85,0.38,0.82
2020-05-06 08:50:00,448.0,21.0,25.56,11.37,556.54,1,3.85,63.72,24.85,2.93,1.32
2020-05-06 08:55:00,445.76,20.8,25.6,11.51,463.87,0,8.85,0.68,1.83,0.05,1.32
2020-05-06 09:00:00,445.76,20.0,25.66,11.85,282.21,0,13.85,5.68,6.83,0.6,0.82
2020-05-06 09:05:00,445.76,20.0,25.66,11.85,156.02,0,18.85,10.68,11.83,0.1,0.48
2020-05-06 09:10:00,445.76,20.0,25.66,11.68,104.61,0,23.85,15.68,16.83,5.1,0.98
2020-05-06 09:15:00,445.76,20.0,25.66,11.68,93.23,0,28.85,20.68,21.83,10.1,0.47
2020-05-06 09:20:00,445.76,20.0,25.66,11.68,127.01,0,33.85,25.68,26.83,15.1,0.47
2020-05-06 09:25:00,445.76,20.0,25.66,11.68,171.65,0,38.85,30.68,31.83,20.1,1.47
2020-05-06 09:30:00,445.76,20.0,25.66,11.73,124.61,0,43.85,35.68,36.83,0.33,3.47
2020-05-06 09:35:00,445.76,20.0,25.66,11.58,143.04,0,48.85,40.68,41.83,0.68,0.47
2020-05-06 09:40:00,445.76,19.6,25.66,11.44,266.43,0,53.85,0.15,46.83,4.8,0.47
2020-05-06 09:45:00,445.76,20.0,25.66,11.46,290.56,0,58.85,4.98,51.83,0.7,0.45
2020-05-06 09:50:00,445.76,20.0,25.66,11.68,350.02,0,63.85,9.98,56.83,0.08,0.45
2020-05-06 09:55:00,445.76,20.0,25.66,12.21,249.02,0,68.85,14.98,61.83,1.08,0.95
2020-05-06 10:00:00,445.76,20.0,25.66,12.09,249.6,0,73.85,19.98,66.83,2.5,0.45
2020-05-06 10:05:00,445.76,20.0,25.56,12.14,274.62,0,78.85,24.98,4.8,0.87,0.45
2020-05-06 10:10:00,445.76,20.0,25.56,12.26,264.42,1,83.85,29.98,9.8,0.15,0.93
2020-05-06 10:15:00,453.63,20.0,25.56,12.38,167.25,1,2.8,34.98,14.8,3.22,0.93
2020-05-06 10:20:00,458.88,20.6,25.56,12.21,112.0,1,7.8,2.97,19.8,0.22,4.43
2020-05-06 10:25:00,493.12,21.2,25.56,12.04,115.01,1,1.8,3.12,24.8,5.22,0.43
2020-05-06 10:30:00,522.88,21.0,25.56,12.16,186.64,1,4.8,8.12,29.8,4.27,0.93
2020-05-06 10:35:00,536.13,22.0,25.56,12.09,228.83,1,2.78,4.12,34.8,0.95,0.42
2020-05-06 10:40:00,563.84,22.0,25.56,12.38,248.03,1,4.78,9.12,39.8,1.15,0.42
2020-05-06 10:45:00,572.29,22.0,25.56,12.18,249.42,1,2.78,14.12,44.8,1.9,0.42
2020-05-06 10:50:00,577.92,22.0,25.56,12.11,235.01,1,7.78,19.12,49.8,0.8,1.42
2020-05-06 10:55:00,570.62,22.0,25.56,12.35,264.42,1,2.78,24.12,54.8,1.22,0.42
2020-05-06 11:00:00,543.1,22.0,25.56,12.56,255.01,1,0.77,29.12,59.8,0.72,1.9
2020-05-06 11:05:00,511.04,21.8,25.56,12.63,257.22,1,0.77,0.27,64.8,0.58,0.07
2020-05-06 11:10:00,497.92,21.8,25.56,12.61,264.83,1,5.77,0.27,69.8,0.8,3.57
2020-05-06 11:15:00,497.92,21.8,25.52,12.66,265.02,1,10.77,0.25,1.92,0.23,0.07
2020-05-06 11:20:00,497.92,21.0,25.46,12.54,254.78,0,15.77,5.25,6.92,0.3,0.57
2020-05-06 11:25:00,491.2,21.0,25.46,12.75,235.04,0,2.75,10.25,11.92,5.3,0.57
2020-05-06 11:30:00,480.19,21.0,25.46,12.63,217.38,0,2.75,15.25,16.92,1.4,2.05
2020-05-06 11:35:00,475.84,21.0,25.46,12.82,206.43,1,7.75,20.25,21.92,0.52,2.05
2020-05-06 11:40:00,478.46,21.0,25.46,12.73,189.79,1,0.75,25.25,26.92,0.1,0.55
2020-05-06 11:45:00,496.64,21.0,25.46,13.46,178.78,1,2.73,30.25,31.92,1.27,0.05
2020-05-06 11:50:00,499.58,21.0,25.46,14.19,170.08,1,0.73,35.25,36.92,0.12,5.05
2020-05-06 11:55:00,490.88,21.0,25.46,14.29,160.0,1,5.73,40.25,41.92,0.0,4.03
2020-05-06 12:00:00,490.88,21.0,25.39,14.33,156.0,1,10.73,45.25,2.38,0.08,1.53
2020-05-06 12:05:00,490.88,21.0,25.34,14.75,150.0,1,15.73,50.25,7.38,0.22,6.53
2020-05-06 12:10:00,490.88,21.0,25.34,15.08,140.0,0,20.73,55.25,12.38,0.1,4.53
2020-05-06 12:15:00,477.76,21.0,25.34,15.15,140.0,0,4.72,60.25,17.38,0.0,9.53
2020-05-06 12:20:00,471.23,21.0,25.3,14.66,134.0,0,2.72,65.25,1.37,0.1,2.52
2020-05-06 12:25:00,466.88,21.6,25.24,15.41,130.0,0,7.72,0.22,6.37,0.47,7.52
2020-05-06 12:30:00,466.88,21.6,25.24,15.12,128.0,0,12.72,0.22,11.37,0.12,0.52
2020-05-06 12:35:00,466.88,21.6,25.24,15.13,120.0,0,17.72,2.22,16.37,0.32,5.52
2020-05-06 12:40:00,464.45,21.6,25.24,14.98,112.0,0,0.72,1.2,21.37,0.52,3.52
2020-05-06 12:45:00,454.72,21.6,25.18,15.45,110.0,0,5.72,2.2,2.87,0.23,8.52
2020-05-06 12:50:00,454.72,22.0,25.14,15.57,110.0,0,10.72,7.2,7.87,1.13,13.52
2020-05-06 12:55:00,454.72,21.0,25.14,15.96,108.0,0,15.72,4.2,12.87,0.25,0.0
2020-05-06 13:00:00,454.72,21.0,25.14,15.43,100.0,0,20.72,9.2,17.87,0.18,5.0
2020-05-06 13:05:00,454.72,21.0,25.02,15.54,116.62,0,25.72,14.2,4.68,1.0,2.17
2020-05-06 13:10:00,452.35,21.0,25.02,15.64,116.43,0,0.68,19.2,9.68,0.17,0.15
2020-05-06 13:15:00,442.88,21.0,25.02,15.59,136.0,0,5.68,24.2,14.68,0.25,1.15
2020-05-06 13:20:00,442.88,21.0,25.0,15.52,99.62,0,10.68,29.2,0.67,0.42,1.65
2020-05-06 13:25:00,442.88,21.2,24.92,14.8,81.02,0,15.68,0.18,5.67,1.33,1.65
2020-05-06 13:30:00,442.88,22.0,24.92,14.63,64.0,0,20.68,5.18,10.67,0.3,4.15
2020-05-06 13:35:00,445.25,22.0,24.92,14.63,74.0,0,0.68,10.18,15.67,5.3,4.65
2020-05-06 13:40:00,454.72,22.0,24.9,14.45,74.0,0,5.68,15.18,0.67,0.03,9.65
2020-05-06 13:45:00,454.72,22.0,24.82,14.07,74.0,0,10.68,20.18,5.67,3.0,14.65
2020-05-06 13:50:00,454.72,22.0,24.82,14.17,74.0,0,15.68,25.18,10.67,4.27,19.65
2020-05-06 13:55:00,454.72,22.0,24.82,14.19,64.0,0,20.68,30.18,15.67,0.47,4.63
2020-05-06 14:00:00,454.72,22.0,24.78,14.17,56.0,0,25.68,35.18,1.65,5.47,3.63
2020-05-06 14:05:00,454.72,22.0,24.72,14.1,54.0,0,30.68,40.18,6.65,2.7,8.63
2020-05-06 14:10:00,454.72,22.0,24.72,13.93,54.0,0,35.68,45.18,11.65,4.37,13.63
2020-05-06 14:15:00,454.72,22.0,24.72,13.93,50.0,0,40.68,50.18,16.65,9.37,1.12
2020-05-06 14:20:00,454.72,22.0,24.72,13.88,44.0,0,45.68,55.18,21.65,1.47,6.12
2020-05-06 14:25:00,454.72,22.0,24.65,13.83,62.8,0,50.68,60.18,2.13,0.63,0.62
2020-05-06 14:30:00,454.72,22.0,24.6,13.93,78.6,0,55.68,65.18,7.13,5.63,0.12
2020-05-06 14:35:00,454.72,22.0,24.6,13.86,63.0,0,60.68,70.18,12.13,1.88,2.62
2020-05-06 14:40:00,454.72,22.0,24.6,13.83,59.0,0,65.68,75.18,17.13,3.75,7.62
2020-05-06 14:45:00,454.72,22.0,24.58,13.88,59.0,0,70.68,80.18,0.12,0.72,12.62
2020-05-06 14:50:00,454.72,22.0,24.5,13.77,51.0,0,75.68,85.18,5.12,1.3,3.6
2020-05-06 14:55:00,454.72,22.0,24.5,13.7,49.0,0,80.68,90.18,10.12,6.3,8.6
2020-05-06 15:00:00,454.72,22.0,24.5,13.58,49.0,0,85.68,95.18,15.12,4.03,13.6
2020-05-06 15:05:00,454.72,22.0,24.5,13.6,39.0,0,90.68,100.18,20.12,3.1,4.75
2020-05-06 15:10:00,454.72,22.0,24.42,13.29,35.0,0,95.68,105.18,3.1,0.13,1.75
2020-05-06 15:15:00,454.72,22.0,24.4,11.94,21.0,0,100.68,110.18,8.1,0.83,3.25
2020-05-06 15:20:00,454.72,22.0,24.4,11.32,15.2,0,105.68,115.18,13.1,0.93,0.75
2020-05-06 15:25:00,454.72,22.0,24.4,11.2,4.0,0,110.68,120.18,18.1,5.93,1.73
2020-05-06 15:30:00,454.72,22.0,24.36,11.06,10.0,0,115.68,125.18,1.08,0.38,6.73
2020-05-06 15:35:00,454.72,22.0,24.3,10.96,10.0,0,120.68,130.18,6.08,5.38,11.73
2020-05-06 15:40:00,454.72,22.0,24.3,10.72,10.0,1,125.68,135.18,11.08,0.9,16.73
2020-05-06 15:45:00,465.22,23.0,24.3,10.34,10.0,1,3.75,4.25,16.08,0.63,21.73
2020-05-06 15:50:00,478.72,23.0,24.3,10.0,10.0,1,4.75,9.25,21.08,4.1,26.73
2020-05-06 15:55:00,493.76,23.0,24.3,10.14,10.0,1,4.75,14.25,26.08,0.6,31.73
2020-05-06 16:00:00,493.76,23.0,24.3,10.26,18.0,1,9.75,19.25,31.08,0.15,3.72
2020-05-06 16:05:00,493.76,23.2,24.3,10.36,20.0,1,14.75,3.73,36.08,5.15,8.72
2020-05-06 16:10:00,493.76,24.0,24.3,10.43,20.0,1,19.75,4.73,41.08,2.53,13.72
2020-05-06 16:15:00,505.92,24.0,24.3,10.48,20.0,1,4.73,9.73,46.08,7.53,18.72
2020-05-06 16:20:00,505.92,24.0,24.3,10.48,20.0,1,9.73,14.73,51.08,12.53,23.72
2020-05-06 16:25:00,515.39,24.0,24.3,10.48,20.0,1,3.73,19.73,56.08,17.53,28.72
2020-05-06 16:30:00,533.18,24.0,24.3,10.48,20.0,1,0.72,24.73,61.08,22.53,33.72
2020-05-06 16:35:00,577.92,24.0,24.3,10.34,20.0,1,4.05,29.73,66.08,1.03,38.72
2020-05-06 16:40:00,573.44,24.0,24.3,10.14,20.0,1,1.05,34.73,71.08,0.02,43.72
2020-05-06 16:45:00,547.71,24.2,24.4,9.88,20.0,1,1.05,0.72,4.03,0.95,48.72
2020-05-06 16:50:00,539.84,24.8,24.4,9.76,20.0,1,6.05,1.72,9.03,5.95,53.72
2020-05-06 16:55:00,539.84,25.0,24.4,9.69,10.0,1,11.05,6.72,14.03,2.98,4.85
2020-05-06 17:00:00,539.84,25.0,24.4,9.58,0.0,1,16.05,11.72,19.03,2.1,4.85
2020-05-06 17:05:00,539.84,25.0,24.4,9.47,0.0,1,21.05,16.72,24.03,2.25,9.85
2020-05-06 17:10:00,552.0,25.0,24.4,9.32,0.0,1,4.03,21.72,29.03,3.38,14.85
2020-05-06 17:15:00,557.5,24.6,24.4,9.3,0.0,1,1.03,1.7,34.03,8.38,19.85
2020-05-06 17:20:00,565.76,24.4,24.4,9.3,0.0,1,6.03,1.68,39.03,13.38,24.85
2020-05-06 17:25:00,576.26,25.0,24.44,9.3,0.0,1,0.02,6.68,1.02,18.38,29.85
2020-05-06 17:30:00,599.68,25.0,24.5,9.4,0.0,1,2.02,11.68,6.02,3.95,34.85
2020-05-06 17:35:00,604.8,25.0,24.5,9.42,0.0,1,7.02,16.68,11.02,8.95,39.85
2020-05-06 17:40:00,612.67,25.0,24.5,9.42,0.0,1,2.02,21.68,16.02,13.95,44.85
2020-05-06 17:45:00,613.06,25.0,24.56,9.47,0.0,1,1.02,26.68,2.17,1.67,49.85
2020-05-06 17:50:00,605.76,25.0,24.6,9.49,0.0,1,6.02,31.68,7.17,2.33,54.85
2020-05-06 17:55:00,609.86,24.8,24.6,9.72,0.0,1,1.02,0.67,12.17,0.78,59.85
2020-05-06 18:00:00,616.0,24.2,24.6,9.98,0.0,1,6.02,1.67,17.17,0.68,64.85
2020-05-06 18:05:00,626.75,24.0,24.6,10.19,0.0,1,2.0,6.67,22.17,2.88,69.85
2020-05-06 18:10:00,633.92,24.0,24.6,10.34,0.0,1,7.0,11.67,27.17,3.08,74.85
2020-05-06 18:15:00,633.92,24.0,24.6,10.36,0.0,1,12.0,16.67,32.17,8.08,79.85
2020-05-06 18:20:00,630.91,24.0,24.6,10.34,4.2,1,0.0,21.67,37.17,0.98,0.3
2020-05-06 18:25:00,604.54,23.6,24.6,10.24,21.0,1,0.0,1.48,42.17,5.98,5.3
2020-05-06 18:30:00,595.84,23.4,24.6,10.12,21.0,1,5.0,1.48,47.17,0.17,10.3
2020-05-06 18:35:00,595.84,24.0,24.54,10.0,21.0,1,10.0,4.48,2.32,5.17,15.3
2020-05-06 18:40:00,595.84,24.0,24.46,9.95,21.0,1,15.0,9.48,1.13,1.48,20.3
2020-05-06 18:45:00,600.19,24.0,24.4,9.86,21.0,1,1.98,14.48,6.13,0.92,25.3
2020-05-06 18:50:00,606.72,24.0,24.4,9.66,21.0,1,6.98,19.48,11.13,3.82,30.3
2020-05-06 18:55:00,617.98,24.0,24.4,9.64,21.0,1,3.97,24.48,16.13,8.82,35.3
2020-05-06 19:00:00,614.78,24.0,24.4,9.64,21.0,1,1.97,29.48,21.13,13.82,40.3
2020-05-06 19:05:00,605.76,24.0,24.4,9.62,21.0,1,6.97,34.48,26.13,0.98,45.3
2020-05-06 19:10:00,608.38,24.0,24.4,9.54,21.0,1,0.97,39.48,31.13,5.98,50.3
2020-05-06 19:15:00,625.28,24.0,24.4,9.54,21.0,1,1.95,44.48,36.13,10.98,55.3
2020-05-06 19:20:00,634.88,24.0,24.4,9.54,21.0,1,6.95,49.48,41.13,15.98,60.3
2020-05-06 19:25:00,634.88,24.0,24.4,9.47,21.0,1,11.95,54.48,46.13,2.43,65.3
2020-05-06 19:30:00,634.88,24.0,24.4,9.37,21.0,1,16.95,59.48,51.13,1.02,70.3
2020-05-06 19:35:00,634.88,24.0,24.32,9.28,21.0,1,21.95,64.48,3.1,0.68,75.3
2020-05-06 19:40:00,622.08,24.0,24.3,9.13,21.0,1,3.93,69.48,8.1,1.03,80.3
2020-05-06 19:45:00,618.88,24.0,24.3,8.82,21.0,1,8.93,74.48,13.1,0.02,85.3
2020-05-06 19:50:00,618.88,24.0,24.3,8.5,21.0,1,13.93,79.48,18.1,5.02,90.3
2020-05-06 19:55:00,618.88,24.0,24.3,8.67,21.0,1,18.93,84.48,23.1,2.23,95.3
2020-05-06 20:00:00,618.88,24.0,24.3,8.72,21.0,1,23.93,89.48,28.1,7.23,100.3
2020-05-06 20:05:00,618.88,24.2,24.3,8.72,21.0,1,28.93,0.58,33.1,12.23,105.3
2020-05-06 20:10:00,616.7,24.0,24.3,8.72,21.0,1,0.92,4.58,38.1,17.23,110.3
2020-05-06 20:15:00,608.0,24.0,24.3,8.6,21.0,1,5.92,9.58,43.1,0.05,115.3
2020-05-06 20:20:00,608.0,24.0,24.3,8.5,21.0,1,10.92,14.58,48.1,5.05,120.3
2020-05-06 20:25:00,608.0,24.0,24.3,8.43,21.0,1,15.92,19.58,53.1,2.75,125.3
2020-05-06 20:30:00,608.0,24.0,24.3,8.36,21.0,1,20.92,24.58,58.1,0.05,130.3
2020-05-06 20:35:00,620.8,24.0,24.3,8.26,21.0,1,3.9,29.58,63.1,5.05,135.3
2020-05-06 20:40:00,616.32,24.0,24.3,8.26,21.0,1,1.9,34.58,68.1,10.05,140.3
2020-05-06 20:45:00,620.29,24.0,24.36,8.26,21.0,1,0.9,39.58,2.38,15.05,145.3
2020-05-06 20:50:00,640.26,24.2,24.4,8.26,21.0,1,3.9,0.72,7.38,20.05,150.3
2020-05-06 20:55:00,642.88,24.2,24.46,8.26,16.8,1,8.9,0.72,2.55,25.05,0.03
2020-05-06 21:00:00,633.86,23.8,24.58,8.26,0.0,1,0.88,0.22,3.55,30.05,5.03
2020-05-06 21:05:00,549.31,24.0,24.12,8.13,0.0,1,1.05,4.22,2.03,4.57,10.03
2020-05-06 21:10:00,528.0,24.0,24.06,8.13,0.0,1,6.05,9.22,7.03,9.57,15.03
2020-05-06 21:15:00,544.13,24.0,24.06,8.13,0.0,1,1.05,14.22,12.03,14.57,20.03
2020-05-06 21:20:00,552.0,24.0,24.12,8.13,0.0,1,6.05,19.22,2.03,19.57,25.03
2020-05-06 21:25:00,559.68,24.0,24.16,8.06,0.0,1,2.03,24.22,7.03,2.7,30.03
2020-05-06 21:30:00,564.8,24.0,24.16,7.96,0.0,1,7.03,29.22,12.03,1.87,35.03
2020-05-06 21:35:00,578.37,24.0,24.16,7.89,0.0,0,0.03,34.22,17.03,6.87,40.03
2020-05-06 21:40:00,592.19,24.0,24.16,7.79,0.0,0,1.03,39.22,22.03,3.9,45.03
2020-05-06 21:45:00,598.72,24.0,24.16,7.84,0.0,0,6.03,44.22,27.03,2.58,50.03
2020-05-06 21:50:00,593.98,24.0,24.12,7.89,0.0,0,1.03,49.22,1.02,7.58,55.03
2020-05-06 21:55:00,586.88,24.0,24.06,7.76,0.0,0,6.03,54.22,6.02,4.83,60.03
2020-05-06 22:00:00,586.88,24.0,24.06,7.59,0.0,0,11.03,59.22,11.02,1.8,65.03
2020-05-06 22:05:00,595.33,24.0,24.06,7.52,0.0,0,2.02,64.22,16.02,6.8,70.03
2020-05-06 22:10:00,594.24,24.0,24.02,7.44,0.0,0,2.02,69.22,1.5,2.17,75.03
2020-05-06 22:15:00,589.76,24.0,23.96,7.39,0.0,0,7.02,74.22,6.5,7.17,80.03
2020-05-06 22:20:00,589.76,24.0,23.96,7.39,0.0,1,12.02,79.22,11.5,12.17,85.03
2020-05-06 22:25:00,589.76,24.0,23.96,7.39,0.0,1,17.02,84.22,16.5,17.17,90.03
2020-05-06 22:30:00,589.76,24.0,23.96,7.29,0.0,1,22.02,89.22,21.5,3.75,95.03
2020-05-06 22:35:00,584.26,24.0,23.96,7.27,0.0,1,1.0,94.22,26.5,8.75,100.03
2020-05-06 22:40:00,578.18,24.0,23.96,7.27,0.0,1,0.0,99.22,31.5,13.75,105.03
2020-05-06 22:45:00,586.88,24.0,23.96,7.12,0.0,1,5.0,104.22,36.5,0.35,110.03
2020-05-06 22:50:00,589.5,24.0,23.96,7.02,0.0,1,0.98,109.22,41.5,5.35,115.03
2020-05-06 22:55:00,605.12,24.0,23.96,7.02,0.0,1,1.98,114.22,46.5,10.35,120.03
2020-05-06 23:00:00,612.8,24.0,23.96,7.02,0.0,1,6.98,119.22,51.5,15.35,125.03
2020-05-06 23:05:00,596.86,23.0,23.96,6.94,0.0,1,1.98,4.15,56.5,2.75,130.03
2020-05-06 23:10:00,590.72,23.0,23.96,6.84,0.0,1,6.98,9.15,61.5,1.7,135.03
2020-05-06 23:15:00,592.77,23.0,23.96,6.77,0.0,1,0.97,14.15,66.5,6.7,140.03
2020-05-06 23:20:00,600.96,23.0,23.96,6.77,0.0,0,5.97,19.15,71.5,11.7,145.03
2020-05-06 23:25:00,592.77,23.0,23.96,6.64,0.0,0,3.97,24.15,76.5,4.88,150.03
2020-05-06 23:30:00,590.72,23.0,23.96,6.52,0.0,0,8.97,29.15,81.5,4.78,155.03
2020-05-06 23:35:00,590.72,23.0,23.96,6.42,0.0,0,13.97,34.15,86.5,3.0,160.03
2020-05-06 23:40:00,590.72,23.0,23.96,6.26,0.0,0,18.97,39.15,91.5,0.63,165.03
2020-05-06 23:45:00,578.88,23.0,23.96,6.14,0.0,0,4.95,44.15,96.5,5.63,170.03
2020-05-06 23:50:00,581.06,23.0,23.96,6.01,0.0,0,0.95,49.15,101.5,4.8,175.03
2020-05-06 23:55:00,589.76,23.0,23.96,5.96,0.0,0,5.95,54.15,106.5,1.23,180.03
2020-05-07 00:00:00,589.76,23.0,23.96,5.88,0.0,1,10.95,59.15,111.5,6.23,185.03
2020-05-07 00:05:00,589.76,23.0,23.96,5.76,0.0,1,15.95,64.15,116.5,4.13,190.03
2020-05-07 00:10:00,589.76,23.0,23.96,5.68,0.0,1,20.95,69.15,121.5,3.72,195.03
2020-05-07 00:15:00,589.76,23.0,23.96,5.66,0.0,1,25.95,74.15,126.5,8.72,200.03
2020-05-07 00:20:00,589.76,23.0,23.96,5.66,0.0,1,30.95,79.15,131.5,13.72,205.03
2020-05-07 00:25:00,589.76,23.0,23.96,5.53,0.0,1,35.95,84.15,136.5,4.12,210.03
2020-05-07 00:30:00,585.41,23.0,23.96,5.53,0.0,1,1.92,89.15,141.5,9.12,215.03
2020-05-07 00:35:00,578.88,23.0,23.96,5.48,0.0,1,6.92,94.15,146.5,1.12,220.03
2020-05-07 00:40:00,578.88,23.0,23.96,5.38,0.0,0,11.92,99.15,151.5,0.48,225.03
2020-05-07 00:45:00,578.88,22.6,23.96,5.28,0.0,0,16.92,1.07,156.5,5.48,230.03
2020-05-07 00:50:00,578.88,22.4,23.96,5.28,0.0,1,21.92,1.07,161.5,10.48,235.03
2020-05-07 00:55:00,583.23,22.0,23.96,5.28,0.0,1,1.9,6.07,166.5,15.48,240.03
2020-05-07 01:00:00,589.76,22.0,23.96,5.28,0.0,1,6.9,11.07,171.5,20.48,245.03
2020-05-07 01:05:00,585.92,22.4,23.96,5.26,0.0,1,1.9,0.22,176.5,0.2,250.03
2020-05-07 01:10:00,616.13,22.2,23.96,5.16,0.0,1,1.9,2.22,181.5,0.93,255.03
2020-05-07 01:15:00,602.88,22.2,23.96,5.01,0.0,0,4.88,1.22,186.5,1.5,260.03
2020-05-07 01:20:00,602.88,22.2,23.96,4.9,0.0,0,9.88,0.22,191.5,0.3,265.03
2020-05-07 01:25:00,578.75,22.4,23.96,4.8,0.0,1,1.88,1.22,196.5,5.3,270.03
2020-05-07 01:30:00,573.06,22.4,23.96,4.8,0.0,1,0.88,1.22,201.5,10.3,275.03
2020-05-07 01:35:00,585.86,22.0,23.96,4.7,0.0,1,1.88,4.2,206.5,4.22,280.03
2020-05-07 01:40:00,570.75,22.0,23.96,4.7,0.0,1,3.87,9.2,211.5,9.22,285.03
2020-05-07 01:45:00,568.0,22.0,23.96,4.7,0.0,1,8.87,14.2,216.5,14.22,290.03
2020-05-07 01:50:00,568.0,22.0,23.96,4.7,0.0,1,13.87,19.2,221.5,19.22,295.03
2020-05-07 01:55:00,571.78,22.0,23.94,4.7,0.0,1,0.03,24.2,0.52,24.22,300.03
2020-05-07 02:00:00,593.41,22.0,23.84,4.7,0.0,1,2.03,29.2,5.52,29.22,305.03
2020-05-07 02:05:00,591.36,21.4,23.84,4.67,0.0,1,1.02,1.85,10.52,0.97,310.03
2020-05-07 02:10:00,581.76,22.0,23.84,4.57,0.0,1,6.02,6.85,15.52,5.97,315.03
2020-05-07 02:15:00,581.76,22.0,23.84,4.57,0.0,1,11.02,11.85,20.52,10.97,320.03
2020-05-07 02:20:00,581.76,21.4,23.84,4.44,0.0,1,16.02,1.85,25.52,4.83,325.03
2020-05-07 02:25:00,581.76,21.8,23.84,4.44,0.0,1,21.02,1.85,30.52,9.83,330.03
2020-05-07 02:30:00,592.0,21.8,23.84,4.34,0.0,1,4.02,0.83,35.52,3.87,335.03
2020-05-07 02:35:00,576.0,21.4,23.84,4.31,0.0,1,4.0,0.83,40.52,8.87,340.03
2020-05-07 02:40:00,576.0,21.0,23.84,4.31,0.0,1,9.0,5.83,45.52,13.87,345.03
2020-05-07 02:45:00,563.84,21.4,23.84,4.31,0.0,1,4.0,1.83,50.52,18.87,350.03
2020-05-07 02:50:00,566.46,21.8,23.84,4.31,0.0,1,0.0,0.83,55.52,23.87,355.03
2020-05-07 02:55:00,571.33,22.0,23.84,4.31,0.0,1,1.0,5.83,60.52,28.87,360.03
2020-05-07 03:00:00,562.88,21.8,23.84,4.31,0.0,1,6.0,0.82,65.52,33.87,365.03
2020-05-07 03:05:00,573.76,22.0,23.84,4.39,0.0,1,4.98,5.82,70.52,2.15,370.03
2020-05-07 03:10:00,573.76,21.4,23.84,4.44,0.0,1,9.98,2.82,75.52,7.15,375.03
2020-05-07 03:15:00,570.37,21.8,23.84,4.44,0.0,0,0.98,0.82,80.52,12.15,380.03
2020-05-07 03:20:00,556.8,21.2,23.84,4.44,0.0,0,5.98,2.82,85.52,17.15,385.03
2020-05-07 03:25:00,556.8,21.0,23.84,4.44,0.0,0,10.98,7.82,90.52,22.15,390.03
2020-05-07 03:30:00,556.8,21.0,23.84,4.44,0.0,0,15.98,12.82,95.52,27.15,395.03
2020-05-07 03:35:00,556.8,21.0,23.84,4.54,0.0,0,20.98,17.82,100.52,3.17,400.03
2020-05-07 03:40:00,556.8,21.0,23.84,4.57,0.0,0,25.98,22.82,105.52,8.17,405.03
2020-05-07 03:45:00,556.8,21.0,23.84,4.7,0.0,0,30.98,27.82,110.52,4.45,410.03
2020-05-07 03:50:00,549.7,21.0,23.84,4.7,0.0,0,2.95,32.82,115.52,9.45,415.03
2020-05-07 03:55:00,553.66,21.0,23.8,4.8,0.0,1,3.95,37.82,1.1,4.17,420.03
2020-05-07 04:00:00,555.84,21.0,23.74,4.93,0.0,1,8.95,42.82,6.1,4.93,425.03
2020-05-07 04:05:00,555.84,21.0,23.74,4.93,0.0,1,13.95,47.82,11.1,9.93,430.03
2020-05-07 04:10:00,547.14,21.0,23.74,5.06,0.0,1,3.95,52.82,16.1,1.2,435.03
2020-05-07 04:15:00,553.66,21.0,23.74,5.24,0.0,1,3.93,57.82,21.1,2.88,440.03
2020-05-07 04:20:00,555.84,21.0,23.74,5.43,0.0,1,8.93,62.82,26.1,1.95,445.03
2020-05-07 04:25:00,555.84,21.0,23.74,5.43,0.0,1,13.93,67.82,31.1,3.38,450.03
2020-05-07 04:30:00,555.84,21.0,23.74,5.48,2.4,1,18.93,72.82,36.1,2.13,0.9
2020-05-07 04:35:00,538.88,21.0,23.74,5.48,32.2,1,4.93,77.82,41.1,1.02,0.4
2020-05-07 04:40:00,550.14,21.0,23.74,5.36,51.0,1,3.92,82.82,46.1,2.58,2.4
2020-05-07 04:45:00,555.52,21.0,23.74,5.46,61.0,1,0.92,87.82,51.1,1.08,1.9
2020-05-07 04:50:00,574.72,21.0,23.74,5.51,73.81,1,3.92,92.82,56.1,0.27,0.38
2020-05-07 04:55:00,576.96,21.0,23.74,5.58,89.04,1,8.92,97.82,61.1,0.37,5.38
2020-05-07 05:00:00,585.66,21.0,23.84,5.51,99.04,1,3.9,102.82,4.07,3.5,4.88
2020-05-07 05:05:00,569.98,21.0,23.94,5.7,109.04,1,1.9,107.82,4.07,0.95,0.88
2020-05-07 05:10:00,542.72,20.2,24.04,5.78,261.47,1,4.9,3.9,4.72,0.8,2.38
2020-05-07 05:15:00,528.96,20.6,24.18,5.93,342.98,1,4.9,2.9,0.72,2.52,2.87
2020-05-07 05:20:00,540.99,21.0,24.3,6.11,334.91,1,3.9,7.9,1.72,3.02,1.37
2020-05-07 05:25:00,556.8,21.0,24.42,6.14,328.96,1,4.9,12.9,1.55,8.02,6.37
2020-05-07 05:30:00,559.23,21.0,24.56,6.47,328.96,1,0.88,17.9,2.55,0.28,11.37
2020-05-07 05:35:00,568.96,21.0,24.73,6.59,341.63,1,5.88,22.9,1.2,0.22,2.35
2020-05-07 05:40:00,566.53,21.0,24.86,6.54,358.08,1,0.88,27.9,1.37,0.1,7.35
2020-05-07 05:45:00,540.93,20.6,24.92,6.62,334.91,1,3.88,1.88,6.37,3.5,3.85
2020-05-07 05:50:00,536.96,20.2,24.84,6.54,321.66,1,8.88,3.87,2.37,0.57,3.85
2020-05-07 05:55:00,531.71,20.8,24.78,6.87,316.22,1,1.87,1.87,7.37,0.85,0.33
2020-05-07 06:00:00,518.59,20.8,24.83,6.89,304.96,1,1.87,1.87,1.35,4.95,5.33
2020-05-07 06:05:00,505.6,21.2,24.9,6.82,304.96,1,1.87,0.87,6.35,1.38,10.33
2020-05-07 06:10:00,502.66,20.6,24.9,6.84,302.78,1,1.87,1.87,11.35,1.37,0.83
2020-05-07 06:15:00,498.88,21.2,24.9,6.94,267.06,1,0.85,0.85,16.35,2.35,1.48
2020-05-07 06:20:00,485.95,21.6,25.0,7.09,295.04,1,0.18,0.85,3.35,2.73,6.48
2020-05-07 06:25:00,483.9,21.0,25.02,7.04,283.04,1,2.18,0.85,8.35,3.67,4.98
2020-05-07 06:30:00,488.0,20.8,25.02,7.09,280.64,1,7.18,0.85,13.35,1.38,0.48
2020-05-07 06:35:00,488.0,21.4,25.02,7.19,247.42,1,12.18,0.85,18.35,1.78,0.48
2020-05-07 06:40:00,481.09,21.2,25.04,7.27,267.36,1,1.18,3.85,0.33,0.62,3.48
2020-05-07 06:45:00,470.72,21.0,25.12,7.66,264.96,1,6.18,8.85,5.33,1.68,8.48
2020-05-07 06:50:00,470.72,21.0,25.17,7.74,264.96,1,11.18,13.85,1.0,0.72,13.48
2020-05-07 06:55:00,470.72,21.0,25.24,7.57,271.81,1,16.18,18.85,6.0,0.02,1.47
2020-05-07 07:00:00,470.72,21.0,25.24,7.47,289.86,1,21.18,23.85,11.0,2.13,2.97
2020-05-07 07:05:00,470.72,21.0,25.24,7.39,287.2,1,26.18,28.85,16.0,0.8,1.97
2020-05-07 07:10:00,470.72,21.2,25.36,7.81,267.58,1,31.18,0.82,4.98,1.77,1.97
2020-05-07 07:15:00,470.72,21.0,25.36,7.98,300.06,1,36.18,4.82,9.98,1.45,2.45
2020-05-07 07:20:00,470.72,21.0,25.36,8.03,321.38,1,41.18,9.82,14.98,0.2,1.95
2020-05-07 07:25:00,461.25,21.0,25.36,8.33,345.79,1,3.15,14.82,19.98,0.63,1.45
2020-05-07 07:30:00,458.88,21.0,25.41,8.36,356.16,1,8.15,0.8,1.97,0.07,6.45
2020-05-07 07:35:00,458.88,21.4,25.48,8.21,356.16,1,13.15,0.8,6.97,1.67,11.45
2020-05-07 07:40:00,458.88,21.2,25.48,8.5,354.88,1,18.15,0.8,11.97,0.82,1.43
2020-05-07 07:45:00,458.88,21.2,25.48,8.38,310.4,1,23.15,1.8,16.97,4.18,0.43
2020-05-07 07:50:00,458.88,21.0,25.48,8.56,335.04,1,28.15,6.8,21.97,0.67,4.93
2020-05-07 07:55:00,458.88,21.0,25.56,8.77,228.43,1,33.15,11.8,3.95,0.82,0.93
2020-05-07 08:00:00,452.35,21.0,25.58,8.77,248.82,1,2.12,16.8,8.95,2.58,0.42
2020-05-07 08:05:00,448.0,21.0,25.58,8.6,316.0,1,7.12,21.8,13.95,0.52,5.42
2020-05-07 08:10:00,448.0,20.6,25.58,8.47,235.62,1,12.12,1.78,18.95,1.23,0.08
2020-05-07 08:15:00,448.0,20.2,25.51,8.65,259.62,1,17.12,0.78,2.27,1.05,0.58
2020-05-07 08:20:00,448.0,20.6,25.46,8.97,301.28,1,22.12,0.78,7.27,0.0,1.08
2020-05-07 08:25:00,448.0,20.8,25.46,9.08,301.02,1,27.12,0.93,12.27,0.2,0.07
2020-05-07 08:30:00,448.0,20.6,25.54,8.9,247.43,1,32.12,0.93,3.27,1.68,0.07
2020-05-07 08:35:00,448.0,20.4,25.56,8.95,74.4,1,37.12,2.93,8.27,0.82,0.07
2020-05-07 08:40:00,448.0,20.4,25.46,9.11,193.19,1,42.12,1.43,4.25,1.08,0.57
2020-05-07 08:45:00,448.0,20.6,25.46,9.08,140.22,1,47.12,0.43,9.25,0.2,0.57
2020-05-07 08:50:00,448.0,19.4,25.43,8.98,214.24,1,52.12,1.42,0.08,1.17,1.07
2020-05-07 08:55:00,448.0,18.0,25.19,9.04,175.25,1,57.12,1.08,3.08,1.62,0.55
2020-05-07 09:00:00,448.0,18.0,25.16,9.09,244.45,1,62.12,3.08,8.08,0.07,0.05
2020-05-07 09:05:00,448.0,18.8,25.16,9.53,228.0,1,67.12,0.42,13.08,1.15,5.05
2020-05-07 09:10:00,448.0,18.0,25.2,9.58,228.0,1,72.12,1.92,0.07,0.07,10.05
2020-05-07 09:15:00,448.0,17.0,25.05,9.54,117.0,1,77.12,6.92,0.73,0.6,0.05
2020-05-07 09:20:00,448.0,17.2,24.9,9.9,201.79,1,82.12,2.9,5.73,0.4,1.53
2020-05-07 09:25:00,448.0,17.0,24.9,10.02,173.6,1,87.12,7.9,10.73,3.98,0.03
2020-05-07 09:30:00,441.28,17.0,24.86,9.86,135.62,1,2.23,12.9,1.72,0.75,1.03
2020-05-07 09:35:00,436.8,17.0,24.75,9.64,138.43,1,7.23,17.9,1.72,0.27,0.03
2020-05-07 09:40:00,442.05,17.6,24.68,9.93,135.04,1,1.23,1.88,6.72,0.75,2.53
2020-05-07 09:45:00,449.92,17.6,24.78,9.93,117.22,1,6.23,0.88,3.72,1.23,1.02
2020-05-07 09:50:00,449.92,17.0,24.86,9.81,114.0,1,11.23,4.88,2.72,2.47,0.52
2020-05-07 09:55:00,449.92,18.2,25.0,10.19,106.0,1,16.23,0.38,4.2,0.75,5.52
2020-05-07 10:00:00,449.92,18.0,25.0,10.41,98.8,1,21.23,0.88,9.2,0.2,1.52
2020-05-07 10:05:00,449.92,17.6,25.0,10.72,77.0,1,26.23,0.05,14.2,0.57,0.18
2020-05-07 10:10:00,449.92,17.0,24.92,10.43,67.0,1,31.23,4.05,3.2,0.23,5.18
2020-05-07 10:15:00,449.92,17.0,24.8,10.46,58.6,1,36.23,9.05,4.2,0.38,2.67
2020-05-07 10:20:00,455.55,17.0,24.8,10.53,53.0,1,1.2,14.05,9.2,1.8,7.67
2020-05-07 10:25:00,464.0,18.6,24.72,10.62,53.0,1,6.2,0.37,1.02,3.58,12.67
2020-05-07 10:30:00,464.0,17.2,24.74,10.38,53.0,1,11.2,2.53,1.02,0.72,17.67
2020-05-07 10:35:00,464.0,17.8,24.56,10.41,53.0,1,16.2,0.03,4.02,0.28,22.67
2020-05-07 10:40:00,461.76,18.8,24.6,10.41,53.0,1,0.18,0.02,1.02,0.22,27.67
2020-05-07 10:45:00,452.8,17.2,24.62,10.53,53.0,1,5.18,3.52,1.02,2.7,32.67
2020-05-07 10:50:00,452.8,17.6,24.56,10.65,53.0,1,10.18,0.35,6.02,1.0,37.67
2020-05-07 10:55:00,452.8,19.2,24.56,10.67,55.0,1,15.18,1.35,11.02,0.77,0.65
2020-05-07 11:00:00,452.8,18.4,24.56,11.01,63.0,1,20.18,0.85,16.02,0.07,5.65
2020-05-07 11:05:00,452.8,18.0,24.44,10.82,57.0,1,25.18,0.33,4.0,0.17,2.15
2020-05-07 11:10:00,452.8,19.2,24.44,10.67,53.0,1,30.18,0.83,9.0,0.47,7.15
2020-05-07 11:15:00,452.8,19.0,24.44,10.84,53.0,1,35.18,0.33,14.0,1.1,12.15
2020-05-07 11:20:00,452.8,18.8,24.4,11.01,53.0,1,40.18,1.17,1.32,0.83,17.15
2020-05-07 11:25:00,452.8,18.4,24.32,11.01,47.0,1,45.18,0.15,0.32,1.48,2.63
2020-05-07 11:30:00,452.8,18.4,24.24,10.7,43.0,0,50.18,0.32,5.32,0.95,7.63
2020-05-07 11:35:00,452.8,18.0,24.24,11.03,43.0,0,55.18,0.65,10.32,0.27,12.63
2020-05-07 11:40:00,452.8,20.0,24.16,11.25,43.0,0,60.18,0.15,3.98,0.37,17.63
2020-05-07 11:45:00,452.8,19.6,24.14,11.06,43.0,0,65.18,0.65,8.98,0.18,22.63
2020-05-07 11:50:00,452.8,18.6,24.14,10.94,43.0,0,70.18,0.8,13.98,3.0,27.63
2020-05-07 11:55:00,452.8,18.4,24.01,11.22,43.0,0,75.18,0.3,3.3,0.92,32.63
2020-05-07 12:00:00,452.8,17.2,23.92,11.22,43.0,0,80.18,3.63,2.3,0.08,37.63
2020-05-07 12:05:00,441.54,18.0,23.67,10.94,43.0,1,3.13,0.13,2.28,0.63,42.63
2020-05-07 12:10:00,440.77,18.8,23.67,11.01,43.0,1,0.13,0.63,1.28,2.97,47.63
2020-05-07 12:15:00,448.96,19.6,23.74,11.01,43.0,1,5.13,0.78,6.28,0.25,52.63
2020-05-07 12:20:00,448.96,18.4,23.74,11.63,43.0,1,10.13,0.78,11.28,1.28,57.63
2020-05-07 12:25:00,448.96,18.6,23.74,11.63,43.0,1,15.13,0.28,16.28,1.25,62.63
2020-05-07 12:30:00,448.96,18.0,23.72,11.25,43.0,1,20.13,0.12,0.27,0.3,67.63
2020-05-07 12:35:00,448.96,20.0,23.64,11.08,43.0,1,25.13,3.12,5.27,5.3,72.63
2020-05-07 12:40:00,453.31,19.6,23.66,11.06,39.0,1,1.12,1.78,0.27,3.95,1.75
2020-05-07 12:45:00,459.84,19.0,23.72,10.94,33.0,1,6.12,0.6,0.27,0.32,6.75
2020-05-07 12:50:00,456.64,19.0,23.54,11.06,33.0,1,0.1,0.1,3.77,3.28,11.75
2020-05-07 12:55:00,448.7,18.0,23.52,11.18,33.0,1,1.1,1.1,8.77,3.97,16.75
2020-05-07 13:00:00,456.0,19.2,23.52,11.39,33.0,1,6.1,0.6,13.77,0.42,21.75
2020-05-07 13:05:00,456.0,17.8,23.48,11.18,33.0,1,11.1,0.6,1.75,0.87,26.75
2020-05-07 13:10:00,456.0,17.2,23.27,11.13,33.0,1,16.1,3.6,1.75,0.58,31.75
2020-05-07 13:15:00,456.0,18.2,23.18,11.22,33.0,1,21.1,0.25,6.75,0.78,36.75
2020-05-07 13:20:00,449.86,19.2,23.18,11.13,33.0,1,2.08,0.75,11.75,1.33,41.75
2020-05-07 13:25:00,451.9,18.6,23.18,11.39,33.0,1,2.08,0.58,16.75,0.68,46.75
2020-05-07 13:30:00,456.0,18.8,23.22,11.78,33.0,1,7.08,0.08,1.73,0.77,51.75
2020-05-07 13:35:00,456.0,18.8,23.28,11.44,28.2,1,12.08,0.58,6.73,0.93,1.22
2020-05-07 13:40:00,456.0,19.6,23.28,11.25,21.0,1,17.08,0.92,11.73,0.67,6.22
2020-05-07 13:45:00,456.0,19.6,23.28,11.3,21.0,1,22.08,0.57,16.73,0.63,11.22
2020-05-07 13:50:00,456.0,18.0,23.2,11.18,21.0,1,27.08,0.07,3.73,0.13,16.22
2020-05-07 13:55:00,456.0,18.4,23.14,10.98,21.0,1,32.08,0.07,1.72,3.73,21.22
2020-05-07 14:00:00,456.0,19.2,23.08,10.91,21.0,1,37.08,1.07,6.72,1.87,26.22
2020-05-07 14:05:00,449.86,18.8,23.08,11.03,21.0,0,0.23,0.05,11.72,0.72,31.22
2020-05-07 14:10:00,456.0,20.0,23.08,10.96,21.0,0,5.23,0.05,16.72,5.72,36.22
2020-05-07 14:15:00,456.0,19.6,23.08,10.98,21.0,0,10.23,2.88,21.72,0.45,41.22
2020-05-07 14:20:00,456.0,19.6,23.08,11.08,21.0,0,15.23,0.05,26.72,5.45,46.22
2020-05-07 14:25:00,453.76,19.6,23.08,11.01,21.0,0,0.22,1.55,31.72,2.13,51.22
2020-05-07 14:30:00,444.8,18.8,23.08,11.03,21.0,0,5.22,0.37,36.72,0.28,56.22
2020-05-07 14:35:00,444.8,18.8,23.08,11.08,21.0,0,10.22,0.37,41.72,5.28,61.22
2020-05-07 14:40:00,444.8,18.4,22.98,11.08,21.0,0,15.22,1.53,4.7,10.28,66.22
2020-05-07 14:45:00,449.66,18.8,22.98,11.1,21.0,0,1.2,0.87,9.7,0.92,71.22
2020-05-07 14:50:00,456.96,19.6,22.98,11.25,21.0,0,6.2,2.87,14.7,1.38,76.22
2020-05-07 14:55:00,454.91,19.6,22.98,11.42,21.0,0,0.2,0.02,19.7,0.87,81.22
2020-05-07 15:00:00,446.72,19.6,22.98,11.68,21.0,0,5.2,0.02,24.7,1.83,86.22
2020-05-07 15:05:00,454.02,19.2,22.88,11.75,21.0,0,2.18,0.02,4.52,0.43,91.22
2020-05-07 15:10:00,456.7,18.8,22.74,11.58,21.0,0,0.18,0.02,4.18,0.35,96.22
2020-05-07 15:15:00,448.0,19.6,22.64,11.8,21.0,1,5.18,3.52,4.17,5.35,101.22
2020-05-07 15:20:00,448.0,20.0,22.64,11.51,21.0,1,10.18,4.02,9.17,0.75,106.22
2020-05-07 15:25:00,454.53,19.6,22.64,11.46,21.0,1,2.18,0.0,14.17,0.17,111.22
2020-05-07 15:30:00,458.88,19.2,22.64,11.49,21.0,1,7.18,2.5,19.17,2.83,116.22
2020-05-07 15:35:00,458.88,20.0,22.64,11.66,17.0,1,12.18,7.5,24.17,0.7,1.3
2020-05-07 15:40:00,458.88,20.0,22.7,11.51,11.0,0,17.18,12.5,2.32,1.82,6.3
2020-05-07 15:45:00,458.88,20.0,22.74,11.44,11.0,0,22.18,3.0,7.32,6.82,11.3
2020-05-07 15:50:00,458.88,20.0,22.74,11.49,11.0,0,27.18,4.5,12.32,1.13,16.3
2020-05-07 15:55:00,458.88,20.0,22.74,11.61,11.0,1,32.18,9.5,17.32,1.13,21.3
2020-05-07 16:00:00,458.88,20.0,22.76,11.58,11.0,1,37.18,14.5,0.32,3.93,26.3
2020-05-07 16:05:00,466.75,20.0,22.84,11.44,24.2,1,2.15,19.5,5.32,4.2,2.95
2020-05-07 16:10:00,474.18,20.0,22.84,11.37,33.0,1,0.15,24.5,10.32,1.3,7.95
2020-05-07 16:15:00,482.88,20.0,22.84,11.27,33.0,1,5.15,29.5,15.32,1.07,12.95
2020-05-07 16:20:00,482.88,20.2,22.84,11.32,33.0,1,10.15,0.63,20.32,6.07,17.95
2020-05-07 16:25:00,482.88,20.4,22.84,11.32,33.0,1,15.15,0.63,25.32,11.07,22.95
2020-05-07 16:30:00,482.88,20.0,22.84,11.32,33.0,1,20.15,5.63,30.32,16.07,27.95
2020-05-07 16:35:00,482.88,20.0,22.84,11.32,23.0,1,25.15,10.63,35.32,21.07,4.93
2020-05-07 16:40:00,482.88,20.0,22.84,11.32,23.0,1,30.15,15.63,40.32,26.07,9.93
2020-05-07 16:45:00,480.26,20.0,22.84,11.32,23.0,1,0.13,20.63,45.32,31.07,14.93
2020-05-07 16:50:00,469.76,20.0,22.88,11.32,23.0,1,5.13,25.63,1.28,36.07,19.93
2020-05-07 16:55:00,472.38,20.0,22.94,11.32,23.0,1,0.12,30.63,6.28,41.07,24.93
2020-05-07 17:00:00,485.25,20.0,22.94,11.22,0.0,1,0.12,35.63,11.28,3.63,4.42
2020-05-07 17:05:00,530.62,21.4,22.94,11.15,0.0,1,0.12,1.62,16.28,1.47,2.42
2020-05-07 17:10:00,717.44,22.0,23.04,11.2,2.2,1,0.62,0.12,0.77,0.58,0.92
2020-05-07 17:15:00,743.42,20.0,23.05,11.2,11.0,1,0.12,4.28,1.27,5.58,5.92
2020-05-07 17:20:00,517.38,20.4,22.72,11.18,11.0,1,0.12,0.27,2.43,0.62,10.92
2020-05-07 17:25:00,485.06,20.6,22.53,11.1,8.8,1,1.1,0.27,1.93,2.6,0.4
2020-05-07 17:30:00,477.76,20.8,22.46,11.08,0.0,1,6.1,0.27,6.93,7.6,5.4
2020-05-07 17:35:00,471.23,20.0,22.46,11.01,0.0,1,2.1,5.27,11.93,2.83,10.4
2020-05-07 17:40:00,466.88,20.0,22.56,10.96,0.0,1,7.1,10.27,4.92,7.83,15.4
2020-05-07 17:45:00,466.88,20.0,22.64,10.96,0.0,1,12.1,15.27,3.92,12.83,20.4
2020-05-07 17:50:00,466.88,20.0,22.66,10.86,0.0,1,17.1,20.27,8.92,3.97,25.4
2020-05-07 17:55:00,466.88,20.0,22.66,10.74,0.0,1,22.1,25.27,13.92,3.37,30.4
2020-05-07 18:00:00,466.88,20.0,22.76,10.53,0.0,1,27.1,30.27,4.9,0.63,35.4
2020-05-07 18:05:00,466.88,20.0,22.76,9.63,0.0,1,32.1,35.27,9.9,1.02,40.4
2020-05-07 18:10:00,466.88,20.0,22.76,9.3,0.0,1,37.1,40.27,14.9,4.97,45.4
2020-05-07 18:15:00,469.06,20.2,22.76,9.25,0.0,1,0.07,3.4,19.9,1.13,50.4
2020-05-07 18:20:00,477.76,20.0,22.76,9.16,0.0,1,5.07,8.4,24.9,0.08,55.4
2020-05-07 18:25:00,477.76,20.0,22.76,8.98,0.0,1,10.07,13.4,29.9,3.07,60.4
2020-05-07 18:30:00,477.76,20.0,22.76,8.84,0.0,1,15.07,18.4,34.9,4.68,65.4
2020-05-07 18:35:00,477.76,20.0,22.76,8.77,0.0,1,20.07,23.4,39.9,2.98,70.4
2020-05-07 18:40:00,469.06,20.0,22.76,8.6,0.0,1,3.07,28.4,44.9,0.68,75.4
2020-05-07 18:45:00,466.88,20.0,22.76,8.43,0.0,1,8.07,33.4,49.9,2.52,80.4
2020-05-07 18:50:00,466.88,20.2,22.82,8.26,0.0,1,13.07,0.38,2.03,4.83,85.4
2020-05-07 18:55:00,466.88,21.0,22.86,8.26,0.0,1,18.07,5.38,7.03,9.83,90.4
2020-05-07 19:00:00,475.58,21.0,22.86,8.26,0.0,1,3.22,10.38,12.03,14.83,95.4
2020-05-07 19:05:00,477.76,21.0,22.86,8.26,0.0,1,8.22,15.38,17.03,19.83,100.4
2020-05-07 19:10:00,477.76,21.2,22.86,8.28,0.0,1,13.22,2.53,22.03,0.5,105.4
2020-05-07 19:15:00,477.76,21.0,22.86,8.52,0.0,1,18.22,7.53,27.03,1.57,110.4
2020-05-07 19:20:00,477.76,21.0,22.86,8.62,0.0,1,23.22,12.53,32.03,0.63,115.4
2020-05-07 19:25:00,477.76,21.0,22.86,8.72,0.0,1,28.22,17.53,37.03,5.63,120.4
2020-05-07 19:30:00,477.76,21.0,22.86,8.7,0.0,1,33.22,22.53,42.03,0.43,125.4
2020-05-07 19:35:00,477.76,21.0,22.86,8.6,0.0,1,38.22,27.53,47.03,5.43,130.4
2020-05-07 19:40:00,526.53,23.0,22.84,8.52,0.0,1,0.18,4.52,0.0,3.17,135.4
2020-05-07 19:45:00,630.21,23.0,22.76,8.38,0.0,1,1.18,9.52,5.0,0.58,140.4
2020-05-07 19:50:00,663.87,23.0,22.76,8.26,0.0,1,3.18,14.52,10.0,5.58,145.4
2020-05-07 19:55:00,662.78,23.4,22.76,8.21,0.0,1,1.18,1.35,15.0,1.23,150.4
2020-05-07 20:00:00,634.43,23.0,22.76,8.13,0.0,1,0.18,6.35,20.0,6.23,155.4
2020-05-07 20:05:00,592.64,23.0,22.76,8.01,0.0,1,1.17,11.35,25.0,4.75,160.4
2020-05-07 20:10:00,581.76,23.0,22.76,7.96,0.0,1,6.17,16.35,30.0,1.28,165.4
2020-05-07 20:15:00,590.78,23.0,22.82,7.86,0.0,1,2.17,21.35,2.98,0.98,170.4
2020-05-07 20:20:00,596.8,23.0,22.86,7.76,0.0,1,7.17,26.35,7.98,5.98,175.4
2020-05-07 20:25:00,586.56,23.0,22.86,7.64,0.0,1,3.17,31.35,12.98,4.45,180.4
2020-05-07 20:30:00,584.0,23.0,22.86,7.64,0.0,1,8.17,36.35,17.98,9.45,185.4
2020-05-07 20:35:00,586.18,23.0,22.86,7.64,0.0,1,0.15,41.35,22.98,14.45,190.4
2020-05-07 20:40:00,594.88,23.0,22.86,7.59,0.0,1,5.15,46.35,27.98,1.8,195.4
2020-05-07 20:45:00,588.35,23.0,22.86,7.52,0.0,1,2.15,51.35,32.98,6.8,200.4
2020-05-07 20:50:00,592.7,23.0,22.91,7.52,0.0,1,3.15,56.35,1.97,11.8,205.4
2020-05-07 20:55:00,594.88,23.0,22.98,7.52,0.0,1,8.15,61.35,6.97,16.8,210.4
2020-05-07 21:00:00,594.88,23.0,22.98,7.47,0.0,1,13.15,66.35,11.97,1.12,215.4
2020-05-07 21:05:00,594.88,23.0,22.98,7.39,0.0,1,18.15,71.35,16.97,6.12,220.4
2020-05-07 21:10:00,594.88,23.0,22.98,7.39,0.0,1,23.15,76.35,21.97,11.12,225.4
2020-05-07 21:15:00,594.88,23.0,22.98,7.22,0.0,1,28.15,81.35,26.97,1.82,230.4
2020-05-07 21:20:00,594.88,23.0,22.98,7.07,0.0,1,33.15,86.35,31.97,2.17,235.4
2020-05-07 21:25:00,600.51,23.0,22.98,7.02,0.0,1,1.12,91.35,36.97,7.17,240.4
2020-05-07 21:30:00,608.96,23.0,22.98,7.02,0.0,1,6.12,96.35,41.97,12.17,245.4
2020-05-07 21:35:00,606.91,23.0,22.98,6.87,0.0,1,0.12,101.35,46.97,0.35,250.4
2020-05-07 21:40:00,591.62,23.0,22.98,6.77,0.0,1,2.12,106.35,51.97,5.35,255.4
2020-05-07 21:45:00,586.88,23.0,22.98,6.77,0.0,1,7.12,111.35,56.97,10.35,260.4
2020-05-07 21:50:00,586.88,23.0,22.98,6.77,0.0,1,12.12,116.35,61.97,15.35,265.4
2020-05-07 21:55:00,586.88,23.0,22.98,6.77,0.0,1,17.12,121.35,66.97,20.35,270.4
2020-05-07 22:00:00,586.88,23.0,22.98,6.77,0.0,1,22.12,126.35,71.97,25.35,275.4
2020-05-07 22:05:00,586.88,23.0,22.98,6.77,0.0,1,27.12,131.35,76.97,30.35,280.4
2020-05-07 22:10:00,586.88,23.0,22.98,6.72,0.0,1,32.12,136.35,81.97,1.77,285.4
2020-05-07 22:15:00,593.41,23.0,22.98,6.64,0.0,0,2.08,141.35,86.97,6.77,290.4
2020-05-07 22:20:00,593.41,23.4,22.98,6.64,0.0,1,0.08,1.25,91.97,11.77,295.4
2020-05-07 22:25:00,596.74,23.0,23.08,6.64,0.0,1,1.08,4.25,4.9,16.77,300.4
2020-05-07 22:30:00,603.84,23.2,23.08,6.52,0.0,1,6.08,2.23,9.9,4.28,305.4
2020-05-07 22:35:00,595.07,23.0,23.08,6.52,0.0,1,0.07,7.23,14.9,9.28,310.4
2020-05-07 22:40:00,581.76,23.8,23.08,6.42,0.0,1,5.07,3.23,19.9,3.05,315.4
2020-05-07 22:45:00,579.01,24.0,23.08,6.39,0.0,1,0.07,8.23,24.9,8.05,320.4
2020-05-07 22:50:00,568.0,24.0,23.08,6.39,0.0,1,5.07,13.23,29.9,13.05,325.4
2020-05-07 22:55:00,583.55,24.0,23.08,6.29,0.0,1,2.07,18.23,34.9,3.7,330.4
2020-05-07 23:00:00,605.95,24.0,23.08,6.26,0.0,1,3.07,23.23,39.9,8.7,335.4
2020-05-07 23:05:00,616.06,24.0,23.08,6.26,0.0,1,2.05,28.23,44.9,13.7,340.4
2020-05-07 23:10:00,601.6,24.0,23.08,6.26,0.0,1,1.05,33.23,49.9,18.7,345.4
2020-05-07 23:15:00,584.06,24.0,23.08,6.26,0.0,1,1.05,38.23,54.9,23.7,350.4
2020-05-07 23:20:00,576.96,24.0,23.08,6.31,0.0,1,6.05,43.23,59.9,1.8,355.4
2020-05-07 23:25:00,576.96,24.0,23.08,6.39,0.0,1,11.05,48.23,64.9,6.8,360.4
2020-05-07 23:30:00,576.96,24.0,23.08,6.39,0.0,1,16.05,53.23,69.9,11.8,365.4
2020-05-07 23:35:00,570.82,24.0,23.08,6.39,0.0,0,2.03,58.23,74.9,16.8,370.4
2020-05-07 23:40:00,566.72,24.0,23.08,6.39,0.0,0,7.03,63.23,79.9,21.8,375.4
2020-05-07 23:45:00,566.72,24.0,23.08,6.52,0.0,0,12.03,68.23,84.9,4.0,380.4
2020-05-07 23:50:00,557.25,24.2,23.08,6.49,0.0,0,3.03,0.35,89.9,0.92,385.4
2020-05-07 23:55:00,563.58,24.2,23.08,6.16,0.0,0,3.03,2.35,94.9,3.68,390.4
2020-05-08 00:00:00,558.08,24.0,23.08,6.14,0.0,1,2.02,7.35,99.9,8.68,395.4
2020-05-08 00:05:00,557.12,25.4,23.08,6.04,0.0,1,0.02,0.85,104.9,3.97,400.4
2020-05-08 00:10:00,573.76,25.0,23.08,6.01,0.0,1,5.02,0.02,109.9,8.97,405.4
2020-05-08 00:15:00,573.76,25.4,23.08,6.01,0.0,1,10.02,0.0,114.9,13.97,410.4
2020-05-08 00:20:00,590.08,26.6,23.08,6.01,0.0,1,0.18,2.0,119.9,18.97,415.4
2020-05-08 00:25:00,641.66,27.0,23.08,5.88,0.0,1,1.17,7.0,124.9,4.38,420.4
2020-05-08 00:30:00,650.43,27.0,23.08,5.72,0.0,1,0.17,12.0,129.9,1.72,425.4
2020-05-08 00:35:00,630.72,27.0,23.08,5.66,0.0,1,5.17,17.0,134.9,6.72,430.4
2020-05-08 00:40:00,630.72,27.0,23.08,5.56,0.0,1,10.17,22.0,139.9,3.58,435.4
2020-05-08 00:45:00,628.54,27.0,23.16,5.53,0.0,1,0.15,27.0,3.65,8.58,440.4
2020-05-08 00:50:00,610.82,27.0,23.18,5.53,0.0,1,2.15,32.0,8.65,13.58,445.4
2020-05-08 00:55:00,634.5,27.0,23.18,5.53,0.0,1,0.15,37.0,13.65,18.58,450.4
2020-05-08 01:00:00,654.66,27.0,23.18,5.53,0.0,1,2.15,42.0,18.65,23.58,455.4
2020-05-08 01:05:00,640.0,27.0,23.18,5.53,0.0,1,0.15,47.0,23.65,28.58,460.4
2020-05-08 01:10:00,622.72,27.2,23.18,5.53,0.0,1,5.15,1.97,28.65,33.58,465.4
2020-05-08 01:15:00,636.54,27.6,23.18,5.53,0.0,0,3.13,1.97,33.65,38.58,470.4
2020-05-08 01:20:00,640.0,27.6,23.18,5.48,0.0,0,8.13,2.97,38.65,1.53,475.4
2020-05-08 01:25:00,635.2,27.2,23.18,5.41,0.0,1,0.13,3.97,43.65,6.53,480.4
2020-05-08 01:30:00,606.27,27.2,23.18,5.41,0.0,1,3.13,0.95,48.65,11.53,485.4
2020-05-08 01:35:00,611.71,27.2,23.18,5.41,0.0,1,2.12,2.95,53.65,16.53,490.4
2020-05-08 01:40:00,606.46,27.6,23.18,5.41,0.0,1,3.12,0.95,58.65,21.53,495.4
2020-05-08 01:45:00,617.86,27.4,23.18,5.41,0.0,1,0.12,0.95,63.65,26.53,500.4
2020-05-08 01:50:00,647.42,28.0,23.18,5.41,0.0,1,1.12,5.95,68.65,31.53,505.4
2020-05-08 01:55:00,610.18,27.8,23.18,5.41,0.0,1,2.12,0.12,73.65,36.53,510.4
2020-05-08 02:00:00,619.01,28.0,23.18,5.41,0.0,1,0.1,5.12,78.65,41.53,515.4
2020-05-08 02:05:00,653.12,28.0,23.18,5.41,0.0,1,0.1,10.12,83.65,46.53,520.4
2020-05-08 02:10:00,609.47,27.8,23.18,5.41,0.0,1,1.1,0.1,88.65,51.53,525.4
2020-05-08 02:15:00,580.35,27.8,23.18,5.46,0.0,1,3.1,3.1,93.65,1.27,530.4
2020-05-08 02:20:00,576.96,27.2,23.18,5.53,0.0,1,8.1,2.1,98.65,6.27,535.4
2020-05-08 02:25:00,559.3,27.0,23.18,5.53,0.0,1,3.1,7.1,103.65,11.27,540.4
2020-05-08 02:30:00,535.1,27.2,23.18,5.53,0.0,1,1.08,0.08,108.65,16.27,545.4
2020-05-08 02:35:00,563.71,28.2,23.18,5.63,0.0,1,0.08,0.08,113.65,3.82,550.4
2020-05-08 02:40:00,635.78,28.0,23.18,5.66,0.0,1,0.08,5.08,118.65,8.82,555.4
2020-05-08 02:45:00,627.33,28.2,23.18,5.7,2.0,1,3.08,3.08,123.65,1.08,0.38
2020-05-08 02:50:00,632.06,28.0,23.18,5.76,10.0,1,2.08,8.08,128.65,6.08,5.38
2020-05-08 02:55:00,636.8,28.0,23.18,5.86,4.0,1,7.08,13.08,133.65,3.97,2.88
2020-05-08 03:00:00,624.77,28.0,23.18,5.93,0.0,0,3.07,18.08,138.65,1.13,7.88
2020-05-08 03:05:00,611.52,28.0,23.18,6.06,6.0,0,3.07,23.08,143.65,1.55,2.87
2020-05-08 03:10:00,616.06,28.0,23.24,6.24,10.0,0,2.07,28.08,2.72,3.13,7.87
2020-05-08 03:15:00,618.62,28.0,23.28,6.36,10.0,0,0.07,33.08,7.72,3.37,12.87
2020-05-08 03:20:00,600.9,28.0,23.28,6.52,10.0,1,2.07,38.08,12.72,4.25,17.87
2020-05-08 03:25:00,586.18,28.0,23.28,6.54,10.0,1,3.05,43.08,17.72,0.78,22.87
2020-05-08 03:30:00,584.0,28.0,23.28,6.64,10.0,1,8.05,48.08,22.72,5.78,27.87
2020-05-08 03:35:00,589.5,28.0,23.28,6.79,10.0,1,1.05,53.08,27.72,0.12,32.87
2020-05-08 03:40:00,626.62,28.0,23.28,6.97,10.0,1,1.05,58.08,32.72,2.42,37.87
2020-05-08 03:45:00,655.23,28.0,23.28,7.09,10.0,1,0.05,63.08,37.72,2.97,42.87
2020-05-08 03:50:00,630.34,28.0,23.28,7.27,10.0,1,0.03,68.08,42.72,4.0,47.87
2020-05-08 03:55:00,595.39,28.0,23.28,7.27,10.0,1,2.03,73.08,47.72,9.0,52.87
2020-05-08 04:00:00,582.08,28.0,23.28,7.24,12.0,1,2.03,78.08,52.72,0.5,0.5
2020-05-08 04:05:00,568.77,28.0,23.28,7.24,20.0,1,3.03,83.08,57.72,0.37,5.5
2020-05-08 04:10:00,576.45,28.0,23.28,7.47,20.0,1,3.03,88.08,62.72,2.58,10.5
2020-05-08 04:15:00,578.88,28.0,23.28,7.59,20.0,1,8.03,93.08,67.72,2.62,15.5
2020-05-08 04:20:00,576.26,28.0,23.28,7.76,20.0,1,0.02,98.08,72.72,4.17,20.5
2020-05-08 04:25:00,568.38,28.0,23.28,7.81,24.0,1,0.02,103.08,77.72,1.38,1.98
2020-05-08 04:30:00,569.92,28.0,23.28,7.94,40.4,1,0.02,108.08,82.72,1.95,1.48
2020-05-08 04:35:00,555.84,28.0,23.28,8.13,55.8,1,5.02,113.08,87.72,0.57,1.48
2020-05-08 04:40:00,555.84,28.0,23.28,8.31,119.63,1,10.02,118.08,92.72,1.77,0.98
2020-05-08 04:45:00,560.0,27.4,23.28,8.52,191.81,1,0.0,2.83,97.72,0.57,0.47
2020-05-08 04:50:00,554.88,27.0,23.4,8.74,148.82,1,5.0,7.83,4.0,1.62,0.47
2020-05-08 04:55:00,554.88,27.0,23.4,8.95,191.44,1,10.0,12.83,9.0,1.2,0.47
2020-05-08 05:00:00,554.88,27.2,23.44,9.08,303.39,1,15.0,0.83,1.98,0.95,0.97
2020-05-08 05:05:00,561.41,26.8,23.58,9.16,354.43,1,2.17,1.82,0.15,0.72,0.47
2020-05-08 05:10:00,529.79,25.0,23.66,9.3,417.98,1,1.15,6.82,1.15,1.45,0.47
2020-05-08 05:15:00,493.25,25.0,23.56,9.62,411.58,1,0.65,11.82,0.13,0.07,0.95
2020-05-08 05:20:00,480.96,25.0,23.48,9.69,400.96,1,5.65,16.82,5.13,1.82,0.95
2020-05-08 05:25:00,480.96,25.0,23.38,9.76,403.07,1,10.65,21.82,4.13,6.82,0.45
2020-05-08 05:30:00,480.96,25.0,23.38,9.86,338.85,1,15.65,26.82,9.13,3.18,0.45
2020-05-08 05:35:00,480.96,25.0,23.38,10.0,333.63,1,20.65,31.82,14.13,4.0,0.1
2020-05-08 05:40:00,476.86,25.0,23.33,10.0,312.99,1,1.63,36.82,1.95,9.0,1.1
2020-05-08 05:45:00,470.72,25.0,23.26,10.12,291.01,1,6.63,41.82,6.95,4.38,0.1
2020-05-08 05:50:00,470.72,25.0,23.26,10.17,256.83,1,11.63,46.82,11.95,1.12,0.1
2020-05-08 05:55:00,474.56,25.0,23.26,10.29,365.7,1,0.63,51.82,16.95,1.13,0.6
2020-05-08 06:00:00,489.92,25.0,23.36,10.48,333.44,1,5.63,56.82,4.95,1.13,0.58
2020-05-08 06:05:00,475.84,25.0,23.48,10.46,310.59,1,4.62,61.82,4.95,0.75,0.08
2020-05-08 06:10:00,475.84,25.0,23.58,10.31,320.42,1,9.62,66.82,4.43,0.03,3.58
2020-05-08 06:15:00,475.84,25.0,23.62,10.5,324.0,1,14.62,71.82,1.43,0.32,8.58
2020-05-08 06:20:00,475.84,25.4,23.72,10.58,310.4,1,19.62,1.93,1.93,0.23,1.08
2020-05-08 06:25:00,475.84,25.0,23.78,10.67,308.61,1,24.62,6.93,6.93,1.22,1.57
2020-05-08 06:30:00,475.84,25.8,23.88,10.79,300.64,1,29.62,0.77,3.93,0.07,0.07
2020-05-08 06:35:00,475.84,25.0,23.96,10.55,291.04,1,34.62,3.27,2.25,0.45,5.07
2020-05-08 06:40:00,475.84,25.0,24.02,10.65,284.42,1,39.62,2.77,0.25,0.07,2.57
2020-05-08 06:45:00,475.84,25.0,24.1,10.62,268.96,1,44.62,4.43,5.25,3.32,4.57
2020-05-08 06:50:00,475.84,25.4,24.16,10.89,269.38,1,49.62,0.58,2.42,0.05,0.05
2020-05-08 06:55:00,475.84,25.0,24.2,10.6,271.04,1,54.62,0.08,7.42,0.03,5.05
2020-05-08 07:00:00,462.72,26.0,24.28,10.77,285.63,1,4.58,0.58,2.4,0.13,0.55
2020-05-08 07:05:00,462.72,25.4,24.34,10.94,300.42,1,9.58,0.25,7.4,1.05,1.05
2020-05-08 07:10:00,462.72,26.6,24.42,10.86,316.64,1,14.58,0.23,3.4,0.48,3.05
2020-05-08 07:15:00,462.72,27.4,24.44,11.39,333.12,1,19.58,1.23,8.4,0.68,0.53
2020-05-08 07:20:00,462.72,27.6,24.5,11.7,341.76,1,24.58,0.07,2.4,0.67,2.53
2020-05-08 07:25:00,451.71,27.4,24.54,11.92,351.55,1,3.57,0.57,7.4,4.97,1.03
2020-05-08 07:30:00,448.96,28.0,24.56,11.87,362.88,1,8.57,1.73,0.72,1.63,6.03
2020-05-08 07:35:00,448.96,28.8,24.66,11.78,360.32,1,13.57,3.73,5.72,0.15,0.2
2020-05-08 07:40:00,448.96,28.4,24.74,11.56,360.32,1,18.57,0.72,3.72,4.07,0.18
2020-05-08 07:45:00,448.96,27.8,24.84,11.25,350.14,1,23.57,0.72,3.38,0.8,1.68
2020-05-08 07:50:00,448.96,28.4,24.93,11.27,339.42,1,28.57,0.72,2.38,0.08,0.68
2020-05-08 07:55:00,448.96,27.2,25.06,11.22,330.82,1,33.57,0.05,3.37,0.13,1.18
2020-05-08 08:00:00,448.96,28.6,25.18,10.89,317.82,1,38.57,1.72,4.7,2.22,0.18
2020-05-08 08:05:00,448.96,27.4,25.23,10.86,325.02,1,43.57,0.53,1.7,0.35,3.68
2020-05-08 08:10:00,448.96,28.2,25.3,10.98,310.21,1,48.57,0.7,6.7,1.38,1.17
2020-05-08 08:15:00,448.96,27.6,25.37,10.86,281.63,1,53.57,0.2,2.37,1.42,0.17
2020-05-08 08:20:00,448.96,28.6,25.42,10.74,314.02,1,58.57,0.2,7.37,0.73,2.17
2020-05-08 08:25:00,448.96,28.4,25.42,10.96,305.66,1,63.57,0.03,12.37,5.73,1.17
2020-05-08 08:30:00,448.96,28.6,25.42,10.94,302.08,1,68.57,0.02,17.37,0.97,6.17
2020-05-08 08:35:00,442.82,28.4,25.52,10.79,284.0,1,2.52,0.18,4.35,1.4,4.17
2020-05-08 08:40:00,438.72,27.4,25.52,10.58,270.02,1,7.52,1.18,9.35,0.33,0.65
2020-05-08 08:45:00,449.92,27.8,25.62,10.67,175.42,1,4.52,2.18,4.85,1.32,0.15
2020-05-08 08:50:00,440.32,28.6,25.55,10.86,121.81,1,2.52,0.68,2.83,2.47,2.15
2020-05-08 08:55:00,433.92,28.8,25.4,10.41,85.04,1,7.52,0.67,4.83,0.52,4.65
2020-05-08 09:00:00,436.48,28.2,25.4,10.29,91.02,1,0.5,1.0,9.83,0.75,1.15
2020-05-08 09:05:00,446.72,27.8,25.4,10.5,99.22,1,5.5,0.67,14.83,1.75,0.13
2020-05-08 09:10:00,449.34,28.0,25.14,10.72,893.06,1,0.5,0.83,0.17,1.45,0.13
2020-05-08 09:15:00,459.84,29.2,24.41,11.01,656.7,1,5.5,0.5,0.15,2.88,0.13
2020-05-08 09:20:00,459.84,29.0,24.14,10.86,443.84,1,10.5,5.5,5.15,0.4,0.13
2020-05-08 09:25:00,459.84,29.6,24.08,10.94,704.06,1,15.5,0.48,1.15,0.22,0.13
2020-05-08 09:30:00,459.84,29.0,23.92,11.32,1488.13,1,20.5,4.48,0.98,0.63,0.3
2020-05-08 09:35:00,459.84,29.2,24.0,11.63,1402.62,1,25.5,0.48,5.98,1.55,0.28
2020-05-08 09:40:00,459.84,29.4,24.07,11.8,1135.65,1,30.5,0.48,2.98,0.15,0.28
2020-05-08 09:45:00,459.84,29.2,23.98,12.18,854.16,1,35.5,0.48,4.97,1.57,1.28
2020-05-08 09:50:00,459.84,29.8,23.87,12.42,891.97,1,40.5,0.8,2.97,2.43,0.28
2020-05-08 09:55:00,459.84,29.6,23.8,12.59,879.3,1,45.5,0.8,7.97,0.98,0.28
2020-05-08 10:00:00,459.84,29.6,23.77,12.68,753.92,1,50.5,0.8,0.63,1.58,0.28
2020-05-08 10:05:00,470.72,30.2,23.61,12.94,1252.61,1,4.63,1.97,1.62,0.67,0.27
2020-05-08 10:10:00,470.72,30.0,23.46,13.56,250.24,1,9.63,6.97,1.62,0.17,0.27
2020-05-08 10:15:00,470.72,29.4,23.52,13.37,291.98,1,14.63,2.47,1.62,1.92,0.27
2020-05-08 10:20:00,481.92,29.0,23.96,13.46,115.04,1,4.63,0.45,1.12,6.92,4.27
2020-05-08 10:25:00,484.93,29.0,24.18,13.41,326.24,1,0.62,4.45,3.12,1.48,0.27
2020-05-08 10:30:00,505.66,28.6,24.32,13.58,422.08,1,3.62,1.45,4.45,4.58,0.75
2020-05-08 10:35:00,522.18,28.0,24.4,13.51,271.2,1,0.62,6.45,3.43,0.82,0.25
2020-05-08 10:40:00,541.38,28.0,24.46,13.32,345.86,1,3.62,11.45,1.93,0.28,0.25
2020-05-08 10:45:00,553.47,27.8,24.56,13.51,338.66,1,3.62,1.77,1.93,0.73,0.25
2020-05-08 10:50:00,555.84,28.0,24.62,13.65,377.34,1,8.62,6.77,6.93,0.72,0.25
2020-05-08 10:55:00,555.84,27.4,24.62,13.98,323.39,1,13.62,0.77,11.93,0.78,0.75
2020-05-08 11:00:00,555.84,26.6,24.7,13.95,378.02,1,18.62,0.27,2.42,0.4,0.23
2020-05-08 11:05:00,521.47,26.6,24.31,13.81,479.42,1,0.6,0.27,2.08,0.9,0.73
2020-05-08 11:10:00,487.87,26.6,23.73,13.81,378.3,1,0.6,2.92,2.08,0.02,3.23
2020-05-08 11:15:00,475.84,27.4,23.7,14.12,334.98,1,5.6,2.92,1.42,1.08,2.23
2020-05-08 11:20:00,487.1,27.0,23.92,13.98,312.19,1,3.6,7.92,0.08,1.0,0.22
2020-05-08 11:25:00,500.8,27.0,24.15,14.21,240.66,1,4.6,12.92,3.42,2.42,0.38
2020-05-08 11:30:00,500.8,27.0,24.25,14.35,150.8,1,9.6,17.92,2.4,0.22,0.38
2020-05-08 11:35:00,493.5,27.0,24.36,14.03,249.04,1,0.58,22.92,1.23,0.63,0.38
2020-05-08 11:40:00,518.91,27.0,24.3,14.26,263.81,1,0.58,27.92,6.23,0.28,1.38
2020-05-08 11:45:00,534.72,27.0,24.35,14.61,253.63,1,5.58,32.92,1.23,0.6,1.38
2020-05-08 11:50:00,523.84,27.0,24.42,14.47,206.27,1,4.58,37.92,6.23,0.57,0.38
2020-05-08 11:55:00,515.39,27.0,24.42,14.56,211.41,1,2.57,42.92,11.23,0.25,1.37
2020-05-08 12:00:00,511.81,27.0,24.42,14.66,208.21,1,0.57,47.92,16.23,0.62,0.87
2020-05-08 12:05:00,520.0,27.0,24.42,14.42,210.61,1,5.57,52.92,21.23,1.28,0.37
2020-05-08 12:10:00,494.98,26.2,24.42,14.49,165.04,1,0.57,0.05,26.23,0.28,0.37
2020-05-08 12:15:00,481.92,27.0,24.42,14.68,127.01,1,5.57,3.05,31.23,1.12,1.87
2020-05-08 12:20:00,481.92,28.0,24.36,14.12,166.22,1,10.57,0.05,2.22,0.35,0.87
2020-05-08 12:25:00,509.63,28.0,24.26,14.42,177.78,1,2.55,5.05,2.22,0.8,1.35
2020-05-08 12:30:00,529.92,27.6,24.22,14.63,165.81,1,4.55,1.05,7.22,0.18,2.85
2020-05-08 12:35:00,527.49,27.0,24.22,14.73,152.64,1,0.55,6.05,12.22,1.45,2.35
2020-05-08 12:40:00,517.76,27.0,24.22,15.1,130.03,1,5.55,11.05,17.22,1.12,0.35
2020-05-08 12:45:00,528.0,27.0,24.22,14.75,102.02,1,4.55,16.05,22.22,2.32,1.35
2020-05-08 12:50:00,536.7,26.6,24.22,14.42,108.22,1,0.55,0.53,27.22,0.02,1.35
2020-05-08 12:55:00,528.0,25.4,24.22,14.3,140.61,1,5.55,3.2,32.22,0.25,0.33
2020-05-08 13:00:00,528.0,25.0,24.22,14.75,145.04,1,10.55,8.2,37.22,0.73,2.83
2020-05-08 13:05:00,512.0,25.0,24.22,15.17,120.63,1,4.53,13.2,42.22,0.55,0.83
2020-05-08 13:10:00,512.0,25.0,24.17,14.77,119.42,1,9.53,18.2,1.85,0.6,2.33
2020-05-08 13:15:00,512.0,25.0,24.1,14.54,120.82,1,14.53,23.2,6.85,1.15,0.33
2020-05-08 13:20:00,512.0,25.0,24.1,14.66,129.02,1,19.53,28.2,11.85,0.77,0.33
2020-05-08 13:25:00,512.0,24.4,24.1,14.99,124.0,1,24.53,2.18,16.85,0.08,0.82
2020-05-08 13:30:00,522.88,24.8,24.1,14.89,125.2,1,4.52,3.18,21.85,0.15,0.48
2020-05-08 13:35:00,522.88,25.0,23.98,14.38,118.42,1,9.52,8.18,4.33,0.92,1.48
2020-05-08 13:40:00,522.88,25.0,23.9,14.12,110.0,1,14.52,13.18,0.33,0.5,0.98
2020-05-08 13:45:00,536.45,25.0,23.98,14.14,119.41,1,3.5,18.18,5.33,0.22,0.98
2020-05-08 13:50:00,535.87,25.0,23.9,14.4,146.22,1,0.5,23.18,2.33,0.07,0.47
2020-05-08 13:55:00,512.7,25.0,23.84,14.89,162.37,1,2.5,28.18,7.33,0.1,0.97
2020-05-08 14:00:00,517.57,25.0,23.94,14.82,145.63,1,3.5,33.18,4.32,0.23,1.47
2020-05-08 14:05:00,523.2,25.0,23.97,15.1,116.02,1,0.48,38.18,0.32,0.17,2.47
2020-05-08 14:10:00,536.0,25.0,24.08,14.57,108.64,1,5.48,43.18,5.32,0.03,1.47
2020-05-08 14:15:00,533.18,25.0,24.14,14.54,87.02,1,0.48,48.18,2.3,0.53,1.97
2020-05-08 14:20:00,510.72,25.0,24.18,14.07,78.0,1,4.48,53.18,7.3,3.47,6.97
2020-05-08 14:25:00,529.15,25.0,24.18,13.88,71.4,1,3.48,58.18,12.3,2.78,2.45
2020-05-08 14:30:00,533.76,25.0,24.04,13.86,69.2,1,8.48,3.47,4.47,1.87,0.95
2020-05-08 14:35:00,536.0,27.0,24.04,13.81,78.0,1,0.47,4.97,9.47,4.5,5.95
2020-05-08 14:40:00,565.82,25.8,24.04,13.88,78.0,1,2.47,0.47,14.47,2.02,10.95
2020-05-08 14:45:00,571.39,25.4,24.04,13.98,72.0,1,0.47,0.97,19.47,0.5,2.93
2020-05-08 14:50:00,561.92,27.0,24.14,13.81,62.0,1,5.47,4.47,3.62,4.87,2.43
2020-05-08 14:55:00,561.92,27.0,24.16,13.88,60.2,1,10.47,3.28,8.62,2.57,0.93
2020-05-08 15:00:00,565.7,27.0,24.16,13.81,63.4,1,0.45,8.28,13.62,1.33,1.93
2020-05-08 15:05:00,607.1,27.0,24.2,13.7,55.0,1,2.95,13.28,1.62,6.33,6.93
2020-05-08 15:10:00,600.77,26.2,24.26,13.77,55.0,1,0.95,0.28,6.62,1.55,11.93
2020-05-08 15:15:00,554.24,25.4,24.26,13.81,55.0,1,0.12,0.28,11.62,1.02,16.93
2020-05-08 15:20:00,499.78,25.4,24.26,13.77,55.0,1,3.78,0.93,16.62,1.63,21.93
2020-05-08 15:25:00,496.0,25.0,24.26,13.6,55.0,1,8.78,1.43,21.62,3.4,26.93
2020-05-08 15:30:00,506.88,25.0,24.26,13.63,55.0,1,4.78,6.43,26.62,0.42,31.93
2020-05-08 15:35:00,482.37,25.0,24.26,13.7,55.0,1,1.77,11.43,31.62,1.22,36.93
2020-05-08 15:40:00,461.76,25.0,24.26,13.81,64.6,1,4.77,16.43,36.62,6.22,3.07
2020-05-08 15:45:00,461.76,25.0,24.26,13.72,61.0,0,9.77,21.43,41.62,3.47,2.07
2020-05-08 15:50:00,461.76,25.0,24.16,13.7,57.0,0,14.77,26.43,4.58,8.47,7.07
2020-05-08 15:55:00,461.76,25.0,24.16,13.63,57.0,0,19.77,31.43,9.58,0.27,12.07
2020-05-08 16:00:00,461.76,25.0,24.1,13.7,57.0,0,24.77,36.43,2.58,5.27,17.07
2020-05-08 16:05:00,461.76,25.0,24.06,13.77,51.0,0,29.77,41.43,7.58,2.38,2.55
2020-05-08 16:10:00,461.76,25.0,24.06,13.7,47.0,0,34.77,46.43,12.58,4.62,7.55
2020-05-08 16:15:00,461.76,25.0,24.06,13.7,45.0,0,39.77,51.43,17.58,9.62,0.05
2020-05-08 16:20:00,461.76,25.0,24.06,13.58,37.0,0,44.77,56.43,22.58,4.85,5.05
2020-05-08 16:25:00,461.76,25.0,24.06,13.58,30.4,0,49.77,61.43,27.58,9.85,2.53
2020-05-08 16:30:00,461.76,25.0,24.06,13.58,26.0,0,54.77,66.43,32.58,14.85,7.53
2020-05-08 16:35:00,461.76,25.0,23.98,13.56,26.0,0,59.77,71.43,3.55,0.02,12.53
2020-05-08 16:40:00,461.76,25.0,23.96,13.46,26.0,0,64.77,76.43,8.55,5.02,17.53
2020-05-08 16:45:00,461.76,25.0,23.96,13.46,26.0,0,69.77,81.43,13.55,10.02,22.53
2020-05-08 16:50:00,450.88,25.0,23.89,13.46,26.0,0,4.73,86.43,2.72,15.02,27.53
2020-05-08 16:55:00,453.06,25.0,23.84,13.36,20.8,1,0.72,91.43,7.72,3.73,0.52
2020-05-08 17:00:00,473.22,26.6,23.84,13.34,0.0,1,0.72,2.72,12.72,8.73,5.52
2020-05-08 17:05:00,591.1,27.8,23.84,13.25,0.0,1,0.55,0.22,17.72,3.73,10.52
2020-05-08 17:10:00,740.86,29.0,23.84,13.23,0.0,1,0.72,0.05,22.72,8.73,15.52
2020-05-08 17:15:00,749.06,29.6,23.84,13.23,0.0,1,3.72,0.7,27.72,13.73,20.52
2020-05-08 17:20:00,773.5,28.8,23.84,13.16,0.0,1,1.72,1.03,32.72,2.97,25.52
2020-05-08 17:25:00,710.85,27.4,23.84,13.11,0.0,1,0.03,0.03,37.72,7.97,30.52
2020-05-08 17:30:00,628.54,29.0,23.84,13.06,0.0,1,0.03,0.53,42.72,1.55,35.52
2020-05-08 17:35:00,689.28,28.0,23.84,12.99,0.0,1,2.03,0.03,47.72,6.55,40.52
2020-05-08 17:40:00,653.38,28.6,23.84,12.99,13.8,1,1.03,0.03,52.72,11.55,2.17
2020-05-08 17:45:00,631.68,29.0,23.84,12.89,0.0,1,0.03,0.52,57.72,3.23,4.17
2020-05-08 17:50:00,595.84,27.6,23.84,12.87,0.0,1,0.02,1.18,62.72,8.23,9.17
2020-05-08 17:55:00,569.09,27.2,23.84,12.77,0.0,1,2.02,1.18,67.72,3.07,14.17
2020-05-08 18:00:00,553.79,27.0,23.84,12.75,0.0,1,0.02,6.18,72.72,8.07,19.17
2020-05-08 18:05:00,539.84,27.0,23.84,12.73,0.0,1,5.02,11.18,77.72,0.62,24.17
2020-05-08 18:10:00,530.37,27.0,23.84,12.61,0.0,1,3.85,16.18,82.72,0.42,29.17
2020-05-08 18:15:00,528.0,27.0,23.8,12.52,0.0,1,8.85,21.18,1.67,5.42,34.17
2020-05-08 18:20:00,528.0,27.0,23.74,12.45,0.0,1,13.85,26.18,6.67,2.0,39.17
2020-05-08 18:25:00,518.27,27.0,23.74,12.4,0.0,1,3.83,31.18,11.67,7.0,44.17
2020-05-08 18:30:00,515.84,27.0,23.7,12.4,0.0,1,8.83,36.18,1.65,12.0,49.17
2020-05-08 18:35:00,503.17,27.0,23.64,12.4,0.0,1,0.83,41.18,6.65,17.0,54.17
2020-05-08 18:40:00,491.84,27.0,23.64,12.33,0.0,1,5.83,46.18,11.65,2.8,59.17
2020-05-08 18:45:00,491.84,27.0,23.54,12.21,0.0,1,10.83,51.18,3.82,2.15,64.17
2020-05-08 18:50:00,491.84,27.0,23.52,12.16,0.0,1,15.83,56.18,8.82,7.15,69.17
2020-05-08 18:55:00,491.84,27.0,23.52,12.16,0.0,1,20.83,61.18,13.82,12.15,74.17
2020-05-08 19:00:00,491.84,27.0,23.52,12.14,0.0,0,25.83,66.18,18.82,0.4,79.17
2020-05-08 19:05:00,491.84,27.0,23.52,12.04,0.0,1,30.83,71.18,23.82,5.4,84.17
2020-05-08 19:10:00,491.84,25.8,23.52,11.97,0.0,1,35.83,2.97,28.82,2.28,89.17
2020-05-08 19:15:00,491.84,25.0,23.52,11.9,0.0,1,40.83,7.97,33.82,0.88,94.17
2020-05-08 19:20:00,483.14,25.0,23.52,11.8,0.0,1,3.8,12.97,38.82,5.88,99.17
2020-05-08 19:25:00,480.96,25.0,23.52,11.73,0.0,1,8.8,17.97,43.82,2.3,104.17
2020-05-08 19:30:00,480.96,25.0,23.52,11.68,0.0,0,13.8,22.97,48.82,7.3,109.17
2020-05-08 19:35:00,480.96,25.0,23.52,11.66,0.0,0,18.8,27.97,53.82,0.83,114.17
2020-05-08 19:40:00,476.86,25.0,23.4,11.56,0.0,0,1.78,32.97,4.95,5.83,119.17
2020-05-08 19:45:00,470.72,25.0,23.4,11.56,0.0,0,6.78,37.97,9.95,10.83,124.17
2020-05-08 19:50:00,470.72,25.0,23.4,11.44,0.0,0,11.78,42.97,14.95,0.13,129.17
2020-05-08 19:55:00,470.72,25.0,23.4,11.32,0.0,0,16.78,47.97,19.95,5.13,134.17
2020-05-08 20:00:00,470.72,25.0,23.4,11.27,0.0,0,21.78,52.97,24.95,1.82,139.17
2020-05-08 20:05:00,470.72,25.0,23.4,11.2,0.0,0,26.78,57.97,29.95,6.82,144.17
2020-05-08 20:10:00,470.72,25.0,23.4,11.15,0.0,0,31.78,62.97,34.95,1.57,149.17
2020-05-08 20:15:00,470.72,25.0,23.4,11.08,0.0,0,36.78,67.97,39.95,6.57,154.17
2020-05-08 20:20:00,470.72,25.0,23.4,11.03,0.0,0,41.78,72.97,44.95,1.75,159.17
2020-05-08 20:25:00,459.71,25.0,23.4,10.96,0.0,0,3.77,77.97,49.95,6.75,164.17
2020-05-08 20:30:00,456.96,25.0,23.4,10.96,0.0,0,8.77,82.97,54.95,11.75,169.17
2020-05-08 20:35:00,456.96,25.0,23.4,10.82,0.0,0,13.77,87.97,59.95,0.77,174.17
2020-05-08 20:40:00,465.66,25.0,23.4,10.72,0.0,0,3.75,92.97,64.95,5.77,179.17
2020-05-08 20:45:00,458.37,25.0,23.4,10.72,0.0,0,3.75,97.97,69.95,10.77,184.17
2020-05-08 20:50:00,456.0,25.0,23.4,10.6,22.0,1,8.75,102.97,74.95,4.53,4.22
2020-05-08 20:55:00,456.0,25.0,23.4,10.5,22.0,1,13.75,107.97,79.95,3.57,9.22
2020-05-08 21:00:00,475.07,25.0,23.36,10.48,22.0,1,1.73,1.23,1.4,8.57,14.22
2020-05-08 21:05:00,514.62,25.4,23.3,10.48,8.8,1,3.73,0.73,6.4,13.57,0.2
2020-05-08 21:10:00,520.19,26.6,23.3,10.48,0.0,1,0.73,0.73,11.4,18.57,5.2
2020-05-08 21:15:00,561.09,25.4,23.3,10.36,0.0,1,0.73,3.88,16.4,4.98,10.2
2020-05-08 21:20:00,568.06,25.0,23.3,10.36,0.0,1,1.72,8.88,21.4,9.98,15.2
2020-05-08 21:25:00,558.14,25.0,23.3,10.26,0.0,1,0.72,13.88,26.4,3.53,20.2
2020-05-08 21:30:00,546.88,25.0,23.3,10.24,0.0,1,5.72,18.88,31.4,8.53,25.2
2020-05-08 21:35:00,546.88,25.0,23.25,10.24,0.0,1,10.72,23.88,1.37,13.53,30.2
2020-05-08 21:40:00,546.88,25.0,23.18,10.14,0.0,1,15.72,28.88,6.37,3.65,35.2
2020-05-08 21:45:00,546.88,25.0,23.18,10.05,0.0,1,20.72,33.88,11.37,2.22,40.2
2020-05-08 21:50:00,552.51,25.0,23.18,10.0,0.0,1,1.7,38.88,16.37,7.22,45.2
2020-05-08 21:55:00,560.96,25.4,23.18,10.0,0.0,1,6.7,1.37,21.37,12.22,50.2
2020-05-08 22:00:00,558.91,25.0,23.1,9.95,0.0,1,0.7,0.7,3.35,1.15,55.2
2020-05-08 22:05:00,550.72,26.6,23.08,9.86,0.0,0,5.7,0.02,8.35,0.85,60.2
2020-05-08 22:10:00,550.72,27.0,23.08,9.71,0.0,0,10.7,3.52,13.35,1.02,65.2
2020-05-08 22:15:00,550.72,27.0,23.08,9.64,0.0,0,15.7,8.52,18.35,6.02,70.2
2020-05-08 22:20:00,550.72,27.0,23.08,9.54,0.0,0,20.7,13.52,23.35,4.83,75.2
2020-05-08 22:25:00,550.72,27.0,23.0,9.42,0.0,0,25.7,18.52,3.33,4.53,80.2
2020-05-08 22:30:00,547.33,27.0,22.98,9.37,0.0,0,0.68,23.52,8.33,1.8,85.2
2020-05-08 22:35:00,533.76,27.0,22.98,9.3,0.0,0,5.68,28.52,13.33,6.8,90.2
2020-05-08 22:40:00,533.76,27.0,22.98,9.28,0.0,1,10.68,33.52,18.33,0.18,95.2
2020-05-08 22:45:00,533.76,27.0,22.98,9.18,0.0,1,15.68,38.52,23.33,5.18,100.2
2020-05-08 22:50:00,533.76,27.0,22.98,9.11,0.0,1,20.68,43.52,28.33,2.07,105.2
2020-05-08 22:55:00,543.49,27.0,22.98,9.06,0.0,1,3.83,48.52,33.33,7.07,110.2
2020-05-08 23:00:00,545.92,27.0,22.98,9.04,0.0,1,8.83,53.52,38.33,0.78,115.2
2020-05-08 23:05:00,545.92,27.0,23.06,8.94,0.0,0,13.83,58.52,3.15,0.43,120.2
2020-05-08 23:10:00,545.92,27.0,23.08,8.77,0.0,0,18.83,63.52,8.15,2.22,125.2
2020-05-08 23:15:00,545.92,27.0,23.08,8.62,0.0,0,23.83,68.52,13.15,3.27,130.2
2020-05-08 23:20:00,545.92,27.0,23.08,8.52,0.0,0,28.83,73.52,18.15,3.43,135.2
2020-05-08 23:25:00,551.55,27.0,23.08,8.43,0.0,0,1.8,78.52,23.15,2.83,140.2
2020-05-08 23:30:00,560.0,27.0,23.08,8.31,0.0,0,6.8,83.52,28.15,2.55,145.2
2020-05-08 23:35:00,560.0,27.0,23.16,8.23,0.0,0,11.8,88.52,3.63,0.37,150.2
2020-05-08 23:40:00,560.0,27.0,23.18,8.01,0.0,0,16.8,93.52,8.63,1.15,155.2
2020-05-08 23:45:00,560.0,27.0,23.18,7.69,0.0,1,21.8,98.52,13.63,2.22,160.2
2020-05-08 23:50:00,560.0,27.0,23.18,7.54,0.0,1,26.8,103.52,18.63,3.42,165.2
2020-05-08 23:55:00,560.0,27.0,23.18,7.44,0.0,1,31.8,108.52,23.63,2.97,170.2
2020-05-09 00:00:00,550.27,27.0,23.18,7.39,0.0,1,3.78,113.52,28.63,7.97,175.2
2020-05-09 00:05:00,537.34,27.0,23.18,7.29,0.0,1,3.78,118.52,33.63,3.03,180.2
2020-05-09 00:10:00,542.02,27.0,23.18,7.22,0.0,1,1.78,123.52,38.63,1.13,185.2
2020-05-09 00:15:00,564.8,27.0,23.18,7.04,0.0,1,4.78,128.52,43.63,0.18,190.2
2020-05-09 00:20:00,577.92,25.4,23.18,6.87,0.0,1,4.77,2.1,48.63,0.0,195.2
2020-05-09 00:25:00,562.56,25.4,23.18,6.74,0.0,1,3.77,2.93,53.63,0.98,200.2
2020-05-09 00:30:00,558.72,25.0,23.18,6.64,0.0,1,8.77,7.93,58.63,5.98,205.2
2020-05-09 00:35:00,558.72,25.0,23.18,6.64,0.0,1,13.77,12.93,63.63,10.98,210.2
2020-05-09 00:40:00,558.72,25.0,23.18,6.62,0.0,1,18.77,17.93,68.63,0.55,215.2
2020-05-09 00:45:00,568.45,25.0,23.18,6.52,0.0,0,3.77,22.93,73.63,5.55,220.2
2020-05-09 00:50:00,565.63,25.0,23.18,6.49,0.0,0,1.75,27.93,78.63,0.75,225.2
2020-05-09 00:55:00,563.01,25.0,23.18,6.39,0.0,0,1.75,32.93,83.63,5.75,230.2
2020-05-09 01:00:00,576.51,25.0,23.18,6.31,0.0,0,1.75,37.93,88.63,2.37,235.2
2020-05-09 01:05:00,582.91,25.0,23.18,6.26,0.0,0,0.75,42.93,93.63,7.37,240.2
2020-05-09 01:10:00,574.72,25.0,23.18,6.26,0.0,0,5.75,47.93,98.63,12.37,245.2
2020-05-09 01:15:00,574.72,25.0,23.22,6.14,0.0,1,10.75,52.93,1.57,4.15,250.2
2020-05-09 01:20:00,574.72,25.0,23.28,6.14,0.0,1,15.75,57.93,6.57,9.15,255.2
2020-05-09 01:25:00,572.54,25.0,23.28,6.01,0.0,1,0.73,62.93,11.57,4.92,260.2
2020-05-09 01:30:00,566.02,25.0,23.28,6.06,0.0,1,0.73,67.93,16.57,1.1,265.2
2020-05-09 01:35:00,587.84,25.0,23.28,6.01,0.0,1,4.73,72.93,21.57,6.1,270.2
2020-05-09 01:40:00,578.37,25.0,23.28,6.01,0.0,1,3.72,77.93,26.57,11.1,275.2
2020-05-09 01:45:00,576.0,24.8,23.28,6.01,0.0,1,8.72,1.88,31.57,16.1,280.2
2020-05-09 01:50:00,573.57,24.6,23.28,6.01,0.0,1,0.72,0.88,36.57,21.1,285.2
2020-05-09 01:55:00,563.84,24.0,23.28,6.01,0.0,1,5.72,4.88,41.57,26.1,290.2
2020-05-09 02:00:00,563.84,24.2,23.28,5.93,0.0,1,10.72,0.88,46.57,2.85,295.2
2020-05-09 02:05:00,563.84,24.4,23.28,5.88,0.0,1,15.72,2.88,51.57,7.85,300.2
2020-05-09 02:10:00,551.81,24.0,23.28,5.88,0.0,1,3.7,7.88,56.57,12.85,305.2
2020-05-09 02:15:00,565.06,24.6,23.28,5.86,0.0,1,0.7,0.87,61.57,0.4,310.2
2020-05-09 02:20:00,579.14,24.0,23.28,5.76,0.0,1,1.7,4.87,66.57,5.4,315.2
2020-05-09 02:25:00,571.84,24.0,23.28,5.76,0.0,1,6.7,9.87,71.57,10.4,320.2
2020-05-09 02:30:00,571.84,24.0,23.28,5.76,0.0,1,11.7,14.87,76.57,15.4,325.2
2020-05-09 02:35:00,571.84,24.0,23.28,5.76,0.0,1,16.7,19.87,81.57,20.4,330.2
2020-05-09 02:40:00,571.84,24.0,23.28,5.76,0.0,1,21.7,24.87,86.57,25.4,335.2
2020-05-09 02:45:00,571.84,24.0,23.28,5.76,0.0,1,26.7,29.87,91.57,30.4,340.2
2020-05-09 02:50:00,556.74,24.0,23.28,5.76,0.0,1,3.68,34.87,96.57,35.4,345.2
2020-05-09 02:55:00,552.96,24.0,23.28,5.86,0.0,1,8.68,39.87,101.57,3.28,350.2
2020-05-09 03:00:00,564.8,24.0,23.28,5.88,0.0,0,4.67,44.87,106.57,8.28,355.2
2020-05-09 03:05:00,564.8,24.4,23.28,5.83,0.0,0,9.67,0.0,111.57,1.28,360.2
2020-05-09 03:10:00,569.28,25.0,23.4,5.76,0.0,1,1.67,5.0,4.83,6.28,365.2
2020-05-09 03:15:00,596.03,24.8,23.4,5.76,0.0,1,0.67,0.0,9.83,11.28,370.2
2020-05-09 03:20:00,620.48,24.0,23.4,5.86,0.0,1,1.67,5.0,14.83,3.12,375.2
2020-05-09 03:25:00,591.68,24.0,23.4,5.96,0.0,1,1.65,10.0,19.83,2.97,380.2
2020-05-09 03:30:00,584.0,24.0,23.4,5.96,0.0,1,6.65,15.0,24.83,1.02,385.2
2020-05-09 03:35:00,584.0,24.0,23.4,6.01,0.0,1,11.65,20.0,29.83,6.02,390.2
2020-05-09 03:40:00,584.0,24.0,23.4,6.06,0.0,1,16.65,25.0,34.83,2.47,395.2
2020-05-09 03:45:00,584.0,24.0,23.4,6.01,0.0,1,21.65,30.0,39.83,7.47,400.2
2020-05-09 03:50:00,584.0,24.0,23.4,6.11,0.0,1,26.65,35.0,44.83,3.83,405.2
2020-05-09 03:55:00,579.9,24.0,23.4,6.34,0.0,1,1.8,40.0,49.83,2.52,410.2
2020-05-09 04:00:00,573.76,24.0,23.38,6.39,0.0,1,6.8,45.0,0.8,7.52,415.2
2020-05-09 04:05:00,573.76,24.0,23.3,6.57,0.0,1,11.8,50.0,5.8,1.37,420.2
2020-05-09 04:10:00,573.76,24.0,23.3,6.72,0.0,1,16.8,55.0,10.8,2.43,425.2
2020-05-09 04:15:00,573.76,24.0,23.3,6.89,0.0,1,21.8,60.0,15.8,0.22,430.2
2020-05-09 04:20:00,573.76,24.0,23.3,6.79,0.0,0,26.8,65.0,20.8,3.1,435.2
2020-05-09 04:25:00,573.76,23.6,23.3,6.87,0.0,0,31.8,0.12,25.8,3.1,440.2
2020-05-09 04:30:00,573.76,23.0,23.3,6.84,4.4,1,36.8,5.12,30.8,2.2,1.08
2020-05-09 04:35:00,557.76,23.0,23.3,6.92,17.6,1,4.78,10.12,35.8,0.07,2.58
2020-05-09 04:40:00,557.76,23.0,23.3,7.04,32.0,1,9.78,15.12,40.8,0.1,4.08
2020-05-09 04:45:00,560.58,23.2,23.3,7.17,42.0,1,0.77,1.1,45.8,0.28,4.58
2020-05-09 04:50:00,571.84,23.2,23.3,7.52,52.0,1,5.77,3.1,50.8,1.15,4.08
2020-05-09 04:55:00,561.34,23.0,23.38,7.64,52.0,1,3.77,8.1,3.77,6.15,9.08
2020-05-09 05:00:00,558.72,23.0,23.42,7.59,52.0,1,8.77,13.1,0.75,1.1,14.08
2020-05-09 05:05:00,558.72,23.0,23.54,7.54,62.0,1,13.77,18.1,0.08,0.1,4.73
2020-05-09 05:10:00,542.72,23.0,23.62,7.84,62.0,1,4.77,23.1,5.08,0.62,9.73
2020-05-09 05:15:00,542.72,23.0,23.72,7.94,62.0,1,9.77,28.1,3.08,0.25,14.73
2020-05-09 05:20:00,542.72,23.0,23.78,7.69,62.0,1,14.77,33.1,1.08,0.27,19.73
2020-05-09 05:25:00,542.72,23.0,23.88,7.64,62.0,0,19.77,38.1,1.07,1.55,24.73
2020-05-09 05:30:00,542.72,23.0,23.94,7.79,62.0,0,24.77,43.1,6.07,0.3,29.73
2020-05-09 05:35:00,542.72,23.0,24.06,7.89,62.0,0,29.77,48.1,4.9,5.3,34.73
2020-05-09 05:40:00,542.72,23.0,24.14,8.08,62.0,0,34.77,53.1,3.9,2.65,39.73
2020-05-09 05:45:00,552.45,23.0,24.24,8.23,62.0,0,3.73,58.1,3.9,3.13,44.73
2020-05-09 05:50:00,554.88,23.0,24.39,8.49,205.17,1,8.73,63.1,1.4,1.72,3.2
2020-05-09 05:55:00,532.8,22.4,24.26,8.56,233.22,1,0.73,0.4,0.38,0.02,1.2
2020-05-09 06:00:00,490.37,23.2,23.72,8.65,240.99,1,3.73,0.9,1.88,1.32,3.7
2020-05-09 06:05:00,486.72,24.0,23.52,8.72,234.02,1,8.73,5.9,3.88,1.7,0.2
2020-05-09 06:10:00,478.02,24.0,23.58,8.74,223.46,1,3.72,10.9,3.88,0.5,0.7
2020-05-09 06:15:00,475.84,23.6,23.46,9.16,245.22,1,8.72,1.88,0.88,3.07,0.18
2020-05-09 06:20:00,475.84,24.0,23.32,9.37,164.22,1,13.72,6.88,5.88,2.07,0.18
2020-05-09 06:25:00,475.84,23.8,23.2,9.12,162.43,1,18.72,3.88,4.87,0.82,0.18
2020-05-09 06:30:00,475.84,23.8,23.2,8.98,112.83,1,23.72,2.88,9.87,1.67,1.18
2020-05-09 06:35:00,475.84,23.6,23.14,9.16,93.62,1,28.72,1.87,0.37,0.13,0.68
2020-05-09 06:40:00,481.09,22.6,22.76,9.0,84.01,1,1.7,2.87,3.37,0.28,0.17
2020-05-09 06:45:00,493.31,23.0,22.93,8.95,289.22,1,1.7,7.87,1.52,1.2,0.17
2020-05-09 06:50:00,509.57,23.0,23.38,9.32,350.21,1,3.7,12.87,1.85,1.87,2.17
2020-05-09 06:55:00,489.28,23.0,23.67,9.6,323.58,1,0.7,17.87,1.52,0.6,0.17
2020-05-09 07:00:00,478.72,23.0,23.82,9.6,90.42,1,5.7,22.87,3.52,0.75,1.83
2020-05-09 07:05:00,478.72,23.0,23.91,9.23,318.69,1,10.7,27.87,2.52,2.82,2.32
2020-05-09 07:10:00,478.72,23.0,23.98,9.42,372.86,1,15.7,32.87,0.5,0.98,1.82
2020-05-09 07:15:00,490.88,22.6,24.08,9.54,386.69,1,4.68,0.85,0.83,5.98,2.32
2020-05-09 07:20:00,486.02,23.0,24.18,9.71,399.74,1,1.68,5.85,0.83,2.58,3.82
2020-05-09 07:25:00,468.48,23.0,24.3,9.67,401.92,1,3.68,10.85,1.33,0.2,8.82
2020-05-09 07:30:00,470.27,22.8,24.36,10.1,395.84,1,1.67,0.83,6.33,0.15,1.3
2020-05-09 07:35:00,476.8,22.8,24.5,10.31,412.61,1,6.67,1.83,4.33,1.07,0.8
2020-05-09 07:40:00,476.8,22.8,24.58,10.41,431.94,1,11.67,2.83,3.82,0.02,1.3
2020-05-09 07:45:00,487.3,23.0,24.66,10.19,419.84,1,3.67,7.83,2.82,2.53,1.3
2020-05-09 07:50:00,495.55,22.8,24.7,10.38,417.98,1,1.67,2.83,7.82,2.78,0.8
2020-05-09 07:55:00,534.34,23.0,24.7,10.72,424.19,1,3.67,7.83,12.82,4.17,2.28
2020-05-09 08:00:00,558.91,23.0,24.75,10.79,422.46,1,3.65,12.83,1.82,2.12,0.28
2020-05-09 08:05:00,565.82,23.0,24.82,10.91,425.34,1,1.65,17.83,6.82,1.78,0.28
2020-05-09 08:10:00,529.6,23.0,24.88,10.43,168.03,1,1.65,22.83,2.8,0.28,1.28
2020-05-09 08:15:00,490.82,23.0,25.0,10.17,386.82,1,0.65,27.83,3.13,1.1,0.28
2020-05-09 08:20:00,475.84,23.0,25.04,10.48,227.62,1,5.65,32.83,0.13,0.08,0.27
2020-05-09 08:25:00,469.82,23.0,25.12,10.58,116.19,0,1.63,37.83,5.13,0.43,3.27
2020-05-09 08:30:00,463.23,23.0,25.12,10.43,68.2,0,0.63,42.83,10.13,1.43,1.27
2020-05-09 08:35:00,467.71,23.0,25.12,10.17,208.87,0,1.63,47.83,15.13,2.07,0.27
2020-05-09 08:40:00,459.84,22.8,25.17,10.19,325.82,0,6.63,0.95,1.28,2.05,1.27
2020-05-09 08:45:00,459.84,22.8,25.24,10.34,300.16,0,11.63,2.95,6.28,0.63,1.25
2020-05-09 08:50:00,448.96,22.2,25.24,10.46,282.24,0,4.78,3.95,11.28,1.88,0.25
2020-05-09 08:55:00,448.96,23.0,25.24,10.48,267.58,0,9.78,2.12,16.28,1.48,1.42
2020-05-09 09:00:00,448.96,21.8,25.34,10.43,254.43,0,14.78,1.45,3.6,2.32,2.42
2020-05-09 09:05:00,448.96,21.8,25.36,10.31,241.25,0,19.78,0.93,8.6,0.15,3.42
2020-05-09 09:10:00,448.96,22.4,25.36,10.29,230.21,0,24.78,1.1,13.6,2.55,3.42
2020-05-09 09:15:00,448.96,21.6,25.36,10.34,219.17,0,29.78,1.93,18.6,3.75,3.9
2020-05-09 09:20:00,448.96,21.8,25.41,10.36,210.43,0,34.78,3.93,1.58,8.75,2.9
2020-05-09 09:25:00,448.96,22.0,25.48,10.48,200.03,0,39.78,8.93,6.58,4.17,2.9
2020-05-09 09:30:00,448.96,21.8,25.48,10.53,184.96,0,44.78,2.93,11.58,2.9,4.4
2020-05-09 09:35:00,448.96,22.0,25.58,10.36,174.08,0,49.78,7.93,4.08,0.62,4.9
2020-05-09 09:40:00,448.96,21.8,25.58,10.79,162.0,0,54.78,0.92,9.08,1.27,0.38
2020-05-09 09:45:00,448.96,21.6,25.58,11.25,148.0,0,59.78,1.92,14.08,0.52,2.38
2020-05-09 09:50:00,448.96,21.6,25.58,10.82,128.82,0,64.78,2.92,19.08,2.1,1.88
2020-05-09 09:55:00,451.33,21.8,25.58,10.79,115.42,0,0.75,0.92,24.08,2.98,0.38
2020-05-09 10:00:00,460.8,21.8,25.62,10.98,97.42,0,5.75,3.92,1.07,1.67,1.88
2020-05-09 10:05:00,456.45,21.0,25.62,11.34,98.0,0,1.75,1.92,2.07,1.93,2.37
2020-05-09 10:10:00,449.92,21.4,25.58,11.32,94.0,0,6.75,1.9,7.07,6.93,7.37
2020-05-09 10:15:00,449.92,21.8,25.66,11.39,87.6,0,11.75,0.9,3.07,1.7,0.37
2020-05-09 10:20:00,449.92,22.0,25.68,11.94,90.0,0,16.75,4.9,8.07,2.25,5.37
2020-05-09 10:25:00,449.92,21.2,25.68,11.78,90.0,0,21.75,0.9,13.07,1.45,10.37
2020-05-09 10:30:00,449.92,21.6,25.68,11.8,80.0,0,26.75,0.9,18.07,0.82,4.37
2020-05-09 10:35:00,449.92,21.4,25.68,11.66,80.0,0,31.75,0.88,23.07,1.18,9.37
2020-05-09 10:40:00,449.92,21.4,25.58,11.44,80.0,0,36.75,0.88,4.05,0.25,14.37
2020-05-09 10:45:00,449.92,21.8,25.58,11.73,80.0,0,41.75,0.88,9.05,0.98,19.37
2020-05-09 10:50:00,449.92,21.2,25.58,11.51,67.6,0,46.75,1.88,14.05,0.1,2.35
2020-05-09 10:55:00,449.92,21.0,25.58,11.27,64.0,0,51.75,0.88,19.05,1.67,7.35
2020-05-09 11:00:00,449.92,21.4,25.5,11.68,52.8,0,56.75,1.87,3.03,2.23,3.02
2020-05-09 11:05:00,449.92,21.6,25.48,11.78,55.0,0,61.75,0.87,8.03,0.98,8.02
2020-05-09 11:10:00,449.92,21.6,25.48,11.61,55.0,0,66.75,1.87,13.03,0.17,13.02
2020-05-09 11:15:00,454.66,21.6,25.48,11.68,55.0,0,1.7,2.87,18.03,5.17,18.02
2020-05-09 11:20:00,461.76,20.6,25.46,11.73,55.0,0,6.7,0.87,0.52,1.9,23.02
2020-05-09 11:25:00,461.76,20.8,25.36,11.51,55.0,0,11.7,3.87,5.52,0.15,28.02
2020-05-09 11:30:00,461.76,19.4,25.29,11.42,55.0,0,16.7,0.18,2.52,0.78,33.02
2020-05-09 11:35:00,461.76,19.4,25.24,11.54,55.0,0,21.7,0.18,7.52,0.43,38.02
2020-05-09 11:40:00,453.06,19.6,25.24,12.02,55.0,0,3.68,0.18,12.52,0.33,43.02
2020-05-09 11:45:00,450.88,21.0,25.24,12.06,55.0,0,8.68,4.18,17.52,0.38,48.02
2020-05-09 11:50:00,450.88,19.8,25.24,12.56,38.8,0,13.68,0.18,22.52,0.25,0.48
2020-05-09 11:55:00,450.88,18.0,25.14,12.33,54.6,1,18.68,4.33,3.5,0.6,0.48
2020-05-09 12:00:00,467.84,18.4,25.06,12.25,57.4,1,0.67,3.83,2.5,0.13,0.97
2020-05-09 12:05:00,481.92,18.8,25.02,12.59,47.0,1,5.67,0.83,7.5,0.05,5.97
2020-05-09 12:10:00,481.92,18.4,25.02,12.89,47.0,1,10.67,1.83,12.5,0.55,10.97
2020-05-09 12:15:00,481.92,18.4,25.02,12.59,82.82,1,15.67,1.67,17.5,1.0,0.47
2020-05-09 12:20:00,481.92,19.6,24.94,12.68,109.04,1,20.67,1.32,3.98,0.2,4.97
2020-05-09 12:25:00,481.92,18.8,24.92,12.73,100.82,1,25.67,1.65,8.98,0.0,1.45
2020-05-09 12:30:00,481.92,19.8,24.92,12.49,91.03,1,30.67,0.65,13.98,1.62,0.45
2020-05-09 12:35:00,481.92,18.4,24.92,12.56,117.04,1,35.67,0.15,18.98,1.67,1.45
2020-05-09 12:40:00,481.92,18.8,24.92,12.56,127.02,1,40.67,0.32,23.98,2.72,1.95
2020-05-09 12:45:00,481.92,19.4,24.92,12.97,124.0,1,45.67,1.32,28.98,0.07,6.95
2020-05-09 12:50:00,470.78,20.2,24.92,13.51,111.62,1,0.65,0.65,33.98,0.08,1.95
2020-05-09 12:55:00,459.84,20.6,24.92,13.65,103.04,1,5.65,0.13,38.98,0.2,6.95
2020-05-09 13:00:00,459.84,20.4,24.92,12.97,97.04,1,10.65,0.3,43.98,0.03,2.1
2020-05-09 13:05:00,459.84,19.6,24.92,12.9,93.04,1,15.65,0.13,48.98,0.27,7.1
2020-05-09 13:10:00,459.84,19.2,24.9,13.13,93.04,0,20.65,1.63,0.97,1.25,12.1
2020-05-09 13:15:00,448.0,19.4,24.82,12.75,93.04,0,4.63,1.63,5.97,0.32,17.1
2020-05-09 13:20:00,448.0,19.8,24.82,13.3,99.04,0,9.63,0.3,10.97,0.07,2.6
2020-05-09 13:25:00,448.0,20.2,24.82,13.37,99.63,0,14.63,0.12,15.97,0.05,0.1
2020-05-09 13:30:00,448.0,19.2,24.82,13.51,105.04,0,19.63,1.62,20.97,0.12,1.08
2020-05-09 13:35:00,448.0,18.8,24.74,13.46,99.04,0,24.63,1.78,3.62,0.5,6.08
2020-05-09 13:40:00,448.0,18.0,24.72,13.11,99.04,1,29.63,4.12,8.62,0.1,11.08
2020-05-09 13:45:00,448.0,17.8,24.7,12.21,72.62,1,34.63,0.45,0.6,0.9,1.58
2020-05-09 13:50:00,450.18,18.0,24.6,11.68,74.0,1,0.62,1.45,5.6,0.18,3.08
2020-05-09 13:55:00,463.23,18.0,24.55,12.18,78.0,1,1.62,6.45,1.6,0.2,8.08
2020-05-09 14:00:00,469.76,18.8,24.48,12.35,68.0,1,6.62,0.6,6.6,1.25,4.58
2020-05-09 14:05:00,481.92,18.4,24.48,11.92,68.0,1,4.6,2.6,11.6,1.22,9.58
2020-05-09 14:10:00,481.92,18.4,24.38,11.87,53.2,1,9.6,0.43,3.25,0.0,1.57
2020-05-09 14:15:00,481.92,19.2,24.36,12.35,46.0,1,14.6,1.1,8.25,0.75,6.57
2020-05-09 14:20:00,479.1,19.6,24.36,12.52,46.0,1,0.75,0.08,13.25,0.88,11.57
2020-05-09 14:25:00,463.1,20.2,24.36,12.3,46.0,1,1.75,0.08,18.25,0.95,16.57
2020-05-09 14:30:00,461.5,18.4,24.26,12.06,46.0,1,1.75,0.08,4.25,0.37,21.57
2020-05-09 14:35:00,469.76,18.4,24.14,11.3,46.0,0,6.75,0.08,4.23,0.2,26.57
2020-05-09 14:40:00,458.88,18.8,24.14,10.82,44.0,0,4.75,0.07,9.23,0.65,0.55
2020-05-09 14:45:00,458.88,19.8,24.14,10.22,36.0,0,9.75,0.4,14.23,0.28,5.55
2020-05-09 14:50:00,456.7,18.0,24.14,9.86,36.0,0,0.73,0.4,19.23,3.53,10.55
2020-05-09 14:55:00,448.0,18.4,24.14,9.88,28.0,0,5.73,0.07,24.23,3.05,3.2
2020-05-09 15:00:00,448.0,19.2,24.04,9.81,26.0,0,10.73,0.9,3.22,0.2,8.2
2020-05-09 15:05:00,448.0,19.2,24.02,9.47,26.0,0,15.73,0.4,8.22,0.35,13.2
2020-05-09 15:10:00,456.7,19.6,24.02,9.56,26.0,0,3.73,1.05,13.22,0.42,18.2
2020-05-09 15:15:00,458.88,19.8,24.02,9.49,26.0,0,8.73,0.55,18.22,2.28,23.2
2020-05-09 15:20:00,458.88,18.8,24.02,9.4,26.0,0,13.73,0.38,23.22,1.45,28.2
2020-05-09 15:25:00,456.7,18.0,23.84,9.02,26.0,0,0.72,5.38,1.72,2.53,33.2
2020-05-09 15:30:00,448.0,18.4,23.76,9.09,26.0,0,5.72,2.55,6.72,0.33,38.2
2020-05-09 15:35:00,448.0,18.0,23.76,9.32,26.0,0,10.72,2.55,11.72,0.28,43.2
2020-05-09 15:40:00,448.0,18.4,23.66,9.18,26.0,0,15.72,0.37,4.2,4.08,48.2
2020-05-09 15:45:00,448.0,18.8,23.6,9.2,26.0,0,20.72,0.87,2.2,0.25,53.2
2020-05-09 15:50:00,448.0,20.0,23.56,9.11,26.0,0,25.72,1.37,7.2,2.15,58.2
2020-05-09 15:55:00,448.0,19.6,23.56,9.06,26.0,0,30.72,0.37,12.2,0.63,63.2
2020-05-09 16:00:00,448.0,20.0,23.56,8.98,26.0,0,35.72,5.37,17.2,2.93,68.2
2020-05-09 16:05:00,448.0,20.2,23.56,8.96,26.0,0,40.72,1.35,22.2,7.93,73.2
2020-05-09 16:10:00,448.0,20.0,23.56,8.77,26.0,0,45.72,6.35,27.2,2.33,78.2
2020-05-09 16:15:00,448.0,20.0,23.48,8.67,26.0,0,50.72,11.35,3.02,1.57,83.2
2020-05-09 16:20:00,448.0,20.0,23.46,8.56,26.0,0,55.72,16.35,8.02,1.87,88.2
2020-05-09 16:25:00,448.0,20.0,23.36,8.33,26.0,0,60.72,21.35,3.0,1.68,93.2
2020-05-09 16:30:00,448.0,20.0,23.34,8.28,26.0,0,65.72,26.35,8.0,0.52,98.2
2020-05-09 16:35:00,448.0,20.4,23.34,8.13,26.0,0,70.72,0.33,13.0,1.4,103.2
2020-05-09 16:40:00,448.0,20.6,23.34,8.06,20.0,0,75.72,0.33,18.0,2.55,2.13
2020-05-09 16:45:00,450.18,20.0,23.38,8.08,16.0,1,0.67,4.33,1.83,2.78,7.13
2020-05-09 16:50:00,472.19,20.0,23.44,8.13,16.0,1,0.67,9.33,6.83,7.78,12.13
2020-05-09 16:55:00,481.92,20.0,23.44,8.08,16.0,1,5.67,14.33,11.83,1.73,17.13
2020-05-09 17:00:00,495.81,20.0,23.44,7.91,16.0,1,0.65,19.33,16.83,3.15,22.13
2020-05-09 17:05:00,504.0,20.0,23.44,7.89,8.4,1,5.65,24.33,21.83,8.15,1.78
2020-05-09 17:10:00,517.76,20.0,23.44,7.79,0.0,1,4.65,29.33,26.83,3.8,6.78
2020-05-09 17:15:00,523.01,20.0,23.44,7.69,0.0,1,1.65,34.33,31.83,2.38,11.78
2020-05-09 17:20:00,542.91,20.0,23.44,7.64,0.0,1,3.65,39.33,36.83,7.38,16.78
2020-05-09 17:25:00,548.74,20.0,23.44,7.59,0.0,1,0.63,44.33,41.83,1.6,21.78
2020-05-09 17:30:00,560.0,20.0,23.44,7.54,0.0,1,5.63,49.33,46.83,2.23,26.78
2020-05-09 17:35:00,560.0,20.0,23.44,7.52,0.0,1,10.63,54.33,51.83,7.23,31.78
2020-05-09 17:40:00,560.0,20.0,23.48,7.42,0.0,1,15.63,59.33,1.95,3.65,36.78
2020-05-09 17:45:00,560.0,20.0,23.54,7.29,0.0,1,20.63,64.33,6.95,3.72,41.78
2020-05-09 17:50:00,560.0,20.0,23.54,7.19,0.0,0,25.63,69.33,11.95,2.12,46.78
2020-05-09 17:55:00,571.01,20.0,23.54,7.14,0.0,0,3.62,74.33,16.95,7.12,51.78
2020-05-09 18:00:00,575.81,20.0,23.54,7.14,0.0,1,0.62,79.33,21.95,12.12,56.78
2020-05-09 18:05:00,579.14,20.8,23.54,6.97,0.0,1,1.62,3.28,26.95,1.65,61.78
2020-05-09 18:10:00,567.1,21.0,23.54,6.89,0.0,1,1.62,8.28,31.95,6.65,66.78
2020-05-09 18:15:00,551.04,21.0,23.54,6.84,0.0,1,3.62,13.28,36.95,1.3,71.78
2020-05-09 18:20:00,548.8,21.0,23.54,6.72,0.0,1,8.62,18.28,41.95,1.35,76.78
2020-05-09 18:25:00,558.53,21.0,23.44,6.59,0.0,1,3.6,23.28,3.08,1.73,81.78
2020-05-09 18:30:00,560.96,21.0,23.42,6.39,0.0,1,8.6,28.28,8.08,4.35,86.78
2020-05-09 18:35:00,557.12,21.0,23.36,6.39,0.0,1,0.58,33.28,2.08,9.35,91.78
2020-05-09 18:40:00,541.76,21.0,23.32,6.39,0.0,1,5.58,38.28,7.08,14.35,96.78
2020-05-09 18:45:00,552.38,21.0,23.3,6.39,0.0,1,0.58,43.28,0.07,19.35,101.78
2020-05-09 18:50:00,594.05,21.0,23.14,6.29,0.0,1,1.58,48.28,2.73,3.58,106.78
2020-05-09 18:55:00,586.5,21.2,23.0,6.26,0.0,1,0.57,0.57,1.73,8.58,111.78
2020-05-09 19:00:00,565.63,22.0,22.81,6.26,0.0,1,1.57,5.57,0.07,13.58,116.78
2020-05-09 19:05:00,554.88,22.0,22.68,6.21,0.0,1,6.57,10.57,5.07,1.32,121.78
2020-05-09 19:10:00,548.86,22.0,22.74,6.14,0.0,1,1.73,15.57,2.05,6.32,126.78
2020-05-09 19:15:00,550.21,22.0,22.85,6.14,0.0,1,0.73,20.57,2.55,11.32,131.78
2020-05-09 19:20:00,601.79,22.0,22.92,6.04,0.0,1,1.73,25.57,0.55,3.2,136.78
2020-05-09 19:25:00,613.76,22.0,23.02,5.91,0.0,1,6.73,30.57,0.72,3.32,141.78
2020-05-09 19:30:00,658.56,22.0,23.1,5.88,0.0,1,1.88,35.57,5.72,8.32,146.78
2020-05-09 19:35:00,690.43,22.4,23.1,5.88,0.0,1,0.88,0.55,10.72,13.32,151.78
2020-05-09 19:40:00,715.01,22.6,23.17,5.88,0.0,1,2.88,1.55,2.7,18.32,156.78
2020-05-09 19:45:00,705.66,23.0,23.22,5.88,0.0,1,1.88,6.55,7.7,23.32,161.78
2020-05-09 19:50:00,692.61,22.6,23.22,5.83,0.0,1,2.88,2.53,12.7,1.42,166.78
2020-05-09 19:55:00,674.56,22.4,23.26,5.76,0.0,1,4.88,0.53,1.03,6.42,171.78
2020-05-09 20:00:00,664.58,22.0,23.32,5.76,0.0,1,2.87,4.53,6.03,11.42,176.78
2020-05-09 20:05:00,628.1,24.0,23.32,5.76,0.0,1,1.87,0.03,11.03,16.42,181.78
2020-05-09 20:10:00,610.56,26.2,23.34,5.76,0.0,1,0.87,0.87,0.02,21.42,186.78
2020-05-09 20:15:00,622.91,23.4,23.06,5.76,0.0,1,0.87,2.85,0.02,26.42,191.78
2020-05-09 20:20:00,551.68,23.6,22.2,5.68,0.0,1,0.35,0.85,0.68,3.22,196.78
2020-05-09 20:25:00,508.8,27.0,21.83,5.66,0.0,1,4.35,1.52,0.68,8.22,201.78
2020-05-09 20:30:00,499.78,25.6,22.18,5.66,0.0,1,2.35,2.35,1.5,13.22,206.78
2020-05-09 20:35:00,486.66,24.8,22.36,5.58,0.0,1,2.35,0.35,4.0,2.18,211.78
2020-05-09 20:40:00,481.92,24.0,22.48,5.53,0.0,1,7.35,5.35,4.0,7.18,216.78
2020-05-09 20:45:00,481.92,24.0,22.56,5.48,0.0,1,12.35,10.35,3.17,1.17,221.78
2020-05-09 20:50:00,481.92,24.6,22.58,5.53,0.0,0,17.35,1.33,8.17,6.17,226.78
2020-05-09 20:55:00,481.92,25.0,22.62,5.46,0.0,1,22.35,4.33,1.33,0.75,231.78
2020-05-09 21:00:00,494.21,25.0,22.68,5.46,0.0,1,0.33,9.33,6.33,2.63,236.78
2020-05-09 21:05:00,561.86,25.8,22.72,5.33,0.0,1,0.33,0.5,1.48,2.7,241.78
2020-05-09 21:10:00,610.88,25.0,22.78,5.28,0.0,1,4.33,5.5,6.48,7.7,246.78
2020-05-09 21:15:00,607.68,25.0,22.78,5.28,0.0,1,0.32,10.5,11.48,12.7,251.78
2020-05-09 21:20:00,560.19,25.0,22.78,5.28,0.0,1,2.32,15.5,16.48,17.7,256.78
2020-05-09 21:25:00,536.19,25.0,22.78,5.28,0.0,1,3.32,20.5,21.48,22.7,261.78
2020-05-09 21:30:00,532.8,25.0,22.78,5.28,0.0,1,8.32,25.5,26.48,27.7,266.78
2020-05-09 21:35:00,560.9,25.0,22.9,5.28,0.0,1,2.3,30.5,4.47,32.7,271.78
2020-05-09 21:40:00,579.84,25.0,22.9,5.28,0.0,0,4.47,35.5,9.47,37.7,276.78
2020-05-09 21:45:00,560.7,25.0,22.9,5.2,0.0,1,2.47,40.5,14.47,3.78,281.78
2020-05-09 21:50:00,555.84,25.0,22.9,5.28,0.0,1,7.47,45.5,19.47,4.75,286.78
2020-05-09 21:55:00,570.18,25.0,22.9,5.28,0.0,1,3.45,50.5,24.47,9.75,291.78
2020-05-09 22:00:00,586.88,25.0,22.9,5.28,0.0,1,4.45,55.5,29.47,14.75,296.78
2020-05-09 22:05:00,578.18,25.0,22.9,5.28,0.0,1,3.45,60.5,34.47,19.75,301.78
2020-05-09 22:10:00,608.51,25.0,22.92,5.28,0.0,1,1.12,1.12,0.27,24.75,306.78
2020-05-09 22:15:00,682.88,25.0,23.0,5.28,0.0,1,1.12,4.62,5.27,29.75,311.78
2020-05-09 22:20:00,585.86,25.0,23.0,5.28,0.0,1,1.1,9.62,10.27,34.75,316.78
2020-05-09 22:25:00,544.77,25.0,23.0,5.28,0.0,1,0.6,14.62,15.27,39.75,321.78
2020-05-09 22:30:00,576.26,26.6,23.0,5.28,0.0,1,0.6,0.1,20.27,44.75,326.78
2020-05-09 22:35:00,649.28,26.2,23.0,5.28,0.0,1,1.6,0.25,25.27,49.75,331.78
2020-05-09 22:40:00,651.07,25.8,23.0,5.28,0.0,1,0.6,0.25,30.27,54.75,336.78
2020-05-09 22:45:00,633.34,25.0,23.0,5.28,0.0,1,0.58,0.08,35.27,59.75,341.78
2020-05-09 22:50:00,611.84,25.4,23.1,5.28,0.0,1,5.58,3.25,4.25,64.75,346.78
2020-05-09 22:55:00,595.46,26.2,23.1,5.28,0.0,1,1.58,2.25,9.25,69.75,351.78
2020-05-09 23:00:00,596.1,27.0,23.1,5.28,0.0,1,0.58,7.25,14.25,74.75,356.78
2020-05-09 23:05:00,608.0,27.0,23.1,5.28,0.0,1,5.58,12.25,19.25,79.75,361.78
2020-05-09 23:10:00,599.81,27.0,23.1,5.28,0.0,1,3.58,17.25,24.25,84.75,366.78
2020-05-09 23:15:00,587.52,27.0,23.1,5.28,0.0,1,3.57,22.25,29.25,89.75,371.78
2020-05-09 23:20:00,580.86,27.0,23.1,5.28,0.0,0,1.57,27.25,34.25,94.75,376.78
2020-05-09 23:25:00,574.72,27.0,23.1,5.28,0.0,0,6.57,32.25,39.25,99.75,381.78
2020-05-09 23:30:00,574.72,27.0,23.1,5.28,0.0,0,11.57,37.25,44.25,104.75,386.78
2020-05-09 23:35:00,574.72,27.0,23.1,5.24,0.0,1,16.57,42.25,49.25,1.12,391.78
2020-05-09 23:40:00,584.45,27.6,23.1,5.18,0.0,1,3.55,2.38,54.25,6.12,396.78
2020-05-09 23:45:00,596.35,28.0,23.1,5.18,0.0,1,3.55,7.38,59.25,11.12,401.78
2020-05-09 23:50:00,598.72,28.0,23.1,5.18,0.0,1,8.55,12.38,64.25,16.12,406.78
2020-05-09 23:55:00,602.82,28.0,23.1,5.18,0.0,1,1.55,17.38,69.25,21.12,411.78
2020-05-10 00:00:00,606.72,28.0,23.1,5.18,0.0,1,0.72,22.38,74.25,26.12,416.78
2020-05-10 00:05:00,597.76,28.0,23.1,5.18,0.0,0,5.72,27.38,79.25,31.12,421.78
2020-05-10 00:10:00,608.96,28.4,23.1,5.18,0.0,0,0.7,0.37,84.25,36.12,426.78
2020-05-10 00:15:00,602.88,28.2,23.1,5.18,0.0,0,5.7,1.37,89.25,41.12,431.78
2020-05-10 00:20:00,602.88,28.4,23.1,5.24,0.0,0,10.7,1.37,94.25,2.3,436.78
2020-05-10 00:25:00,602.88,29.0,23.1,5.28,0.0,0,15.7,4.37,99.25,7.3,441.78
2020-05-10 00:30:00,597.63,28.8,23.1,5.28,0.0,0,1.7,3.35,104.25,12.3,446.78
2020-05-10 00:35:00,602.88,29.0,23.12,5.26,0.0,1,4.68,8.35,0.68,0.15,451.78
2020-05-10 00:40:00,579.58,28.6,23.2,5.18,0.0,1,1.68,0.35,5.68,5.15,456.78
2020-05-10 00:45:00,584.13,29.0,23.2,5.18,0.0,1,1.68,5.35,10.68,10.15,461.78
2020-05-10 00:50:00,606.14,29.0,23.2,5.18,0.0,1,0.68,10.35,15.68,15.15,466.78
2020-05-10 00:55:00,592.26,29.0,23.2,5.18,0.0,1,0.68,15.35,20.68,20.15,471.78
2020-05-10 01:00:00,586.62,29.2,23.2,5.2,0.0,1,1.67,2.33,25.68,0.7,476.78
2020-05-10 01:05:00,589.5,29.0,23.2,5.28,0.0,1,0.67,7.33,30.68,5.7,481.78
2020-05-10 01:10:00,571.84,29.0,23.2,5.28,0.0,1,5.67,12.33,35.68,10.7,486.78
2020-05-10 01:15:00,571.84,29.0,23.2,5.36,0.0,1,10.67,17.33,40.68,2.35,491.78
2020-05-10 01:20:00,571.84,29.0,23.2,5.41,0.0,1,15.67,22.33,45.68,7.35,496.78
2020-05-10 01:25:00,571.84,29.0,23.2,5.48,0.0,0,20.67,27.33,50.68,2.77,501.78
2020-05-10 01:30:00,571.84,29.8,23.2,5.53,0.0,0,25.67,1.32,55.68,7.77,506.78
2020-05-10 01:35:00,583.87,30.0,23.2,5.58,0.0,1,3.65,6.32,60.68,1.23,511.78
2020-05-10 01:40:00,586.88,30.0,23.2,5.74,0.0,1,8.65,11.32,65.68,3.35,516.78
2020-05-10 01:45:00,586.88,30.0,23.2,5.91,0.0,1,13.65,16.32,70.68,0.52,521.78
2020-05-10 01:50:00,586.88,30.0,23.2,6.11,0.0,1,18.65,21.32,75.68,3.15,526.78
2020-05-10 01:55:00,576.38,30.0,23.2,6.26,0.0,1,3.63,26.32,80.68,4.62,531.78
2020-05-10 02:00:00,573.76,30.0,23.2,6.36,0.0,0,8.63,31.32,85.68,3.08,536.78
2020-05-10 02:05:00,573.76,30.0,23.2,6.47,0.0,1,13.63,36.32,90.68,2.72,541.78
2020-05-10 02:10:00,579.78,30.0,23.2,6.59,0.0,1,1.63,41.32,95.68,2.57,546.78
2020-05-10 02:15:00,588.8,30.0,23.2,6.64,0.0,1,6.63,46.32,100.68,7.57,551.78
2020-05-10 02:20:00,588.8,30.2,23.2,6.77,0.0,1,11.63,0.62,105.68,4.73,556.78
2020-05-10 02:25:00,593.66,30.0,23.2,6.87,0.0,1,1.62,4.62,110.68,3.17,561.78
2020-05-10 02:30:00,600.96,30.0,23.2,7.02,0.0,1,6.62,9.62,115.68,4.2,566.78
2020-05-10 02:35:00,600.96,30.6,23.2,7.12,0.0,1,11.62,2.62,120.68,3.88,571.78
2020-05-10 02:40:00,600.96,30.8,23.2,7.14,0.0,1,16.62,1.62,125.68,8.88,576.78
2020-05-10 02:45:00,600.96,30.6,23.2,7.27,0.0,1,21.62,0.6,130.68,4.3,581.78
2020-05-10 02:50:00,589.76,30.8,23.2,7.32,0.0,1,4.6,1.6,135.68,1.97,586.78
2020-05-10 02:55:00,589.76,31.0,23.2,7.42,0.0,1,9.6,6.6,140.68,0.85,591.78
2020-05-10 03:00:00,589.76,31.0,23.2,7.52,0.0,1,14.6,11.6,145.68,5.85,596.78
2020-05-10 03:05:00,585.02,31.0,23.2,7.52,0.0,1,1.6,16.6,150.68,10.85,601.78
2020-05-10 03:10:00,583.55,31.0,23.2,7.52,0.0,1,1.6,21.6,155.68,15.85,606.78
2020-05-10 03:15:00,592.0,31.0,23.2,7.52,0.0,1,6.6,26.6,160.68,20.85,611.78
2020-05-10 03:20:00,580.74,31.0,23.25,7.52,0.0,1,3.58,31.6,1.73,25.85,616.78
2020-05-10 03:25:00,566.72,31.0,23.32,7.52,0.0,1,4.58,36.6,6.73,30.85,621.78
2020-05-10 03:30:00,566.72,31.0,23.32,7.59,0.0,1,9.58,41.6,11.73,2.12,626.78
2020-05-10 03:35:00,557.25,31.0,23.32,7.64,0.0,1,3.58,46.6,16.73,7.12,631.78
2020-05-10 03:40:00,554.88,31.0,23.32,7.74,0.0,1,8.58,0.57,21.73,3.65,636.78
2020-05-10 03:45:00,568.96,33.0,23.32,7.76,0.0,1,4.57,2.07,26.73,8.65,641.78
2020-05-10 03:50:00,568.96,33.0,23.32,7.76,0.0,1,9.57,7.07,31.73,13.65,646.78
2020-05-10 03:55:00,557.76,33.0,23.32,7.79,0.0,0,4.57,12.07,36.73,0.88,651.78
2020-05-10 04:00:00,561.86,33.0,23.32,7.89,0.0,0,1.55,17.07,41.73,5.88,656.78
2020-05-10 04:05:00,577.47,33.0,23.32,7.89,0.0,0,3.55,22.07,46.73,10.88,661.78
2020-05-10 04:10:00,579.84,33.0,23.32,7.89,0.0,0,8.55,27.07,51.73,15.88,666.78
2020-05-10 04:15:00,579.84,33.0,23.32,7.91,0.0,1,13.55,32.07,56.73,0.03,671.78
2020-05-10 04:20:00,579.84,33.0,23.32,8.11,0.0,1,18.55,37.07,61.73,3.1,676.78
2020-05-10 04:25:00,579.84,33.0,23.32,8.06,2.0,1,23.55,42.07,66.73,0.68,1.33
2020-05-10 04:30:00,577.47,33.4,23.32,8.33,31.2,1,0.53,1.03,71.73,2.53,3.33
2020-05-10 04:35:00,578.37,34.0,23.32,8.43,39.0,1,0.53,6.03,76.73,0.73,8.33
2020-05-10 04:40:00,637.7,34.0,23.32,8.43,39.0,1,1.53,11.03,81.73,1.4,13.33
2020-05-10 04:45:00,641.09,34.0,23.36,8.58,29.0,1,1.53,16.03,1.18,3.03,4.33
2020-05-10 04:50:00,623.49,34.0,23.42,8.72,29.0,1,0.53,21.03,6.18,4.57,9.33
2020-05-10 04:55:00,620.93,34.0,23.42,8.74,37.6,1,3.52,26.03,11.18,0.1,0.32
2020-05-10 05:00:00,600.96,34.0,23.46,8.84,82.61,1,4.52,31.03,1.02,5.1,0.32
2020-05-10 05:05:00,578.24,30.2,23.6,8.94,137.42,1,0.52,3.35,2.0,3.57,0.32
2020-05-10 05:10:00,515.26,29.6,23.66,9.16,161.41,1,1.85,2.85,7.0,3.6,0.32
2020-05-10 05:15:00,478.72,30.0,23.55,9.23,85.62,1,4.85,7.85,3.0,1.73,0.3
2020-05-10 05:20:00,478.72,30.0,23.42,9.32,94.8,1,9.85,12.85,3.0,0.4,0.3
2020-05-10 05:25:00,467.84,30.0,23.3,9.62,61.0,1,4.83,17.85,4.67,3.78,4.3
2020-05-10 05:30:00,467.84,30.0,23.2,9.64,61.0,1,9.83,22.85,3.65,0.33,9.3
2020-05-10 05:35:00,467.84,30.0,23.18,9.78,74.41,1,14.83,27.85,8.65,0.22,0.8
2020-05-10 05:40:00,467.84,30.0,23.18,9.93,109.23,1,19.83,32.85,13.65,1.78,0.78
2020-05-10 05:45:00,467.84,30.0,23.18,10.02,156.83,1,24.83,37.85,18.65,0.97,0.78
2020-05-10 05:50:00,467.84,30.2,23.18,10.24,312.03,1,29.83,2.98,23.65,4.22,0.28
2020-05-10 05:55:00,467.84,30.0,23.12,10.41,344.61,1,34.83,7.98,2.48,1.2,0.28
2020-05-10 06:00:00,467.84,30.0,23.08,10.6,313.86,1,39.83,12.98,7.48,0.05,0.28
2020-05-10 06:05:00,467.84,30.0,23.08,10.86,339.04,1,44.83,17.98,12.48,0.47,0.28
2020-05-10 06:10:00,467.84,30.0,23.16,11.18,315.81,1,49.83,22.98,3.47,3.53,1.77
2020-05-10 06:15:00,467.84,30.0,23.18,11.42,299.65,1,54.83,27.98,8.47,3.72,0.43
2020-05-10 06:20:00,467.84,30.0,23.18,11.7,266.59,1,59.83,32.98,13.47,1.93,0.43
2020-05-10 06:25:00,467.84,29.8,23.18,12.11,187.62,1,64.83,2.8,18.47,0.23,0.43
2020-05-10 06:30:00,467.84,30.0,23.18,12.16,203.23,1,69.83,7.8,23.47,4.25,0.43
2020-05-10 06:35:00,467.84,30.0,23.18,12.33,208.26,1,74.83,12.8,28.47,2.32,0.43
2020-05-10 06:40:00,467.84,29.0,23.14,12.42,159.62,1,79.83,4.8,1.45,0.03,0.42
2020-05-10 06:45:00,467.84,29.0,23.08,12.42,126.8,1,84.83,9.8,6.45,3.35,0.92
2020-05-10 06:50:00,467.84,29.0,23.08,12.61,124.64,1,89.83,14.8,11.45,3.0,1.42
2020-05-10 06:55:00,465.47,29.0,23.08,12.63,112.82,1,0.78,19.8,16.45,8.0,0.42
2020-05-10 07:00:00,456.0,29.0,23.08,12.63,155.04,1,5.78,24.8,21.45,13.0,4.42
2020-05-10 07:05:00,472.96,29.0,23.08,12.68,176.67,1,4.78,29.8,26.45,1.57,2.4
2020-05-10 07:10:00,467.33,29.0,23.08,12.97,174.85,1,1.78,34.8,31.45,1.17,1.4
2020-05-10 07:15:00,458.88,29.0,23.1,13.53,158.03,1,6.78,39.8,0.42,3.08,1.4
2020-05-10 07:20:00,458.88,29.0,23.18,13.51,154.62,1,11.78,44.8,5.42,0.43,0.4
2020-05-10 07:25:00,458.88,29.0,23.18,13.25,125.81,1,16.78,49.8,10.42,1.63,0.4
2020-05-10 07:30:00,458.88,29.0,23.18,13.25,180.05,1,21.78,54.8,15.42,1.12,0.4
2020-05-10 07:35:00,458.88,29.0,23.18,13.23,208.19,1,26.78,59.8,20.42,6.12,2.38
2020-05-10 07:40:00,458.88,29.0,23.2,13.37,190.59,1,31.78,64.8,0.42,0.88,0.38
2020-05-10 07:45:00,458.88,28.2,23.28,13.74,230.62,1,36.78,2.75,5.42,0.65,1.88
2020-05-10 07:50:00,470.46,28.0,23.28,14.0,198.43,1,1.92,7.75,10.42,2.98,0.88
2020-05-10 07:55:00,481.92,28.0,23.33,14.07,206.26,1,6.92,12.75,1.73,0.67,0.38
2020-05-10 08:00:00,472.9,28.0,23.4,14.12,200.61,1,2.92,17.75,6.73,2.25,0.37
2020-05-10 08:05:00,466.88,28.0,23.5,14.42,205.25,1,7.92,22.75,4.73,1.2,0.87
2020-05-10 08:10:00,466.88,28.0,23.54,14.63,211.62,1,12.92,27.75,1.38,1.5,2.37
2020-05-10 08:15:00,466.88,27.4,23.6,14.61,221.41,1,17.92,0.07,6.38,0.53,0.53
2020-05-10 08:20:00,466.88,27.4,23.6,14.82,152.42,1,22.92,2.07,11.38,0.25,0.03
2020-05-10 08:25:00,466.88,27.0,23.6,14.75,186.05,1,27.92,7.07,16.38,3.17,0.53
2020-05-10 08:30:00,466.88,28.0,23.6,14.94,229.98,0,32.92,4.05,21.38,0.83,3.53
2020-05-10 08:35:00,466.88,27.6,23.7,15.17,202.02,0,37.92,0.05,4.38,0.35,0.02
2020-05-10 08:40:00,466.88,27.8,23.7,15.12,162.59,0,42.92,3.05,9.38,3.68,0.02
2020-05-10 08:45:00,462.53,28.0,23.7,15.13,145.44,0,1.88,8.05,14.38,0.65,0.52
2020-05-10 08:50:00,461.5,28.0,23.7,15.24,95.02,0,1.88,13.05,19.38,0.72,0.02
2020-05-10 08:55:00,469.76,28.0,23.7,15.27,135.22,0,6.88,18.05,24.38,1.03,0.0
2020-05-10 09:00:00,469.76,28.0,23.82,15.17,98.63,0,11.88,23.05,4.7,0.42,0.5
2020-05-10 09:05:00,462.08,28.0,23.88,15.29,75.82,0,2.87,28.05,2.68,0.8,1.0
2020-05-10 09:10:00,468.8,28.0,23.92,15.01,54.0,0,4.87,33.05,7.68,0.07,0.5
2020-05-10 09:15:00,468.8,28.0,23.92,14.99,92.82,1,9.87,38.05,12.68,0.35,0.0
2020-05-10 09:20:00,468.8,28.2,23.92,14.8,79.41,1,14.87,0.68,17.68,0.68,1.0
2020-05-10 09:25:00,468.8,28.4,23.92,14.45,60.8,1,19.87,0.85,22.68,1.13,0.48
2020-05-10 09:30:00,468.8,28.0,23.92,14.38,55.6,1,24.87,4.85,27.68,1.4,0.98
2020-05-10 09:35:00,480.0,28.6,23.94,14.47,73.62,1,4.85,1.85,0.17,0.05,0.98
2020-05-10 09:40:00,468.8,29.0,24.02,14.77,106.22,0,4.85,6.85,5.17,0.13,0.48
2020-05-10 09:45:00,468.8,28.8,24.1,14.89,90.42,0,9.85,2.85,3.17,1.1,2.98
2020-05-10 09:50:00,468.8,29.0,24.12,14.87,74.0,0,14.85,7.85,8.17,0.25,4.98
2020-05-10 09:55:00,468.8,29.0,24.12,15.17,90.02,0,19.85,12.85,13.17,1.72,1.97
2020-05-10 10:00:00,468.8,29.0,24.22,15.32,101.22,0,24.85,17.85,3.5,0.67,2.47
2020-05-10 10:05:00,468.8,28.8,24.24,15.45,83.04,0,29.85,1.83,8.5,0.02,4.97
2020-05-10 10:10:00,468.8,29.0,24.3,15.85,72.4,0,34.85,6.83,2.48,0.4,0.97
2020-05-10 10:15:00,468.8,29.0,24.34,15.99,66.6,0,39.85,11.83,7.48,2.97,0.13
2020-05-10 10:20:00,468.8,29.0,24.34,15.96,91.04,0,44.85,16.83,12.48,0.82,4.63
2020-05-10 10:25:00,468.8,29.0,24.34,15.77,81.62,0,49.85,21.83,17.48,1.3,0.62
2020-05-10 10:30:00,468.8,29.0,24.34,16.15,70.0,0,54.85,26.83,22.48,0.7,1.12
2020-05-10 10:35:00,468.8,29.0,24.34,16.2,43.2,0,59.85,31.83,27.48,1.08,1.12
2020-05-10 10:40:00,468.8,29.2,24.34,15.78,32.0,0,64.85,1.8,32.48,0.77,1.62
2020-05-10 10:45:00,468.8,29.8,24.32,15.5,15.0,0,69.85,1.8,0.47,2.45,4.12
2020-05-10 10:50:00,468.8,29.8,24.24,15.45,0.0,0,74.85,0.8,5.47,7.45,4.6
2020-05-10 10:55:00,468.8,29.8,24.34,15.45,4.0,0,79.85,3.8,4.45,12.45,1.6
2020-05-10 11:00:00,468.8,29.2,24.34,15.55,20.0,1,84.85,1.8,9.45,3.75,4.6
2020-05-10 11:05:00,468.8,29.0,24.34,15.61,20.0,1,89.85,6.8,14.45,1.0,9.6
2020-05-10 11:10:00,468.8,29.0,24.44,15.8,34.0,1,94.85,11.8,3.45,4.1,1.58
2020-05-10 11:15:00,468.8,29.2,24.5,15.85,32.0,1,99.85,3.78,1.95,1.72,3.08
2020-05-10 11:20:00,468.8,29.0,24.56,15.82,20.0,1,104.85,8.78,6.95,0.1,4.58
2020-05-10 11:25:00,471.62,29.6,24.56,15.78,22.0,1,0.78,1.95,11.95,2.1,0.08
2020-05-10 11:30:00,482.88,30.2,24.56,15.82,38.8,1,5.78,1.45,16.95,1.42,3.08
2020-05-10 11:35:00,482.88,30.8,24.42,15.71,41.0,1,10.78,1.43,4.93,0.42,8.08
2020-05-10 11:40:00,482.88,30.2,24.32,15.45,41.0,1,15.78,3.43,4.1,1.2,13.08
2020-05-10 11:45:00,475.01,30.2,24.36,15.43,41.0,0,2.77,1.43,1.08,0.93,18.08
2020-05-10 11:50:00,469.76,30.2,24.42,15.38,41.0,0,7.77,1.43,6.08,0.12,23.08
2020-05-10 11:55:00,469.76,30.0,24.42,14.99,39.0,0,12.77,6.43,11.08,0.38,0.07
2020-05-10 12:00:00,469.76,30.6,24.42,14.87,31.0,0,17.77,1.42,16.08,3.25,5.07
2020-05-10 12:05:00,463.23,30.2,24.42,14.97,31.0,0,2.75,0.58,21.08,3.07,10.07
2020-05-10 12:10:00,458.88,30.6,24.42,14.99,39.0,0,7.75,1.58,26.08,0.7,3.05
2020-05-10 12:15:00,458.88,30.8,24.34,15.06,41.0,0,12.75,0.08,3.23,0.15,8.05
2020-05-10 12:20:00,458.88,30.4,24.32,15.15,41.0,0,17.75,0.08,8.23,0.9,13.05
2020-05-10 12:25:00,458.88,30.2,24.32,14.96,41.0,0,22.75,2.07,13.23,1.45,18.05
2020-05-10 12:30:00,458.88,30.6,24.32,14.68,41.0,1,27.75,1.07,18.23,0.83,23.05
2020-05-10 12:35:00,458.88,30.4,24.32,14.65,33.0,1,32.75,1.07,23.23,3.97,3.2
2020-05-10 12:40:00,458.88,30.8,24.32,14.56,31.0,1,37.75,0.23,28.23,2.45,8.2
2020-05-10 12:45:00,458.88,30.8,24.32,14.52,26.6,1,42.75,2.23,33.23,7.45,1.7
2020-05-10 12:50:00,458.88,30.8,24.32,14.54,20.0,1,47.75,2.23,38.23,3.42,6.7
2020-05-10 12:55:00,458.88,31.0,24.32,14.61,20.0,1,52.75,7.23,43.23,3.87,11.7
2020-05-10 13:00:00,458.88,30.0,24.32,14.61,10.0,0,57.75,4.22,48.23,0.12,1.68
2020-05-10 13:05:00,458.88,31.0,24.32,14.35,0.0,0,62.75,0.05,53.23,0.8,6.68
2020-05-10 13:10:00,458.88,31.8,24.32,14.07,0.0,0,67.75,1.05,58.23,3.63,11.68
2020-05-10 13:15:00,458.88,30.4,24.32,14.05,8.0,0,72.75,2.05,63.23,8.63,3.18
2020-05-10 13:20:00,458.88,30.6,24.32,13.86,0.0,0,77.75,0.05,68.23,2.72,4.18
2020-05-10 13:25:00,458.88,30.6,24.32,13.81,0.0,0,82.75,1.03,73.23,7.72,9.18
2020-05-10 13:30:00,458.88,30.4,24.32,13.67,4.0,0,87.75,1.03,78.23,1.72,1.67
2020-05-10 13:35:00,458.88,31.0,24.32,13.37,4.0,0,92.75,3.2,83.23,1.12,2.17
2020-05-10 13:40:00,458.88,31.8,24.32,13.11,0.0,0,97.75,0.2,88.23,4.73,7.17
2020-05-10 13:45:00,458.88,31.8,24.22,12.82,2.0,0,102.75,0.68,4.18,0.92,0.67
2020-05-10 13:50:00,458.88,31.0,24.22,12.52,19.6,0,107.75,2.18,9.18,4.2,3.17
2020-05-10 13:55:00,465.98,31.4,24.22,12.54,22.0,0,2.85,0.18,14.18,0.22,8.17
2020-05-10 14:00:00,470.72,33.0,24.22,12.63,9.2,0,7.85,3.52,19.18,5.22,1.15
2020-05-10 14:05:00,470.72,33.0,24.22,12.63,0.0,0,12.85,8.52,24.18,10.22,6.15
2020-05-10 14:10:00,470.72,33.2,24.22,12.59,0.0,0,17.85,0.5,29.18,1.17,11.15
2020-05-10 14:15:00,470.72,33.0,24.22,12.45,8.0,0,22.85,5.5,34.18,2.63,3.82
2020-05-10 14:20:00,470.72,33.0,24.22,12.4,10.0,0,27.85,10.5,39.18,7.63,8.82
2020-05-10 14:25:00,470.72,33.0,24.22,12.45,10.0,0,32.85,15.5,44.18,1.6,13.82
2020-05-10 14:30:00,470.72,33.4,24.22,12.63,4.0,1,37.85,0.5,49.18,4.82,2.8
2020-05-10 14:35:00,470.72,33.2,24.12,12.63,0.0,1,42.85,3.48,3.65,9.82,7.8
2020-05-10 14:40:00,470.72,33.4,24.1,12.63,0.0,1,47.85,1.48,8.65,14.82,12.8
2020-05-10 14:45:00,470.72,33.4,24.1,12.45,0.0,1,52.85,1.48,13.65,2.43,17.8
2020-05-10 14:50:00,470.72,33.6,24.1,12.21,0.0,1,57.85,0.48,18.65,2.68,22.8
2020-05-10 14:55:00,470.72,33.4,24.1,12.02,0.0,1,62.85,0.48,23.65,0.5,27.8
2020-05-10 15:00:00,470.72,34.0,24.1,11.94,0.0,0,67.85,5.48,28.65,0.97,32.8
2020-05-10 15:05:00,470.72,34.0,24.1,12.04,0.0,0,72.85,10.48,33.65,5.97,37.8
2020-05-10 15:10:00,470.72,34.0,24.1,11.9,0.0,0,77.85,15.48,38.65,0.73,42.8
2020-05-10 15:15:00,470.72,34.6,24.1,11.8,0.0,0,82.85,2.97,43.65,5.73,47.8
2020-05-10 15:20:00,470.72,35.0,24.06,11.9,0.0,0,87.85,7.97,1.62,3.43,52.8
2020-05-10 15:25:00,470.72,35.0,24.0,11.8,0.0,0,92.85,12.97,6.62,4.85,57.8
2020-05-10 15:30:00,470.72,35.0,24.0,11.8,0.0,0,97.85,17.97,11.62,9.85,62.8
2020-05-10 15:35:00,470.72,35.0,24.0,11.68,0.0,0,102.85,22.97,16.62,4.6,67.8
2020-05-10 15:40:00,470.72,35.0,24.0,11.68,0.0,0,107.85,27.97,21.62,9.6,72.8
2020-05-10 15:45:00,470.72,35.0,24.0,11.68,0.0,0,112.85,32.97,26.62,14.6,77.8
2020-05-10 15:50:00,470.72,35.0,23.96,11.56,0.0,0,117.85,37.97,1.43,4.5,82.8
2020-05-10 15:55:00,470.72,35.4,23.9,11.56,0.0,0,122.85,0.93,6.43,9.5,87.8
2020-05-10 16:00:00,472.77,35.6,23.9,11.56,0.0,0,0.77,0.93,11.43,14.5,92.8
2020-05-10 16:05:00,480.96,35.8,23.9,11.56,0.0,0,5.77,0.93,16.43,19.5,97.8
2020-05-10 16:10:00,478.91,35.8,23.88,11.46,0.0,0,0.77,1.93,0.42,3.78,102.8
2020-05-10 16:15:00,470.72,35.4,23.8,11.42,0.0,0,5.77,0.77,5.42,0.18,107.8
2020-05-10 16:20:00,470.72,35.4,23.8,11.42,0.0,0,10.77,0.77,10.42,0.77,112.8
2020-05-10 16:25:00,470.72,35.6,23.8,11.2,0.0,0,15.77,2.77,15.42,4.38,117.8
2020-05-10 16:30:00,470.72,35.2,23.8,11.1,0.0,0,20.77,2.75,20.42,3.82,122.8
2020-05-10 16:35:00,470.72,35.0,23.8,10.98,0.0,0,25.77,7.75,25.42,3.8,127.8
2020-05-10 16:40:00,470.72,34.6,23.8,10.96,0.0,0,30.77,1.75,30.42,8.8,132.8
2020-05-10 16:45:00,470.72,35.2,23.8,10.84,0.0,0,35.77,0.75,35.42,4.8,137.8
2020-05-10 16:50:00,459.84,34.6,23.8,10.86,0.0,0,4.75,0.73,40.42,0.15,142.8
2020-05-10 16:55:00,459.84,37.0,23.72,10.77,0.0,0,9.75,4.23,2.07,2.4,147.8
2020-05-10 17:00:00,459.84,36.6,23.66,10.62,0.0,1,14.75,0.73,7.07,3.72,152.8
2020-05-10 17:05:00,487.04,38.4,23.66,10.53,0.0,1,0.73,0.73,12.07,2.25,157.8
2020-05-10 17:10:00,522.88,38.0,23.68,10.41,0.0,1,4.73,1.23,0.22,2.7,162.8
2020-05-10 17:15:00,542.98,38.6,23.76,9.6,0.0,1,1.73,0.73,5.22,0.27,167.8
2020-05-10 17:20:00,568.96,38.0,23.76,8.13,0.0,1,4.73,5.73,10.22,1.07,172.8
2020-05-10 17:25:00,568.96,39.2,23.76,7.66,4.4,1,9.73,0.05,15.22,1.15,0.35
2020-05-10 17:30:00,584.96,38.0,23.82,7.14,22.0,1,4.72,5.05,2.2,4.15,5.35
2020-05-10 17:35:00,587.14,37.8,23.86,6.79,22.0,1,0.72,0.05,7.2,0.12,10.35
2020-05-10 17:40:00,598.46,37.8,23.86,6.24,22.0,1,0.72,0.03,12.2,1.12,15.35
2020-05-10 17:45:00,608.96,36.8,23.86,6.06,22.0,1,5.72,0.7,17.2,0.12,20.35
2020-05-10 17:50:00,606.14,36.2,23.96,5.86,22.0,1,0.7,1.7,3.2,0.72,25.35
2020-05-10 17:55:00,577.6,36.0,23.98,5.72,22.0,1,1.87,6.7,8.2,2.82,30.35
2020-05-10 18:00:00,568.0,35.6,23.88,5.53,22.0,1,6.87,0.7,3.18,4.93,35.35
2020-05-10 18:05:00,568.0,35.0,23.8,5.51,22.0,1,11.87,5.7,2.18,0.62,40.35
2020-05-10 18:10:00,580.35,35.4,23.76,5.41,22.0,1,1.87,1.68,7.18,5.62,45.35
2020-05-10 18:15:00,599.1,35.0,23.7,5.33,22.0,1,2.87,6.68,2.35,2.12,50.35
2020-05-10 18:20:00,599.49,35.0,23.66,5.22,22.0,1,1.85,11.68,7.35,2.88,55.35
2020-05-10 18:25:00,592.96,35.0,23.56,5.13,22.0,1,6.85,16.68,4.33,1.22,60.35
2020-05-10 18:30:00,592.96,35.0,23.54,5.06,22.0,1,11.85,21.68,0.67,6.22,65.35
2020-05-10 18:35:00,590.72,35.0,23.46,4.98,22.0,1,0.85,26.68,5.67,0.32,70.35
2020-05-10 18:40:00,574.59,34.2,23.46,4.96,22.0,1,1.83,0.67,10.67,0.28,75.35
2020-05-10 18:45:00,554.24,34.0,23.39,4.67,22.0,1,2.83,4.67,2.67,0.48,80.35
2020-05-10 18:50:00,538.82,34.0,23.34,4.44,22.0,1,2.83,9.67,7.67,1.95,85.35
2020-05-10 18:55:00,520.77,34.0,23.24,4.57,22.0,1,0.83,14.67,4.65,4.08,90.35
2020-05-10 19:00:00,548.22,34.2,23.3,4.29,22.0,1,1.83,1.65,2.65,1.48,95.35
2020-05-10 19:05:00,576.0,34.0,23.44,4.19,22.0,1,4.83,6.65,3.65,6.48,100.35
2020-05-10 19:10:00,578.75,34.0,23.5,4.16,22.0,1,0.82,11.65,1.32,0.43,105.35
2020-05-10 19:15:00,589.76,34.0,23.56,3.92,22.0,1,5.82,16.65,6.32,1.88,110.35
2020-05-10 19:20:00,594.62,34.2,23.56,3.85,22.0,1,1.82,0.65,11.32,0.23,115.35
2020-05-10 19:25:00,601.92,34.6,23.56,3.8,22.0,1,6.82,2.65,16.32,0.58,120.35
2020-05-10 19:30:00,626.56,34.6,23.56,3.64,22.0,1,2.3,0.8,21.32,2.73,125.35
2020-05-10 19:35:00,632.96,34.0,23.56,3.5,22.0,1,7.3,4.8,26.32,3.43,130.35
2020-05-10 19:40:00,632.96,34.0,23.56,3.43,22.0,1,12.3,9.8,31.32,1.32,135.35
2020-05-10 19:45:00,632.96,33.8,23.6,3.29,22.0,1,17.3,0.8,1.45,2.87,140.35
2020-05-10 19:50:00,635.52,33.0,23.66,3.19,22.0,1,0.3,4.8,6.45,1.28,145.35
2020-05-10 19:55:00,643.39,33.0,23.66,3.01,22.0,1,0.3,9.8,11.45,3.38,150.35
2020-05-10 20:00:00,612.03,33.0,23.66,2.81,22.0,1,2.28,14.8,16.45,0.38,155.35
2020-05-10 20:05:00,587.97,33.0,23.66,2.71,22.0,1,0.28,19.8,21.45,5.38,160.35
2020-05-10 20:10:00,587.84,33.0,23.66,2.65,22.0,1,4.28,24.8,26.45,2.2,165.35
2020-05-10 20:15:00,565.06,33.0,23.66,2.58,22.0,1,0.28,0.27,31.45,0.7,170.35
2020-05-10 20:20:00,548.8,32.6,23.66,2.48,22.0,1,5.28,0.43,36.45,5.7,175.35
2020-05-10 20:25:00,561.92,32.6,23.66,2.48,22.0,1,4.28,0.77,41.45,10.7,180.35
2020-05-10 20:30:00,561.92,31.0,23.64,2.3,22.0,1,9.28,5.77,0.42,0.03,185.35
2020-05-10 20:35:00,588.54,31.0,23.56,2.11,22.0,1,0.27,10.77,5.42,5.03,190.35
2020-05-10 20:40:00,602.88,30.6,23.48,2.11,22.0,1,5.27,0.77,3.42,10.03,195.35
2020-05-10 20:45:00,602.88,30.6,23.46,2.06,22.0,1,10.27,0.75,8.42,0.15,200.35
2020-05-10 20:50:00,602.88,30.2,23.46,1.82,22.0,1,15.27,3.75,13.42,1.53,205.35
2020-05-10 20:55:00,602.88,30.6,23.46,1.68,22.0,1,20.27,0.75,18.42,4.8,210.35
2020-05-10 21:00:00,602.88,30.0,23.46,1.59,22.0,1,25.27,5.75,23.42,0.67,215.35
2020-05-10 21:05:00,602.88,30.0,23.46,1.55,22.0,1,30.27,10.75,28.42,0.6,220.35
2020-05-10 21:10:00,602.88,30.2,23.46,1.43,22.0,1,35.27,1.75,33.42,1.7,225.35
2020-05-10 21:15:00,602.88,30.0,23.46,1.33,13.2,1,40.27,0.23,38.42,1.0,1.53
2020-05-10 21:20:00,577.22,30.2,23.26,1.17,0.0,1,0.23,1.4,0.57,4.93,6.53
2020-05-10 21:25:00,518.02,31.0,22.45,1.25,0.0,1,0.57,1.9,0.88,3.42,11.53
2020-05-10 21:30:00,497.66,33.0,21.8,1.17,0.0,1,0.57,1.9,1.05,4.93,16.53
2020-05-10 21:35:00,488.96,37.2,21.4,1.06,0.0,1,5.57,0.23,2.05,3.32,21.53
2020-05-10 21:40:00,549.5,45.0,21.4,1.03,0.0,1,0.57,1.23,0.38,8.32,26.53
2020-05-10 21:45:00,622.91,42.8,21.7,1.03,0.0,1,0.73,1.88,1.72,13.32,31.53
2020-05-10 21:50:00,604.35,40.4,21.95,1.03,0.0,1,2.72,1.38,1.88,18.32,36.53
2020-05-10 21:55:00,590.98,40.4,22.12,1.09,0.0,1,2.72,0.72,4.22,1.33,41.53
2020-05-10 22:00:00,742.02,38.8,22.12,1.03,0.0,1,1.05,1.22,9.22,6.33,46.53
2020-05-10 22:05:00,1011.84,37.6,22.19,1.03,0.0,1,0.55,0.2,2.2,11.33,51.53
2020-05-10 22:10:00,921.86,37.2,22.24,1.03,0.0,1,0.2,2.2,7.2,16.33,56.53
2020-05-10 22:15:00,889.73,37.4,22.24,1.03,0.0,1,0.2,2.03,12.2,21.33,61.53
2020-05-10 22:20:00,973.57,37.8,22.26,1.03,0.0,1,1.03,1.03,0.68,26.33,66.53
2020-05-10 22:25:00,1007.62,35.2,22.41,1.05,0.0,1,1.03,2.53,2.35,0.23,71.53
2020-05-10 22:30:00,771.71,33.2,22.56,1.11,0.0,1,0.37,1.2,4.35,3.28,76.53
2020-05-10 22:35:00,597.95,33.2,22.56,1.13,0.0,1,0.53,2.18,9.35,8.28,81.53
2020-05-10 22:40:00,534.66,33.0,22.56,1.13,0.0,1,0.52,0.52,14.35,13.28,86.53
2020-05-10 22:45:00,495.62,31.4,22.56,1.13,0.0,1,1.85,2.68,19.35,18.28,91.53
2020-05-10 22:50:00,494.21,31.0,22.56,1.13,0.0,0,0.85,4.18,24.35,23.28,96.53
2020-05-10 22:55:00,474.88,31.8,22.56,1.13,0.0,0,5.85,1.52,29.35,2.07,101.53
2020-05-10 23:00:00,479.62,31.0,22.56,1.09,0.0,1,1.85,6.52,34.35,1.88,106.53
2020-05-10 23:05:00,486.72,31.0,22.56,1.03,0.0,1,6.85,11.52,39.35,6.88,111.53
2020-05-10 23:10:00,479.04,31.0,22.56,0.95,0.0,1,2.83,16.52,44.35,2.98,116.53
2020-05-10 23:15:00,473.92,31.0,22.56,0.92,0.0,1,7.83,21.52,49.35,0.67,121.53
2020-05-10 23:20:00,473.92,31.0,22.56,1.0,0.0,1,12.83,26.52,54.35,5.67,126.53
2020-05-10 23:25:00,473.92,30.8,22.56,1.0,0.0,1,17.83,1.48,59.35,10.67,131.53
2020-05-10 23:30:00,473.92,31.0,22.56,1.06,0.0,1,22.83,6.48,64.35,2.7,136.53
2020-05-10 23:35:00,471.68,31.0,22.54,1.16,0.0,1,0.82,11.48,0.3,1.58,141.53
2020-05-10 23:40:00,462.72,31.0,22.46,1.2,0.0,1,5.82,16.48,5.3,4.77,146.53
2020-05-10 23:45:00,470.02,30.8,22.46,1.2,0.0,1,2.82,0.47,10.3,9.77,151.53
2020-05-10 23:50:00,477.7,30.6,22.46,1.2,0.0,1,0.8,2.47,15.3,14.77,156.53
2020-05-10 23:55:00,486.72,31.0,22.46,1.2,0.0,1,0.8,7.47,20.3,19.77,161.53
2020-05-11 00:00:00,468.74,30.2,22.46,1.12,0.0,1,2.8,0.47,25.3,3.63,166.53
2020-05-11 00:05:00,464.77,30.4,22.46,1.1,0.0,1,0.8,0.47,30.3,8.63,171.53
2020-05-11 00:10:00,472.96,30.2,22.46,1.1,0.0,1,5.8,0.45,35.3,13.63,176.53
2020-05-11 00:15:00,468.1,30.0,22.44,1.04,0.0,1,1.78,4.45,0.45,2.88,181.53
2020-05-11 00:20:00,463.81,30.0,22.34,1.1,0.0,1,0.78,9.45,5.45,4.28,186.53
2020-05-11 00:25:00,475.84,30.0,22.34,1.1,0.0,1,5.78,14.45,10.45,9.28,191.53
2020-05-11 00:30:00,475.84,30.0,22.34,1.1,0.0,0,10.78,19.45,15.45,14.28,196.53
2020-05-11 00:35:00,475.84,30.0,22.34,1.12,0.0,0,15.78,24.45,20.45,0.53,201.53
2020-05-11 00:40:00,470.21,30.0,22.34,1.2,0.0,0,1.78,29.45,25.45,5.53,206.53
2020-05-11 00:45:00,467.01,30.0,22.34,1.2,0.0,1,1.77,34.45,30.45,10.53,211.53
2020-05-11 00:50:00,479.49,30.4,22.34,1.23,0.0,1,0.77,1.43,35.45,0.13,216.53
2020-05-11 00:55:00,527.36,30.4,22.24,1.34,0.0,1,2.77,1.43,4.43,5.13,221.53
2020-05-11 01:00:00,500.74,30.0,22.24,1.36,0.0,1,1.77,6.43,9.43,0.27,226.53
2020-05-11 01:05:00,473.28,30.0,22.24,1.44,0.0,1,1.77,11.43,14.43,5.27,231.53
2020-05-11 01:10:00,494.72,30.0,22.24,1.44,0.0,1,4.77,16.43,19.43,10.27,236.53
2020-05-11 01:15:00,494.72,30.0,22.24,1.34,0.0,1,9.77,21.43,24.43,4.55,241.53
2020-05-11 01:20:00,494.72,30.0,22.24,1.38,0.0,1,14.77,26.43,29.43,2.55,246.53
2020-05-11 01:25:00,494.72,30.0,22.24,1.32,0.0,1,19.77,31.43,34.43,0.65,251.53
2020-05-11 01:30:00,499.2,29.8,22.24,1.24,0.0,1,1.75,0.92,39.43,5.65,256.53
2020-05-11 01:35:00,496.45,30.0,22.24,1.2,0.0,1,0.75,5.92,44.43,1.52,261.53
2020-05-11 01:40:00,482.88,29.4,22.24,1.11,0.0,1,5.75,1.9,49.43,0.62,266.53
2020-05-11 01:45:00,482.88,29.4,22.24,1.09,0.0,1,10.75,1.9,54.43,0.63,271.53
2020-05-11 01:50:00,479.68,29.0,22.24,1.03,0.0,1,0.73,6.9,59.43,5.63,276.53
2020-05-11 01:55:00,466.88,29.0,22.24,1.03,0.0,1,5.73,11.9,64.43,10.63,281.53
2020-05-11 02:00:00,472.51,29.0,22.24,0.95,0.0,1,1.73,16.9,69.43,2.53,286.53
2020-05-11 02:05:00,478.72,29.0,22.24,0.9,0.0,1,0.73,21.9,74.43,7.53,291.53
2020-05-11 02:10:00,469.76,29.0,22.24,0.9,0.0,1,5.73,26.9,79.43,12.53,296.53
2020-05-11 02:15:00,469.76,28.8,22.24,0.88,0.0,1,10.73,0.88,84.43,0.03,301.53
2020-05-11 02:20:00,477.06,28.8,22.18,0.79,0.0,1,2.72,0.88,2.37,5.03,306.53
2020-05-11 02:25:00,481.92,28.8,22.14,0.79,0.0,1,7.72,3.88,7.37,10.03,311.53
2020-05-11 02:30:00,485.89,29.0,22.14,0.79,0.0,1,0.7,8.88,12.37,15.03,316.53
2020-05-11 02:35:00,501.76,29.0,22.14,0.77,0.0,1,5.7,13.88,17.37,0.35,321.53
2020-05-11 02:40:00,482.62,28.4,22.14,0.73,0.0,1,0.7,2.87,22.37,2.1,326.53
2020-05-11 02:45:00,473.92,28.4,22.14,0.69,0.0,1,5.7,0.87,27.37,7.1,331.53
2020-05-11 02:50:00,481.02,28.0,22.14,0.69,0.0,1,2.7,1.02,32.37,12.1,336.53
2020-05-11 02:55:00,492.48,28.0,22.14,0.69,0.0,1,2.7,6.02,37.37,17.1,341.53
2020-05-11 03:00:00,496.96,28.0,22.14,0.69,0.0,0,7.7,11.02,42.37,22.1,346.53
2020-05-11 03:05:00,500.16,27.6,21.93,0.69,0.0,0,0.68,1.68,0.35,27.1,351.53
2020-05-11 03:10:00,519.49,27.2,21.24,0.69,0.0,0,2.68,0.68,2.17,32.1,356.53
2020-05-11 03:15:00,523.84,28.6,21.19,0.69,0.0,0,7.68,2.52,0.17,37.1,361.53
2020-05-11 03:20:00,517.82,28.6,21.4,0.67,0.0,0,1.68,1.52,0.17,0.15,366.53
2020-05-11 03:25:00,508.8,28.6,21.58,0.63,0.0,0,6.68,2.5,2.33,1.98,371.53
2020-05-11 03:30:00,491.84,28.2,21.72,0.69,0.0,0,4.67,0.5,2.33,6.98,376.53
2020-05-11 03:35:00,486.21,28.2,21.78,0.63,0.0,0,1.83,3.5,7.33,0.93,381.53
2020-05-11 03:40:00,499.97,28.0,21.78,0.73,0.0,1,1.83,8.5,12.33,2.77,386.53
2020-05-11 03:45:00,518.34,27.8,21.78,0.65,0.0,1,0.83,1.65,17.33,1.02,391.53
2020-05-11 03:50:00,496.0,28.0,21.83,0.61,0.0,1,5.83,6.65,1.32,1.03,396.53
2020-05-11 03:55:00,480.45,27.8,21.9,0.59,0.0,1,1.82,1.65,6.32,6.03,401.53
2020-05-11 04:00:00,473.92,28.0,21.9,0.71,0.0,1,6.82,6.65,11.32,1.25,406.53
2020-05-11 04:05:00,473.92,27.8,21.9,0.98,0.0,1,11.82,1.65,16.32,3.72,411.53
2020-05-11 04:10:00,473.92,27.6,21.9,1.1,10.0,1,16.82,0.63,21.32,4.55,4.95
2020-05-11 04:15:00,473.92,27.2,21.9,1.31,10.0,1,21.82,1.63,26.32,3.15,9.95
2020-05-11 04:20:00,473.92,27.2,21.9,1.45,8.0,1,26.82,0.63,31.32,0.07,0.43
2020-05-11 04:25:00,488.0,27.0,21.9,1.43,4.0,1,4.8,4.63,36.32,0.08,1.43
2020-05-11 04:30:00,479.55,27.0,21.9,1.53,32.8,1,2.8,9.63,41.32,0.23,0.93
2020-05-11 04:35:00,473.92,27.0,21.9,1.68,53.0,1,7.8,14.63,46.32,0.53,0.93
2020-05-11 04:40:00,476.48,27.2,21.94,1.72,60.6,1,0.8,0.62,1.62,0.08,0.43
2020-05-11 04:45:00,490.18,28.0,22.0,1.82,60.01,1,0.78,1.45,6.62,0.0,0.42
2020-05-11 04:50:00,511.68,27.4,22.1,1.68,86.19,1,2.78,0.45,4.62,0.57,0.42
2020-05-11 04:55:00,486.21,27.6,22.1,1.49,68.8,1,1.78,2.45,9.62,1.18,0.42
2020-05-11 05:00:00,495.94,28.0,22.1,1.43,105.8,1,0.78,7.45,14.62,1.55,0.92
2020-05-11 05:05:00,512.96,27.2,22.1,1.41,124.21,1,5.78,3.45,19.62,2.25,0.42
2020-05-11 05:10:00,492.54,27.0,22.18,1.57,68.4,1,0.77,2.43,3.1,1.35,0.92
2020-05-11 05:15:00,483.84,25.4,22.2,1.68,63.81,1,5.77,2.43,8.1,6.35,0.4
2020-05-11 05:20:00,475.97,26.2,22.22,1.84,113.42,1,2.77,1.27,0.08,1.82,0.4
2020-05-11 05:25:00,494.66,26.6,22.32,1.86,72.41,1,0.77,3.43,5.08,0.42,0.4
2020-05-11 05:30:00,517.76,27.0,22.32,1.57,104.42,1,5.77,0.43,10.08,1.05,0.4
2020-05-11 05:35:00,503.42,26.2,22.32,1.63,116.19,1,3.77,0.92,15.08,0.63,0.05
2020-05-11 05:40:00,499.84,25.4,22.39,1.74,140.44,1,8.77,0.75,2.42,1.15,0.05
2020-05-11 05:45:00,478.27,25.0,22.46,2.14,185.81,1,2.75,4.25,0.42,2.43,0.05
2020-05-11 05:50:00,473.92,24.8,22.54,2.19,187.81,1,7.75,0.25,5.42,0.38,1.05
2020-05-11 05:55:00,483.52,24.8,22.59,2.19,147.78,1,2.75,0.23,1.07,3.38,0.05
2020-05-11 06:00:00,492.29,24.8,22.66,1.74,150.78,1,0.73,3.23,6.07,2.4,2.05
2020-05-11 06:05:00,497.02,24.8,22.7,1.68,193.86,1,1.73,0.23,1.07,0.33,3.03
2020-05-11 06:10:00,472.45,24.4,22.78,1.88,165.45,1,1.73,0.23,0.88,1.57,0.53
2020-05-11 06:15:00,465.92,24.0,22.86,1.8,160.39,1,6.73,4.23,5.88,1.32,0.03
2020-05-11 06:20:00,465.92,24.0,22.96,1.95,189.6,1,11.73,9.23,3.55,0.33,0.02
2020-05-11 06:25:00,465.92,24.4,23.04,2.29,167.22,1,16.73,0.22,2.55,0.97,0.02
2020-05-11 06:30:00,471.55,23.8,23.14,2.8,205.79,1,1.72,0.72,2.05,0.43,1.02
2020-05-11 06:35:00,480.0,24.2,23.28,2.85,196.96,1,6.72,0.38,3.05,0.22,6.02
2020-05-11 06:40:00,486.4,24.0,23.4,2.9,194.4,1,1.72,0.22,0.87,0.12,0.52
2020-05-11 06:45:00,496.0,23.6,23.5,3.25,145.24,1,6.72,0.38,5.87,1.68,0.02
2020-05-11 06:50:00,498.37,22.8,23.5,3.18,101.61,1,0.72,2.37,10.87,1.45,2.0
2020-05-11 06:55:00,512.7,24.6,23.5,2.76,82.2,1,1.72,1.7,15.87,0.52,0.0
2020-05-11 07:00:00,510.08,23.2,23.52,2.57,161.02,1,0.7,0.2,0.37,1.63,0.0
2020-05-11 07:05:00,491.52,24.0,23.64,2.87,227.84,1,0.7,5.2,1.37,0.08,1.0
2020-05-11 07:10:00,478.72,22.6,23.7,3.35,84.61,1,5.7,0.7,6.37,0.32,0.0
2020-05-11 07:15:00,478.72,22.8,23.75,3.04,64.41,1,10.7,0.35,1.85,0.3,0.48
2020-05-11 07:20:00,474.37,21.2,23.82,2.97,181.64,1,1.68,0.18,6.85,0.6,0.48
2020-05-11 07:25:00,467.84,21.2,23.78,3.46,157.2,1,6.68,3.68,1.85,0.75,0.48
2020-05-11 07:30:00,467.84,21.0,23.6,3.52,237.81,1,11.68,0.68,4.85,1.47,0.65
2020-05-11 07:35:00,465.66,21.0,23.62,3.34,149.61,1,0.68,0.68,0.67,1.32,1.15
2020-05-11 07:40:00,459.14,21.4,23.76,3.25,264.99,1,0.68,0.5,1.33,0.0,0.15
2020-05-11 07:45:00,467.84,22.0,23.93,3.57,186.62,1,5.68,0.0,2.67,2.05,0.13
2020-05-11 07:50:00,460.74,21.2,24.03,3.79,240.18,1,2.67,0.67,1.67,0.92,2.13
2020-05-11 07:55:00,456.0,22.4,24.18,3.76,248.96,1,7.67,1.67,3.17,0.72,4.13
2020-05-11 08:00:00,456.0,22.0,24.2,4.07,248.96,1,12.67,0.5,8.17,0.73,9.13
2020-05-11 08:05:00,456.0,20.0,24.32,4.2,248.96,0,17.67,0.65,4.15,2.03,14.13
2020-05-11 08:10:00,456.0,19.2,24.32,4.5,252.83,0,22.67,0.48,9.15,1.4,2.12
2020-05-11 08:15:00,453.76,19.6,24.42,4.41,215.62,0,0.82,0.98,4.65,4.58,0.12
2020-05-11 08:20:00,444.8,18.0,24.36,4.41,204.6,0,5.82,0.48,2.65,9.58,3.12
2020-05-11 08:25:00,444.8,18.6,24.32,4.47,236.0,0,10.82,0.98,7.65,1.67,4.62
2020-05-11 08:30:00,447.04,21.6,24.44,4.44,226.4,0,0.82,3.65,0.63,0.5,3.62
2020-05-11 08:35:00,456.0,21.0,24.52,4.87,180.01,0,5.82,0.47,5.63,3.03,0.1
2020-05-11 08:40:00,456.0,20.2,24.6,4.82,215.42,0,10.82,0.63,3.63,1.43,1.1
2020-05-11 08:45:00,456.0,18.2,24.62,4.82,146.24,0,15.82,0.47,8.63,1.55,1.1
2020-05-11 08:50:00,456.0,19.2,24.62,4.9,172.82,0,20.82,0.13,13.63,1.48,0.6
2020-05-11 08:55:00,444.8,17.0,24.58,5.05,200.26,0,4.8,1.12,1.62,2.65,3.6
2020-05-11 09:00:00,444.8,18.4,24.52,5.19,192.03,0,9.8,0.12,6.62,1.05,2.58
2020-05-11 09:05:00,450.82,20.8,24.62,5.06,183.2,0,1.78,0.45,3.62,0.82,1.58
2020-05-11 09:10:00,457.22,20.6,24.74,4.9,138.39,0,0.78,0.45,4.62,0.72,0.08
2020-05-11 09:15:00,446.72,20.2,24.74,5.13,166.08,0,5.78,1.95,9.62,0.65,4.08
2020-05-11 09:20:00,456.96,16.8,24.74,5.2,152.45,0,4.78,2.43,14.62,0.22,1.58
2020-05-11 09:25:00,456.96,16.4,24.7,5.31,142.21,0,9.78,0.43,1.77,0.73,3.57
2020-05-11 09:30:00,456.96,17.2,24.64,5.46,135.2,0,14.78,0.1,6.77,0.5,1.23
2020-05-11 09:35:00,454.53,16.2,24.64,5.46,61.82,0,0.77,2.1,11.77,0.48,1.23
2020-05-11 09:40:00,444.8,16.0,24.62,5.43,119.04,1,5.77,7.1,0.25,0.08,1.73
2020-05-11 09:45:00,456.45,16.4,24.52,5.53,101.23,1,0.77,1.92,5.25,0.18,0.22
2020-05-11 09:50:00,495.62,16.2,24.52,5.48,73.82,1,0.75,3.08,10.25,0.27,1.22
2020-05-11 09:55:00,529.41,15.8,24.52,5.81,84.23,1,0.75,3.92,15.25,0.2,0.72
2020-05-11 10:00:00,555.01,16.0,24.46,5.96,70.8,1,1.75,8.92,1.57,0.9,0.22
2020-05-11 10:05:00,554.05,16.6,24.38,5.88,52.2,1,1.75,1.25,6.57,1.83,2.72
2020-05-11 10:10:00,522.88,16.4,24.38,6.06,56.8,1,4.75,3.73,11.57,0.2,0.2
2020-05-11 10:15:00,515.58,18.4,24.28,6.14,52.2,1,2.73,0.23,3.57,0.2,0.7
2020-05-11 10:20:00,493.18,18.6,24.36,6.11,58.0,1,0.73,0.23,4.57,0.53,5.7
2020-05-11 10:25:00,479.49,15.8,24.34,6.44,49.6,1,0.73,1.23,0.55,1.72,0.7
2020-05-11 10:30:00,469.76,16.8,24.26,6.44,48.6,0,5.73,0.4,5.55,1.0,0.2
2020-05-11 10:35:00,467.2,15.6,24.26,6.44,53.0,0,0.73,2.88,10.55,0.72,3.2
2020-05-11 10:40:00,456.96,15.8,24.12,6.54,47.0,0,5.73,0.38,4.05,0.4,0.68
2020-05-11 10:45:00,456.96,16.6,24.23,6.49,38.6,0,10.73,0.22,3.05,0.17,2.18
2020-05-11 10:50:00,456.96,16.0,24.18,6.57,46.2,0,15.73,0.72,3.05,0.75,1.18
2020-05-11 10:55:00,456.96,16.4,24.16,6.64,42.0,0,20.73,1.22,8.05,0.68,6.18
2020-05-11 11:00:00,454.53,15.8,24.16,6.77,37.0,0,0.72,1.7,13.05,5.68,1.68
2020-05-11 11:05:00,444.8,15.2,24.0,6.74,17.8,0,5.72,1.7,4.03,3.98,3.68
2020-05-11 11:10:00,444.8,18.6,24.04,6.39,15.8,0,10.72,0.2,1.87,0.27,0.17
2020-05-11 11:15:00,444.8,19.6,24.16,6.84,41.0,0,15.72,2.37,2.53,0.25,4.17
2020-05-11 11:20:00,452.67,18.8,24.22,7.49,27.8,0,2.7,0.2,0.52,3.43,0.33
2020-05-11 11:25:00,451.9,17.2,24.3,7.34,31.4,0,1.7,0.35,0.52,0.67,0.83
2020-05-11 11:30:00,442.88,15.8,24.16,7.19,21.0,0,6.7,0.18,1.52,1.43,5.83
2020-05-11 11:35:00,442.88,15.2,23.98,6.97,27.0,0,11.7,0.35,4.52,0.18,2.82
2020-05-11 11:40:00,442.88,15.6,23.96,7.29,28.0,0,16.7,0.35,0.5,0.48,0.82
2020-05-11 11:45:00,442.88,15.6,23.81,7.14,26.4,1,21.7,0.18,1.0,0.13,3.82
2020-05-11 11:50:00,442.88,17.2,23.84,7.39,19.0,1,26.7,0.17,3.0,0.55,4.82
2020-05-11 11:55:00,449.66,17.0,23.88,7.59,19.0,1,1.67,0.83,0.33,0.63,9.82
2020-05-11 12:00:00,466.37,17.2,23.98,7.57,19.0,1,2.67,1.33,5.33,1.12,14.82
2020-05-11 12:05:00,470.72,16.2,23.84,7.19,19.0,1,7.67,2.33,0.82,0.25,19.82
2020-05-11 12:10:00,464.83,17.4,23.76,7.24,19.0,1,1.67,0.17,5.82,0.78,24.82
2020-05-11 12:15:00,456.0,17.2,23.76,7.47,19.0,1,6.67,2.32,10.82,0.6,29.82
2020-05-11 12:20:00,456.0,16.2,23.76,7.44,19.0,0,11.67,0.65,15.82,1.15,34.82
2020-05-11 12:25:00,456.0,16.4,23.66,7.84,19.0,0,16.67,1.48,4.82,0.72,39.82
2020-05-11 12:30:00,456.0,15.8,23.58,7.49,14.4,1,21.67,0.48,3.82,0.92,3.28
2020-05-11 12:35:00,451.52,16.6,23.46,7.64,5.6,1,1.65,1.48,4.8,0.08,0.28
2020-05-11 12:40:00,444.8,17.2,23.46,7.54,12.6,1,6.65,0.47,9.8,2.37,0.28
2020-05-11 12:45:00,444.8,15.6,23.44,7.22,18.2,1,11.65,1.47,0.13,0.52,1.27
2020-05-11 12:50:00,444.8,15.4,23.34,7.22,29.0,1,16.65,1.47,5.13,0.17,6.27
2020-05-11 12:55:00,442.43,15.2,23.22,7.09,29.0,1,0.8,2.47,0.63,0.75,11.27
2020-05-11 13:00:00,432.96,15.2,23.14,7.19,29.0,1,5.8,2.63,5.63,0.13,16.27
2020-05-11 13:05:00,440.64,15.6,23.01,7.14,29.0,1,2.8,0.62,3.78,0.18,21.27
2020-05-11 13:10:00,445.76,18.2,23.1,7.67,19.4,1,7.8,0.62,0.62,2.63,3.77
2020-05-11 13:15:00,445.76,18.0,23.26,7.94,17.0,1,12.8,0.95,0.62,0.2,8.77
2020-05-11 13:20:00,445.76,17.2,23.36,8.3,17.0,1,17.8,1.12,0.77,0.28,13.77
2020-05-11 13:25:00,445.76,19.0,23.44,8.33,17.0,1,22.8,0.45,5.77,0.32,18.77
2020-05-11 13:30:00,445.76,17.8,23.49,8.18,17.0,1,27.8,0.43,1.77,1.02,23.77
2020-05-11 13:35:00,445.76,16.2,23.5,7.79,17.0,1,32.8,3.43,2.6,0.05,28.77
2020-05-11 13:40:00,445.76,17.4,23.35,8.39,17.0,1,37.8,0.6,3.77,0.58,33.77
2020-05-11 13:45:00,456.0,18.0,23.32,8.49,17.0,0,4.77,0.1,8.77,0.17,38.77
2020-05-11 13:50:00,456.0,17.8,23.42,8.04,17.0,0,9.77,0.93,4.75,0.5,43.77
2020-05-11 13:55:00,456.0,16.2,23.42,7.99,17.0,0,14.77,0.92,9.75,1.03,48.77
2020-05-11 14:00:00,456.0,17.6,23.32,7.96,17.0,0,19.77,0.92,4.75,0.12,53.77
2020-05-11 14:05:00,456.0,17.6,23.32,8.18,17.0,0,24.77,0.42,9.75,0.02,58.77
2020-05-11 14:10:00,456.0,15.4,23.16,7.69,17.0,0,29.77,2.08,0.07,1.87,63.77
2020-05-11 14:15:00,451.9,15.2,22.92,7.62,17.0,1,1.75,0.08,3.73,0.47,68.77
2020-05-11 14:20:00,447.81,17.0,22.94,7.76,17.0,1,0.75,0.57,1.73,0.65,73.77
2020-05-11 14:25:00,460.74,16.8,23.0,7.99,17.0,1,1.75,1.9,6.73,0.4,78.77
2020-05-11 14:30:00,467.84,17.2,23.0,8.63,17.0,1,6.75,0.07,11.73,0.1,83.77
2020-05-11 14:35:00,461.31,16.8,23.0,8.33,17.0,1,2.73,0.9,16.73,1.3,88.77
2020-05-11 14:40:00,456.96,16.2,22.84,8.11,17.0,1,7.73,0.9,1.88,0.68,93.77
2020-05-11 14:45:00,450.94,16.4,22.76,8.31,17.0,0,1.73,0.4,6.88,0.92,98.77
2020-05-11 14:50:00,441.92,17.4,22.76,8.23,17.0,0,6.73,2.22,11.88,1.92,103.77
2020-05-11 14:55:00,441.92,18.2,22.86,8.13,10.2,0,11.73,0.22,4.88,1.8,1.35
2020-05-11 15:00:00,447.55,18.0,22.86,7.84,10.4,0,1.72,0.38,9.88,2.0,3.35
2020-05-11 15:05:00,456.0,17.8,22.96,7.56,13.0,0,6.72,2.38,3.37,1.5,8.35
2020-05-11 15:10:00,441.92,17.8,22.98,7.44,4.4,0,4.72,0.38,8.37,0.37,0.02
2020-05-11 15:15:00,452.8,17.8,22.98,7.57,6.6,0,4.72,1.38,13.37,1.02,1.02
2020-05-11 15:20:00,452.8,17.6,22.98,7.66,10.2,0,9.72,0.37,18.37,3.68,0.0
2020-05-11 15:25:00,452.8,17.8,22.98,7.52,0.0,0,14.72,3.37,23.37,1.97,4.5
2020-05-11 15:30:00,452.8,18.4,23.08,7.27,0.0,0,19.72,2.87,4.37,1.28,9.5
2020-05-11 15:35:00,452.8,18.0,23.08,6.55,0.0,0,24.72,7.87,9.37,0.0,14.5
2020-05-11 15:40:00,452.8,17.6,23.08,5.0,0.0,0,29.72,1.87,14.37,0.83,19.5
2020-05-11 15:45:00,452.8,18.0,23.08,4.44,0.0,0,34.72,6.87,19.37,0.87,24.5
2020-05-11 15:50:00,452.8,18.0,23.08,4.26,0.0,0,39.72,11.87,24.37,1.68,29.5
2020-05-11 15:55:00,452.8,18.4,23.08,4.39,0.0,0,44.72,1.18,29.37,2.18,34.5
2020-05-11 16:00:00,452.8,18.8,23.08,4.64,10.0,0,49.72,0.35,34.37,0.02,4.48
2020-05-11 16:05:00,464.0,19.6,23.08,4.95,0.0,1,4.68,3.33,39.37,0.93,4.98
2020-05-11 16:10:00,464.0,20.0,23.08,5.27,0.0,1,9.68,8.33,44.37,0.48,9.98
2020-05-11 16:15:00,464.0,20.0,23.08,5.46,0.0,1,14.68,13.33,49.37,1.83,14.98
2020-05-11 16:20:00,464.0,20.0,23.08,5.7,0.0,1,19.68,18.33,54.37,1.45,19.98
2020-05-11 16:25:00,464.0,20.0,23.08,5.76,0.0,1,24.68,23.33,59.37,6.45,24.98
2020-05-11 16:30:00,464.0,20.0,23.08,5.58,0.0,1,29.68,28.33,64.37,2.58,29.98
2020-05-11 16:35:00,464.0,20.0,22.98,5.53,0.0,0,34.68,33.33,4.32,7.58,34.98
2020-05-11 16:40:00,464.0,20.0,22.94,5.48,0.0,0,39.68,38.33,1.3,0.92,39.98
2020-05-11 16:45:00,464.0,20.0,22.9,5.53,0.0,0,44.68,43.33,0.3,5.92,44.98
2020-05-11 16:50:00,464.0,20.0,22.98,5.43,0.0,0,49.68,48.33,5.3,0.02,49.98
2020-05-11 16:55:00,464.0,20.0,22.98,5.51,0.0,0,54.68,53.33,10.3,3.88,54.98
2020-05-11 17:00:00,464.0,20.0,22.98,5.53,0.0,0,59.68,58.33,15.3,8.88,59.98
2020-05-11 17:05:00,464.0,20.0,22.98,5.51,0.0,0,64.68,63.33,20.3,2.27,64.98
2020-05-11 17:10:00,464.0,20.0,22.92,5.43,0.0,0,69.68,68.33,2.3,3.47,69.98
2020-05-11 17:15:00,451.84,20.0,22.81,5.38,0.0,0,4.63,73.33,2.78,0.1,74.98
2020-05-11 17:20:00,451.84,20.0,22.76,5.24,0.0,0,9.63,78.33,7.78,1.9,79.98
2020-05-11 17:25:00,451.84,20.0,22.72,5.26,0.0,0,14.63,83.33,1.78,3.6,84.98
2020-05-11 17:30:00,451.84,20.4,22.66,5.26,0.0,0,19.63,1.45,6.78,0.08,89.98
2020-05-11 17:35:00,451.84,20.0,22.66,5.18,0.0,0,24.63,6.45,11.78,5.08,94.98
2020-05-11 17:40:00,451.84,20.0,22.66,5.08,0.0,0,29.63,11.45,16.78,3.97,99.98
2020-05-11 17:45:00,451.84,20.0,22.56,5.06,0.0,0,34.63,16.45,4.77,8.97,104.98
2020-05-11 17:50:00,457.47,20.4,22.56,5.01,0.0,0,1.62,0.45,9.77,1.92,109.98
2020-05-11 17:55:00,460.29,20.0,22.56,4.93,0.0,0,1.62,4.45,14.77,6.92,114.98
2020-05-11 18:00:00,454.85,20.6,22.56,4.85,0.0,1,0.62,2.43,19.77,2.8,119.98
2020-05-11 18:05:00,495.04,21.6,22.66,4.8,0.0,1,0.6,2.93,0.58,7.8,124.98
2020-05-11 18:10:00,539.2,21.2,22.82,4.8,0.0,1,0.77,3.93,2.58,12.8,129.98
2020-05-11 18:15:00,515.33,21.0,22.86,4.8,0.0,1,1.77,8.93,7.58,17.8,134.98
2020-05-11 18:20:00,499.58,21.0,22.86,4.72,0.0,1,2.77,13.93,12.58,3.18,139.98
2020-05-11 18:25:00,487.62,21.0,22.76,4.67,0.0,1,2.77,18.93,0.58,0.78,144.98
2020-05-11 18:30:00,482.88,21.0,22.66,4.57,0.0,1,7.77,23.93,5.58,5.78,149.98
2020-05-11 18:35:00,482.88,21.0,22.66,4.47,0.0,0,12.77,28.93,10.58,3.07,154.98
2020-05-11 18:40:00,470.72,21.0,22.66,4.44,0.0,0,4.75,33.93,15.58,8.07,159.98
2020-05-11 18:45:00,470.72,21.0,22.66,4.44,0.0,0,9.75,38.93,20.58,13.07,164.98
2020-05-11 18:50:00,470.72,21.0,22.6,4.31,0.0,0,14.75,43.93,2.57,4.38,169.98
2020-05-11 18:55:00,468.35,21.0,22.52,4.31,0.0,0,0.73,48.93,1.57,9.38,174.98
2020-05-11 19:00:00,458.88,21.0,22.34,4.19,0.0,0,5.73,53.93,4.73,4.9,179.98
2020-05-11 19:05:00,458.88,21.0,22.32,4.03,0.0,0,10.73,58.93,0.72,1.18,184.98
2020-05-11 19:10:00,458.88,21.0,22.24,3.83,0.0,0,15.73,63.93,5.72,4.97,189.98
2020-05-11 19:15:00,458.88,21.0,22.24,3.67,0.0,0,20.73,68.93,10.72,0.65,194.98
2020-05-11 19:20:00,458.88,21.2,22.24,3.41,0.0,0,25.73,2.88,15.72,0.27,199.98
2020-05-11 19:25:00,458.88,21.0,22.3,3.37,0.0,0,30.73,7.88,2.72,5.27,204.98
2020-05-11 19:30:00,461.25,21.0,22.34,3.24,0.0,0,0.72,12.88,7.72,4.02,209.98
2020-05-11 19:35:00,470.72,21.0,22.34,3.24,0.0,0,5.72,17.88,12.72,9.02,214.98
2020-05-11 19:40:00,470.72,21.0,22.34,3.34,0.0,0,10.72,22.88,17.72,3.98,219.98
2020-05-11 19:45:00,470.72,21.0,22.34,3.37,0.0,0,15.72,27.88,22.72,8.98,224.98
2020-05-11 19:50:00,470.72,21.0,22.34,3.41,0.0,0,20.72,32.88,27.72,1.3,229.98
2020-05-11 19:55:00,470.72,21.0,22.34,3.47,0.0,0,25.72,37.88,32.72,6.3,234.98
2020-05-11 20:00:00,470.72,21.0,22.34,3.47,0.0,0,30.72,42.88,37.72,11.3,239.98
2020-05-11 20:05:00,470.72,21.0,22.34,3.41,0.0,0,35.72,47.88,42.72,2.33,244.98
2020-05-11 20:10:00,470.72,21.0,22.34,3.37,0.0,0,40.72,52.88,47.72,7.33,249.98
2020-05-11 20:15:00,470.72,21.0,22.34,3.37,0.0,0,45.72,57.88,52.72,12.33,254.98
2020-05-11 20:20:00,470.72,21.0,22.34,3.37,0.0,0,50.72,62.88,57.72,17.33,259.98
2020-05-11 20:25:00,470.72,21.0,22.34,3.37,0.0,0,55.72,67.88,62.72,22.33,264.98
2020-05-11 20:30:00,470.72,21.0,22.34,3.37,0.0,0,60.72,72.88,67.72,27.33,269.98
2020-05-11 20:35:00,470.72,21.0,22.28,3.37,4.4,0,65.72,77.88,2.83,32.33,0.65
2020-05-11 20:40:00,470.72,22.0,22.14,3.32,22.0,1,70.72,4.85,4.33,1.57,5.65
2020-05-11 20:45:00,507.2,22.0,22.14,3.24,22.0,1,0.68,9.85,9.33,6.57,10.65
2020-05-11 20:50:00,566.14,22.8,22.14,3.16,17.6,1,0.68,3.83,14.33,2.42,0.63
2020-05-11 20:55:00,602.37,23.0,22.14,3.15,0.0,1,0.67,8.83,19.33,1.45,5.63
2020-05-11 21:00:00,636.74,23.0,22.14,3.13,0.0,1,0.67,13.83,24.33,3.65,10.63
2020-05-11 21:05:00,656.38,23.0,22.14,3.13,0.0,1,0.67,18.83,29.33,3.5,15.63
2020-05-11 21:10:00,669.82,23.0,22.18,3.11,0.0,1,0.67,23.83,1.32,8.5,20.63
2020-05-11 21:15:00,681.6,23.0,22.24,3.11,0.0,1,5.67,28.83,6.32,13.5,25.63
2020-05-11 21:20:00,693.89,23.0,22.24,3.11,0.0,1,3.48,33.83,11.32,18.5,30.63
2020-05-11 21:25:00,681.09,23.0,22.32,3.11,0.0,1,0.48,38.83,3.98,23.5,35.63
2020-05-11 21:30:00,663.68,23.0,22.36,3.11,0.0,1,5.48,43.83,0.97,28.5,40.63
2020-05-11 21:35:00,676.48,23.0,22.44,3.11,0.0,1,3.48,48.83,5.97,33.5,45.63
2020-05-11 21:40:00,679.68,23.0,22.44,3.01,0.0,1,8.48,53.83,10.97,3.95,50.63
2020-05-11 21:45:00,672.77,23.0,22.44,2.95,0.0,1,1.47,58.83,15.97,0.2,55.63
2020-05-11 21:50:00,628.22,23.0,22.44,2.84,0.0,1,0.47,63.83,20.97,5.2,60.63
2020-05-11 21:55:00,594.62,23.0,22.44,2.84,0.0,1,2.63,68.83,25.97,10.2,65.63
2020-05-11 22:00:00,577.09,33.0,22.5,2.84,0.0,1,2.63,0.3,2.45,15.2,70.63
2020-05-11 22:05:00,622.21,36.4,22.66,2.84,0.0,1,1.63,1.28,4.45,20.2,75.63
2020-05-11 22:10:00,654.59,33.4,22.78,2.79,0.0,1,1.62,0.28,4.62,1.23,80.63
2020-05-11 22:15:00,636.42,30.2,22.78,2.71,0.0,1,0.62,0.62,9.62,6.23,85.63
2020-05-11 22:20:00,625.15,29.0,22.78,2.71,0.0,1,0.62,5.62,14.62,11.23,90.63
2020-05-11 22:25:00,663.94,29.2,22.78,2.71,0.0,1,0.95,2.62,19.62,16.23,95.63
2020-05-11 22:30:00,704.13,28.4,22.78,2.71,0.0,1,3.95,1.62,24.62,21.23,100.63
2020-05-11 22:35:00,689.15,28.0,22.78,2.79,0.0,1,3.95,6.62,29.62,2.65,105.63
2020-05-11 22:40:00,697.47,27.8,22.78,2.84,0.0,1,2.93,0.43,34.62,7.65,110.63
2020-05-11 22:45:00,705.92,27.0,22.78,2.84,0.0,1,7.93,5.43,39.62,12.65,115.63
2020-05-11 22:50:00,705.92,27.0,22.78,2.84,0.0,1,12.93,10.43,44.62,17.65,120.63
2020-05-11 22:55:00,705.92,26.2,22.78,2.84,0.0,1,17.93,0.1,49.62,22.65,125.63
2020-05-11 23:00:00,667.46,25.4,22.78,2.84,0.0,1,0.93,1.1,54.62,27.65,130.63
2020-05-11 23:05:00,614.27,25.0,22.78,2.94,0.0,1,1.92,6.1,59.62,4.83,135.63
2020-05-11 23:10:00,595.78,24.6,22.78,2.94,0.0,1,2.58,0.08,64.62,9.83,140.63
2020-05-11 23:15:00,577.86,24.0,22.78,2.94,0.0,1,2.75,5.08,69.62,14.83,145.63
2020-05-11 23:20:00,563.2,24.2,22.78,2.88,0.0,1,2.75,1.08,74.62,2.53,150.63
2020-05-11 23:25:00,551.04,24.0,22.78,2.84,0.0,0,2.75,6.08,79.62,7.53,155.63
2020-05-11 23:30:00,575.68,24.0,22.78,2.84,0.0,0,0.73,11.08,84.62,12.53,160.63
2020-05-11 23:35:00,591.3,24.0,22.78,2.7,0.0,0,0.73,16.08,89.62,1.3,165.63
2020-05-11 23:40:00,576.96,24.0,22.72,2.61,0.0,1,5.73,21.08,2.57,6.3,170.63
2020-05-11 23:45:00,580.35,24.0,22.68,2.51,0.0,1,0.73,26.08,7.57,3.73,175.63
2020-05-11 23:50:00,644.61,24.0,22.68,2.48,0.0,1,0.73,31.08,12.57,8.73,180.63
2020-05-11 23:55:00,695.68,24.2,22.68,2.42,0.0,1,4.73,1.05,17.57,0.87,185.63
2020-05-12 00:00:00,699.52,24.6,22.68,2.45,0.0,1,0.72,2.05,22.57,5.87,190.63
2020-05-12 00:05:00,704.38,24.6,22.68,2.45,0.0,1,0.72,2.05,27.57,10.87,195.63
2020-05-12 00:10:00,660.86,25.0,22.68,2.45,0.0,1,1.72,7.05,32.57,15.87,200.63
2020-05-12 00:15:00,651.2,25.0,22.68,2.39,0.0,1,0.72,12.05,37.57,2.37,205.63
2020-05-12 00:20:00,640.96,25.0,22.68,2.35,0.0,1,5.72,17.05,42.57,7.37,210.63
2020-05-12 00:25:00,637.06,25.0,22.68,2.35,0.0,1,0.7,22.05,47.57,12.37,215.63
2020-05-12 00:30:00,671.36,25.0,22.68,2.35,0.0,1,1.7,27.05,52.57,17.37,220.63
2020-05-12 00:35:00,680.06,25.0,22.68,2.27,0.0,1,0.7,32.05,57.57,2.73,225.63
2020-05-12 00:40:00,646.4,25.8,22.68,2.21,0.0,1,2.7,1.03,62.57,7.73,230.63
2020-05-12 00:45:00,657.41,27.0,22.68,2.11,0.0,1,1.7,0.02,67.57,4.5,235.63
2020-05-12 00:50:00,689.92,27.0,22.68,2.11,0.0,1,4.68,5.02,72.57,9.5,240.63
2020-05-12 00:55:00,689.92,26.6,22.78,2.11,0.0,1,9.68,1.35,4.52,14.5,245.63
2020-05-12 01:00:00,689.92,26.6,22.78,2.11,0.0,1,14.68,0.02,9.52,19.5,250.63
2020-05-12 01:05:00,689.92,26.6,22.78,1.98,0.0,1,19.68,1.02,14.52,4.03,255.63
2020-05-12 01:10:00,696.83,25.4,22.78,1.92,0.0,1,2.68,0.0,19.52,2.6,260.63
2020-05-12 01:15:00,688.64,25.8,22.78,1.88,0.0,1,4.68,0.67,24.52,7.6,265.63
2020-05-12 01:20:00,688.64,26.2,22.78,1.88,0.0,0,9.68,1.83,29.52,12.6,270.63
2020-05-12 01:25:00,680.96,25.4,22.78,1.88,0.0,0,2.67,0.67,34.52,17.6,275.63
2020-05-12 01:30:00,658.56,25.8,22.78,1.88,0.0,0,4.67,1.67,39.52,22.6,280.63
2020-05-12 01:35:00,658.56,26.2,22.78,1.92,0.0,0,9.67,0.65,44.52,1.8,285.63
2020-05-12 01:40:00,662.66,26.2,22.78,1.9,0.0,0,1.65,0.82,49.52,3.65,290.63
2020-05-12 01:45:00,668.8,26.6,22.78,1.88,0.0,0,6.65,3.65,54.52,8.65,295.63
2020-05-12 01:50:00,655.55,26.6,22.78,1.88,0.0,1,2.65,3.65,59.52,13.65,300.63
2020-05-12 01:55:00,654.27,25.8,22.78,1.88,0.0,1,1.65,0.15,64.52,18.65,305.63
2020-05-12 02:00:00,683.14,27.0,22.78,1.98,0.0,1,2.65,4.32,69.52,4.73,310.63
2020-05-12 02:05:00,681.6,27.0,22.78,1.98,0.0,1,1.63,9.32,74.52,9.73,315.63
2020-05-12 02:10:00,680.83,26.2,22.78,2.03,0.0,1,2.63,0.13,79.52,1.57,320.63
2020-05-12 02:15:00,684.54,25.4,22.78,2.11,0.0,1,0.63,0.63,84.52,6.57,325.63
2020-05-12 02:20:00,675.84,27.0,22.78,2.11,0.0,1,5.63,1.13,89.52,11.57,330.63
2020-05-12 02:25:00,690.56,25.4,22.78,2.11,0.0,1,4.63,3.13,94.52,16.57,335.63
2020-05-12 02:30:00,680.58,25.0,22.78,2.11,0.0,1,2.63,3.12,99.52,21.57,340.63
2020-05-12 02:35:00,673.92,25.4,22.78,2.11,0.0,1,7.63,0.12,104.52,26.57,345.63
2020-05-12 02:40:00,673.92,25.0,22.78,2.11,0.0,1,12.63,5.12,109.52,31.57,350.63
2020-05-12 02:45:00,673.92,25.0,22.78,2.15,0.0,1,17.63,10.12,114.52,1.57,355.63
2020-05-12 02:50:00,661.25,25.0,22.78,2.21,0.0,1,1.62,15.12,119.52,6.57,360.63
2020-05-12 02:55:00,650.37,25.0,22.78,2.37,0.0,1,0.62,20.12,124.52,0.3,365.63
2020-05-12 03:00:00,659.84,25.0,22.78,2.45,0.0,1,5.62,25.12,129.52,5.3,370.63
2020-05-12 03:05:00,659.84,25.0,22.78,2.53,0.0,1,10.62,30.12,134.52,2.43,375.63
2020-05-12 03:10:00,666.5,25.0,22.78,2.58,0.0,0,1.6,35.12,139.52,7.43,380.63
2020-05-12 03:15:00,665.6,25.0,22.78,2.62,0.0,0,4.6,40.12,144.52,1.42,385.63
2020-05-12 03:20:00,669.18,24.8,22.78,2.68,0.0,0,0.6,0.08,149.52,6.42,390.63
2020-05-12 03:25:00,676.99,25.4,22.78,2.81,0.0,1,2.6,2.08,154.52,4.27,395.63
2020-05-12 03:30:00,690.56,25.0,22.78,2.94,0.0,1,1.58,7.08,159.52,0.03,400.63
2020-05-12 03:35:00,697.86,25.0,22.78,3.04,0.0,1,1.58,12.08,164.52,5.03,405.63
2020-05-12 03:40:00,668.8,24.4,22.78,3.17,0.0,1,4.58,2.08,169.52,0.87,410.63
2020-05-12 03:45:00,635.14,24.2,22.8,3.27,0.0,1,0.58,2.08,0.57,5.87,415.63
2020-05-12 03:50:00,585.66,23.2,22.9,3.4,0.0,1,0.58,3.08,5.57,4.95,420.63
2020-05-12 03:55:00,544.7,23.0,22.9,3.45,22.2,1,1.57,8.08,10.57,1.9,2.03
2020-05-12 04:00:00,533.57,23.4,22.9,3.48,37.0,1,0.57,0.07,15.57,2.02,7.03
2020-05-12 04:05:00,570.88,24.0,22.9,3.55,37.0,1,1.57,5.07,20.57,0.48,12.03
2020-05-12 04:10:00,595.71,23.4,22.9,3.63,37.0,1,2.73,2.07,25.57,5.48,17.03
2020-05-12 04:15:00,600.96,23.0,22.9,3.73,37.0,1,7.73,7.07,30.57,3.48,22.03
2020-05-12 04:20:00,605.7,23.2,22.9,3.76,37.0,1,1.72,2.05,35.57,8.48,27.03
2020-05-12 04:25:00,618.82,23.0,22.9,3.89,67.6,1,1.72,7.05,40.57,1.05,0.02
2020-05-12 04:30:00,616.96,23.0,22.9,4.12,236.03,1,4.72,12.05,45.57,3.6,0.02
2020-05-12 04:35:00,627.2,23.0,22.9,4.28,374.24,1,3.72,17.05,50.57,4.15,0.02
2020-05-12 04:40:00,635.52,23.0,22.9,4.31,503.62,1,1.72,22.05,55.57,0.87,0.02
2020-05-12 04:45:00,619.78,23.0,22.98,4.59,662.34,1,2.72,27.05,3.7,2.55,0.5
2020-05-12 04:50:00,606.66,23.0,23.04,4.54,716.67,1,2.7,32.05,1.7,3.38,1.67
2020-05-12 04:55:00,604.1,22.8,23.18,4.59,757.12,1,0.7,2.03,3.53,0.05,0.17
2020-05-12 05:00:00,626.56,22.4,23.27,4.74,802.3,1,0.7,2.03,2.53,0.78,0.67
2020-05-12 05:05:00,636.8,22.0,23.38,4.8,845.31,1,5.7,7.03,2.68,1.13,0.17
2020-05-12 05:10:00,632.06,23.0,23.64,5.02,884.99,1,1.7,4.03,0.18,4.38,2.65
2020-05-12 05:15:00,605.44,22.0,23.82,5.07,894.21,1,1.68,4.02,2.18,1.53,1.65
2020-05-12 05:20:00,548.48,22.0,23.91,5.28,881.02,1,0.68,9.02,1.52,0.5,3.65
2020-05-12 05:25:00,507.84,22.0,24.0,5.64,859.26,1,4.68,14.02,0.5,2.15,0.15
2020-05-12 05:30:00,499.39,22.0,24.08,5.74,846.46,1,2.18,19.02,5.5,0.67,0.65
2020-05-12 05:35:00,486.66,21.8,24.12,5.63,833.41,1,2.18,2.33,1.5,0.4,1.15
2020-05-12 05:40:00,481.92,22.0,24.18,5.72,798.59,1,7.18,7.33,6.5,0.08,0.13
2020-05-12 05:45:00,481.92,21.8,24.22,5.86,765.82,1,12.18,0.33,1.5,0.83,0.13
2020-05-12 05:50:00,479.49,21.4,24.28,5.74,800.38,1,0.17,2.33,6.5,0.5,0.13
2020-05-12 05:55:00,469.76,21.6,24.3,5.88,729.86,1,5.17,2.33,0.82,5.5,0.63
2020-05-12 06:00:00,469.76,21.6,24.4,6.06,704.51,1,10.17,0.32,5.82,1.4,0.63
2020-05-12 06:05:00,469.76,21.8,24.48,6.11,670.34,1,15.17,1.32,3.82,0.32,1.12
2020-05-12 06:10:00,469.76,21.4,24.52,6.09,658.43,1,20.17,1.32,0.98,0.25,0.12
2020-05-12 06:15:00,469.76,22.0,24.62,6.21,645.7,1,25.17,6.32,5.98,0.12,0.62
2020-05-12 06:20:00,457.92,21.8,24.73,6.41,622.66,1,4.15,0.32,3.3,0.1,1.62
2020-05-12 06:25:00,470.72,21.2,24.78,6.67,639.49,1,4.15,1.3,0.3,0.8,0.6
2020-05-12 06:30:00,470.72,21.0,24.88,6.84,736.26,1,9.15,6.3,5.3,2.33,0.1
2020-05-12 06:35:00,470.72,20.8,24.94,6.89,712.45,1,14.15,3.3,2.47,0.0,0.6
2020-05-12 06:40:00,470.72,21.0,25.06,7.04,690.94,1,19.15,8.3,3.45,3.28,0.1
2020-05-12 06:45:00,470.72,21.0,25.15,7.24,670.85,1,24.15,13.3,2.95,0.28,3.27
2020-05-12 06:50:00,479.17,20.8,25.2,7.07,664.45,1,2.13,2.28,7.95,0.85,1.25
2020-05-12 06:55:00,484.8,20.8,25.32,7.37,648.45,1,7.13,0.28,4.95,0.45,3.25
2020-05-12 07:00:00,484.8,20.8,25.42,7.47,598.02,1,12.13,2.28,4.28,2.42,0.25
2020-05-12 07:05:00,484.8,21.0,25.42,7.64,481.75,1,17.13,7.28,9.28,0.62,0.25
2020-05-12 07:10:00,495.3,20.2,25.42,7.59,556.67,1,3.12,2.78,14.28,2.77,2.25
2020-05-12 07:15:00,484.67,20.8,25.42,7.64,252.35,1,2.12,0.78,19.28,7.77,0.23
2020-05-12 07:20:00,475.84,21.0,25.42,7.71,344.47,1,7.12,4.78,24.28,0.62,2.23
2020-05-12 07:25:00,466.24,20.2,25.42,7.84,528.26,1,2.1,0.1,29.28,1.27,1.73
2020-05-12 07:30:00,466.37,19.4,25.42,7.84,254.98,1,2.1,0.1,34.28,0.37,1.23
2020-05-12 07:35:00,470.72,20.8,25.42,7.74,164.62,1,7.1,2.1,39.28,0.82,0.23
2020-05-12 07:40:00,462.02,20.0,25.42,7.74,78.4,0,3.1,0.27,44.28,0.62,1.73
2020-05-12 07:45:00,459.84,17.8,25.42,7.74,60.0,1,8.1,0.08,49.28,3.6,4.73
2020-05-12 07:50:00,459.84,20.0,25.42,7.81,81.41,1,13.1,1.75,54.28,1.62,1.22
2020-05-12 07:55:00,459.84,19.2,25.42,7.89,87.02,1,18.1,0.75,59.28,0.97,1.22
2020-05-12 08:00:00,459.84,20.8,25.42,7.94,141.21,1,23.1,3.75,64.28,2.92,0.72
2020-05-12 08:05:00,459.84,20.8,25.44,7.96,368.83,1,28.1,2.08,0.23,0.0,0.22
2020-05-12 08:10:00,459.84,19.8,25.54,8.11,280.18,1,33.1,1.25,5.23,3.97,0.2
2020-05-12 08:15:00,474.05,19.0,25.54,8.21,87.0,1,0.07,0.73,10.23,1.92,2.7
2020-05-12 08:20:00,473.86,20.6,25.54,8.08,64.0,1,0.07,0.23,15.23,1.38,1.7
2020-05-12 08:25:00,458.88,18.8,25.54,8.26,49.2,1,5.07,2.23,20.23,4.03,3.2
2020-05-12 08:30:00,465.41,19.4,25.54,7.86,39.0,1,2.07,0.4,25.23,0.35,3.7
2020-05-12 08:35:00,469.76,19.4,25.54,7.59,37.0,1,7.07,0.55,30.23,1.63,8.7
2020-05-12 08:40:00,469.76,20.0,25.54,7.47,37.0,1,12.07,5.55,35.23,2.67,13.7
2020-05-12 08:45:00,461.06,20.6,25.54,7.47,45.8,1,3.05,2.55,40.23,1.08,3.35
2020-05-12 08:50:00,458.88,18.6,25.54,7.54,87.01,1,8.05,0.38,45.23,0.45,0.35
2020-05-12 08:55:00,468.35,19.0,25.42,7.76,77.6,1,3.05,2.05,4.7,5.45,1.35
2020-05-12 09:00:00,467.52,19.6,25.42,7.64,40.0,1,0.2,0.53,9.7,4.57,2.35
2020-05-12 09:05:00,454.72,20.0,25.42,7.89,45.0,1,5.2,0.37,14.7,0.55,0.83
2020-05-12 09:10:00,454.72,17.8,25.42,7.76,91.21,1,10.2,0.03,19.7,0.73,0.33
2020-05-12 09:15:00,454.72,18.2,25.42,7.44,124.21,1,15.2,2.03,24.7,2.17,1.33
2020-05-12 09:20:00,454.72,18.0,25.42,7.32,65.6,1,20.2,0.03,29.7,2.1,1.33
2020-05-12 09:25:00,454.72,17.8,25.34,6.97,35.0,1,25.2,1.02,3.52,0.05,3.33
2020-05-12 09:30:00,454.72,17.8,25.3,6.59,25.0,1,30.2,0.02,0.52,0.0,3.82
2020-05-12 09:35:00,454.72,17.6,25.22,6.08,19.0,1,35.2,2.02,5.52,0.43,1.32
2020-05-12 09:40:00,454.72,17.8,25.22,5.62,8.0,1,40.2,3.02,10.52,0.87,3.32
2020-05-12 09:45:00,463.68,18.0,25.22,5.27,10.0,1,3.18,8.02,15.52,0.17,8.32
2020-05-12 09:50:00,469.5,19.2,25.17,4.89,10.0,1,0.18,1.85,1.5,1.5,13.32
2020-05-12 09:55:00,494.34,20.0,25.1,4.65,23.6,1,3.17,6.85,6.5,2.87,1.8
2020-05-12 10:00:00,486.85,20.0,25.1,4.69,32.0,1,0.17,11.85,11.5,1.17,6.8
2020-05-12 10:05:00,464.19,20.0,25.12,4.85,22.0,1,2.17,16.85,0.48,1.9,4.8
2020-05-12 10:10:00,459.84,20.0,25.2,5.06,22.0,1,7.17,21.85,5.48,4.78,9.8
2020-05-12 10:15:00,459.84,20.0,25.2,4.9,22.0,1,12.17,26.85,10.48,0.08,14.8
2020-05-12 10:20:00,459.84,20.0,25.18,4.9,31.2,1,17.17,31.85,0.48,0.25,0.78
2020-05-12 10:25:00,462.27,20.0,25.1,4.98,69.4,1,0.15,36.85,5.48,0.17,1.78
2020-05-12 10:30:00,474.75,20.6,25.1,5.08,98.0,1,0.15,2.82,10.48,0.73,0.28
2020-05-12 10:35:00,493.06,21.0,25.0,5.01,90.8,1,2.15,7.82,4.47,2.22,0.78
2020-05-12 10:40:00,500.1,21.0,24.94,5.26,104.22,1,0.15,12.82,2.8,1.1,1.45
2020-05-12 10:45:00,508.8,21.8,24.9,5.33,68.0,1,5.15,0.8,7.8,1.67,6.45
2020-05-12 10:50:00,505.6,21.4,24.9,5.51,115.22,1,0.13,0.8,12.8,0.73,0.43
2020-05-12 10:55:00,500.67,22.0,24.9,5.91,109.63,1,2.13,5.8,17.8,0.65,0.93
2020-05-12 11:00:00,531.2,22.6,24.84,6.24,122.64,1,0.13,0.8,2.78,3.45,0.43
2020-05-12 11:05:00,544.0,23.0,24.8,6.34,124.21,1,5.13,4.8,7.78,2.28,0.93
2020-05-12 11:10:00,531.58,22.8,24.73,6.52,110.02,1,0.13,1.78,2.28,1.12,0.42
2020-05-12 11:15:00,503.42,22.6,24.68,6.44,83.22,1,3.13,1.78,7.28,2.03,0.42
2020-05-12 11:20:00,498.24,22.4,24.68,6.49,52.8,1,0.12,1.78,12.28,3.28,1.92
2020-05-12 11:25:00,479.04,23.0,24.66,6.29,40.0,1,3.12,6.78,0.28,3.93,6.92
2020-05-12 11:30:00,468.1,23.0,24.58,6.26,50.0,1,3.12,11.78,5.28,8.93,4.92
2020-05-12 11:35:00,465.92,22.8,24.48,6.39,48.0,1,8.12,0.77,4.43,4.8,0.4
2020-05-12 11:40:00,465.92,22.0,24.48,6.21,40.0,1,13.12,5.77,9.43,1.55,5.4
2020-05-12 11:45:00,465.92,22.0,24.48,6.11,30.8,1,18.12,10.77,14.43,0.38,0.4
2020-05-12 11:50:00,465.92,21.0,24.48,5.86,18.0,1,23.12,4.77,19.43,1.27,5.4
2020-05-12 11:55:00,461.06,21.2,24.48,5.58,18.0,0,1.1,0.77,24.43,2.5,10.4
2020-05-12 12:00:00,453.76,21.0,24.48,5.53,18.0,0,6.1,5.77,29.43,7.5,15.4
2020-05-12 12:05:00,468.8,21.0,24.48,5.43,18.0,0,4.1,10.77,34.43,3.35,20.4
2020-05-12 12:10:00,461.7,21.4,24.46,5.25,18.0,1,2.1,0.75,0.75,2.02,25.4
2020-05-12 12:15:00,475.65,23.8,24.29,5.27,9.2,1,0.08,3.25,2.75,0.7,2.38
2020-05-12 12:20:00,502.78,24.0,24.14,5.46,0.0,1,2.08,8.25,4.42,1.03,7.38
2020-05-12 12:25:00,539.52,24.2,24.14,5.33,0.0,1,0.08,0.25,9.42,1.43,12.38
2020-05-12 12:30:00,578.75,25.0,24.14,5.31,0.0,1,2.08,5.25,14.42,0.3,17.38
2020-05-12 12:35:00,581.18,24.8,24.14,5.18,0.0,1,0.08,0.23,19.42,4.62,22.38
2020-05-12 12:40:00,558.4,24.0,24.14,5.22,0.0,1,2.08,5.23,24.42,1.63,27.38
2020-05-12 12:45:00,525.06,24.0,24.14,5.22,0.0,1,2.07,10.23,29.42,2.53,32.38
2020-05-12 12:50:00,514.75,24.0,24.14,4.82,0.0,1,0.07,15.23,34.42,2.03,37.38
2020-05-12 12:55:00,487.62,24.0,24.14,4.67,0.0,1,3.07,20.23,39.42,0.57,42.38
2020-05-12 13:00:00,486.85,24.2,24.14,4.47,0.0,1,0.07,0.22,44.42,3.63,47.38
2020-05-12 13:05:00,536.32,25.0,24.14,4.26,0.0,1,2.05,5.22,49.42,2.97,52.38
2020-05-12 13:10:00,568.06,24.2,24.14,4.34,8.0,1,2.05,1.22,54.42,0.5,3.02
2020-05-12 13:15:00,572.8,24.2,24.14,5.36,10.0,1,7.05,0.22,59.42,0.45,8.02
2020-05-12 13:20:00,563.33,24.0,24.14,6.41,10.0,1,3.05,4.22,64.42,1.63,13.02
2020-05-12 13:25:00,586.75,24.2,24.16,6.92,10.0,1,0.88,0.38,0.53,1.12,18.02
2020-05-12 13:30:00,619.07,24.0,24.24,6.99,10.0,1,0.87,4.37,5.53,1.58,23.02
2020-05-12 13:35:00,647.36,24.0,24.24,6.77,6.0,1,2.87,9.37,10.53,1.13,0.5
2020-05-12 13:40:00,660.48,24.0,24.28,6.72,0.0,1,2.87,14.37,1.53,1.0,5.5
2020-05-12 13:45:00,664.96,24.0,24.34,6.77,0.0,1,7.87,19.37,6.53,0.95,10.5
2020-05-12 13:50:00,664.96,24.0,24.34,6.54,0.0,1,12.87,24.37,11.53,3.88,15.5
2020-05-12 13:55:00,655.3,23.0,24.34,6.49,0.0,1,0.87,4.35,16.53,1.32,20.5
2020-05-12 14:00:00,640.96,23.0,24.34,6.44,0.0,1,5.87,9.35,21.53,1.88,25.5
2020-05-12 14:05:00,650.43,23.0,24.34,6.64,0.0,1,3.85,14.35,26.53,0.93,30.5
2020-05-12 14:10:00,648.06,23.0,24.34,6.82,0.0,1,1.85,19.35,31.53,2.35,35.5
2020-05-12 14:15:00,640.96,23.0,24.34,6.74,0.0,1,6.85,24.35,36.53,0.12,40.5
2020-05-12 14:20:00,640.96,23.0,24.34,6.54,0.0,1,11.85,29.35,41.53,3.8,45.5
2020-05-12 14:25:00,632.0,23.0,24.34,6.52,0.0,0,3.83,34.35,46.53,8.8,50.5
2020-05-12 14:30:00,622.21,22.8,24.34,6.57,0.0,0,1.83,1.0,51.53,1.08,55.5
2020-05-12 14:35:00,610.88,23.0,24.34,6.49,0.0,1,6.83,6.0,56.53,0.62,60.5
2020-05-12 14:40:00,617.28,23.0,24.32,6.16,0.0,1,1.83,11.0,0.98,0.02,65.5
2020-05-12 14:45:00,588.86,23.0,24.17,6.21,0.0,1,2.83,16.0,1.48,2.78,70.5
2020-05-12 14:50:00,569.15,23.0,24.06,6.06,0.0,1,3.83,21.0,1.48,0.68,75.5
2020-05-12 14:55:00,542.4,23.0,23.96,5.96,0.0,1,1.82,26.0,1.48,2.1,80.5
2020-05-12 15:00:00,518.02,23.0,23.9,6.04,0.0,1,3.82,31.0,6.48,3.77,85.5
2020-05-12 15:05:00,515.84,23.0,23.78,5.96,0.0,1,8.82,36.0,0.63,0.22,90.5
2020-05-12 15:10:00,509.31,23.0,23.68,5.82,0.0,1,2.15,41.0,5.63,1.6,95.5
2020-05-12 15:15:00,504.96,23.2,23.62,5.65,0.0,1,7.15,0.3,2.63,0.62,100.5
2020-05-12 15:20:00,504.96,23.4,23.52,5.29,0.0,1,12.15,1.3,2.13,0.45,105.5
2020-05-12 15:25:00,504.96,23.4,23.48,4.75,0.0,1,17.15,1.3,7.13,3.03,110.5
2020-05-12 15:30:00,502.72,23.2,23.48,4.49,0.0,1,0.13,3.3,12.13,2.25,115.5
2020-05-12 15:35:00,481.73,23.4,23.48,4.39,0.0,1,3.13,0.3,17.13,1.6,120.5
2020-05-12 15:40:00,478.72,23.4,23.46,4.31,0.0,1,8.13,0.28,0.12,6.6,125.5
2020-05-12 15:45:00,485.44,23.4,23.38,4.31,0.0,1,2.13,1.28,5.12,11.6,130.5
2020-05-12 15:50:00,486.72,23.0,23.38,4.41,0.0,1,0.12,6.28,10.12,3.07,135.5
2020-05-12 15:55:00,473.92,23.0,23.38,4.41,0.0,1,5.12,11.28,15.12,0.55,140.5
2020-05-12 16:00:00,473.92,23.0,23.38,4.41,0.0,1,10.12,16.28,20.12,3.6,145.5
2020-05-12 16:05:00,473.92,23.0,23.38,4.44,0.0,1,15.12,21.28,25.12,8.6,150.5
2020-05-12 16:10:00,473.92,23.0,23.38,4.29,0.0,1,20.12,26.28,30.12,1.77,155.5
2020-05-12 16:15:00,464.96,23.0,23.36,4.34,0.0,0,3.12,31.28,0.43,1.13,160.5
2020-05-12 16:20:00,462.72,23.0,23.26,4.47,0.0,0,8.12,36.28,5.43,0.88,165.5
2020-05-12 16:25:00,462.72,23.0,23.26,4.65,0.0,0,13.12,41.28,10.43,2.77,170.5
2020-05-12 16:30:00,462.72,23.0,23.26,4.7,0.0,0,18.12,46.28,15.43,7.77,175.5
2020-05-12 16:35:00,462.72,23.0,23.2,4.7,0.0,0,23.12,51.28,2.42,12.77,180.5
2020-05-12 16:40:00,462.72,23.0,23.16,4.65,0.0,0,28.12,56.28,7.42,1.43,185.5
2020-05-12 16:45:00,462.72,23.0,23.14,4.57,0.0,0,33.12,61.28,0.75,6.43,190.5
2020-05-12 16:50:00,462.72,23.6,23.06,4.65,10.0,1,38.12,1.25,5.75,0.35,1.72
2020-05-12 16:55:00,462.72,24.4,22.98,4.62,25.0,1,43.12,1.23,3.9,1.85,6.72
2020-05-12 17:00:00,462.72,23.4,22.96,4.62,25.0,1,48.12,0.23,8.9,0.08,11.72
2020-05-12 17:05:00,464.96,24.0,22.96,4.7,25.0,1,0.07,1.23,13.9,5.08,16.72
2020-05-12 17:10:00,473.92,23.4,22.96,4.6,25.0,1,5.07,0.23,18.9,3.43,21.72
2020-05-12 17:15:00,473.92,24.4,23.06,4.44,25.0,1,10.07,2.23,4.9,4.23,26.72
2020-05-12 17:20:00,476.29,24.8,23.0,4.44,25.0,1,0.07,0.07,2.88,9.23,31.72
2020-05-12 17:25:00,485.76,25.2,22.96,4.34,25.0,1,5.07,0.22,7.88,3.43,36.72
2020-05-12 17:30:00,503.68,26.2,22.96,4.21,25.0,1,2.07,0.05,12.88,3.37,41.72
2020-05-12 17:35:00,508.8,24.8,22.96,4.14,10.0,1,7.07,1.05,17.88,1.15,2.18
2020-05-12 17:40:00,492.54,23.0,22.96,3.96,0.0,1,0.05,6.05,22.88,3.03,7.18
2020-05-12 17:45:00,478.72,26.2,22.96,3.96,0.0,1,5.05,0.55,27.88,0.38,12.18
2020-05-12 17:50:00,493.38,29.8,22.96,3.89,0.0,1,0.05,0.55,32.88,2.17,17.18
2020-05-12 17:55:00,506.88,27.0,22.96,4.06,0.0,1,5.05,0.03,37.88,4.05,22.18
2020-05-12 18:00:00,488.19,24.0,23.06,3.99,0.0,1,2.05,5.03,4.87,0.7,27.18
2020-05-12 18:05:00,464.96,23.8,23.06,3.73,0.0,1,4.05,0.53,9.87,3.62,32.18
2020-05-12 18:10:00,464.96,24.0,23.1,3.62,0.0,1,9.05,4.53,1.37,3.13,37.18
2020-05-12 18:15:00,464.96,24.2,23.16,3.6,2.0,1,14.05,1.53,6.37,8.13,0.17
2020-05-12 18:20:00,464.96,25.6,23.16,3.64,4.0,1,19.05,0.02,11.37,1.13,2.65
2020-05-12 18:25:00,464.96,24.2,23.23,3.78,0.0,1,24.05,0.02,2.35,2.92,7.65
2020-05-12 18:30:00,464.96,23.8,23.28,3.98,0.0,1,29.05,1.02,7.35,1.95,12.65
2020-05-12 18:35:00,464.96,24.0,23.28,3.94,0.0,1,34.05,6.02,12.35,1.43,17.65
2020-05-12 18:40:00,464.96,24.0,23.28,3.7,0.0,1,39.05,11.02,17.35,4.25,22.65
2020-05-12 18:45:00,464.96,24.0,23.2,3.68,0.0,1,44.05,16.02,3.18,0.63,27.65
2020-05-12 18:50:00,464.96,24.0,23.1,3.6,0.0,1,49.05,21.02,3.0,5.63,32.65
2020-05-12 18:55:00,464.96,24.0,23.08,3.7,0.0,1,54.05,26.02,8.0,4.2,37.65
2020-05-12 19:00:00,475.97,24.0,22.98,3.7,0.0,1,3.02,31.02,4.0,9.2,42.65
2020-05-12 19:05:00,478.72,24.0,22.98,3.7,0.0,1,8.02,36.02,9.0,14.2,47.65
2020-05-12 19:10:00,478.72,24.0,22.96,3.6,0.0,1,13.02,41.02,0.0,4.43,52.65
2020-05-12 19:15:00,478.72,25.4,22.85,3.46,0.0,1,18.02,0.33,0.48,1.15,57.65
2020-05-12 19:20:00,511.87,28.0,22.7,3.29,0.0,1,0.0,5.33,1.48,2.5,62.65
2020-05-12 19:25:00,566.14,28.2,22.64,3.29,0.0,1,0.0,0.82,6.48,1.73,67.65
2020-05-12 19:30:00,603.52,28.6,22.64,3.32,0.0,1,2.15,0.82,11.48,1.63,72.65
2020-05-12 19:35:00,621.57,28.8,22.64,3.24,0.0,1,0.15,3.82,16.48,6.63,77.65
2020-05-12 19:40:00,641.92,29.2,22.64,3.29,0.0,1,5.15,1.82,21.48,1.78,82.65
2020-05-12 19:45:00,614.72,29.6,22.64,3.24,0.0,1,4.15,1.82,26.48,4.13,87.65
2020-05-12 19:50:00,626.75,29.2,22.64,3.24,0.0,1,0.13,0.8,31.48,9.13,92.65
2020-05-12 19:55:00,664.13,29.0,22.64,3.24,0.0,1,2.13,4.8,36.48,14.13,97.65
2020-05-12 20:00:00,704.77,29.0,22.7,3.14,0.0,1,2.13,9.8,2.47,3.83,102.65
2020-05-12 20:05:00,701.44,29.2,22.74,3.03,0.0,1,4.13,0.78,7.47,2.58,107.65
2020-05-12 20:10:00,670.72,29.0,22.74,2.79,0.0,1,0.13,4.78,12.47,1.42,112.65
2020-05-12 20:15:00,652.8,29.0,22.74,2.74,0.0,1,5.13,9.78,17.47,0.57,117.65
2020-05-12 20:20:00,643.78,29.0,22.74,2.6,0.0,1,2.12,14.78,22.47,0.08,122.65
2020-05-12 20:25:00,660.86,29.0,22.84,2.53,0.0,1,0.12,19.78,4.45,1.35,127.65
2020-05-12 20:30:00,733.7,29.0,22.84,2.53,0.0,1,3.12,24.78,9.45,2.98,132.65
2020-05-12 20:35:00,732.42,29.0,22.84,2.48,0.0,1,0.12,29.78,14.45,7.98,137.65
2020-05-12 20:40:00,683.39,29.0,22.84,2.51,0.0,1,0.1,34.78,19.45,0.87,142.65
2020-05-12 20:45:00,667.52,28.6,22.84,2.61,0.0,1,5.1,1.77,24.45,5.87,147.65
2020-05-12 20:50:00,654.53,28.0,22.84,2.56,0.0,1,0.1,6.77,29.45,1.67,152.65
2020-05-12 20:55:00,617.09,28.0,22.84,2.48,0.0,1,2.1,11.77,34.45,6.67,157.65
2020-05-12 21:00:00,633.47,28.8,22.84,2.43,0.0,1,0.1,3.75,39.45,1.25,162.65
2020-05-12 21:05:00,721.02,28.6,22.84,2.29,0.0,1,1.27,0.75,44.45,1.98,167.65
2020-05-12 21:10:00,738.56,28.4,22.84,2.13,0.0,1,6.27,1.75,49.45,0.03,172.65
2020-05-12 21:15:00,738.56,28.6,22.84,2.11,0.0,1,11.27,1.75,54.45,5.03,177.65
2020-05-12 21:20:00,724.48,28.4,22.84,2.11,0.0,1,4.25,1.75,59.45,10.03,182.65
2020-05-12 21:25:00,724.48,28.0,22.84,2.06,0.0,1,9.25,6.75,64.45,2.98,187.65
2020-05-12 21:30:00,724.48,28.0,22.84,1.98,0.0,1,14.25,11.75,69.45,4.43,192.65
2020-05-12 21:35:00,705.15,28.0,22.84,1.98,0.0,1,0.23,16.75,74.45,9.43,197.65
2020-05-12 21:40:00,694.4,28.0,22.84,2.06,0.0,1,5.23,21.75,79.45,1.03,202.65
2020-05-12 21:45:00,694.4,28.0,22.94,1.98,0.0,0,10.23,26.75,4.4,6.03,207.65
2020-05-12 21:50:00,682.37,28.0,22.94,1.98,0.0,0,0.23,31.75,9.4,11.03,212.65
2020-05-12 21:55:00,666.88,28.0,22.94,1.98,0.0,0,5.23,36.75,14.4,16.03,217.65
2020-05-12 22:00:00,690.3,28.0,22.94,1.98,0.0,0,3.4,41.75,19.4,21.03,222.65
2020-05-12 22:05:00,692.48,28.0,22.94,2.01,0.0,1,8.4,46.75,24.4,0.55,227.65
2020-05-12 22:10:00,702.72,28.0,22.94,2.11,0.0,1,4.38,51.75,29.4,5.55,232.65
2020-05-12 22:15:00,694.27,28.0,22.94,2.11,0.0,1,0.38,56.75,34.4,10.55,237.65
2020-05-12 22:20:00,648.7,28.0,22.94,2.11,0.0,1,1.38,61.75,39.4,15.55,242.65
2020-05-12 22:25:00,660.22,28.0,22.94,2.11,0.0,1,0.38,66.75,44.4,20.55,247.65
2020-05-12 22:30:00,702.46,28.0,22.94,2.11,0.0,1,0.37,71.75,49.4,25.55,252.65
2020-05-12 22:35:00,675.2,28.0,22.94,2.11,0.0,1,0.37,76.75,54.4,30.55,257.65
2020-05-12 22:40:00,678.66,28.0,22.94,2.03,0.0,1,0.37,81.75,59.4,2.42,262.65
2020-05-12 22:45:00,653.44,28.0,22.94,1.98,0.0,1,1.37,86.75,64.4,7.42,267.65
2020-05-12 22:50:00,645.76,27.8,23.04,1.98,0.0,1,6.37,3.52,4.85,12.42,272.65
2020-05-12 22:55:00,645.76,27.4,23.04,1.88,0.0,1,11.37,2.52,9.85,4.5,277.65
2020-05-12 23:00:00,604.99,27.2,23.04,1.88,0.0,1,1.35,2.52,14.85,9.5,282.65
2020-05-12 23:05:00,596.1,27.6,23.04,1.86,0.0,1,0.35,0.52,19.85,0.83,287.65
2020-05-12 23:10:00,630.27,27.6,23.04,1.78,0.0,1,3.35,0.52,24.85,5.83,292.65
2020-05-12 23:15:00,644.48,27.8,23.04,1.82,0.0,1,0.35,3.5,29.85,1.77,297.65
2020-05-12 23:20:00,686.08,28.0,23.04,1.86,0.0,1,1.35,8.5,34.85,0.47,302.65
2020-05-12 23:25:00,693.76,28.0,23.04,1.88,0.0,1,6.35,13.5,39.85,5.47,307.65
2020-05-12 23:30:00,704.26,28.0,23.04,1.88,0.0,1,0.0,18.5,44.85,10.47,312.65
2020-05-12 23:35:00,715.52,28.6,23.04,1.84,0.0,0,5.0,0.17,49.85,1.05,317.65
2020-05-12 23:40:00,713.22,28.4,23.04,1.78,0.0,0,0.0,0.32,54.85,6.05,322.65
2020-05-12 23:45:00,704.0,29.0,23.04,1.78,0.0,0,5.0,5.32,59.85,11.05,327.65
2020-05-12 23:50:00,695.94,28.8,23.04,1.78,0.0,1,2.98,1.32,64.85,16.05,332.65
2020-05-12 23:55:00,690.56,29.0,23.04,1.8,0.0,1,7.98,6.32,69.85,2.98,337.65
2020-05-13 00:00:00,700.29,29.0,23.04,1.78,0.0,1,3.98,11.32,74.85,7.98,342.65
2020-05-13 00:05:00,702.72,29.0,23.04,1.84,0.0,1,8.98,16.32,79.85,1.35,347.65
2020-05-13 00:10:00,710.4,29.0,23.04,1.88,0.0,1,2.98,21.32,84.85,6.35,352.65
2020-05-13 00:15:00,715.52,29.0,23.04,1.88,0.0,1,7.98,26.32,89.85,11.35,357.65
2020-05-13 00:20:00,707.84,29.0,23.04,1.88,0.0,1,2.97,31.32,94.85,16.35,362.65
2020-05-13 00:25:00,708.86,29.0,23.04,1.88,0.0,1,2.13,36.32,99.85,21.35,367.65
2020-05-13 00:30:00,692.22,29.0,23.04,1.88,0.0,1,0.13,41.32,104.85,26.35,372.65
2020-05-13 00:35:00,645.95,28.2,23.04,1.88,0.0,1,0.12,0.28,109.85,31.35,377.65
2020-05-13 00:40:00,594.88,28.2,23.04,1.88,0.0,1,1.62,1.78,114.85,36.35,382.65
2020-05-13 00:45:00,624.19,29.0,23.04,1.9,0.0,1,0.62,6.78,119.85,0.17,387.65
2020-05-13 00:50:00,649.92,28.6,23.04,1.94,0.0,1,0.62,1.78,124.85,1.37,392.65
2020-05-13 00:55:00,593.22,27.8,23.04,1.88,0.0,1,0.62,0.27,129.85,6.37,397.65
2020-05-13 01:00:00,565.76,27.6,23.04,1.88,0.0,1,5.62,1.27,134.85,11.37,402.65
2020-05-13 01:05:00,565.76,27.2,23.04,1.88,0.0,1,10.62,0.27,139.85,16.37,407.65
2020-05-13 01:10:00,565.76,27.0,23.04,1.8,0.0,1,15.62,5.27,144.85,3.92,412.65
2020-05-13 01:15:00,565.76,27.0,23.04,1.78,0.0,0,20.62,10.27,149.85,2.17,417.65
2020-05-13 01:20:00,553.92,27.0,23.04,1.74,0.0,0,4.6,15.27,154.85,1.75,422.65
2020-05-13 01:25:00,553.92,27.0,23.04,1.84,0.0,0,9.6,20.27,159.85,0.9,427.65
2020-05-13 01:30:00,553.92,27.0,23.04,1.78,0.0,0,14.6,25.27,164.85,5.9,432.65
2020-05-13 01:35:00,581.25,28.0,23.04,1.66,0.0,1,0.58,4.25,169.85,0.42,437.65
2020-05-13 01:40:00,670.46,28.2,23.04,1.57,0.0,1,2.58,0.42,174.85,5.42,442.65
2020-05-13 01:45:00,653.38,28.0,23.04,1.57,0.0,1,0.58,0.4,179.85,10.42,447.65
2020-05-13 01:50:00,602.56,27.8,23.04,1.49,0.0,1,0.57,3.4,184.85,3.28,452.65
2020-05-13 01:55:00,689.28,28.0,23.04,1.51,0.0,1,2.07,8.4,189.85,2.18,457.65
2020-05-13 02:00:00,697.86,28.0,23.04,1.47,0.0,1,0.07,13.4,194.85,7.18,462.65
2020-05-13 02:05:00,661.31,28.0,23.04,1.37,0.0,1,2.07,18.4,199.85,4.08,467.65
2020-05-13 02:10:00,657.41,28.0,23.04,1.33,0.0,1,0.07,23.4,204.85,1.55,472.65
2020-05-13 02:15:00,675.33,28.0,23.11,1.37,0.0,1,0.05,28.4,2.22,6.55,477.65
2020-05-13 02:20:00,688.64,28.0,23.16,1.33,0.0,1,5.05,33.4,7.22,1.22,482.65
2020-05-13 02:25:00,692.22,28.0,23.16,1.27,0.0,1,0.05,38.4,12.22,6.22,487.65
2020-05-13 02:30:00,716.8,28.0,23.16,1.27,0.0,1,0.05,43.4,17.22,11.22,492.65
2020-05-13 02:35:00,676.99,28.0,23.16,1.25,0.0,1,3.05,48.4,22.22,0.7,497.65
2020-05-13 02:40:00,684.16,28.0,23.16,1.25,0.0,1,2.03,53.4,27.22,3.53,502.65
2020-05-13 02:45:00,701.31,28.0,23.16,1.31,0.0,1,3.03,58.4,32.22,1.68,507.65
2020-05-13 02:50:00,717.18,28.0,23.16,1.35,0.0,1,0.03,63.4,37.22,0.95,512.65
2020-05-13 02:55:00,748.16,28.0,23.16,1.27,0.0,0,3.03,68.4,42.22,5.95,517.65
2020-05-13 03:00:00,733.7,28.0,23.16,1.29,0.0,0,2.03,73.4,47.22,2.37,522.65
2020-05-13 03:05:00,749.95,28.0,23.16,1.27,0.0,0,3.03,78.4,52.22,4.45,527.65
2020-05-13 03:10:00,752.0,28.0,23.16,1.27,0.0,0,8.03,83.4,57.22,9.45,532.65
2020-05-13 03:15:00,729.34,28.0,23.16,1.27,0.0,1,0.02,88.4,62.22,14.45,537.65
2020-05-13 03:20:00,697.6,28.0,23.16,1.27,0.0,1,4.02,93.4,67.22,19.45,542.65
2020-05-13 03:25:00,697.6,27.8,23.16,1.25,0.0,1,9.02,0.5,72.22,0.7,547.65
2020-05-13 03:30:00,660.74,27.0,23.16,1.17,0.0,1,0.0,4.5,77.22,5.7,552.65
2020-05-13 03:35:00,630.27,27.2,23.16,1.19,0.0,1,3.0,0.5,82.22,0.8,557.65
2020-05-13 03:40:00,640.0,27.6,23.16,1.17,0.0,1,0.0,1.5,87.22,4.8,562.65
2020-05-13 03:45:00,689.15,27.8,23.16,1.1,0.0,1,2.0,0.5,92.22,1.12,567.65
2020-05-13 03:50:00,685.18,27.0,23.16,1.13,0.0,1,0.0,5.5,97.22,6.12,572.65
2020-05-13 03:55:00,640.45,27.0,23.16,1.15,0.0,1,0.83,10.5,102.22,2.6,577.65
2020-05-13 04:00:00,614.72,27.0,23.16,1.22,0.0,1,5.83,4.48,107.22,0.87,582.65
2020-05-13 04:05:00,665.66,27.8,23.16,1.13,0.0,1,0.82,3.48,112.22,4.88,587.65
2020-05-13 04:10:00,736.64,27.2,23.16,1.13,0.0,1,2.82,3.48,117.22,9.88,592.65
2020-05-13 04:15:00,744.96,27.0,23.16,1.07,0.0,1,7.82,8.48,122.22,0.78,597.65
2020-05-13 04:20:00,744.96,27.0,23.16,1.13,0.0,1,12.82,13.48,127.22,4.22,602.65
2020-05-13 04:25:00,736.26,27.0,23.16,1.22,0.0,1,0.82,18.48,132.22,3.95,607.65
2020-05-13 04:30:00,691.33,27.0,23.16,1.17,0.0,1,0.8,23.48,137.22,2.47,612.65
2020-05-13 04:35:00,655.87,27.0,23.16,1.11,0.0,1,1.8,28.48,142.22,0.33,617.65
2020-05-13 04:40:00,646.72,27.0,23.16,1.07,0.0,1,6.8,33.48,147.22,2.65,622.65
2020-05-13 04:45:00,646.72,27.0,23.16,1.07,0.0,0,11.8,38.48,152.22,1.42,627.65
2020-05-13 04:50:00,652.22,27.6,23.16,1.15,0.0,1,1.8,2.45,157.22,0.5,632.65
2020-05-13 04:55:00,657.54,27.4,23.16,1.15,0.0,1,0.78,2.45,162.22,3.72,637.65
2020-05-13 05:00:00,626.18,27.2,23.16,1.2,18.0,1,1.95,0.45,167.22,2.98,4.25
2020-05-13 05:05:00,652.03,28.0,23.2,1.26,18.0,1,1.95,5.45,1.12,0.52,9.25
2020-05-13 05:10:00,704.13,27.8,23.26,1.22,18.0,1,3.95,0.45,6.12,0.6,14.25
2020-05-13 05:15:00,665.79,27.0,23.36,1.26,18.0,1,0.1,5.45,4.93,1.58,19.25
2020-05-13 05:20:00,596.86,27.0,23.23,1.26,18.0,1,2.1,10.45,0.6,0.88,24.25
2020-05-13 05:25:00,548.1,27.0,22.86,1.3,18.0,1,3.1,15.45,2.93,2.55,29.25
2020-05-13 05:30:00,538.05,27.0,22.64,1.36,18.0,1,2.1,20.45,1.93,0.33,34.25
2020-05-13 05:35:00,521.92,27.0,22.4,1.4,3.6,1,4.1,25.45,3.92,1.33,3.23
2020-05-13 05:40:00,547.01,28.0,22.41,1.32,0.0,1,0.27,4.42,1.92,0.23,8.23
2020-05-13 05:45:00,601.47,28.0,22.48,0.99,2.0,1,1.25,9.42,6.92,0.53,0.22
2020-05-13 05:50:00,617.09,28.0,22.56,0.81,0.0,1,1.75,14.42,3.92,0.78,4.22
2020-05-13 05:55:00,644.03,28.4,22.58,0.9,0.0,1,1.75,0.25,8.92,5.78,9.22
2020-05-13 06:00:00,663.94,28.2,22.62,0.81,0.0,1,0.75,3.25,1.9,3.25,14.22
2020-05-13 06:05:00,611.52,28.0,22.68,0.88,8.0,1,0.75,8.25,6.9,3.52,3.38
2020-05-13 06:10:00,584.0,28.6,22.74,0.88,10.0,1,5.75,2.23,2.57,0.52,8.38
2020-05-13 06:15:00,584.0,28.4,22.78,0.75,10.0,1,10.75,1.23,7.57,1.38,13.38
2020-05-13 06:20:00,584.0,28.4,22.88,0.73,10.0,1,15.75,1.23,3.57,0.0,18.38
2020-05-13 06:25:00,595.33,29.2,22.9,0.83,10.0,1,0.73,1.23,8.57,1.13,23.38
2020-05-13 06:30:00,610.94,29.2,22.98,0.94,10.0,1,0.73,1.22,3.55,2.12,28.38
2020-05-13 06:35:00,690.05,29.8,23.0,0.98,10.0,1,0.05,2.22,8.55,3.65,33.38
2020-05-13 06:40:00,754.3,30.0,23.0,1.06,10.0,1,0.05,0.88,13.55,2.28,38.38
2020-05-13 06:45:00,705.79,29.0,23.0,1.23,10.0,1,0.05,5.88,18.55,0.02,43.38
2020-05-13 06:50:00,658.5,29.2,23.0,1.38,4.4,1,0.05,0.88,23.55,1.73,1.85
2020-05-13 06:55:00,672.06,29.8,23.0,1.76,11.0,1,0.05,0.87,28.55,0.07,6.85
2020-05-13 07:00:00,722.18,29.8,23.06,1.82,11.0,1,3.03,0.03,2.7,2.08,11.85
2020-05-13 07:05:00,726.91,29.4,23.1,1.86,19.0,1,0.03,1.03,7.7,0.27,3.83
2020-05-13 07:10:00,662.14,29.6,23.12,1.84,21.0,1,0.03,2.03,0.7,1.35,8.83
2020-05-13 07:15:00,711.3,30.0,23.2,1.88,21.0,1,2.03,7.03,5.7,3.2,13.83
2020-05-13 07:20:00,697.86,29.6,23.2,1.82,21.0,1,2.03,0.02,10.7,0.43,18.83
2020-05-13 07:25:00,670.72,29.2,23.2,1.78,21.0,1,4.03,0.02,15.7,5.43,23.83
2020-05-13 07:30:00,660.03,29.0,23.2,1.82,18.8,1,0.02,5.02,20.7,1.42,0.82
2020-05-13 07:35:00,667.84,29.2,23.2,1.76,10.0,1,0.02,0.02,25.7,0.12,5.82
2020-05-13 07:40:00,672.26,29.4,23.2,1.7,10.0,1,0.02,0.02,30.7,1.88,10.82
2020-05-13 07:45:00,626.37,29.0,23.34,1.68,10.0,1,3.02,4.02,4.17,6.88,15.82
2020-05-13 07:50:00,678.46,29.4,23.34,1.59,10.0,1,0.0,0.0,9.17,3.67,20.82
2020-05-13 07:55:00,751.1,29.8,23.34,1.59,10.0,1,3.0,0.0,14.17,2.78,25.82
2020-05-13 08:00:00,757.12,29.6,23.34,1.57,6.0,1,0.0,1.0,19.17,7.78,1.47
2020-05-13 08:05:00,762.88,29.0,23.34,1.49,8.0,1,0.0,6.0,24.17,3.88,3.97
2020-05-13 08:10:00,684.93,28.8,23.34,1.47,10.0,1,0.0,0.98,29.17,8.88,8.97
2020-05-13 08:15:00,651.14,29.8,23.34,1.49,6.0,1,3.0,1.98,34.17,1.37,0.45
2020-05-13 08:20:00,655.62,30.0,23.34,1.49,2.0,1,1.98,6.98,39.17,0.13,3.95
2020-05-13 08:25:00,675.33,29.8,23.34,1.53,8.0,1,3.98,0.65,44.17,1.95,2.95
2020-05-13 08:30:00,677.76,29.2,23.36,1.59,8.6,1,8.98,3.65,0.15,1.05,2.45
2020-05-13 08:35:00,669.31,29.0,23.44,1.66,11.0,1,2.98,8.65,5.15,0.32,7.45
2020-05-13 08:40:00,652.8,29.0,23.44,1.41,4.2,1,4.98,13.65,10.15,2.22,0.93
2020-05-13 08:45:00,652.8,29.0,23.44,1.25,0.0,1,9.98,18.65,15.15,1.15,1.43
2020-05-13 08:50:00,652.8,28.0,23.44,1.17,4.0,1,14.98,4.63,20.15,6.15,1.93
2020-05-13 08:55:00,672.13,28.8,23.44,1.25,0.0,1,1.97,2.63,25.15,3.08,4.93
2020-05-13 09:00:00,701.82,29.0,23.44,1.39,8.8,1,3.97,7.63,30.15,0.95,3.93
2020-05-13 09:05:00,695.3,29.0,23.44,1.45,11.0,1,3.97,12.63,35.15,0.1,8.93
2020-05-13 09:10:00,714.75,29.0,23.44,1.45,11.0,1,2.95,17.63,40.15,0.73,13.93
2020-05-13 09:15:00,731.01,29.0,23.44,1.39,19.0,1,1.95,22.63,45.15,3.3,3.92
2020-05-13 09:20:00,741.76,28.4,23.44,1.43,27.4,1,6.95,2.62,50.15,2.08,0.42
2020-05-13 09:25:00,741.76,28.6,23.48,1.57,20.0,1,11.95,0.62,1.27,4.9,5.42
2020-05-13 09:30:00,741.76,28.2,23.54,1.59,20.0,1,16.95,3.62,6.27,0.58,10.42
2020-05-13 09:35:00,717.44,28.2,23.54,1.76,20.0,1,1.95,2.77,11.27,3.7,15.42
2020-05-13 09:40:00,717.06,28.0,23.54,1.84,20.0,1,1.93,7.77,16.27,1.8,20.42
2020-05-13 09:45:00,747.78,28.2,23.54,1.88,8.0,1,1.93,1.77,21.27,6.8,2.4
2020-05-13 09:50:00,697.98,28.0,23.54,1.86,0.0,1,2.93,6.77,26.27,3.23,7.4
2020-05-13 09:55:00,685.82,28.6,23.54,1.98,0.0,1,2.93,2.75,31.27,4.5,12.4
2020-05-13 10:00:00,714.88,29.0,23.61,2.06,3.2,1,3.93,7.75,2.42,2.5,0.05
2020-05-13 10:05:00,717.44,29.6,23.66,2.03,16.0,1,8.93,0.75,7.42,2.47,5.05
2020-05-13 10:10:00,711.04,28.4,23.68,1.94,30.6,1,1.92,0.25,0.08,1.05,2.55
2020-05-13 10:15:00,615.1,27.4,23.78,1.98,37.0,1,0.25,1.25,5.08,4.7,7.55
2020-05-13 10:20:00,532.67,27.0,23.78,1.94,37.0,1,0.75,6.25,10.08,2.88,12.55
2020-05-13 10:25:00,495.42,27.2,23.78,2.06,44.2,1,0.75,2.23,15.08,2.38,2.03
2020-05-13 10:30:00,498.75,27.0,23.68,2.18,54.2,1,0.73,7.23,4.07,0.68,1.03
2020-05-13 10:35:00,480.19,27.0,23.62,2.32,50.0,1,2.73,12.23,2.07,2.67,3.53
2020-05-13 10:40:00,475.84,27.0,23.54,2.35,32.0,1,7.73,17.23,1.4,7.67,4.03
2020-05-13 10:45:00,475.84,27.0,23.44,2.35,27.6,1,12.73,22.23,1.38,12.67,1.03
2020-05-13 10:50:00,475.84,27.0,23.38,2.43,34.0,1,17.73,27.23,6.38,3.27,4.53
2020-05-13 10:55:00,475.84,27.0,23.38,2.45,19.6,1,22.73,32.23,11.38,8.27,1.52
2020-05-13 11:00:00,467.14,27.0,23.33,2.27,35.4,1,3.72,37.23,1.38,2.85,0.52
2020-05-13 11:05:00,464.96,27.0,23.26,2.35,26.0,1,8.72,42.23,6.38,4.18,0.52
2020-05-13 11:10:00,464.96,27.0,23.26,2.41,38.0,1,13.72,47.23,11.38,2.53,5.52
2020-05-13 11:15:00,464.96,27.0,23.2,2.48,27.0,1,18.72,52.23,2.37,0.08,4.02
2020-05-13 11:20:00,464.96,27.0,23.16,2.6,37.0,1,23.72,57.23,7.37,0.93,4.5
2020-05-13 11:25:00,464.96,27.0,23.16,2.71,37.0,1,28.72,62.23,12.37,0.55,9.5
2020-05-13 11:30:00,464.96,27.0,23.08,2.85,37.0,1,33.72,67.23,3.85,1.07,14.5
2020-05-13 11:35:00,464.96,27.0,23.06,2.91,37.0,1,38.72,72.23,8.85,6.07,19.5
2020-05-13 11:40:00,464.96,27.0,23.06,3.08,37.0,1,43.72,77.23,13.85,1.85,24.5
2020-05-13 11:45:00,464.96,27.0,23.06,3.24,37.0,1,48.72,82.23,18.85,3.72,29.5
2020-05-13 11:50:00,464.96,27.0,23.06,3.3,37.0,1,53.72,87.23,23.85,0.48,34.5
2020-05-13 11:55:00,464.96,27.0,23.06,3.27,37.0,1,58.72,92.23,28.85,0.07,39.5
2020-05-13 12:00:00,464.96,27.0,23.06,3.41,49.0,1,63.72,97.23,33.85,1.23,3.65
2020-05-13 12:05:00,464.96,27.0,23.06,3.66,46.4,1,68.72,102.23,38.85,0.97,1.63
2020-05-13 12:10:00,464.96,27.0,23.06,3.86,29.2,1,73.72,107.23,43.85,3.05,3.63
2020-05-13 12:15:00,464.96,27.0,23.06,3.89,23.0,1,78.72,112.23,48.85,8.05,1.13
2020-05-13 12:20:00,464.96,27.0,23.06,3.89,6.8,1,83.72,117.23,53.85,13.05,2.63
2020-05-13 12:25:00,464.96,27.0,23.06,3.86,4.0,0,88.72,122.23,58.85,0.72,1.63
2020-05-13 12:30:00,464.96,27.0,23.06,3.66,10.0,0,93.72,127.23,63.85,0.3,6.63
2020-05-13 12:35:00,464.96,27.0,23.06,3.45,12.8,0,98.72,132.23,68.85,2.55,0.12
2020-05-13 12:40:00,464.96,27.0,23.06,3.34,34.0,0,103.72,137.23,73.85,0.88,4.12
2020-05-13 12:45:00,464.96,27.0,22.98,3.52,28.6,0,108.72,142.23,3.82,1.15,1.12
2020-05-13 12:50:00,464.96,27.0,22.96,3.84,46.6,0,113.72,147.23,8.82,2.23,3.12
2020-05-13 12:55:00,464.96,27.0,22.96,3.97,40.2,1,118.72,152.23,13.82,2.57,3.6
2020-05-13 13:00:00,464.96,27.2,22.96,4.25,38.0,1,123.72,0.13,18.82,0.73,8.6
2020-05-13 13:05:00,469.7,27.0,22.96,4.49,38.0,1,1.8,5.13,23.82,3.8,13.6
2020-05-13 13:10:00,476.8,27.2,22.96,4.8,38.0,1,6.8,2.13,28.82,1.48,18.6
2020-05-13 13:15:00,474.62,27.0,22.96,4.9,38.0,1,0.8,7.13,33.82,6.48,23.6
2020-05-13 13:20:00,465.92,27.0,22.96,4.95,38.0,1,5.8,12.13,38.82,1.75,28.6
2020-05-13 13:25:00,465.92,27.0,22.96,5.05,38.0,1,10.8,17.13,43.82,0.73,33.6
2020-05-13 13:30:00,461.44,27.0,22.96,5.15,38.0,1,1.78,22.13,48.82,5.73,38.6
2020-05-13 13:35:00,454.72,27.0,22.96,5.18,38.0,0,6.78,27.13,53.82,0.22,43.6
2020-05-13 13:40:00,454.72,26.6,22.96,5.28,38.0,0,11.78,0.12,58.82,5.22,48.6
2020-05-13 13:45:00,461.44,25.0,22.89,5.33,38.0,0,2.78,4.12,2.1,1.6,53.6
2020-05-13 13:50:00,465.92,25.0,22.84,5.43,40.4,0,7.78,9.12,7.1,0.82,0.23
2020-05-13 13:55:00,465.92,25.0,22.84,6.11,44.0,0,12.78,14.12,12.1,1.05,2.23
2020-05-13 14:00:00,465.92,25.0,22.84,6.52,42.0,0,17.78,19.12,17.1,0.08,0.23
2020-05-13 14:05:00,465.92,25.0,22.84,6.79,50.0,0,22.78,24.12,22.1,1.62,5.23
2020-05-13 14:10:00,465.92,25.8,22.72,6.32,44.0,1,27.78,1.42,0.58,1.13,2.22
2020-05-13 14:15:00,465.92,27.0,22.64,5.91,34.4,1,32.78,6.42,5.58,0.08,1.22
2020-05-13 14:20:00,465.92,27.0,22.64,5.41,19.0,1,37.78,11.42,10.58,0.25,0.22
2020-05-13 14:25:00,465.92,27.0,22.66,4.96,13.0,1,42.78,16.42,0.58,3.72,5.22
2020-05-13 14:30:00,465.92,27.0,22.74,4.98,20.6,1,47.78,21.42,5.58,1.18,0.72
2020-05-13 14:35:00,465.92,27.0,22.74,4.88,21.8,1,52.78,26.42,10.58,1.88,2.22
2020-05-13 14:40:00,465.92,27.0,22.74,4.96,24.0,1,57.78,31.42,15.58,1.68,7.22
2020-05-13 14:45:00,465.92,27.0,22.74,5.16,24.0,1,62.78,36.42,20.58,3.1,12.22
2020-05-13 14:50:00,465.92,27.0,22.74,5.33,24.0,1,67.78,41.42,25.58,1.6,17.22
2020-05-13 14:55:00,465.92,27.0,22.74,5.41,24.0,1,72.78,46.42,30.58,6.6,22.22
2020-05-13 15:00:00,465.92,27.0,22.74,5.41,24.0,1,77.78,51.42,35.58,11.6,27.22
2020-05-13 15:05:00,465.92,27.0,22.74,5.63,20.0,0,82.78,56.42,40.58,3.25,1.18
2020-05-13 15:10:00,465.92,27.0,22.74,5.76,14.0,0,87.78,61.42,45.58,0.75,6.18
2020-05-13 15:15:00,465.92,27.0,22.74,5.88,14.0,0,92.78,66.42,50.58,5.75,11.18
2020-05-13 15:20:00,465.92,27.0,22.74,5.91,14.0,0,97.78,71.42,55.58,0.65,16.18
2020-05-13 15:25:00,459.2,27.0,22.74,6.24,14.0,0,2.72,76.42,60.58,1.7,21.18
2020-05-13 15:30:00,454.72,26.6,22.74,6.52,14.0,0,7.72,3.72,65.58,4.83,26.18
2020-05-13 15:35:00,454.72,26.6,22.74,6.64,14.0,0,12.72,0.37,70.58,4.12,31.18
2020-05-13 15:40:00,454.72,27.0,22.74,6.64,14.0,0,17.72,4.87,75.58,9.12,36.18
2020-05-13 15:45:00,454.72,26.2,22.7,6.69,14.0,0,22.72,0.2,1.53,1.63,41.18
2020-05-13 15:50:00,457.34,25.0,22.64,6.87,14.0,1,0.7,4.87,6.53,0.8,46.18
2020-05-13 15:55:00,467.84,25.0,22.64,6.77,14.0,1,5.7,9.87,11.53,5.8,51.18
2020-05-13 16:00:00,467.84,25.0,22.64,6.77,8.4,1,10.7,14.87,16.53,10.8,1.32
2020-05-13 16:05:00,467.84,25.0,22.74,6.74,2.4,1,15.7,19.87,4.52,0.6,3.82
2020-05-13 16:10:00,467.84,25.0,22.74,6.57,0.0,1,20.7,24.87,9.52,2.3,8.82
2020-05-13 16:15:00,467.84,24.8,22.66,6.52,0.0,1,25.7,2.85,3.5,7.3,13.82
2020-05-13 16:20:00,467.84,25.0,22.64,6.44,0.0,1,30.7,7.85,8.5,2.5,18.82
2020-05-13 16:25:00,467.84,25.0,22.64,6.39,8.0,0,35.7,12.85,13.5,7.5,3.3
2020-05-13 16:30:00,467.84,25.0,22.64,6.42,10.0,0,40.7,17.85,18.5,0.75,8.3
2020-05-13 16:35:00,467.84,25.0,22.64,6.52,10.0,0,45.7,22.85,23.5,5.75,13.3
2020-05-13 16:40:00,467.84,25.0,22.64,6.57,8.0,0,50.7,27.85,28.5,1.17,3.8
2020-05-13 16:45:00,467.84,25.0,22.64,6.64,10.0,1,55.7,32.85,33.5,6.17,8.8
2020-05-13 16:50:00,467.84,25.0,22.64,6.64,2.0,1,60.7,37.85,38.5,11.17,3.78
2020-05-13 16:55:00,467.84,25.0,22.64,6.64,0.0,1,65.7,42.85,43.5,16.17,8.78
2020-05-13 17:00:00,467.84,25.0,22.64,6.64,0.0,1,70.7,47.85,48.5,21.17,13.78
2020-05-13 17:05:00,467.84,25.0,22.68,6.54,0.0,1,75.7,52.85,1.63,3.97,18.78
2020-05-13 17:10:00,467.84,25.0,22.74,6.49,0.0,1,80.7,57.85,6.63,0.17,23.78
2020-05-13 17:15:00,467.84,25.0,22.74,6.52,12.0,1,85.7,62.85,11.63,0.72,4.27
2020-05-13 17:20:00,492.67,24.8,22.74,6.84,8.8,1,0.63,0.97,16.63,1.45,1.77
2020-05-13 17:25:00,535.94,24.0,22.74,6.77,0.0,1,2.63,5.97,21.63,6.45,4.27
2020-05-13 17:30:00,559.36,24.0,22.74,6.59,0.0,1,0.63,10.97,26.63,1.58,9.27
2020-05-13 17:35:00,571.84,24.0,22.74,6.47,0.0,1,5.63,15.97,31.63,1.6,14.27
2020-05-13 17:40:00,571.84,24.0,22.74,6.29,0.0,1,10.63,20.97,36.63,0.23,19.27
2020-05-13 17:45:00,566.21,24.0,22.76,6.09,0.0,1,1.78,25.97,0.62,1.47,24.27
2020-05-13 17:50:00,557.76,24.2,22.84,5.93,0.0,1,6.78,3.95,5.62,2.7,29.27
2020-05-13 17:55:00,543.04,24.4,22.84,5.68,4.6,1,1.78,0.95,10.62,3.17,0.4
2020-05-13 18:00:00,577.73,23.4,23.29,5.58,23.0,1,1.77,0.43,2.1,2.9,5.4
2020-05-13 18:05:00,584.51,24.2,23.26,5.41,23.0,1,0.77,0.6,0.77,4.1,10.4
2020-05-13 18:10:00,522.37,25.0,22.72,5.28,23.0,1,1.93,4.6,0.6,4.13,15.4
2020-05-13 18:15:00,508.8,25.0,22.23,5.2,23.0,1,6.93,0.43,1.77,3.93,20.4
2020-05-13 18:20:00,504.45,22.8,21.67,5.24,23.0,1,1.93,2.1,2.08,0.47,25.4
2020-05-13 18:25:00,497.92,23.6,21.73,5.16,23.0,1,6.93,1.1,1.08,0.83,30.4
2020-05-13 18:30:00,536.38,23.2,21.8,5.11,23.0,1,1.92,2.08,6.08,1.78,35.4
2020-05-13 18:35:00,553.66,23.8,21.9,5.22,23.0,1,1.92,0.08,3.75,0.53,40.4
2020-05-13 18:40:00,560.96,23.8,21.92,5.06,23.0,1,6.92,3.08,8.75,4.1,45.4
2020-05-13 18:45:00,596.35,24.2,21.92,5.01,23.0,1,0.75,0.08,13.75,0.1,50.4
2020-05-13 18:50:00,648.13,24.8,22.02,5.13,23.0,1,0.75,3.08,4.23,2.82,55.4
2020-05-13 18:55:00,675.2,24.6,22.02,5.34,23.0,1,0.73,2.07,9.23,2.67,60.4
2020-05-13 19:00:00,662.4,25.0,22.02,5.33,23.0,1,5.73,7.07,14.23,2.0,65.4
2020-05-13 19:05:00,678.78,25.0,22.12,5.28,23.0,1,0.73,12.07,4.23,7.0,70.4
2020-05-13 19:10:00,739.84,24.4,22.12,5.18,23.0,1,1.4,2.07,9.23,4.65,75.4
2020-05-13 19:15:00,749.31,24.4,22.12,5.18,23.0,1,0.38,0.05,14.23,9.65,80.4
2020-05-13 19:20:00,756.48,24.2,22.17,5.18,23.0,1,2.38,3.05,1.05,14.65,85.4
2020-05-13 19:25:00,749.44,24.0,22.24,5.11,23.0,1,1.38,8.05,6.05,2.93,90.4
2020-05-13 19:30:00,730.5,24.0,22.24,5.01,23.0,1,2.38,13.05,11.05,1.83,95.4
2020-05-13 19:35:00,728.06,24.0,22.24,4.85,23.0,1,0.37,18.05,16.05,2.08,100.4
2020-05-13 19:40:00,701.82,24.0,22.24,4.8,23.0,1,2.37,23.05,21.05,7.08,105.4
2020-05-13 19:45:00,699.52,23.4,22.24,4.88,23.0,1,0.37,1.37,26.05,0.08,110.4
2020-05-13 19:50:00,659.46,23.0,22.24,4.78,23.0,1,1.37,6.37,31.05,0.1,115.4
2020-05-13 19:55:00,645.25,23.4,22.3,4.74,23.0,1,0.37,1.37,2.02,1.4,120.4
2020-05-13 20:00:00,696.19,23.6,22.34,4.78,23.0,1,0.37,2.35,7.02,0.15,125.4
2020-05-13 20:05:00,749.95,23.6,22.34,4.26,23.0,1,0.52,1.35,12.02,0.53,130.4
2020-05-13 20:10:00,775.94,23.6,22.34,3.64,23.0,1,2.52,0.35,17.02,0.72,135.4
2020-05-13 20:15:00,756.22,23.4,22.34,3.39,23.0,1,1.52,2.35,22.02,3.98,140.4
2020-05-13 20:20:00,731.52,23.2,22.34,3.39,23.0,1,4.52,0.33,27.02,0.68,145.4
2020-05-13 20:25:00,726.4,23.6,22.36,3.66,23.0,1,1.52,0.33,0.83,0.83,150.4
2020-05-13 20:30:00,704.26,23.0,22.44,4.01,23.0,1,0.5,5.33,5.83,2.97,155.4
2020-05-13 20:35:00,672.77,23.6,22.44,4.06,23.0,1,2.5,2.33,10.83,7.97,160.4
2020-05-13 20:40:00,670.46,23.6,22.44,3.96,23.0,1,1.5,1.33,15.83,3.72,165.4
2020-05-13 20:45:00,650.11,23.0,22.46,3.98,23.0,1,2.5,6.33,0.82,0.58,170.4
2020-05-13 20:50:00,654.59,23.0,22.54,3.93,0.0,1,2.5,11.33,5.82,5.58,4.97
2020-05-13 20:55:00,675.84,23.0,22.54,3.93,0.0,1,1.48,16.33,10.82,10.58,9.97
2020-05-13 21:00:00,721.66,23.0,22.54,3.93,0.0,1,1.48,21.33,15.82,15.58,14.97
2020-05-13 21:05:00,706.43,23.0,22.54,3.93,0.0,1,1.48,26.33,20.82,20.58,19.97
2020-05-13 21:10:00,703.74,23.0,22.54,3.93,0.0,1,0.48,31.33,25.82,25.58,24.97
2020-05-13 21:15:00,728.45,23.0,22.54,3.93,0.0,1,0.48,36.33,30.82,30.58,29.97
2020-05-13 21:20:00,708.1,23.0,22.54,3.93,0.0,0,0.48,41.33,35.82,35.58,34.97
2020-05-13 21:25:00,747.14,23.0,22.54,3.93,0.0,0,1.47,46.33,40.82,40.58,39.97
2020-05-13 21:30:00,772.35,23.0,22.54,3.93,0.0,0,1.47,51.33,45.82,45.58,44.97
2020-05-13 21:35:00,777.73,23.0,22.54,3.93,0.0,0,0.47,56.33,50.82,50.58,49.97
2020-05-13 21:40:00,728.7,23.0,22.54,3.87,0.0,0,2.47,61.33,55.82,2.68,54.97
2020-05-13 21:45:00,708.48,23.0,22.54,3.83,0.0,0,0.47,66.33,60.82,7.68,59.97
2020-05-13 21:50:00,699.65,23.0,22.54,3.75,0.0,0,0.45,71.33,65.82,2.63,64.97
2020-05-13 21:55:00,735.36,23.0,22.54,3.66,0.0,1,0.45,76.33,70.82,1.2,69.97
2020-05-13 22:00:00,733.57,23.0,22.54,3.6,0.0,1,0.45,81.33,75.82,6.2,74.97
2020-05-13 22:05:00,751.87,23.0,22.54,3.47,0.0,1,0.45,86.33,80.82,4.32,79.97
2020-05-13 22:10:00,723.84,23.0,22.54,3.47,0.0,1,4.45,91.33,85.82,9.32,84.97
2020-05-13 22:15:00,747.9,23.2,22.54,3.47,0.0,1,2.45,0.43,90.82,14.32,89.97
2020-05-13 22:20:00,742.78,23.8,22.54,3.47,0.0,1,3.43,2.43,95.82,19.32,94.97
2020-05-13 22:25:00,740.48,24.0,22.54,3.43,0.0,1,8.43,7.43,100.82,1.68,99.97
2020-05-13 22:30:00,724.1,24.0,22.54,3.41,0.0,1,0.43,12.43,105.82,1.78,104.97
2020-05-13 22:35:00,710.78,24.0,22.54,3.47,0.0,1,1.43,17.43,110.82,6.78,109.97
2020-05-13 22:40:00,704.64,23.8,22.54,3.47,0.0,1,6.43,1.42,115.82,11.78,114.97
2020-05-13 22:45:00,704.64,23.6,22.54,3.47,0.0,0,11.43,0.42,120.82,16.78,119.97
2020-05-13 22:50:00,710.78,24.0,22.54,3.41,0.0,1,2.42,5.42,125.82,2.47,124.97
2020-05-13 22:55:00,708.35,24.0,22.54,3.21,0.0,1,2.42,10.42,130.82,0.47,129.97
2020-05-13 23:00:00,710.66,24.0,22.54,3.11,0.0,1,1.42,15.42,135.82,5.47,134.97
2020-05-13 23:05:00,726.78,24.0,22.54,3.11,0.0,1,2.42,20.42,140.82,10.47,139.97
2020-05-13 23:10:00,724.74,24.0,22.54,3.01,0.0,1,1.4,25.42,145.82,3.92,144.97
2020-05-13 23:15:00,715.52,24.0,22.54,3.01,0.0,1,6.4,30.42,150.82,0.67,149.97
2020-05-13 23:20:00,702.72,24.0,22.54,3.11,0.0,1,4.4,35.42,155.82,5.67,154.97
2020-05-13 23:25:00,702.72,24.0,22.64,3.11,0.0,1,9.4,40.42,3.23,10.67,159.97
2020-05-13 23:30:00,713.34,24.6,22.66,3.03,0.0,1,1.4,0.05,8.23,2.5,164.97
2020-05-13 23:35:00,745.6,24.2,22.66,2.98,0.0,1,2.4,3.05,13.23,7.5,169.97
2020-05-13 23:40:00,742.78,24.0,22.66,2.98,0.0,1,0.38,8.05,18.23,12.5,174.97
2020-05-13 23:45:00,701.7,24.0,22.66,3.01,0.0,1,1.38,13.05,23.23,0.7,179.97
2020-05-13 23:50:00,694.4,24.0,22.66,3.11,0.0,1,6.38,18.05,28.23,5.7,184.97
2020-05-13 23:55:00,694.4,24.0,22.66,3.11,0.0,1,11.38,23.05,33.23,10.7,189.97
2020-05-14 00:00:00,694.4,24.0,22.66,3.21,0.0,1,16.38,28.05,38.23,4.45,194.97
2020-05-14 00:05:00,680.96,24.0,22.66,3.13,0.0,1,4.38,33.05,43.23,3.88,199.97
2020-05-14 00:10:00,680.96,23.8,22.66,3.19,0.0,1,9.38,0.53,48.23,3.22,204.97
2020-05-14 00:15:00,672.06,23.8,22.66,3.21,0.0,1,0.37,3.53,53.23,8.22,209.97
2020-05-14 00:20:00,651.84,24.0,22.66,3.19,0.0,1,5.37,8.53,58.23,0.27,214.97
2020-05-14 00:25:00,665.6,24.0,22.66,3.11,0.0,1,4.37,13.53,63.23,5.27,219.97
2020-05-14 00:30:00,660.48,23.8,22.66,3.03,0.0,1,1.37,1.68,68.23,2.75,224.97
2020-05-14 00:35:00,652.8,23.8,22.66,2.98,0.0,1,6.37,1.68,73.23,7.75,229.97
2020-05-14 00:40:00,648.83,23.2,22.66,2.98,0.0,0,0.35,3.68,78.23,12.75,234.97
2020-05-14 00:45:00,620.29,23.0,22.66,2.87,0.0,1,0.18,8.68,83.23,3.22,239.97
2020-05-14 00:50:00,621.76,23.6,22.66,2.76,0.0,1,3.18,0.68,88.23,2.15,244.97
2020-05-14 00:55:00,643.84,23.2,22.66,2.71,0.0,1,4.18,2.67,93.23,7.15,249.97
2020-05-14 01:00:00,645.57,23.2,22.66,2.74,0.0,1,0.17,3.67,98.23,0.12,254.97
2020-05-14 01:05:00,595.58,23.2,22.66,2.88,0.0,1,3.17,1.67,103.23,1.45,259.97
2020-05-14 01:10:00,608.0,23.2,22.66,2.94,0.0,1,4.17,3.67,108.23,6.45,264.97
2020-05-14 01:15:00,589.63,23.2,22.66,2.94,0.0,1,1.17,0.67,113.23,11.45,269.97
2020-05-14 01:20:00,584.58,23.0,22.68,2.88,0.0,1,0.17,5.67,0.32,2.73,274.97
2020-05-14 01:25:00,593.22,24.0,22.78,2.74,0.0,1,0.15,4.65,5.32,3.85,279.97
2020-05-14 01:30:00,538.75,24.0,22.76,2.71,0.0,1,1.15,9.65,0.48,8.85,284.97
2020-05-14 01:35:00,499.52,24.0,22.54,2.63,0.0,1,1.65,14.65,1.48,3.7,289.97
2020-05-14 01:40:00,488.0,24.0,22.3,2.61,0.0,1,6.65,19.65,1.82,8.7,294.97
2020-05-14 01:45:00,476.74,24.0,22.04,2.61,0.0,1,3.65,24.65,2.47,13.7,299.97
2020-05-14 01:50:00,473.92,24.0,21.84,2.51,0.0,0,8.65,29.65,2.97,3.38,304.97
2020-05-14 01:55:00,473.92,24.0,21.67,2.45,0.0,0,13.65,34.65,0.97,0.23,309.97
2020-05-14 02:00:00,473.92,24.0,21.47,2.39,0.0,0,18.65,39.65,0.3,0.88,314.97
2020-05-14 02:05:00,473.92,24.0,21.3,2.41,0.0,0,23.65,44.65,1.3,2.03,319.97
2020-05-14 02:10:00,473.92,24.0,21.17,2.45,0.0,0,28.65,49.65,2.97,7.03,324.97
2020-05-14 02:15:00,473.92,24.0,20.98,2.45,0.0,0,33.65,54.65,1.97,12.03,329.97
2020-05-14 02:20:00,473.92,24.0,20.87,2.45,0.0,1,38.65,59.65,1.95,17.03,334.97
2020-05-14 02:25:00,473.92,24.0,20.73,2.45,0.0,1,43.65,64.65,2.45,22.03,339.97
2020-05-14 02:30:00,473.92,24.0,20.58,2.45,0.0,1,48.65,69.65,4.45,27.03,344.97
2020-05-14 02:35:00,463.42,24.0,20.58,2.53,0.0,1,3.62,74.65,9.45,2.92,349.97
2020-05-14 02:40:00,460.8,24.0,20.58,2.58,0.0,1,8.62,79.65,14.45,7.92,354.97
2020-05-14 02:45:00,469.76,24.0,20.58,2.68,0.0,1,3.62,84.65,19.45,4.85,359.97
2020-05-14 02:50:00,472.0,24.0,20.58,2.81,0.0,1,8.62,89.65,24.45,4.13,364.97
2020-05-14 02:55:00,472.0,24.0,20.58,2.81,0.0,1,13.62,94.65,29.45,9.13,369.97
2020-05-14 03:00:00,472.0,24.0,20.56,2.91,0.0,1,18.62,99.65,0.1,4.7,374.97
2020-05-14 03:05:00,489.09,27.0,20.17,2.91,0.0,1,0.6,4.27,0.6,9.7,379.97
2020-05-14 03:10:00,523.33,27.8,19.47,2.99,0.0,1,2.6,3.43,0.27,2.52,384.97
2020-05-14 03:15:00,520.77,27.4,19.42,3.12,0.0,1,3.6,2.43,1.25,3.58,389.97
2020-05-14 03:20:00,508.61,25.0,19.69,3.27,0.0,1,0.6,4.93,2.58,4.05,394.97
2020-05-14 03:25:00,487.23,25.0,19.86,3.27,0.0,1,2.6,9.93,0.75,9.05,399.97
2020-05-14 03:30:00,482.88,25.0,19.94,3.38,0.0,1,7.6,14.93,5.75,0.43,404.97
2020-05-14 03:35:00,482.88,25.0,20.0,3.36,0.0,1,12.6,19.93,2.75,2.3,409.97
2020-05-14 03:40:00,475.01,25.0,20.04,3.4,0.0,1,2.58,24.93,7.75,7.3,414.97
2020-05-14 03:45:00,469.76,25.0,20.04,3.45,0.0,1,7.58,29.93,12.75,1.77,419.97
2020-05-14 03:50:00,473.86,25.0,20.04,3.57,0.0,1,1.58,34.93,17.75,1.23,424.97
2020-05-14 03:55:00,477.76,25.0,20.04,3.73,0.0,1,0.58,39.93,22.75,3.15,429.97
2020-05-14 04:00:00,468.8,25.0,20.04,3.76,0.0,1,5.58,44.93,27.75,8.15,434.97
2020-05-14 04:05:00,478.53,25.0,20.04,3.89,0.0,0,3.73,49.93,32.75,0.02,439.97
2020-05-14 04:10:00,478.91,25.0,20.04,4.07,0.0,0,0.73,54.93,37.75,1.23,444.97
2020-05-14 04:15:00,470.72,25.0,20.04,4.18,0.0,0,5.73,59.93,42.75,0.62,449.97
2020-05-14 04:20:00,476.86,25.0,20.04,4.2,0.0,0,2.73,64.93,47.75,2.07,454.97
2020-05-14 04:25:00,474.82,25.0,20.04,4.12,20.0,0,2.73,69.93,52.75,0.97,0.35
2020-05-14 04:30:00,470.72,25.0,20.04,4.15,46.8,1,7.73,74.93,57.75,0.32,1.35
2020-05-14 04:35:00,470.72,25.0,20.04,4.42,60.0,1,12.73,79.93,62.75,1.93,1.35
2020-05-14 04:40:00,474.82,25.0,20.04,4.64,72.0,1,1.72,84.93,67.75,0.68,2.33
2020-05-14 04:45:00,480.96,25.0,20.04,4.87,63.2,1,6.72,89.93,72.75,3.83,3.33
2020-05-14 04:50:00,480.96,25.0,20.04,5.05,82.42,1,11.72,94.93,77.75,0.72,1.33
2020-05-14 04:55:00,480.96,25.0,20.04,5.15,95.04,1,16.72,99.93,82.75,5.72,2.83
2020-05-14 05:00:00,472.0,25.0,20.04,5.25,93.84,1,3.7,104.93,87.75,3.63,0.33
2020-05-14 05:05:00,473.86,25.0,20.15,5.33,90.61,1,1.7,109.93,4.02,1.43,0.32
2020-05-14 05:10:00,480.0,25.0,20.15,5.33,57.6,1,6.7,114.93,9.02,1.23,3.82
2020-05-14 05:15:00,480.0,25.0,20.15,5.48,54.0,1,11.7,119.93,14.02,2.95,8.82
2020-05-14 05:20:00,484.35,25.8,20.15,5.51,58.4,1,1.68,1.02,19.02,0.73,1.98
2020-05-14 05:25:00,495.23,25.0,20.17,5.33,74.6,1,1.68,6.02,0.02,1.72,3.48
2020-05-14 05:30:00,489.73,25.0,20.25,5.48,77.0,1,3.68,11.02,5.02,1.33,8.48
2020-05-14 05:35:00,486.72,25.0,20.34,5.56,61.2,1,8.68,16.02,3.17,1.48,0.97
2020-05-14 05:40:00,486.72,25.0,20.38,5.7,67.0,1,13.68,21.02,0.33,1.78,0.47
2020-05-14 05:45:00,486.72,25.0,20.47,5.63,59.4,1,18.68,26.02,5.33,0.57,1.47
2020-05-14 05:50:00,486.72,25.0,20.62,5.66,66.8,1,23.68,31.02,1.33,5.57,3.47
2020-05-14 05:55:00,486.72,24.4,20.75,5.76,62.4,1,28.68,2.17,2.5,4.55,2.47
2020-05-14 06:00:00,486.72,24.2,20.88,5.98,72.2,1,33.68,3.17,3.5,1.1,0.95
2020-05-14 06:05:00,486.72,24.2,20.9,5.83,83.01,1,38.68,1.17,8.5,2.33,0.45
2020-05-14 06:10:00,486.72,24.0,20.97,5.96,87.04,1,43.68,6.17,2.98,0.18,4.45
2020-05-14 06:15:00,486.72,24.2,21.02,6.29,389.74,1,48.68,2.17,7.98,1.98,0.95
2020-05-14 06:20:00,486.72,24.0,21.12,6.34,447.62,1,53.68,7.17,0.82,1.12,0.45
2020-05-14 06:25:00,486.72,24.0,21.26,6.21,574.59,1,58.68,12.17,0.48,2.12,0.45
2020-05-14 06:30:00,486.72,24.0,21.36,6.26,639.81,1,63.68,17.17,0.48,7.12,0.95
2020-05-14 06:35:00,484.54,23.8,21.46,6.36,548.99,1,0.65,1.65,0.47,1.15,0.43
2020-05-14 06:40:00,475.84,23.8,21.54,6.52,707.58,1,5.65,0.65,5.47,2.5,0.43
2020-05-14 06:45:00,475.84,23.8,21.54,6.64,822.02,1,10.65,3.65,10.47,0.08,0.43
2020-05-14 06:50:00,475.84,23.8,21.54,6.57,878.21,1,15.65,2.63,15.47,1.35,0.93
2020-05-14 06:55:00,475.84,23.6,21.54,6.87,800.77,1,20.65,1.63,20.47,0.33,0.43
2020-05-14 07:00:00,473.66,23.4,21.54,7.14,671.87,1,0.63,0.63,25.47,2.07,0.43
2020-05-14 07:05:00,464.96,22.8,21.46,7.19,564.8,0,5.63,0.63,3.28,2.77,0.92
2020-05-14 07:10:00,456.77,22.6,21.44,7.22,614.85,0,3.63,1.62,8.28,1.07,0.42
2020-05-14 07:15:00,454.72,23.2,21.44,7.29,678.66,0,8.63,1.62,13.28,0.87,0.08
2020-05-14 07:20:00,454.72,22.2,21.44,7.14,327.65,0,13.63,0.78,18.28,0.13,0.08
2020-05-14 07:25:00,454.72,22.0,21.4,6.82,119.02,0,18.63,1.28,1.77,1.1,1.08
2020-05-14 07:30:00,454.72,23.6,21.34,6.67,92.0,0,23.63,0.27,6.77,0.43,0.57
2020-05-14 07:35:00,454.72,22.2,21.32,6.72,84.0,0,28.63,3.27,0.77,1.17,5.57
2020-05-14 07:40:00,445.89,21.8,21.22,6.64,205.18,0,2.6,3.6,0.93,6.17,0.07
2020-05-14 07:45:00,440.0,22.0,21.14,6.69,628.42,0,7.6,8.6,5.93,1.0,0.07
2020-05-14 07:50:00,448.7,23.0,21.2,6.77,762.62,1,3.6,0.1,1.92,6.0,1.57
2020-05-14 07:55:00,460.35,23.4,21.46,7.14,748.54,1,3.6,0.1,1.42,0.87,0.57
2020-05-14 08:00:00,462.72,23.0,21.64,7.04,735.49,1,8.6,5.1,3.42,2.25,1.55
2020-05-14 08:05:00,462.72,22.6,21.76,7.12,728.96,1,13.6,1.08,4.92,0.88,6.55
2020-05-14 08:10:00,475.26,22.8,21.78,7.39,726.78,1,1.58,3.08,0.92,0.37,0.05
2020-05-14 08:15:00,473.41,23.0,21.92,7.64,732.54,1,0.58,8.08,1.73,1.35,0.05
2020-05-14 08:20:00,457.92,22.4,22.02,7.79,448.67,1,5.58,0.07,6.73,0.05,0.53
2020-05-14 08:25:00,468.16,22.8,22.04,7.24,119.01,1,3.58,2.07,0.73,0.5,1.53
2020-05-14 08:30:00,470.72,22.8,22.12,7.37,203.82,1,8.58,2.07,5.73,1.63,0.03
2020-05-14 08:35:00,470.72,22.8,22.12,7.59,491.42,1,13.58,0.07,10.73,0.65,0.03
2020-05-14 08:40:00,470.72,22.4,22.12,7.39,258.98,1,18.58,0.4,15.73,1.77,0.03
2020-05-14 08:45:00,470.72,22.4,22.12,7.49,441.79,1,23.58,0.38,20.73,3.2,0.02
2020-05-14 08:50:00,461.89,22.2,22.19,7.76,333.79,1,2.57,1.05,2.72,0.12,0.02
2020-05-14 08:55:00,460.35,21.6,22.22,7.84,161.82,1,1.55,0.55,0.72,0.03,0.52
2020-05-14 09:00:00,469.25,20.6,22.01,6.52,194.82,1,0.55,1.55,1.05,2.37,0.52
2020-05-14 09:05:00,478.72,21.6,21.75,5.82,264.61,1,5.55,0.55,0.03,0.55,0.17
2020-05-14 09:10:00,478.72,22.0,21.54,5.18,308.96,1,10.55,5.55,0.53,1.03,0.67
2020-05-14 09:15:00,478.72,22.2,21.34,5.29,162.64,1,15.55,1.55,2.7,0.9,0.17
2020-05-14 09:20:00,478.72,22.8,21.3,5.2,38.61,1,20.55,3.53,7.7,1.52,3.67
2020-05-14 09:25:00,486.91,22.6,21.5,4.79,19.0,1,3.7,0.53,2.2,0.07,8.67
2020-05-14 09:30:00,479.23,23.0,21.76,4.52,11.4,1,3.7,5.53,1.03,1.67,1.65
2020-05-14 09:35:00,476.8,23.4,21.92,4.09,0.0,1,8.7,1.53,3.03,0.57,6.65
2020-05-14 09:40:00,482.24,32.6,22.09,3.71,10.4,1,0.7,0.03,1.68,0.23,3.65
2020-05-14 09:45:00,571.52,39.4,22.26,3.52,20.8,1,1.87,1.85,3.68,1.25,2.65
2020-05-14 09:50:00,627.78,35.8,22.4,3.78,78.03,1,1.85,0.35,4.68,0.2,2.65
2020-05-14 09:55:00,573.95,33.6,22.48,3.93,58.2,1,1.85,0.35,3.68,5.2,0.15
2020-05-14 10:00:00,548.74,33.2,22.58,4.11,28.0,1,3.85,3.35,3.18,1.42,4.65
2020-05-14 10:05:00,573.06,31.8,22.7,4.36,28.0,1,1.85,2.35,4.17,1.43,9.65
2020-05-14 10:10:00,625.98,29.6,22.7,4.49,32.0,1,3.85,0.83,9.17,0.27,1.63
2020-05-14 10:15:00,603.01,29.2,22.82,4.91,46.0,1,2.85,0.83,4.67,1.12,3.63
2020-05-14 10:20:00,621.18,29.8,22.9,5.13,50.2,1,3.83,0.33,3.67,0.3,0.13
2020-05-14 10:25:00,631.68,32.0,22.94,5.34,73.0,1,2.83,1.33,0.17,0.95,4.13
2020-05-14 10:30:00,628.86,32.6,23.06,5.74,175.0,1,1.83,0.33,0.15,0.37,1.62
2020-05-14 10:35:00,634.69,32.2,23.16,6.01,325.79,1,2.83,1.0,5.15,0.93,0.62
2020-05-14 10:40:00,643.65,29.6,23.16,6.19,316.96,1,1.83,1.48,10.15,0.75,5.62
2020-05-14 10:45:00,591.49,27.8,23.16,6.64,312.61,1,1.83,0.98,15.15,4.27,1.62
2020-05-14 10:50:00,578.88,27.0,23.2,6.59,306.08,1,6.83,5.98,1.98,0.28,6.62
2020-05-14 10:55:00,572.86,25.0,23.26,7.04,304.06,1,1.82,0.48,6.98,0.38,0.1
2020-05-14 11:00:00,542.21,27.8,23.22,6.89,296.0,1,1.82,0.15,1.97,0.47,5.1
2020-05-14 11:05:00,526.72,25.4,23.16,7.34,296.0,1,6.82,1.32,6.97,2.6,10.1
2020-05-14 11:10:00,524.16,25.4,23.16,7.19,296.0,1,0.65,1.63,11.97,0.87,15.1
2020-05-14 11:15:00,502.72,24.6,23.16,7.57,289.38,0,0.63,1.13,16.97,0.22,2.27
2020-05-14 11:20:00,488.0,25.2,23.14,7.71,271.46,0,5.63,1.63,0.97,1.15,1.25
2020-05-14 11:25:00,488.0,25.4,23.04,7.29,247.01,0,10.63,3.13,5.97,0.7,1.25
2020-05-14 11:30:00,488.0,24.2,23.04,7.74,236.61,0,15.63,3.13,10.97,0.23,1.75
2020-05-14 11:35:00,479.04,24.0,23.04,7.89,193.62,0,3.63,8.13,15.97,0.45,1.75
2020-05-14 11:40:00,467.33,23.8,23.04,8.18,214.08,0,3.63,0.12,20.97,0.03,4.25
2020-05-14 11:45:00,464.96,23.8,23.04,8.67,119.42,0,8.63,1.12,25.97,0.48,0.25
2020-05-14 11:50:00,464.96,24.0,23.04,8.42,98.81,0,13.63,6.12,30.97,0.48,2.73
2020-05-14 11:55:00,464.96,23.6,22.98,7.79,79.0,0,18.63,1.12,1.43,1.0,7.73
2020-05-14 12:00:00,456.0,24.0,22.82,7.54,96.0,0,3.62,6.12,3.93,0.5,2.73
2020-05-14 12:05:00,453.76,23.4,22.72,7.07,123.41,0,8.62,1.1,0.43,1.08,0.23
2020-05-14 12:10:00,453.76,23.6,22.54,6.92,202.08,1,13.62,2.1,5.43,0.18,4.23
2020-05-14 12:15:00,459.78,23.6,22.64,7.09,173.23,1,1.6,1.1,3.43,0.52,0.23
2020-05-14 12:20:00,468.8,23.8,22.76,7.84,169.2,1,6.6,1.1,4.43,0.08,3.23
2020-05-14 12:25:00,468.8,23.6,22.76,8.1,162.0,1,11.6,1.1,9.43,0.22,4.73
2020-05-14 12:30:00,468.8,23.2,22.76,8.2,152.0,1,16.6,2.1,14.43,0.02,4.72
2020-05-14 12:35:00,473.28,23.0,22.76,8.39,144.8,1,1.6,7.1,19.43,0.43,2.22
2020-05-14 12:40:00,480.0,23.0,22.76,8.56,140.0,1,6.6,12.1,24.43,0.25,7.22
2020-05-14 12:45:00,477.57,23.0,22.76,8.37,130.0,0,0.58,17.1,29.43,0.25,4.72
2020-05-14 12:50:00,467.84,23.0,22.76,8.34,130.0,0,5.58,22.1,34.43,1.22,9.72
2020-05-14 12:55:00,467.84,23.0,22.76,8.53,134.8,0,10.58,27.1,39.43,0.42,0.2
2020-05-14 13:00:00,470.46,23.0,22.76,7.91,107.6,0,0.58,32.1,44.43,0.65,1.2
2020-05-14 13:05:00,480.96,23.0,22.76,7.59,59.0,0,5.58,37.1,49.43,0.03,6.2
2020-05-14 13:10:00,478.91,23.0,22.76,7.19,86.8,0,0.57,42.1,54.43,3.0,3.37
2020-05-14 13:15:00,470.72,23.0,22.76,7.34,69.2,0,5.57,47.1,59.43,0.23,2.85
2020-05-14 13:20:00,476.86,23.0,22.76,7.96,104.62,0,2.57,52.1,64.43,0.37,0.35
2020-05-14 13:25:00,480.96,23.0,22.76,8.28,111.42,0,7.57,57.1,69.43,0.35,0.35
2020-05-14 13:30:00,474.24,23.0,22.76,8.86,143.04,0,2.55,62.1,74.43,0.07,0.85
2020-05-14 13:35:00,474.24,23.0,22.76,8.74,121.84,0,1.55,67.1,79.43,0.48,3.85
2020-05-14 13:40:00,480.96,23.0,22.66,9.0,104.4,0,6.55,72.1,4.72,0.13,2.83
2020-05-14 13:45:00,472.77,23.0,22.66,9.16,93.01,0,3.55,77.1,9.72,0.27,2.83
2020-05-14 13:50:00,470.72,23.0,22.66,9.62,96.0,0,8.55,82.1,14.72,0.97,7.83
2020-05-14 13:55:00,470.72,23.0,22.66,9.44,93.81,0,13.55,87.1,19.72,1.82,0.83
2020-05-14 14:00:00,470.72,22.6,22.56,9.3,85.04,0,18.55,1.03,3.03,0.13,5.83
2020-05-14 14:05:00,470.72,22.4,22.54,9.32,85.04,0,23.55,0.03,8.03,0.03,10.83
2020-05-14 14:10:00,470.72,23.0,22.54,9.3,83.03,0,28.55,5.03,13.03,0.1,0.82
2020-05-14 14:15:00,470.72,23.0,22.54,9.72,75.0,0,33.55,10.03,18.03,0.1,5.82
2020-05-14 14:20:00,470.72,22.6,22.54,10.12,75.0,0,38.55,1.02,23.03,0.27,10.82
2020-05-14 14:25:00,468.54,22.2,22.54,9.48,71.0,0,0.68,3.02,28.03,1.5,1.82
2020-05-14 14:30:00,459.84,22.8,22.54,9.53,65.0,0,5.68,3.02,33.03,1.82,6.82
2020-05-14 14:35:00,459.84,23.0,22.46,8.86,64.2,0,10.68,8.02,2.0,1.38,0.8
2020-05-14 14:40:00,462.46,22.8,22.4,8.86,82.0,0,0.67,0.0,7.0,2.02,2.8
2020-05-14 14:45:00,470.91,22.8,22.4,8.65,83.8,0,0.67,3.0,12.0,0.52,0.3
2020-05-14 14:50:00,462.72,22.6,22.4,8.4,51.0,0,5.67,1.0,17.0,1.53,2.8
2020-05-14 14:55:00,464.96,22.8,22.4,8.18,49.4,0,0.67,3.0,22.0,0.2,0.78
2020-05-14 15:00:00,473.92,22.8,22.4,8.21,43.8,0,5.67,2.0,27.0,0.38,2.45
2020-05-14 15:05:00,473.92,23.0,22.4,7.91,41.0,0,10.67,7.0,32.0,0.23,7.45
2020-05-14 15:10:00,473.92,22.8,22.4,7.66,41.0,0,15.67,0.98,37.0,1.77,12.45
2020-05-14 15:15:00,473.92,22.4,22.4,7.91,52.0,0,20.67,1.98,42.0,0.3,4.45
2020-05-14 15:20:00,469.44,22.2,22.4,8.16,52.0,0,1.65,1.98,47.0,1.57,9.45
2020-05-14 15:25:00,462.72,22.8,22.34,8.13,48.0,0,6.65,1.98,2.97,0.6,1.93
2020-05-14 15:30:00,462.72,22.8,22.18,7.96,36.0,0,11.65,2.97,4.13,0.78,0.93
2020-05-14 15:35:00,464.77,22.6,22.18,7.94,37.8,0,0.63,0.97,9.13,1.72,2.93
2020-05-14 15:40:00,472.96,22.6,22.18,7.99,43.0,0,5.63,0.97,14.13,3.62,7.93
2020-05-14 15:45:00,462.46,22.2,22.18,7.99,43.0,0,3.63,2.97,19.13,0.02,12.93
2020-05-14 15:50:00,466.37,23.0,22.18,7.79,33.0,0,2.63,4.97,24.13,3.48,4.92
2020-05-14 15:55:00,470.72,22.6,22.18,7.91,33.0,0,7.63,0.97,29.13,1.27,9.92
2020-05-14 16:00:00,470.72,22.0,22.18,7.96,33.0,0,12.63,4.12,34.13,0.27,14.92
2020-05-14 16:05:00,470.72,22.6,22.18,8.01,33.0,0,17.63,0.12,39.13,4.07,19.92
2020-05-14 16:10:00,470.72,22.4,22.18,8.11,33.0,0,22.63,1.12,44.13,3.62,24.92
2020-05-14 16:15:00,470.72,22.8,22.14,7.91,33.0,0,27.63,0.12,1.27,3.43,29.92
2020-05-14 16:20:00,461.25,22.8,22.08,7.94,33.0,0,3.62,1.12,6.27,1.1,34.92
2020-05-14 16:25:00,458.88,22.2,22.08,7.89,33.0,0,8.62,1.1,11.27,4.07,39.92
2020-05-14 16:30:00,458.88,22.2,22.06,7.84,33.0,0,13.62,2.1,0.93,1.62,44.92
2020-05-14 16:35:00,468.35,22.6,21.98,7.89,27.0,0,3.6,0.1,5.93,6.62,2.4
2020-05-14 16:40:00,470.72,23.0,21.98,7.69,23.0,0,8.6,4.1,10.93,0.48,7.4
2020-05-14 16:45:00,470.72,22.2,22.08,7.74,23.0,0,13.6,3.1,4.92,0.45,12.4
2020-05-14 16:50:00,459.71,22.0,22.08,7.54,23.0,0,3.6,8.1,9.92,0.65,17.4
2020-05-14 16:55:00,456.96,22.0,22.08,7.62,23.0,0,8.6,13.1,14.92,0.6,22.4
2020-05-14 17:00:00,459.52,22.0,22.08,7.49,21.0,0,0.58,18.1,19.92,1.2,0.05
2020-05-14 17:05:00,469.76,22.0,22.08,7.42,10.4,0,5.58,23.1,24.92,3.02,0.53
2020-05-14 17:10:00,473.86,22.0,22.08,7.39,0.0,0,1.58,28.1,29.92,8.02,5.53
2020-05-14 17:15:00,474.37,22.0,22.08,7.42,0.0,0,1.58,33.1,34.92,0.63,10.53
2020-05-14 17:20:00,465.92,22.0,22.08,7.49,0.0,0,6.58,38.1,39.92,1.15,15.53
2020-05-14 17:25:00,468.29,22.0,22.08,7.42,0.0,0,0.57,43.1,44.92,3.72,20.53
2020-05-14 17:30:00,477.76,22.0,22.08,7.42,0.0,0,5.57,48.1,49.92,0.87,25.53
2020-05-14 17:35:00,477.76,22.0,22.08,7.44,0.0,0,10.57,53.1,54.92,2.63,30.53
2020-05-14 17:40:00,477.76,22.0,22.08,7.37,0.0,0,15.57,58.1,59.92,0.7,35.53
2020-05-14 17:45:00,470.66,22.0,22.08,7.27,0.0,0,2.57,63.1,64.92,5.7,40.53
2020-05-14 17:50:00,465.92,22.0,22.08,7.14,0.0,0,7.57,68.1,69.92,4.47,45.53
2020-05-14 17:55:00,465.92,22.0,22.08,7.09,0.0,0,12.57,73.1,74.92,1.22,50.53
2020-05-14 18:00:00,470.27,22.0,22.08,6.99,0.0,0,1.55,78.1,79.92,0.55,55.53
2020-05-14 18:05:00,476.8,22.0,22.08,6.72,0.0,0,6.55,83.1,84.92,1.47,60.53
2020-05-14 18:10:00,476.8,22.0,22.08,6.44,0.0,0,11.55,88.1,89.92,2.35,65.53
2020-05-14 18:15:00,476.8,22.0,22.08,6.16,0.0,0,16.55,93.1,94.92,0.0,70.53
2020-05-14 18:20:00,476.8,22.0,22.08,6.01,0.0,0,21.55,98.1,99.92,5.0,75.53
2020-05-14 18:25:00,476.8,22.2,22.08,5.91,0.0,0,26.55,1.03,104.92,3.28,80.53
2020-05-14 18:30:00,476.8,23.0,22.08,5.86,0.0,0,31.55,4.03,109.92,0.08,85.53
2020-05-14 18:35:00,476.8,23.0,22.08,5.76,0.0,0,36.55,9.03,114.92,5.08,90.53
2020-05-14 18:40:00,476.8,23.0,22.08,5.72,0.0,0,41.55,14.03,119.92,1.8,95.53
2020-05-14 18:45:00,476.8,23.0,22.08,5.51,0.0,0,46.55,19.03,124.92,0.22,100.53
2020-05-14 18:50:00,476.8,23.0,22.08,5.38,0.0,0,51.55,24.03,129.92,0.93,105.53
2020-05-14 18:55:00,476.8,23.0,22.08,5.28,0.0,0,56.55,29.03,134.92,5.93,110.53
2020-05-14 19:00:00,476.8,23.0,22.04,5.28,0.0,0,61.55,34.03,1.0,10.93,115.53
2020-05-14 19:05:00,476.8,23.0,21.98,5.28,0.0,0,66.55,39.03,6.0,15.93,120.53
2020-05-14 19:10:00,476.8,23.0,21.98,5.28,0.0,0,71.55,44.03,11.0,20.93,125.53
2020-05-14 19:15:00,476.8,23.0,21.98,5.28,0.0,0,76.55,49.03,16.0,0.05,130.53
2020-05-14 19:20:00,476.8,23.0,21.98,5.22,0.0,0,81.55,54.03,21.0,2.23,135.53
2020-05-14 19:25:00,476.8,23.0,21.98,5.18,0.0,0,86.55,59.03,26.0,7.23,140.53
2020-05-14 19:30:00,476.8,23.0,21.98,5.11,0.0,0,91.55,64.03,31.0,0.08,145.53
2020-05-14 19:35:00,476.8,23.0,21.98,5.18,0.0,0,96.55,69.03,36.0,5.08,150.53
2020-05-14 19:40:00,476.8,23.0,21.98,5.06,0.0,0,101.55,74.03,41.0,4.52,155.53
2020-05-14 19:45:00,476.8,23.0,21.98,5.01,0.0,0,106.55,79.03,46.0,1.83,160.53
2020-05-14 19:50:00,468.1,23.0,21.98,4.93,0.0,0,3.65,84.03,51.0,6.83,165.53
2020-05-14 19:55:00,465.92,23.0,21.98,4.93,0.0,0,8.65,89.03,56.0,11.83,170.53
2020-05-14 20:00:00,465.92,23.0,21.98,4.93,0.0,0,13.65,94.03,61.0,16.83,175.53
2020-05-14 20:05:00,465.92,23.0,21.9,4.93,0.0,0,18.65,99.03,3.97,21.83,180.53
2020-05-14 20:10:00,465.92,23.0,21.88,4.93,0.0,0,23.65,104.03,8.97,26.83,185.53
2020-05-14 20:15:00,465.92,23.0,21.88,4.93,0.0,0,28.65,109.03,13.97,31.83,190.53
2020-05-14 20:20:00,465.92,23.0,21.88,4.93,0.0,0,33.65,114.03,18.97,36.83,195.53
2020-05-14 20:25:00,465.92,23.0,21.88,4.93,0.0,0,38.65,119.03,23.97,41.83,200.53
2020-05-14 20:30:00,472.45,23.4,21.88,4.98,0.0,0,2.63,1.95,28.97,1.28,205.53
2020-05-14 20:35:00,476.8,23.8,21.88,5.06,0.0,0,7.63,3.95,33.97,6.28,210.53
2020-05-14 20:40:00,476.8,23.6,21.88,5.16,0.0,0,12.63,0.95,38.97,3.43,215.53
2020-05-14 20:45:00,476.8,23.6,21.88,5.18,0.0,0,17.63,2.95,43.97,8.43,220.53
2020-05-14 20:50:00,476.8,24.0,21.88,5.22,0.0,0,22.63,7.95,48.97,1.35,225.53
2020-05-14 20:55:00,476.8,24.0,21.88,5.31,0.0,0,27.63,12.95,53.97,0.2,230.53
2020-05-14 21:00:00,474.62,24.0,21.88,5.41,0.0,0,0.6,17.95,58.97,5.2,235.53
2020-05-14 21:05:00,465.92,24.0,21.88,5.41,0.0,0,5.6,22.95,63.97,10.2,240.53
2020-05-14 21:10:00,474.37,24.0,21.88,5.58,0.0,0,2.6,27.95,68.97,1.37,245.53
2020-05-14 21:15:00,480.0,24.0,21.88,5.7,0.0,0,7.6,32.95,73.97,1.2,250.53
2020-05-14 21:20:00,480.0,24.0,21.88,5.81,0.0,1,12.6,37.95,78.97,1.88,255.53
2020-05-14 21:25:00,480.0,24.0,21.88,5.98,0.0,1,17.6,42.95,83.97,0.1,260.53
2020-05-14 21:30:00,480.0,24.0,21.88,6.14,0.0,1,22.6,47.95,88.97,5.1,265.53
2020-05-14 21:35:00,480.0,24.0,21.88,6.14,0.0,1,27.6,52.95,93.97,10.1,270.53
2020-05-14 21:40:00,480.0,24.0,21.88,6.14,0.0,1,32.6,57.95,98.97,15.1,275.53
2020-05-14 21:45:00,480.0,24.0,21.88,6.14,0.0,1,37.6,62.95,103.97,20.1,280.53
2020-05-14 21:50:00,480.0,24.2,21.88,6.14,0.0,1,42.6,3.57,108.97,25.1,285.53
2020-05-14 21:55:00,480.0,24.0,21.88,6.14,0.0,1,47.6,8.57,113.97,30.1,290.53
2020-05-14 22:00:00,480.0,24.2,21.88,5.92,0.0,1,52.6,0.57,118.97,0.12,295.53
2020-05-14 22:05:00,480.0,24.0,21.88,5.27,0.0,1,57.6,4.57,123.97,1.28,300.53
2020-05-14 22:10:00,480.0,24.0,21.88,5.22,0.0,1,62.6,9.57,128.97,1.02,305.53
2020-05-14 22:15:00,480.0,24.0,21.98,5.38,0.0,1,67.6,14.57,4.88,3.68,310.53
2020-05-14 22:20:00,480.0,24.0,21.98,5.46,0.0,1,72.6,19.57,9.88,1.93,315.53
2020-05-14 22:25:00,477.76,24.0,21.98,5.53,0.0,1,0.55,24.57,14.88,6.93,320.53
2020-05-14 22:30:00,468.8,25.8,21.47,5.53,0.0,1,5.55,1.55,0.2,11.93,325.53
2020-05-14 22:35:00,468.8,27.0,20.32,5.61,0.0,1,10.55,6.55,0.37,2.58,330.53
2020-05-14 22:40:00,468.8,26.2,20.73,5.53,0.0,1,15.55,1.7,0.7,4.72,335.53
2020-05-14 22:45:00,468.8,25.0,21.09,5.46,0.0,1,20.55,6.7,2.2,2.18,340.53
2020-05-14 22:50:00,468.8,24.6,21.26,5.41,0.0,1,25.55,1.7,0.68,7.18,345.53
2020-05-14 22:55:00,468.8,24.4,21.34,5.33,0.0,1,30.55,0.68,5.68,2.07,350.53
2020-05-14 23:00:00,468.8,24.0,21.44,5.28,0.0,1,35.55,5.68,4.85,7.07,355.53
2020-05-14 23:05:00,468.8,24.0,21.44,5.18,0.0,0,40.55,10.68,9.85,4.28,360.53
2020-05-14 23:10:00,459.33,24.0,21.52,5.18,0.0,0,3.52,15.68,3.85,9.28,365.53
2020-05-14 23:15:00,464.06,24.0,21.54,5.18,0.0,0,2.52,20.68,8.85,14.28,370.53
2020-05-14 23:20:00,468.8,24.0,21.54,5.18,0.0,0,7.52,25.68,13.85,19.28,375.53
2020-05-14 23:25:00,468.8,24.0,21.54,5.06,0.0,0,12.52,30.68,18.85,4.03,380.53
2020-05-14 23:30:00,468.8,24.2,21.54,4.96,0.0,0,17.52,0.83,23.85,3.1,385.53
2020-05-14 23:35:00,468.8,24.0,21.54,4.88,0.0,0,22.52,4.83,28.85,1.62,390.53
2020-05-14 23:40:00,468.8,24.2,21.54,4.78,0.0,0,27.52,3.83,33.85,0.38,395.53
2020-05-14 23:45:00,468.8,24.0,21.54,4.7,0.0,0,32.52,8.83,38.85,5.38,400.53
2020-05-14 23:50:00,468.8,24.0,21.54,4.7,0.0,0,37.52,13.83,43.85,10.38,405.53
2020-05-14 23:55:00,460.1,24.4,21.54,4.57,0.0,0,3.48,1.82,48.85,4.27,410.53
2020-05-15 00:00:00,462.66,25.0,21.54,4.52,0.0,1,1.48,1.48,53.85,1.8,415.53
2020-05-15 00:05:00,469.76,25.0,21.54,4.44,0.0,1,6.48,6.48,58.85,6.8,420.53
2020-05-15 00:10:00,469.76,25.0,21.54,4.31,0.0,1,11.48,11.48,63.85,4.62,425.53
2020-05-15 00:15:00,469.76,25.0,21.54,4.31,0.0,1,16.48,16.48,68.85,9.62,430.53
2020-05-15 00:20:00,469.76,25.0,21.54,4.31,0.0,1,21.48,21.48,73.85,14.62,435.53
2020-05-15 00:25:00,469.76,25.0,21.54,4.31,0.0,1,26.48,26.48,78.85,19.62,440.53
2020-05-15 00:30:00,469.76,25.4,21.54,4.19,0.0,1,31.48,0.97,83.85,4.93,445.53
2020-05-15 00:35:00,471.81,25.0,21.54,4.19,0.0,1,0.63,5.97,88.85,9.93,450.53
2020-05-15 00:40:00,469.76,25.0,21.54,4.16,0.0,1,5.63,10.97,93.85,0.43,455.53
2020-05-15 00:45:00,469.76,25.0,21.54,4.06,0.0,1,10.63,3.45,98.85,5.43,460.53
2020-05-15 00:50:00,469.76,25.0,21.54,3.98,0.0,1,15.63,8.45,103.85,2.38,465.53
2020-05-15 00:55:00,465.02,25.0,21.54,3.93,0.0,1,1.62,13.45,108.85,7.38,470.53
2020-05-15 01:00:00,457.92,25.0,21.54,3.93,0.0,1,6.62,18.45,113.85,12.38,475.53
2020-05-15 01:05:00,457.92,25.0,21.54,3.85,0.0,1,11.62,23.45,118.85,3.65,480.53
2020-05-15 01:10:00,457.92,25.0,21.54,3.83,0.0,1,16.62,28.45,123.85,8.65,485.53
2020-05-15 01:15:00,466.62,25.0,21.54,3.7,0.0,1,3.6,33.45,128.85,4.92,490.53
2020-05-15 01:20:00,468.8,25.0,21.54,3.68,0.0,1,8.6,38.45,133.85,0.13,495.53
2020-05-15 01:25:00,468.8,25.0,21.54,3.64,0.0,1,13.6,43.45,138.85,2.8,500.53
2020-05-15 01:30:00,468.8,25.0,21.54,3.55,0.0,1,18.6,48.45,143.85,1.57,505.53
2020-05-15 01:35:00,471.23,25.0,21.54,3.43,0.0,1,0.58,1.75,148.85,1.12,510.53
2020-05-15 01:40:00,478.53,26.0,21.52,3.37,0.0,1,0.58,0.25,0.08,6.12,515.53
2020-05-15 01:45:00,499.46,26.2,21.42,3.37,0.0,1,1.58,0.25,5.08,11.12,520.53
2020-05-15 01:50:00,495.36,25.4,21.42,3.37,0.0,1,2.58,2.92,10.08,3.68,525.53
2020-05-15 01:55:00,485.76,25.8,21.42,3.37,0.0,1,7.58,0.42,15.08,8.68,530.53
2020-05-15 02:00:00,487.81,25.8,21.42,3.37,0.0,1,0.57,0.4,20.08,13.68,535.53
2020-05-15 02:05:00,496.0,26.8,21.35,3.24,0.0,1,5.57,0.23,2.9,4.55,540.53
2020-05-15 02:10:00,496.0,26.2,21.3,3.24,0.0,0,10.57,0.07,7.9,9.55,545.53
2020-05-15 02:15:00,483.2,25.0,21.3,3.36,0.0,0,3.57,0.07,12.9,0.03,550.53
2020-05-15 02:20:00,480.0,25.8,21.3,3.45,6.0,1,8.57,0.57,17.9,3.93,2.35
2020-05-15 02:25:00,486.4,27.2,21.3,3.47,10.0,1,1.57,0.72,22.9,8.93,7.35
2020-05-15 02:30:00,511.87,25.8,21.3,3.5,10.0,1,3.55,0.72,27.9,0.55,12.35
2020-05-15 02:35:00,498.05,25.8,21.3,3.68,10.0,1,2.55,0.72,32.9,3.47,17.35
2020-05-15 02:40:00,490.88,25.0,21.3,3.66,10.0,1,7.55,3.05,37.9,2.8,22.35
2020-05-15 02:45:00,481.15,25.0,21.3,3.73,10.0,1,3.55,1.05,42.9,1.32,27.35
2020-05-15 02:50:00,481.73,26.4,21.3,3.78,10.0,1,0.55,0.2,47.9,2.1,32.35
2020-05-15 02:55:00,502.21,26.2,21.3,3.91,10.0,1,2.53,0.2,52.9,3.38,37.35
2020-05-15 03:00:00,498.11,25.0,21.3,3.93,10.0,1,0.53,2.2,57.9,8.38,42.35
2020-05-15 03:05:00,482.88,26.0,21.3,3.89,10.0,1,5.53,0.03,62.9,2.4,47.35
2020-05-15 03:10:00,489.41,25.0,21.3,3.93,10.0,1,2.53,0.53,67.9,7.4,52.35
2020-05-15 03:15:00,479.42,25.0,21.3,4.01,10.0,1,1.53,1.2,72.9,2.95,57.35
2020-05-15 03:20:00,468.8,25.0,21.3,4.11,10.0,1,6.53,4.52,77.9,2.32,62.35
2020-05-15 03:25:00,468.8,25.0,21.3,4.16,10.0,1,11.53,9.52,82.9,0.15,67.35
2020-05-15 03:30:00,471.23,25.0,21.3,4.06,10.0,1,0.52,14.52,87.9,5.15,72.35
2020-05-15 03:35:00,480.96,25.0,21.3,4.06,10.0,1,5.52,19.52,92.9,10.15,77.35
2020-05-15 03:40:00,469.7,25.0,21.28,4.03,10.0,1,3.52,24.52,0.83,0.63,82.35
2020-05-15 03:45:00,466.88,25.0,21.18,3.96,10.0,1,8.52,29.52,5.83,0.22,87.35
2020-05-15 03:50:00,466.88,25.0,21.16,4.06,10.0,1,13.52,34.52,0.33,5.22,92.35
2020-05-15 03:55:00,466.88,25.0,21.06,4.06,10.0,1,18.52,39.52,5.33,10.22,97.35
2020-05-15 04:00:00,466.88,25.0,21.06,4.14,10.0,1,23.52,44.52,10.33,2.42,102.35
2020-05-15 04:05:00,466.88,25.0,20.96,4.29,10.0,1,28.52,49.52,4.65,3.38,107.35
2020-05-15 04:10:00,466.88,25.0,20.96,4.47,14.0,1,33.52,54.52,9.65,1.43,1.45
2020-05-15 04:15:00,466.88,25.0,20.96,4.57,24.8,1,38.52,59.52,14.65,6.43,1.95
2020-05-15 04:20:00,466.88,25.0,20.91,4.6,48.0,1,43.52,64.52,1.65,0.27,1.95
2020-05-15 04:25:00,466.88,25.0,20.84,4.76,87.81,1,48.52,69.52,6.65,2.8,0.45
2020-05-15 04:30:00,466.88,25.0,20.84,4.88,103.6,1,53.52,74.52,11.65,2.0,0.43
2020-05-15 04:35:00,466.88,25.0,20.84,5.08,124.02,1,58.52,79.52,16.65,1.03,0.1
2020-05-15 04:40:00,466.88,25.0,20.76,5.26,157.44,1,63.52,84.52,3.13,3.33,0.1
2020-05-15 04:45:00,466.88,25.0,20.74,5.36,237.6,1,68.52,89.52,8.13,1.72,0.6
2020-05-15 04:50:00,466.88,25.0,20.74,5.27,324.8,1,73.52,94.52,13.13,1.15,0.08
2020-05-15 04:55:00,466.88,25.0,20.74,5.31,316.45,1,78.52,99.52,18.13,1.53,0.08
2020-05-15 05:00:00,466.88,25.0,20.74,5.6,373.82,1,83.52,104.52,23.13,0.83,0.08
2020-05-15 05:05:00,466.88,25.0,20.74,5.68,441.47,1,88.52,109.52,28.13,1.02,0.08
2020-05-15 05:10:00,466.88,25.0,20.74,5.79,448.32,1,93.52,114.52,33.13,0.27,3.08
2020-05-15 05:15:00,466.88,24.6,20.82,5.98,438.66,1,98.52,2.45,3.12,0.12,0.57
2020-05-15 05:20:00,466.88,24.2,20.84,5.83,409.86,1,103.52,3.45,8.12,1.3,1.07
2020-05-15 05:25:00,466.88,24.0,20.9,5.86,388.03,1,108.52,8.45,2.1,0.25,0.57
2020-05-15 05:30:00,473.41,24.0,20.94,5.98,383.74,1,2.62,13.45,7.1,0.75,2.07
2020-05-15 05:35:00,473.41,24.0,20.96,5.74,376.13,1,1.6,18.45,0.43,1.0,0.07
2020-05-15 05:40:00,466.88,24.0,21.04,5.76,363.33,1,6.6,23.45,5.43,6.0,0.05
2020-05-15 05:45:00,466.88,24.0,21.06,5.99,356.16,1,11.6,28.45,0.42,1.25,5.05
2020-05-15 05:50:00,466.88,24.0,21.16,6.36,356.16,1,16.6,33.45,5.42,0.6,10.05
2020-05-15 05:55:00,482.82,23.2,21.16,6.34,356.16,1,0.58,0.25,10.42,2.47,15.05
2020-05-15 06:00:00,528.45,23.2,21.16,6.34,337.89,1,0.58,0.25,15.42,2.2,0.05
2020-05-15 06:05:00,587.26,23.6,21.22,6.59,304.61,1,1.58,0.25,2.58,0.75,0.05
2020-05-15 06:10:00,573.63,22.8,21.34,6.77,279.26,1,0.58,0.25,3.57,1.98,2.53
2020-05-15 06:15:00,529.92,22.6,21.36,6.84,274.08,1,5.58,0.23,8.57,2.65,7.53
2020-05-15 06:20:00,517.12,22.6,21.48,7.14,263.04,1,3.07,2.23,4.9,0.72,4.03
2020-05-15 06:25:00,513.92,21.8,21.52,7.34,254.98,1,8.07,0.23,1.07,0.85,3.03
2020-05-15 06:30:00,501.76,22.0,21.58,7.37,248.16,1,4.07,0.23,6.07,0.03,1.2
2020-05-15 06:35:00,506.24,21.6,21.62,7.59,235.39,1,1.07,0.22,1.22,0.87,1.18
2020-05-15 06:40:00,523.52,22.4,21.68,7.71,338.88,1,0.07,0.72,6.22,0.65,4.18
2020-05-15 06:45:00,502.66,21.4,21.56,7.81,327.04,1,1.05,1.72,1.22,0.18,4.18
2020-05-15 06:50:00,488.64,20.6,21.32,7.54,325.79,1,1.05,0.72,1.72,0.38,1.18
2020-05-15 06:55:00,480.96,20.8,21.24,7.96,266.62,1,6.05,2.55,6.72,3.25,1.68
2020-05-15 07:00:00,480.96,22.2,21.3,7.84,234.98,1,11.05,0.72,2.7,1.1,3.68
2020-05-15 07:05:00,480.96,21.6,21.34,7.52,211.01,1,16.05,0.2,7.7,0.02,1.67
2020-05-15 07:10:00,490.43,21.2,21.4,7.62,196.26,1,3.05,0.03,2.7,3.05,3.67
2020-05-15 07:15:00,492.8,20.6,21.39,7.76,194.08,1,8.05,0.03,1.7,3.22,8.67
2020-05-15 07:20:00,492.8,21.4,21.32,7.98,184.83,1,13.05,0.7,6.7,1.67,0.67
2020-05-15 07:25:00,492.8,21.6,21.32,7.79,183.46,1,18.05,0.53,11.7,0.63,2.67
2020-05-15 07:30:00,492.8,20.2,21.42,7.91,179.04,1,23.05,2.03,4.68,0.27,7.67
2020-05-15 07:35:00,481.92,20.0,21.26,8.03,169.58,1,4.03,2.02,4.68,1.15,0.15
2020-05-15 07:40:00,493.95,20.0,21.26,7.91,150.82,1,3.02,7.02,9.68,1.62,1.65
2020-05-15 07:45:00,496.96,20.2,21.26,8.01,172.46,1,8.02,1.02,14.68,1.12,0.15
2020-05-15 07:50:00,507.84,19.6,21.26,8.23,142.22,1,4.02,0.18,19.68,0.55,0.65
2020-05-15 07:55:00,507.84,19.8,21.36,8.26,140.19,1,9.02,0.0,4.67,0.87,2.15
2020-05-15 08:00:00,507.84,20.8,21.39,8.31,164.96,1,14.02,0.5,0.67,0.55,7.15
2020-05-15 08:05:00,507.84,21.2,21.58,8.67,153.04,1,19.02,0.67,3.17,2.32,4.13
2020-05-15 08:10:00,495.81,21.4,21.64,8.67,153.04,1,3.0,0.67,1.17,0.13,9.13
2020-05-15 08:15:00,480.96,21.6,21.7,8.76,140.0,1,4.0,0.67,6.17,0.22,2.63
2020-05-15 08:20:00,485.7,21.4,21.82,9.2,144.0,1,1.0,0.0,4.82,0.02,7.63
2020-05-15 08:25:00,492.8,21.6,21.86,8.96,118.61,1,6.0,0.15,1.82,3.43,0.78
2020-05-15 08:30:00,492.8,22.0,21.98,9.3,147.01,1,11.0,4.15,2.32,2.25,3.78
2020-05-15 08:35:00,485.12,21.8,22.1,9.58,157.42,1,2.98,2.15,3.32,1.15,0.28
2020-05-15 08:40:00,480.0,21.8,22.2,9.47,128.83,1,7.98,2.15,2.13,0.7,0.78
2020-05-15 08:45:00,480.0,22.0,22.44,9.95,82.2,1,12.98,7.15,1.3,0.5,0.28
2020-05-15 08:50:00,482.18,22.0,22.5,9.74,64.6,1,0.98,12.15,6.3,0.15,1.27
2020-05-15 08:55:00,500.35,22.0,22.5,9.32,71.0,1,3.98,17.15,11.3,1.53,1.27
2020-05-15 09:00:00,500.16,21.6,22.5,9.25,60.0,1,0.97,0.13,16.3,2.63,3.77
2020-05-15 09:05:00,489.92,21.4,22.56,9.18,58.0,1,5.97,1.13,2.13,7.63,8.77
2020-05-15 09:10:00,478.66,22.0,22.66,9.28,58.0,0,3.97,4.13,2.12,3.37,13.77
2020-05-15 09:15:00,473.02,22.0,22.7,9.48,69.8,0,0.97,9.13,7.12,0.12,2.25
2020-05-15 09:20:00,461.76,22.0,22.82,9.6,98.62,0,5.97,14.13,4.95,0.12,0.25
2020-05-15 09:25:00,461.76,21.8,22.82,9.56,87.4,0,10.97,0.28,9.95,0.35,0.25
2020-05-15 09:30:00,461.76,22.0,22.82,9.65,92.4,0,15.97,5.28,14.95,0.8,3.25
2020-05-15 09:35:00,461.76,22.0,22.82,10.07,73.4,0,20.97,10.28,19.95,0.17,2.75
2020-05-15 09:40:00,455.23,22.0,22.82,9.9,69.0,0,2.95,15.28,24.95,1.55,7.75
2020-05-15 09:45:00,453.25,22.0,22.82,9.86,69.0,0,0.95,20.28,29.95,0.53,12.75
2020-05-15 09:50:00,462.72,22.0,22.88,10.02,75.0,0,5.95,25.28,2.93,0.92,2.23
2020-05-15 09:55:00,462.72,22.0,22.92,10.12,79.0,0,10.95,30.28,7.93,0.9,7.23
2020-05-15 10:00:00,462.72,22.0,22.92,10.22,83.2,0,15.95,35.28,12.93,1.3,2.23
2020-05-15 10:05:00,462.72,22.0,22.92,10.12,96.21,0,20.95,40.28,17.93,0.35,1.23
2020-05-15 10:10:00,462.72,22.0,22.92,10.84,79.01,0,25.95,45.28,22.93,2.12,1.23
2020-05-15 10:15:00,462.72,22.0,22.92,10.58,86.41,0,30.95,50.28,27.93,0.58,0.22
2020-05-15 10:20:00,462.72,21.8,22.92,10.26,78.0,0,35.95,0.25,32.93,0.02,4.72
2020-05-15 10:25:00,462.72,22.0,22.92,10.12,69.2,0,40.95,5.25,37.93,4.12,3.38
2020-05-15 10:30:00,458.37,22.0,22.92,10.26,57.0,0,1.08,10.25,42.93,0.78,4.38
2020-05-15 10:35:00,451.84,21.8,22.92,10.5,65.8,0,6.08,1.25,47.93,1.77,0.88
2020-05-15 10:40:00,451.84,22.0,22.92,10.5,74.0,0,11.08,6.25,52.93,0.87,0.37
2020-05-15 10:45:00,451.84,21.8,22.92,10.48,62.0,1,16.08,0.23,57.93,0.2,5.37
2020-05-15 10:50:00,460.54,22.0,22.92,10.24,51.0,1,3.07,5.23,62.93,0.92,4.87
2020-05-15 10:55:00,462.72,22.0,22.92,10.24,43.0,1,8.07,10.23,67.93,0.17,3.87
2020-05-15 11:00:00,462.72,22.0,22.82,10.0,41.0,1,13.07,15.23,4.88,5.17,8.87
2020-05-15 11:05:00,460.54,22.2,22.78,9.74,30.0,1,0.07,0.22,1.88,1.3,4.37
2020-05-15 11:10:00,451.84,22.0,22.72,9.65,43.2,1,5.07,5.22,6.88,1.43,1.35
2020-05-15 11:15:00,464.96,22.4,22.8,9.83,206.98,1,4.05,0.22,3.88,0.62,3.35
2020-05-15 11:20:00,464.96,22.4,22.88,10.12,189.22,1,9.05,0.22,2.87,4.8,1.85
2020-05-15 11:25:00,464.96,22.2,22.96,10.31,198.05,1,14.05,0.22,1.03,3.02,0.85
2020-05-15 11:30:00,468.74,22.8,23.02,10.41,206.08,1,0.05,0.87,6.03,0.73,3.35
2020-05-15 11:35:00,483.84,23.2,23.02,10.55,192.96,1,5.05,3.87,11.03,1.33,4.35
2020-05-15 11:40:00,481.66,22.2,23.02,10.48,192.96,1,0.03,0.2,16.03,0.08,9.35
2020-05-15 11:45:00,472.96,22.8,23.02,10.58,187.78,1,5.03,0.2,21.03,0.02,1.33
2020-05-15 11:50:00,483.84,22.4,23.02,10.6,180.0,1,4.03,0.2,26.03,4.0,6.33
2020-05-15 11:55:00,483.84,22.2,23.02,10.55,175.58,1,9.03,1.18,31.03,1.22,1.83
2020-05-15 12:00:00,483.84,22.0,23.02,10.6,157.22,1,14.03,6.18,36.03,6.22,0.82
2020-05-15 12:05:00,483.84,22.0,23.02,10.46,120.82,1,19.03,11.18,41.03,0.52,1.32
2020-05-15 12:10:00,483.84,22.4,23.04,10.62,135.42,1,24.03,0.18,0.17,0.45,0.82
2020-05-15 12:15:00,502.66,22.4,23.12,10.58,180.06,1,1.02,1.18,5.17,2.58,3.32
2020-05-15 12:20:00,515.52,22.0,23.12,10.94,227.81,1,0.02,6.18,10.17,1.1,1.48
2020-05-15 12:25:00,491.84,22.0,23.12,11.15,160.4,1,5.02,11.18,15.17,2.98,0.47
2020-05-15 12:30:00,491.84,22.0,23.12,11.01,147.22,1,10.02,16.18,20.17,0.2,0.47
2020-05-15 12:35:00,491.84,22.0,23.19,11.22,195.82,1,15.02,21.18,2.82,3.4,0.97
2020-05-15 12:40:00,480.0,22.0,23.28,10.86,113.41,1,4.0,26.18,1.82,0.4,0.47
2020-05-15 12:45:00,480.0,22.2,23.34,10.43,95.44,1,9.0,0.17,6.82,0.6,0.47
2020-05-15 12:50:00,482.37,22.4,23.34,10.34,125.42,1,0.0,1.15,11.82,0.4,1.47
2020-05-15 12:55:00,491.84,22.2,23.34,10.26,146.0,1,5.0,0.15,16.82,0.35,4.95
2020-05-15 13:00:00,491.84,22.8,23.34,10.38,139.42,1,10.0,0.15,21.82,2.1,2.45
2020-05-15 13:05:00,498.37,23.2,23.34,10.26,122.24,1,2.98,2.15,26.82,3.75,3.45
2020-05-15 13:10:00,500.35,22.8,23.34,10.31,119.04,1,0.98,0.98,31.82,2.7,8.45
2020-05-15 13:15:00,478.08,22.0,23.34,10.41,119.04,1,3.98,4.98,36.82,1.85,13.45
2020-05-15 13:20:00,474.88,23.0,23.34,10.29,119.04,1,8.98,0.47,41.82,1.52,18.45
2020-05-15 13:25:00,491.46,23.2,23.34,10.43,119.04,1,0.97,3.47,46.82,0.98,23.45
2020-05-15 13:30:00,492.74,23.4,23.34,10.58,115.04,1,3.97,0.47,51.82,3.8,1.93
2020-05-15 13:35:00,489.92,23.4,23.34,10.53,109.04,1,8.97,1.47,56.82,1.15,6.93
2020-05-15 13:40:00,482.05,23.2,23.34,10.6,120.82,1,2.95,0.45,61.82,6.15,1.43
2020-05-15 13:45:00,476.8,23.0,23.34,10.67,122.8,1,7.95,4.45,66.82,0.32,0.42
2020-05-15 13:50:00,476.8,24.4,23.34,10.67,110.02,1,12.95,2.45,71.82,0.98,0.42
2020-05-15 13:55:00,495.49,25.0,23.34,10.58,91.04,1,2.95,7.45,76.82,1.45,3.92
2020-05-15 14:00:00,502.02,25.8,23.28,10.34,89.04,1,0.95,1.43,2.43,1.73,8.92
2020-05-15 14:05:00,522.24,27.0,23.24,10.29,89.04,1,0.93,6.43,7.43,1.78,13.92
2020-05-15 14:10:00,548.42,27.0,23.32,10.34,72.4,1,0.93,11.43,3.43,3.73,2.4
2020-05-15 14:15:00,596.86,27.0,23.34,10.17,68.0,1,2.93,16.43,8.43,2.35,7.4
2020-05-15 14:20:00,603.84,27.6,23.34,10.12,86.0,1,7.93,0.27,13.43,7.35,0.57
2020-05-15 14:25:00,603.84,28.2,23.36,10.07,81.02,1,12.93,2.25,0.42,0.23,2.07
2020-05-15 14:30:00,614.34,28.0,23.44,9.62,66.0,1,3.43,7.25,5.42,1.13,4.57
2020-05-15 14:35:00,625.66,27.0,23.44,9.71,81.62,1,3.42,4.25,10.42,0.25,1.55
2020-05-15 14:40:00,627.84,27.0,23.44,9.67,97.04,1,8.42,9.25,15.42,2.28,6.55
2020-05-15 14:45:00,618.82,27.0,23.44,9.62,84.43,1,2.42,14.25,20.42,0.77,0.55
2020-05-15 14:50:00,619.58,27.0,23.48,9.52,65.2,1,1.42,19.25,1.4,1.0,3.05
2020-05-15 14:55:00,629.76,27.0,23.54,9.42,63.0,1,6.42,24.25,6.4,1.45,8.05
2020-05-15 15:00:00,625.41,27.0,23.54,9.4,63.0,1,1.58,29.25,11.4,0.1,13.05
2020-05-15 15:05:00,611.58,27.0,23.54,9.58,63.0,1,2.57,34.25,16.4,0.88,18.05
2020-05-15 15:10:00,606.72,27.0,23.54,9.69,63.0,1,7.57,39.25,21.4,1.85,23.05
2020-05-15 15:15:00,612.86,27.0,23.54,9.78,63.0,1,2.57,44.25,26.4,1.22,28.05
2020-05-15 15:20:00,616.96,27.0,23.54,9.64,61.0,1,7.57,49.25,31.4,0.85,0.53
2020-05-15 15:25:00,612.48,27.0,23.54,9.54,53.0,1,1.57,54.25,36.4,5.85,5.53
2020-05-15 15:30:00,595.26,27.0,23.54,9.56,53.0,1,0.55,0.22,41.4,0.4,10.53
2020-05-15 15:35:00,564.22,25.0,23.54,9.58,53.0,1,1.55,3.22,46.4,0.38,15.53
2020-05-15 15:40:00,537.47,25.0,23.54,9.54,51.0,1,2.55,8.22,51.4,5.38,0.52
2020-05-15 15:45:00,529.92,25.8,23.64,9.44,43.0,1,7.55,0.22,3.03,0.7,5.52
2020-05-15 15:50:00,555.84,26.2,23.66,9.3,35.0,1,0.55,2.22,8.03,5.7,3.02
2020-05-15 15:55:00,592.64,25.8,23.66,9.25,33.0,1,2.55,1.2,13.03,1.47,8.02
2020-05-15 16:00:00,597.76,25.0,23.66,9.13,33.0,1,7.55,6.2,18.03,1.5,13.02
2020-05-15 16:05:00,597.76,25.4,23.76,9.04,27.0,1,12.55,0.37,4.03,0.65,2.0
2020-05-15 16:10:00,602.62,25.0,23.76,8.94,23.0,1,1.53,4.7,9.03,0.02,7.0
2020-05-15 16:15:00,598.4,25.0,23.76,8.82,23.0,1,2.53,9.7,14.03,0.3,12.0
2020-05-15 16:20:00,590.72,25.0,23.82,8.72,23.0,1,7.53,14.7,2.85,5.3,17.0
2020-05-15 16:25:00,594.82,25.0,23.86,8.72,23.0,1,1.52,19.7,7.85,10.3,22.0
2020-05-15 16:30:00,600.96,25.0,23.86,8.62,23.0,1,6.52,24.7,12.85,3.05,27.0
2020-05-15 16:35:00,600.96,25.0,23.86,8.58,23.0,1,11.52,29.7,17.85,2.18,32.0
2020-05-15 16:40:00,582.4,25.0,23.86,8.5,23.0,1,2.52,34.7,22.85,4.93,37.0
2020-05-15 16:45:00,577.92,25.0,23.86,8.38,23.0,1,0.5,39.7,27.85,4.77,42.0
2020-05-15 16:50:00,590.72,25.0,23.86,8.31,23.0,1,5.5,44.7,32.85,2.38,47.0
2020-05-15 16:55:00,595.2,25.4,23.86,8.26,23.0,1,1.5,0.0,37.85,7.38,52.0
2020-05-15 17:00:00,601.92,26.6,23.86,8.23,15.0,1,6.5,3.17,42.85,0.78,3.13
2020-05-15 17:05:00,601.92,27.0,23.86,8.18,13.0,1,11.5,8.17,47.85,1.47,8.13
2020-05-15 17:10:00,601.92,27.0,23.86,8.13,13.0,1,16.5,13.17,52.85,4.1,13.13
2020-05-15 17:15:00,601.92,27.0,23.86,8.26,13.0,1,21.5,18.17,57.85,4.67,18.13
2020-05-15 17:20:00,598.91,27.0,23.86,8.26,0.0,1,0.48,23.17,62.85,9.67,4.12
2020-05-15 17:25:00,586.88,27.0,23.86,8.23,0.0,1,5.48,28.17,67.85,0.62,9.12
2020-05-15 17:30:00,586.88,27.0,23.86,8.13,0.0,1,10.48,33.17,72.85,5.62,14.12
2020-05-15 17:35:00,586.88,27.0,23.86,8.13,0.0,1,15.48,38.17,77.85,10.62,19.12
2020-05-15 17:40:00,580.35,27.0,23.86,8.13,0.0,1,2.47,43.17,82.85,15.62,24.12
2020-05-15 17:45:00,586.18,27.0,23.86,8.06,0.0,1,2.47,48.17,87.85,2.65,29.12
2020-05-15 17:50:00,589.95,27.0,23.86,8.11,0.0,1,0.47,53.17,92.85,3.37,34.12
2020-05-15 17:55:00,577.92,27.0,23.84,8.13,0.0,1,5.47,58.17,0.78,8.37,39.12
2020-05-15 18:00:00,577.92,27.0,23.76,8.13,0.0,1,10.47,63.17,5.78,13.37,44.12
2020-05-15 18:05:00,586.62,27.0,23.76,8.13,0.0,1,3.45,68.17,10.78,18.37,49.12
2020-05-15 18:10:00,588.8,27.0,23.76,8.13,0.0,1,8.45,73.17,15.78,23.37,54.12
2020-05-15 18:15:00,588.8,27.0,23.76,8.13,0.0,1,13.45,78.17,20.78,28.37,59.12
2020-05-15 18:20:00,588.8,27.0,23.76,8.03,0.0,1,18.45,83.17,25.78,3.25,64.12
2020-05-15 18:25:00,588.8,27.0,23.76,8.01,0.0,1,23.45,88.17,30.78,8.25,69.12
2020-05-15 18:30:00,588.8,27.0,23.76,8.01,0.0,1,28.45,93.17,35.78,13.25,74.12
2020-05-15 18:35:00,576.77,27.0,23.76,7.94,0.0,1,3.43,98.17,40.78,2.78,79.12
2020-05-15 18:40:00,579.01,27.0,23.76,7.89,0.0,1,1.43,103.17,45.78,7.78,84.12
2020-05-15 18:45:00,586.88,27.0,23.76,7.76,0.0,1,6.43,108.17,50.78,4.32,89.12
2020-05-15 18:50:00,586.88,27.0,23.76,7.69,0.0,1,11.43,113.17,55.78,2.7,94.12
2020-05-15 18:55:00,570.5,27.0,23.76,7.64,0.0,1,1.42,118.17,60.78,7.7,99.12
2020-05-15 19:00:00,582.27,27.0,23.76,7.62,0.0,1,0.42,123.17,65.78,0.23,104.12
2020-05-15 19:05:00,601.92,27.0,23.76,7.52,0.0,1,5.42,128.17,70.78,5.23,109.12
2020-05-15 19:10:00,601.92,27.0,23.76,7.52,0.0,1,10.42,133.17,75.78,10.23,114.12
2020-05-15 19:15:00,584.58,27.0,23.76,7.44,0.0,1,0.4,138.17,80.78,2.05,119.12
2020-05-15 19:20:00,564.86,27.0,23.76,7.37,0.0,1,1.4,143.17,85.78,0.05,124.12
2020-05-15 19:25:00,566.02,27.0,23.76,7.27,0.0,1,2.4,148.17,90.78,5.05,129.12
2020-05-15 19:30:00,582.4,27.0,23.76,7.27,0.0,1,0.4,153.17,95.78,10.05,134.12
2020-05-15 19:35:00,592.96,27.0,23.76,7.17,0.0,1,5.4,158.17,100.78,3.57,139.12
2020-05-15 19:40:00,595.71,27.0,23.76,7.14,0.0,1,0.55,163.17,105.78,8.57,144.12
2020-05-15 19:45:00,606.72,27.0,23.76,7.07,0.0,1,5.55,168.17,110.78,2.73,149.12
2020-05-15 19:50:00,609.34,27.0,23.76,7.02,0.0,1,0.55,173.17,115.78,7.73,154.12
2020-05-15 19:55:00,619.84,27.0,23.84,6.89,0.0,1,5.55,178.17,3.87,4.6,159.12
2020-05-15 20:00:00,619.84,27.0,23.86,6.77,0.0,1,10.55,183.17,8.87,4.08,164.12
2020-05-15 20:05:00,613.06,27.0,23.86,6.77,0.0,1,0.53,188.17,13.87,9.08,169.12
2020-05-15 20:10:00,597.76,27.0,23.86,6.77,0.0,1,5.53,193.17,18.87,14.08,174.12
2020-05-15 20:15:00,589.44,25.8,23.97,6.77,0.0,1,0.53,2.37,3.02,19.08,179.12
2020-05-15 20:20:00,536.06,25.0,24.0,6.77,0.0,1,1.52,7.37,8.02,24.08,184.12
2020-05-15 20:25:00,497.02,25.0,23.9,6.77,0.0,1,1.52,12.37,0.35,29.08,189.12
2020-05-15 20:30:00,478.59,25.0,23.75,6.69,0.0,1,1.52,17.37,1.33,0.6,194.12
2020-05-15 20:35:00,470.72,25.0,23.62,6.74,0.0,1,6.52,22.37,2.33,0.33,199.12
2020-05-15 20:40:00,470.72,26.2,23.52,6.62,0.0,1,11.52,2.18,2.33,0.23,204.12
2020-05-15 20:45:00,470.72,27.0,23.32,6.52,0.0,1,16.52,7.18,1.5,5.23,209.12
2020-05-15 20:50:00,470.72,27.0,23.2,6.62,0.0,1,21.52,12.18,2.5,3.17,214.12
2020-05-15 20:55:00,463.04,27.0,23.12,6.64,0.0,1,2.5,17.18,1.48,8.17,219.12
2020-05-15 21:00:00,457.92,27.0,23.02,6.64,0.0,1,7.5,22.18,1.98,13.17,224.12
2020-05-15 21:05:00,466.62,27.0,22.96,6.64,0.0,1,3.5,27.18,6.98,18.17,229.12
2020-05-15 21:10:00,468.8,27.0,22.8,6.64,0.0,1,8.5,32.18,0.82,23.17,234.12
2020-05-15 21:15:00,459.33,27.0,22.72,6.52,0.0,1,3.5,37.18,5.82,4.52,239.12
2020-05-15 21:20:00,456.96,27.0,22.56,6.52,0.0,1,8.5,42.18,0.65,9.52,244.12
2020-05-15 21:25:00,456.96,27.0,22.42,6.39,0.0,1,13.5,47.18,2.47,4.98,249.12
2020-05-15 21:30:00,461.7,27.8,22.34,6.39,0.0,1,1.48,1.15,0.8,9.98,254.12
2020-05-15 21:35:00,495.1,29.0,22.08,6.39,0.0,1,0.47,6.15,3.8,14.98,259.12
2020-05-15 21:40:00,524.54,29.0,22.06,6.31,0.0,1,0.47,11.15,8.8,2.78,264.12
2020-05-15 21:45:00,586.3,29.4,22.06,6.26,0.0,1,1.63,1.13,13.8,7.78,269.12
2020-05-15 21:50:00,782.21,30.0,22.06,6.26,0.0,1,0.13,6.13,18.8,12.78,274.12
2020-05-15 21:55:00,770.05,30.0,22.06,6.14,0.0,1,1.13,11.13,23.8,4.98,279.12
2020-05-15 22:00:00,741.89,30.0,22.16,6.14,0.0,1,1.3,16.13,4.78,9.98,284.12
2020-05-15 22:05:00,716.67,29.8,22.16,6.14,0.0,1,2.28,2.12,9.78,14.98,289.12
2020-05-15 22:10:00,703.62,29.4,22.16,6.14,0.0,0,2.28,1.12,14.78,19.98,294.12
2020-05-15 22:15:00,699.52,29.2,22.16,6.14,0.0,0,7.28,2.12,19.78,24.98,299.12
2020-05-15 22:20:00,696.32,29.4,22.2,6.14,0.0,1,0.28,1.1,1.77,29.98,304.12
2020-05-15 22:25:00,650.11,29.0,22.26,6.14,0.0,1,0.93,6.1,6.77,34.98,309.12
2020-05-15 22:30:00,598.91,29.0,22.26,6.14,0.0,1,0.93,11.1,11.77,39.98,314.12
2020-05-15 22:35:00,570.75,29.0,22.26,6.14,0.0,1,0.93,16.1,16.77,44.98,319.12
2020-05-15 22:40:00,567.74,29.0,22.26,6.06,0.0,1,2.93,21.1,21.77,2.18,324.12
2020-05-15 22:45:00,603.58,29.0,22.36,6.01,0.0,1,0.93,26.1,4.75,7.18,329.12
2020-05-15 22:50:00,650.37,29.0,22.36,6.01,0.0,1,2.93,31.1,9.75,12.18,334.12
2020-05-15 22:55:00,668.8,29.2,22.36,6.01,0.0,0,0.92,0.08,14.75,17.18,339.12
2020-05-15 23:00:00,705.66,29.4,22.36,5.93,0.0,0,2.92,1.08,19.75,2.55,344.12
2020-05-15 23:05:00,713.47,29.2,22.36,5.88,0.0,0,0.92,0.08,24.75,7.55,349.12
2020-05-15 23:10:00,688.9,29.2,22.36,5.88,0.0,1,3.92,2.08,29.75,12.55,354.12
2020-05-15 23:15:00,684.54,29.0,22.36,5.88,0.0,1,0.92,7.08,34.75,17.55,359.12
2020-05-15 23:20:00,675.84,29.0,22.36,5.86,0.0,1,5.92,12.08,39.75,0.08,364.12
2020-05-15 23:25:00,678.4,29.0,22.36,5.76,0.0,1,0.9,17.08,44.75,5.08,369.12
2020-05-15 23:30:00,681.34,29.0,22.43,5.76,0.0,1,2.9,22.08,2.05,10.08,374.12
2020-05-15 23:35:00,676.48,29.0,22.48,5.76,0.0,0,7.9,27.08,7.05,15.08,379.12
2020-05-15 23:40:00,676.48,29.0,22.48,5.76,0.0,0,12.9,32.08,12.05,20.08,384.12
2020-05-15 23:45:00,683.78,29.0,22.48,5.76,0.0,0,2.9,37.08,17.05,25.08,389.12
2020-05-15 23:50:00,688.64,29.0,22.48,5.72,0.0,1,7.9,42.08,22.05,1.15,394.12
2020-05-15 23:55:00,675.33,29.0,22.48,5.66,0.0,1,3.88,47.08,27.05,6.15,399.12
2020-05-16 00:00:00,678.91,29.0,22.48,5.72,0.0,1,2.88,52.08,32.05,2.18,404.12
2020-05-16 00:05:00,693.76,29.0,22.48,5.76,0.0,1,0.88,57.08,37.05,7.18,409.12
2020-05-16 00:10:00,704.0,29.0,22.48,5.68,0.0,1,5.88,62.08,42.05,3.93,414.12
2020-05-16 00:15:00,704.0,29.0,22.56,5.66,0.0,1,10.88,67.08,3.53,8.93,419.12
2020-05-16 00:20:00,701.31,29.0,22.58,5.66,0.0,0,0.87,72.08,8.53,13.93,424.12
2020-05-16 00:25:00,678.14,29.0,22.58,5.61,0.0,1,1.03,77.08,13.53,1.1,429.12
2020-05-16 00:30:00,665.6,29.0,22.58,5.53,0.0,1,6.03,82.08,18.53,6.1,434.12
2020-05-16 00:35:00,683.52,29.0,22.58,5.53,0.0,1,4.03,87.08,23.53,11.1,439.12
2020-05-16 00:40:00,683.52,29.8,22.58,5.53,0.0,1,9.03,3.18,28.53,16.1,444.12
2020-05-16 00:45:00,683.52,30.0,22.58,5.53,0.0,1,14.03,8.18,33.53,21.1,449.12
2020-05-16 00:50:00,685.7,30.0,22.58,5.46,0.0,1,0.02,13.18,38.53,2.72,454.12
2020-05-16 00:55:00,694.4,30.0,22.58,5.41,0.0,1,5.02,18.18,43.53,7.72,459.12
2020-05-16 01:00:00,689.79,30.0,22.58,5.41,0.0,1,1.02,23.18,48.53,12.72,464.12
2020-05-16 01:05:00,682.88,29.8,22.62,5.41,0.0,1,6.02,1.17,1.5,17.72,469.12
2020-05-16 01:10:00,682.88,29.8,22.68,5.41,0.0,1,11.02,3.17,6.5,22.72,474.12
2020-05-16 01:15:00,682.88,29.8,22.68,5.41,0.0,1,16.02,0.17,11.5,27.72,479.12
2020-05-16 01:20:00,680.7,30.0,22.68,5.41,0.0,1,0.0,4.17,16.5,32.72,484.12
2020-05-16 01:25:00,674.94,30.0,22.68,5.33,0.0,1,0.98,9.17,21.5,2.75,489.12
2020-05-16 01:30:00,686.72,29.6,22.68,5.28,0.0,1,5.98,0.15,26.5,7.75,494.12
2020-05-16 01:35:00,686.72,30.0,22.68,5.2,0.0,0,10.98,5.15,31.5,3.85,499.12
2020-05-16 01:40:00,683.26,29.8,22.68,5.18,0.0,1,0.98,0.15,36.5,8.85,504.12
2020-05-16 01:45:00,642.56,29.6,22.68,5.18,0.0,1,0.98,0.15,41.5,13.85,509.12
2020-05-16 01:50:00,605.06,29.2,22.74,5.06,0.0,1,0.97,0.13,2.8,4.65,514.12
2020-05-16 01:55:00,595.52,29.4,22.78,5.06,0.0,1,0.97,1.13,7.8,9.65,519.12
2020-05-16 02:00:00,605.76,29.0,22.78,5.06,0.0,1,5.97,6.13,12.8,14.65,524.12
2020-05-16 02:05:00,590.72,29.0,22.78,5.06,0.0,0,4.97,11.13,17.8,19.65,529.12
2020-05-16 02:10:00,590.72,29.0,22.78,5.06,0.0,0,9.97,16.13,22.8,24.65,534.12
2020-05-16 02:15:00,590.72,29.0,22.78,4.96,0.0,0,14.97,21.13,27.8,3.18,539.12
2020-05-16 02:20:00,580.48,29.0,22.78,5.06,0.0,0,3.95,26.13,32.8,4.52,544.12
2020-05-16 02:25:00,597.18,30.0,22.78,5.06,0.0,1,2.95,4.12,37.8,9.52,549.12
2020-05-16 02:30:00,640.06,30.0,22.78,5.06,0.0,1,3.95,9.12,42.8,14.52,554.12
2020-05-16 02:35:00,643.84,30.0,22.78,5.06,0.0,1,8.95,14.12,47.8,19.52,559.12
2020-05-16 02:40:00,664.32,30.0,22.83,5.06,0.0,1,2.95,19.12,1.77,24.52,564.12
2020-05-16 02:45:00,649.02,29.4,22.9,5.06,0.0,1,0.93,2.1,6.77,29.52,569.12
2020-05-16 02:50:00,632.0,29.6,22.9,5.01,0.0,1,5.93,1.1,11.77,1.02,574.12
2020-05-16 02:55:00,648.96,29.2,22.9,4.85,0.0,1,2.93,3.1,16.77,2.0,579.12
2020-05-16 03:00:00,642.11,29.0,22.9,4.85,0.0,1,0.93,8.1,21.77,1.72,584.12
2020-05-16 03:05:00,637.25,29.0,22.92,4.93,0.0,1,2.93,13.1,0.08,6.72,589.12
2020-05-16 03:10:00,642.88,29.0,23.0,4.93,0.0,1,7.93,18.1,5.08,11.72,594.12
2020-05-16 03:15:00,665.86,29.0,23.0,4.96,0.0,1,2.92,23.1,10.08,0.23,599.12
2020-05-16 03:20:00,672.0,29.0,23.0,5.01,0.0,1,7.92,28.1,15.08,1.07,604.12
2020-05-16 03:25:00,663.55,29.0,22.96,4.8,0.0,1,2.92,33.1,1.07,4.8,609.12
2020-05-16 03:30:00,648.58,28.6,22.9,4.62,0.0,1,0.92,0.08,6.07,0.52,614.12
2020-05-16 03:35:00,671.1,28.4,22.9,4.04,0.0,1,3.92,2.07,11.07,1.05,619.12
2020-05-16 03:40:00,677.89,28.4,22.9,3.83,0.0,1,0.9,1.07,16.07,6.05,624.12
2020-05-16 03:45:00,797.82,29.0,22.9,3.83,0.0,0,0.23,6.07,21.07,11.05,629.12
2020-05-16 03:50:00,832.0,29.0,22.9,3.83,0.0,0,0.23,11.07,26.07,16.05,634.12
2020-05-16 03:55:00,804.35,29.0,22.9,3.83,0.0,0,1.23,16.07,31.07,21.05,639.12
2020-05-16 04:00:00,764.29,28.6,22.9,3.83,0.0,0,0.23,0.07,36.07,26.05,644.12
2020-05-16 04:05:00,714.88,29.0,22.9,3.83,0.0,1,2.23,5.07,41.07,31.05,649.12
2020-05-16 04:10:00,708.48,29.0,22.9,3.64,0.0,1,7.23,10.07,46.07,2.27,654.12
2020-05-16 04:15:00,675.2,28.8,22.9,3.62,0.0,1,0.38,1.05,51.07,2.48,659.12
2020-05-16 04:20:00,638.85,29.0,22.9,3.78,2.0,1,3.38,6.05,56.07,2.27,0.67
2020-05-16 04:25:00,657.6,28.2,22.9,4.01,16.6,1,1.38,3.05,61.07,2.25,2.67
2020-05-16 04:30:00,657.15,28.2,22.92,4.06,18.6,1,2.38,1.03,0.03,7.25,0.17
2020-05-16 04:35:00,655.87,28.0,23.0,4.09,10.6,1,2.37,6.03,5.03,0.6,0.17
2020-05-16 04:40:00,633.98,28.0,23.04,4.11,2.4,1,1.37,11.03,1.02,2.08,0.67
2020-05-16 04:45:00,615.49,28.0,23.1,4.03,12.6,1,0.37,16.03,6.02,0.13,0.15
2020-05-16 04:50:00,644.35,28.0,23.1,4.16,22.6,1,3.37,21.03,11.02,0.18,0.65
2020-05-16 04:55:00,642.37,27.4,23.2,4.19,31.8,1,1.37,1.37,4.02,4.58,0.65
2020-05-16 05:00:00,637.18,27.2,23.25,4.36,52.0,1,0.35,3.35,1.02,0.42,0.15
2020-05-16 05:05:00,589.82,27.0,23.39,4.74,34.0,1,1.35,8.35,2.52,1.43,0.15
2020-05-16 05:10:00,574.66,27.2,23.44,4.71,22.2,1,1.35,2.35,7.52,0.02,2.65
2020-05-16 05:15:00,583.81,27.0,23.54,4.52,36.4,1,0.35,7.35,4.5,1.82,0.13
2020-05-16 05:20:00,598.27,27.0,23.54,4.36,36.0,1,0.35,12.35,9.5,2.1,0.13
2020-05-16 05:25:00,590.72,27.0,23.54,4.36,109.19,1,5.35,17.35,14.5,1.33,0.13
2020-05-16 05:30:00,590.72,27.0,23.54,4.57,195.02,1,10.35,22.35,19.5,4.87,0.3
2020-05-16 05:35:00,585.22,27.0,23.66,4.69,298.05,1,1.5,2.17,4.83,1.53,0.3
2020-05-16 05:40:00,576.96,26.6,23.78,4.9,261.44,1,6.5,0.33,0.48,0.18,0.78
2020-05-16 05:45:00,576.96,26.6,23.88,4.88,85.22,1,11.5,1.33,5.48,0.92,0.78
2020-05-16 05:50:00,581.31,27.0,23.98,4.72,110.22,1,1.5,0.15,4.98,0.25,0.28
2020-05-16 05:55:00,587.84,25.8,23.98,4.85,97.82,1,6.5,0.32,9.98,1.25,0.28
2020-05-16 06:00:00,587.84,25.0,24.0,5.15,100.02,1,11.5,5.32,0.97,1.93,2.28
2020-05-16 06:05:00,587.84,25.0,24.08,5.36,88.62,1,16.5,10.32,5.97,2.2,0.28
2020-05-16 06:10:00,577.34,25.0,24.12,5.58,110.78,1,3.48,15.32,1.47,0.38,1.77
2020-05-16 06:15:00,574.72,25.0,24.2,5.77,128.24,1,8.48,20.32,0.47,1.77,0.77
2020-05-16 06:20:00,567.17,24.8,24.28,5.91,105.01,1,1.47,0.3,5.47,3.38,0.77
2020-05-16 06:25:00,555.84,24.2,24.35,5.7,175.62,1,6.47,3.3,2.8,2.22,0.77
2020-05-16 06:30:00,555.84,24.0,24.4,5.93,148.21,1,11.47,8.3,7.8,0.15,1.27
2020-05-16 06:35:00,555.84,24.0,24.5,5.83,209.6,1,16.47,13.3,4.78,2.75,0.25
2020-05-16 06:40:00,555.84,24.0,24.62,6.01,191.6,1,21.47,18.3,0.28,2.35,0.75
2020-05-16 06:45:00,555.84,23.4,24.7,6.01,175.99,1,26.47,2.62,5.28,7.35,0.25
2020-05-16 06:50:00,555.84,23.4,24.82,6.06,146.42,1,31.47,1.62,4.12,0.7,0.25
2020-05-16 06:55:00,565.57,23.0,24.9,6.04,194.06,1,3.62,4.62,3.1,0.17,0.25
2020-05-16 07:00:00,568.0,23.0,24.96,6.11,181.22,1,8.62,9.62,1.77,0.35,0.73
2020-05-16 07:05:00,568.0,23.0,25.02,6.16,139.43,1,13.62,14.62,6.77,1.13,0.23
2020-05-16 07:10:00,568.0,23.0,25.12,6.31,251.17,1,18.62,19.62,4.77,0.9,3.73
2020-05-16 07:15:00,568.0,23.0,25.22,6.62,256.42,1,23.62,24.62,3.25,0.22,0.23
2020-05-16 07:20:00,563.14,22.6,25.31,6.44,233.2,1,1.6,1.6,2.25,2.17,1.73
2020-05-16 07:25:00,563.9,22.0,25.38,6.39,291.58,1,1.6,6.6,0.75,7.17,0.38
2020-05-16 07:30:00,576.0,22.0,25.52,6.69,306.98,1,6.6,11.6,1.08,2.67,0.88
2020-05-16 07:35:00,566.27,22.0,25.58,6.77,317.25,1,3.58,16.6,6.08,7.67,0.38
2020-05-16 07:40:00,576.96,22.0,25.68,6.82,262.66,1,4.75,21.6,4.08,1.73,0.88
2020-05-16 07:45:00,576.96,22.0,25.76,7.09,250.4,1,9.75,26.6,3.23,0.28,0.88
2020-05-16 07:50:00,576.96,22.0,25.78,7.24,355.26,1,14.75,31.6,8.23,3.67,0.87
2020-05-16 07:55:00,572.86,21.8,25.92,7.42,321.63,1,1.75,0.07,4.23,0.28,1.37
2020-05-16 08:00:00,566.72,21.8,25.92,7.22,302.59,1,6.75,0.07,9.23,1.23,1.37
2020-05-16 08:05:00,566.72,21.6,25.82,7.34,303.04,1,11.75,0.57,4.23,0.25,0.37
2020-05-16 08:10:00,566.72,21.4,25.86,7.64,309.25,1,16.75,0.57,1.22,1.35,0.37
2020-05-16 08:15:00,553.92,22.2,26.0,7.69,314.4,1,4.73,0.9,3.05,0.13,0.35
2020-05-16 08:20:00,549.44,20.8,26.02,7.59,259.58,1,1.73,0.88,8.05,0.87,0.85
2020-05-16 08:25:00,529.79,20.8,26.02,7.76,157.22,1,0.72,0.88,13.05,5.87,0.35
2020-05-16 08:30:00,498.88,20.6,26.02,7.71,288.85,1,4.72,0.88,18.05,2.55,0.35
2020-05-16 08:35:00,498.88,21.0,26.04,7.81,289.86,1,9.72,0.38,0.03,0.53,0.85
2020-05-16 08:40:00,498.88,20.0,26.14,8.21,299.07,1,14.72,0.05,5.03,0.78,0.33
2020-05-16 08:45:00,498.88,21.2,26.14,8.16,303.42,1,19.72,0.37,10.03,0.83,1.33
2020-05-16 08:50:00,498.88,18.4,26.14,8.28,335.42,1,24.72,0.53,15.03,2.0,0.33
2020-05-16 08:55:00,498.88,20.2,26.14,8.33,321.41,1,29.72,0.03,20.03,0.18,0.83
2020-05-16 09:00:00,498.88,19.8,26.14,8.38,267.21,1,34.72,0.03,25.03,0.72,0.33
2020-05-16 09:05:00,503.23,18.4,26.04,8.16,165.41,1,1.7,0.03,2.52,0.22,0.82
2020-05-16 09:10:00,517.44,19.2,25.82,8.11,168.6,1,1.7,0.52,1.85,3.1,0.32
2020-05-16 09:15:00,528.96,18.8,25.66,8.11,208.65,1,6.7,0.02,3.85,0.02,0.32
2020-05-16 09:20:00,528.96,19.8,25.66,7.72,57.2,1,11.7,0.18,0.85,0.02,0.98
2020-05-16 09:25:00,528.96,20.4,25.74,7.34,84.62,1,16.7,1.18,5.85,1.62,0.48
2020-05-16 09:30:00,555.71,21.0,25.7,7.74,222.21,1,1.68,0.85,1.83,0.73,0.48
2020-05-16 09:35:00,564.67,20.8,25.64,8.26,203.26,1,1.68,0.17,6.83,1.73,0.47
2020-05-16 09:40:00,539.58,21.2,25.62,8.26,61.61,1,3.68,0.33,0.5,6.73,0.47
2020-05-16 09:45:00,520.38,20.2,25.52,8.23,124.45,1,1.67,0.33,5.5,0.33,0.47
2020-05-16 09:50:00,492.16,20.6,25.52,8.45,160.42,1,3.67,2.17,10.5,0.07,1.97
2020-05-16 09:55:00,480.77,19.2,25.42,8.47,109.62,1,3.67,1.67,0.48,1.05,1.97
2020-05-16 10:00:00,464.0,17.8,25.19,8.56,124.4,1,4.67,0.32,3.32,0.97,0.95
2020-05-16 10:05:00,455.81,17.6,25.12,8.58,40.0,1,3.67,1.15,1.32,0.98,1.45
2020-05-16 10:10:00,448.64,17.8,25.06,8.59,97.8,1,1.65,0.15,6.32,0.17,0.45
2020-05-16 10:15:00,440.96,18.0,25.06,8.86,108.4,1,6.65,1.15,11.32,0.57,3.45
2020-05-16 10:20:00,440.96,17.2,24.96,8.74,99.42,1,11.65,1.65,4.8,0.5,2.45
2020-05-16 10:25:00,440.96,17.4,24.96,9.18,95.04,1,16.65,0.63,9.8,0.5,7.45
2020-05-16 10:30:00,440.96,17.6,24.93,9.16,88.03,1,21.65,2.8,0.8,0.47,0.43
2020-05-16 10:35:00,440.96,16.0,24.76,8.98,64.42,1,26.65,4.8,2.8,3.07,0.43
2020-05-16 10:40:00,440.96,16.0,24.62,9.02,47.2,1,31.65,9.8,3.8,0.85,0.93
2020-05-16 10:45:00,436.86,16.0,24.54,8.91,75.62,1,1.63,14.8,2.78,0.62,0.43
2020-05-16 10:50:00,430.72,16.0,24.42,8.95,25.0,1,6.63,19.8,3.78,0.1,4.93
2020-05-16 10:55:00,430.72,16.0,24.4,8.88,66.82,1,11.63,24.8,8.78,0.0,0.92
2020-05-16 11:00:00,430.72,16.0,24.4,9.16,83.4,1,16.63,29.8,13.78,1.9,2.92
2020-05-16 11:05:00,430.72,15.8,24.4,9.42,58.0,1,21.63,1.78,18.78,0.25,0.92
2020-05-16 11:10:00,430.72,15.4,24.34,9.53,67.22,1,26.63,1.78,2.77,0.57,0.92
2020-05-16 11:15:00,439.68,15.0,24.3,9.67,62.41,1,3.62,4.77,7.77,1.38,0.08
2020-05-16 11:20:00,441.92,15.2,24.28,9.83,81.0,1,8.62,3.77,0.77,1.93,5.08
2020-05-16 11:25:00,441.92,15.0,24.14,9.67,70.2,1,13.62,8.77,1.27,1.75,0.57
2020-05-16 11:30:00,441.92,15.0,24.08,9.76,62.0,1,18.62,13.77,6.27,2.05,0.07
2020-05-16 11:35:00,441.92,15.0,24.06,9.93,70.0,1,23.62,18.77,0.25,1.97,5.07
2020-05-16 11:40:00,441.92,15.4,23.96,9.95,70.0,1,28.62,1.77,5.25,0.93,10.07
2020-05-16 11:45:00,441.92,14.8,23.96,9.83,70.0,1,33.62,2.92,10.25,2.15,15.07
2020-05-16 11:50:00,441.92,14.2,23.88,9.88,62.0,1,38.62,2.92,2.58,7.15,3.55
2020-05-16 11:55:00,441.92,15.2,23.84,9.93,60.0,1,43.62,0.58,0.58,1.57,8.55
2020-05-16 12:00:00,441.92,15.6,23.94,10.07,60.0,1,48.62,1.42,0.57,2.03,13.55
2020-05-16 12:05:00,441.92,17.0,24.06,9.98,60.0,1,53.62,0.92,1.57,1.37,18.55
2020-05-16 12:10:00,441.92,16.8,24.12,9.9,60.0,1,58.62,1.07,6.57,1.33,23.55
2020-05-16 12:15:00,441.92,16.6,24.24,10.17,50.0,1,63.62,0.57,4.07,1.05,4.53
2020-05-16 12:20:00,441.92,15.6,24.2,9.83,42.0,1,68.62,2.57,1.07,0.78,3.53
2020-05-16 12:25:00,441.92,15.6,24.14,9.69,40.0,1,73.62,1.57,6.07,1.83,8.53
2020-05-16 12:30:00,441.92,15.8,24.14,9.62,30.0,1,78.62,0.9,11.07,0.43,4.53
2020-05-16 12:35:00,441.92,17.2,24.14,9.37,36.6,1,83.62,0.05,16.07,1.38,2.53
2020-05-16 12:40:00,441.92,17.6,24.14,9.47,47.0,1,88.62,0.88,21.07,0.62,2.52
2020-05-16 12:45:00,450.62,18.6,24.2,9.35,51.0,1,3.72,0.05,2.05,0.15,7.52
2020-05-16 12:50:00,452.8,18.4,24.24,9.18,51.0,1,8.72,0.38,7.05,5.15,12.52
2020-05-16 12:55:00,452.8,18.6,24.24,9.35,51.0,1,13.72,0.55,12.05,2.32,17.52
2020-05-16 13:00:00,452.8,16.6,24.2,9.47,51.0,1,18.72,1.53,1.03,1.0,22.52
2020-05-16 13:05:00,452.8,16.8,24.14,9.37,41.0,1,23.72,1.53,6.03,0.52,4.02
2020-05-16 13:10:00,452.8,16.6,24.14,9.3,35.0,1,28.72,0.53,11.03,4.82,2.0
2020-05-16 13:15:00,452.8,17.2,24.14,9.3,29.0,1,33.72,0.53,16.03,9.82,0.67
2020-05-16 13:20:00,452.8,16.6,24.1,9.26,21.0,1,38.72,1.37,0.02,0.08,5.67
2020-05-16 13:25:00,448.45,18.4,23.96,8.72,21.0,1,1.68,1.02,5.02,4.58,10.67
2020-05-16 13:30:00,441.92,18.4,23.96,8.77,21.0,1,6.68,0.85,10.02,1.3,15.67
2020-05-16 13:35:00,441.92,18.4,24.02,8.74,21.0,1,11.68,1.52,2.02,0.92,20.67
2020-05-16 13:40:00,441.92,20.0,24.06,8.98,25.0,1,16.68,6.52,7.02,0.63,1.15
2020-05-16 13:45:00,454.72,20.0,24.06,9.18,31.0,1,4.68,0.02,12.02,0.38,6.15
2020-05-16 13:50:00,454.72,20.0,24.06,9.0,31.0,0,9.68,0.02,17.02,2.12,11.15
2020-05-16 13:55:00,454.72,18.8,24.06,9.0,31.0,0,14.68,0.5,22.02,1.05,16.15
2020-05-16 14:00:00,454.72,19.2,24.06,9.28,31.0,0,19.68,0.33,27.02,3.2,21.15
2020-05-16 14:05:00,454.72,20.0,24.06,9.18,31.0,0,24.68,4.5,32.02,4.33,26.15
2020-05-16 14:10:00,454.72,20.0,24.06,9.13,29.0,0,29.68,9.5,37.02,1.55,0.13
2020-05-16 14:15:00,454.72,20.0,24.06,9.18,21.0,0,34.68,14.5,42.02,1.05,5.13
2020-05-16 14:20:00,454.72,17.8,24.06,9.28,21.0,1,39.68,2.83,47.02,0.05,10.13
2020-05-16 14:25:00,441.92,18.0,23.96,9.18,21.0,1,3.67,0.5,4.98,5.05,15.13
2020-05-16 14:30:00,438.72,18.6,23.96,9.18,21.0,1,8.67,0.15,9.98,10.05,20.13
2020-05-16 14:35:00,438.72,18.8,23.96,9.23,21.0,1,13.67,0.65,14.98,1.52,25.13
2020-05-16 14:40:00,438.72,19.4,23.96,9.25,21.0,1,18.67,0.32,19.98,1.52,30.13
2020-05-16 14:45:00,438.72,18.6,23.96,9.25,21.0,1,23.67,0.82,24.98,1.12,35.13
2020-05-16 14:50:00,438.72,17.6,23.91,9.3,21.0,1,28.67,1.82,1.8,6.12,40.13
2020-05-16 14:55:00,448.96,17.0,23.8,9.16,21.0,1,4.63,0.3,1.3,0.28,45.13
2020-05-16 15:00:00,448.96,18.4,23.74,9.02,21.0,1,9.63,0.3,6.3,2.77,50.13
2020-05-16 15:05:00,448.96,19.6,23.74,9.06,21.0,1,14.63,0.13,11.3,7.77,55.13
2020-05-16 15:10:00,448.96,19.6,23.74,9.2,21.0,1,19.63,0.13,16.3,1.8,60.13
2020-05-16 15:15:00,448.96,18.4,23.74,9.23,21.0,1,24.63,0.12,21.3,2.47,65.13
2020-05-16 15:20:00,448.96,18.2,23.72,9.3,21.0,1,29.63,0.78,0.28,4.42,70.13
2020-05-16 15:25:00,459.84,18.0,23.62,9.3,21.0,1,4.62,4.78,5.28,9.42,75.13
2020-05-16 15:30:00,459.84,18.8,23.62,9.3,21.0,1,9.62,0.28,10.28,14.42,80.13
2020-05-16 15:35:00,459.84,17.4,23.62,9.49,21.0,1,14.62,1.12,15.28,2.38,85.13
2020-05-16 15:40:00,459.84,17.0,23.62,9.64,21.0,1,19.62,0.27,20.28,0.55,90.13
2020-05-16 15:45:00,445.76,16.4,23.52,9.64,21.0,1,4.6,0.27,4.27,5.55,95.13
2020-05-16 15:50:00,445.76,16.2,23.46,9.54,21.0,1,9.6,3.27,2.27,4.92,100.13
2020-05-16 15:55:00,445.76,17.0,23.42,9.52,21.0,1,14.6,1.27,7.27,0.45,105.13
2020-05-16 16:00:00,450.24,16.6,23.42,9.3,21.0,1,1.6,0.1,12.27,4.42,110.13
2020-05-16 16:05:00,456.96,17.8,23.42,9.3,21.0,1,6.6,2.1,17.27,9.42,115.13
2020-05-16 16:10:00,456.96,17.6,23.42,9.28,21.0,1,11.6,0.08,22.27,3.4,120.13
2020-05-16 16:15:00,456.96,17.8,23.42,9.18,21.0,1,16.6,3.08,27.27,4.43,125.13
2020-05-16 16:20:00,456.96,17.2,23.35,9.06,19.0,1,21.6,3.08,2.92,4.12,0.72
2020-05-16 16:25:00,456.96,17.0,23.2,8.98,11.0,1,26.6,8.08,3.07,3.03,5.72
2020-05-16 16:30:00,456.96,17.0,23.18,8.91,11.0,1,31.6,13.08,8.07,0.22,10.72
2020-05-16 16:35:00,452.86,17.0,23.18,8.94,11.0,1,1.57,18.08,13.07,0.03,15.72
2020-05-16 16:40:00,446.72,17.4,23.1,8.84,11.0,1,6.57,0.07,3.73,5.03,20.72
2020-05-16 16:45:00,446.72,17.4,23.08,8.84,11.0,1,11.57,0.07,8.73,10.03,25.72
2020-05-16 16:50:00,441.98,17.2,23.08,8.84,8.8,1,1.57,0.07,13.73,15.03,0.18
2020-05-16 16:55:00,434.88,17.2,23.08,8.79,0.0,1,6.57,3.05,18.73,1.28,5.18
2020-05-16 17:00:00,445.38,17.4,23.08,8.72,0.0,1,3.55,1.05,23.73,6.28,10.18
2020-05-16 17:05:00,448.0,17.6,23.08,8.79,0.0,1,8.55,1.05,28.73,1.9,15.18
2020-05-16 17:10:00,448.0,17.6,23.08,8.72,0.0,1,13.55,2.05,33.73,6.9,20.18
2020-05-16 17:15:00,454.53,18.4,23.14,8.72,0.0,1,2.72,1.38,2.7,11.9,25.18
2020-05-16 17:20:00,453.25,18.0,23.18,8.62,0.0,1,1.72,6.38,7.7,3.23,30.18
2020-05-16 17:25:00,444.8,18.4,23.18,8.6,0.0,1,6.72,0.03,12.7,8.23,35.18
2020-05-16 17:30:00,444.8,18.0,23.18,8.6,0.0,1,11.72,0.37,17.7,13.23,40.18
2020-05-16 17:35:00,444.8,18.4,23.18,8.6,0.0,1,16.72,1.87,22.7,18.23,45.18
2020-05-16 17:40:00,444.8,18.0,23.18,8.6,0.0,1,21.72,4.03,27.7,23.23,50.18
2020-05-16 17:45:00,444.8,18.8,23.1,8.5,0.0,1,26.72,0.87,3.68,4.52,55.18
2020-05-16 17:50:00,455.3,17.8,23.08,8.43,0.0,1,3.68,3.52,8.68,1.47,60.18
2020-05-16 17:55:00,453.44,17.6,23.04,8.38,0.0,1,1.68,1.52,1.68,6.47,65.18
2020-05-16 18:00:00,446.72,17.8,22.98,8.36,0.0,1,6.68,0.52,6.68,0.55,70.18
2020-05-16 18:05:00,446.72,18.4,22.98,8.28,0.0,1,11.68,1.85,11.68,3.22,75.18
2020-05-16 18:10:00,454.91,19.6,22.98,8.21,0.0,1,3.68,1.02,16.68,1.6,80.18
2020-05-16 18:15:00,456.96,18.4,22.98,8.13,0.0,1,8.68,0.83,21.68,6.6,85.18
2020-05-16 18:20:00,456.96,18.4,22.98,8.06,0.0,1,13.68,2.0,26.68,2.03,90.18
2020-05-16 18:25:00,462.08,19.2,22.98,8.01,0.0,1,1.67,2.0,31.68,7.03,95.18
2020-05-16 18:30:00,484.8,20.0,23.08,7.96,0.0,1,1.67,7.0,4.5,0.22,100.18
2020-05-16 18:35:00,531.52,20.0,23.12,7.89,0.0,1,2.67,12.0,1.15,5.22,105.18
2020-05-16 18:40:00,550.85,20.0,23.18,7.76,0.0,1,1.65,17.0,6.15,4.63,110.18
2020-05-16 18:45:00,530.94,20.0,23.18,7.69,0.0,1,3.65,22.0,11.15,2.95,115.18
2020-05-16 18:50:00,522.75,20.0,23.24,7.64,0.0,1,1.65,27.0,2.32,7.95,120.18
2020-05-16 18:55:00,510.53,20.0,23.28,7.64,0.0,1,1.65,32.0,7.32,12.95,125.18
2020-05-16 19:00:00,504.0,20.0,23.28,7.52,0.0,1,6.65,37.0,12.32,4.92,130.18
2020-05-16 19:05:00,504.0,20.0,23.28,7.52,0.0,1,11.65,42.0,17.32,9.92,135.18
2020-05-16 19:10:00,514.88,20.0,23.28,7.42,0.0,1,4.63,47.0,22.32,3.32,140.18
2020-05-16 19:15:00,523.58,20.0,23.28,7.39,0.0,1,3.63,52.0,27.32,8.32,145.18
2020-05-16 19:20:00,519.23,20.0,23.28,7.29,0.0,1,2.63,57.0,32.32,3.97,150.18
2020-05-16 19:25:00,514.88,20.0,23.28,7.27,0.0,1,7.63,62.0,37.32,8.97,155.18
2020-05-16 19:30:00,521.41,20.0,23.28,7.14,0.0,1,2.62,67.0,42.32,4.92,160.18
2020-05-16 19:35:00,525.76,19.2,23.28,7.14,0.0,1,7.62,0.12,47.32,9.92,165.18
2020-05-16 19:40:00,525.76,20.0,23.28,7.14,0.0,1,12.62,0.28,52.32,14.92,170.18
2020-05-16 19:45:00,525.76,19.2,23.28,7.02,0.0,1,17.62,0.28,57.32,4.15,175.18
2020-05-16 19:50:00,537.92,19.6,23.2,6.94,0.0,1,4.62,0.77,3.43,2.03,180.18
2020-05-16 19:55:00,552.0,20.0,23.18,6.89,0.0,1,4.62,0.27,8.43,7.03,185.18
2020-05-16 20:00:00,527.94,19.6,23.18,6.89,0.0,1,2.6,0.6,13.43,12.03,190.18
2020-05-16 20:05:00,521.92,20.0,23.18,6.87,0.0,1,7.6,1.1,18.43,0.75,195.18
2020-05-16 20:10:00,514.62,19.6,23.18,6.77,0.0,1,2.6,0.27,23.43,5.75,200.18
2020-05-16 20:15:00,518.21,18.4,23.16,6.74,0.0,1,1.6,3.77,0.92,0.43,205.18
2020-05-16 20:20:00,539.9,18.4,23.06,6.64,0.0,1,2.6,2.75,5.92,5.43,210.18
2020-05-16 20:25:00,523.97,18.0,22.96,6.64,0.0,1,2.58,7.75,4.92,10.43,215.18
2020-05-16 20:30:00,506.56,19.2,22.96,6.64,0.0,1,3.58,2.75,9.92,15.43,220.18
2020-05-16 20:35:00,504.0,20.0,22.96,6.59,0.0,1,8.58,7.75,14.92,1.7,225.18
2020-05-16 20:40:00,543.1,20.2,22.96,6.52,0.0,1,1.58,2.75,19.92,6.7,230.18
2020-05-16 20:45:00,590.53,20.6,23.01,6.52,0.0,1,3.58,2.73,1.9,11.7,235.18
2020-05-16 20:50:00,601.22,20.4,23.08,6.47,0.0,1,2.58,2.73,6.9,1.88,240.18
2020-05-16 20:55:00,612.86,20.2,23.08,6.39,0.0,1,2.57,2.73,11.9,6.88,245.18
2020-05-16 21:00:00,616.96,20.6,23.08,6.29,0.0,1,7.57,2.73,16.9,3.47,250.18
2020-05-16 21:05:00,632.0,20.8,23.16,6.26,0.0,1,4.57,1.73,3.9,8.47,255.18
2020-05-16 21:10:00,672.26,21.0,23.18,6.26,0.0,1,0.07,6.73,8.9,13.47,260.18
2020-05-16 21:15:00,700.8,21.0,23.18,6.19,0.0,1,5.07,11.73,13.9,2.15,265.18
2020-05-16 21:20:00,705.15,21.0,23.18,6.14,0.0,1,0.05,16.73,18.9,7.15,270.18
2020-05-16 21:25:00,679.94,20.8,23.18,6.14,0.0,1,1.05,0.72,23.9,12.15,275.18
2020-05-16 21:30:00,672.64,20.8,23.18,6.14,0.0,1,6.05,2.88,28.9,17.15,280.18
2020-05-16 21:35:00,682.5,21.0,23.18,6.14,0.0,1,0.05,7.88,33.9,22.15,285.18
2020-05-16 21:40:00,697.6,21.0,23.18,6.14,0.0,1,5.05,12.88,38.9,27.15,290.18
2020-05-16 21:45:00,697.6,21.0,23.18,6.14,0.0,1,10.05,17.88,43.9,32.15,295.18
2020-05-16 21:50:00,709.76,21.0,23.18,6.01,0.0,1,4.05,22.88,48.9,4.58,300.18
2020-05-16 21:55:00,700.03,21.0,23.18,6.01,0.0,1,3.03,27.88,53.9,9.58,305.18
2020-05-16 22:00:00,686.72,21.0,23.18,6.01,0.0,1,4.03,32.88,58.9,14.58,310.18
2020-05-16 22:05:00,682.37,21.0,23.18,6.01,0.0,0,1.03,37.88,63.9,19.58,315.18
2020-05-16 22:10:00,669.7,21.0,23.18,6.01,0.0,1,2.2,42.88,68.9,24.58,320.18
2020-05-16 22:15:00,658.05,21.6,23.18,6.01,0.0,1,1.18,1.52,73.9,29.58,325.18
2020-05-16 22:20:00,631.62,21.4,23.18,6.01,0.0,1,0.18,2.52,78.9,34.58,330.18
2020-05-16 22:25:00,603.2,21.0,23.18,6.06,0.0,1,2.18,7.52,83.9,1.87,335.18
2020-05-16 22:30:00,596.8,21.0,23.18,6.14,0.0,1,7.18,12.52,88.9,6.87,340.18
2020-05-16 22:35:00,608.0,21.0,23.18,6.14,0.0,1,4.18,17.52,93.9,11.87,345.18
2020-05-16 22:40:00,612.74,21.2,23.18,6.14,0.0,1,2.17,0.5,98.9,16.87,350.18
2020-05-16 22:45:00,617.02,21.6,23.18,6.14,0.0,0,0.17,2.5,103.9,21.87,355.18
2020-05-16 22:50:00,676.74,22.0,23.18,6.14,0.0,1,0.17,7.5,108.9,26.87,360.18
2020-05-16 22:55:00,741.38,22.0,23.18,6.14,0.0,1,0.17,12.5,113.9,31.87,365.18
2020-05-16 23:00:00,736.51,22.0,23.18,6.14,0.0,1,2.17,17.5,118.9,36.87,370.18
2020-05-16 23:05:00,692.74,22.0,23.18,6.14,0.0,1,0.15,22.5,123.9,41.87,375.18
2020-05-16 23:10:00,655.68,22.2,23.18,6.14,0.0,1,0.15,0.48,128.9,46.87,380.18
2020-05-16 23:15:00,677.76,22.0,23.18,6.14,0.0,1,5.15,5.48,133.9,51.87,385.18
2020-05-16 23:20:00,695.3,23.0,23.18,6.14,0.0,1,0.15,4.48,138.9,56.87,390.18
2020-05-16 23:25:00,721.28,23.0,23.18,6.14,0.0,0,0.15,9.48,143.9,61.87,395.18
2020-05-16 23:30:00,701.57,23.4,23.18,6.14,0.0,0,2.15,1.8,148.9,66.87,400.18
2020-05-16 23:35:00,705.79,23.8,23.18,6.14,0.0,0,2.13,2.8,153.9,71.87,405.18
2020-05-16 23:40:00,711.68,24.0,23.18,6.14,0.0,0,7.13,7.8,158.9,76.87,410.18
2020-05-16 23:45:00,711.68,24.2,23.18,6.14,0.0,0,12.13,0.8,163.9,81.87,415.18
2020-05-16 23:50:00,711.68,24.6,23.18,6.14,0.0,1,17.13,1.8,168.9,86.87,420.18
2020-05-16 23:55:00,711.68,25.0,23.18,6.14,0.0,1,22.13,6.8,173.9,91.87,425.18
2020-05-17 00:00:00,707.58,25.0,23.18,6.14,0.0,1,1.12,11.8,178.9,96.87,430.18
2020-05-17 00:05:00,701.44,24.8,23.18,6.14,0.0,1,6.12,0.78,183.9,101.87,435.18
2020-05-17 00:10:00,701.44,25.0,23.18,6.14,0.0,1,11.12,4.78,188.9,106.87,440.18
2020-05-17 00:15:00,701.44,24.8,23.18,6.14,0.0,0,16.12,1.78,193.9,111.87,445.18
2020-05-17 00:20:00,694.27,24.2,23.18,6.14,0.0,1,1.12,3.77,198.9,116.87,450.18
2020-05-17 00:25:00,658.56,24.8,23.18,6.14,0.0,1,4.1,3.77,203.9,121.87,455.18
2020-05-17 00:30:00,668.67,24.8,23.18,6.14,0.0,1,0.1,1.77,208.9,126.87,460.18
2020-05-17 00:35:00,669.18,24.0,23.18,6.14,0.0,1,0.1,4.77,213.9,131.87,465.18
2020-05-17 00:40:00,598.72,24.0,23.28,6.14,0.0,1,4.1,9.77,4.92,136.87,470.18
2020-05-17 00:45:00,596.54,24.0,23.28,6.14,0.0,1,0.1,14.77,9.92,141.87,475.18
2020-05-17 00:50:00,587.84,24.0,23.28,6.06,0.0,1,5.1,19.77,14.92,2.25,480.18
2020-05-17 00:55:00,607.04,24.8,23.28,6.01,0.0,1,0.08,3.75,19.92,7.25,485.18
2020-05-17 01:00:00,658.75,25.0,23.28,6.01,0.0,1,0.08,8.75,24.92,12.25,490.18
2020-05-17 01:05:00,650.24,24.4,23.28,6.01,0.0,1,0.08,0.75,29.92,17.25,495.18
2020-05-17 01:10:00,612.54,24.8,23.28,6.01,0.0,1,2.08,0.25,34.92,22.25,500.18
2020-05-17 01:15:00,633.09,25.0,23.28,6.01,0.0,1,1.08,4.58,39.92,27.25,505.18
2020-05-17 01:20:00,661.63,25.0,23.28,6.01,0.0,1,1.07,9.58,44.92,32.25,510.18
2020-05-17 01:25:00,649.92,25.0,23.28,6.01,0.0,1,6.07,14.58,49.92,37.25,515.18
2020-05-17 01:30:00,654.91,25.0,23.28,6.01,0.0,1,1.07,19.58,54.92,42.25,520.18
2020-05-17 01:35:00,657.41,25.0,23.28,6.01,0.0,0,1.07,24.58,59.92,47.25,525.18
2020-05-17 01:40:00,661.76,25.0,23.28,6.01,0.0,1,4.07,29.58,64.92,52.25,530.18
2020-05-17 01:45:00,638.72,24.8,23.28,6.01,0.0,1,4.05,0.22,69.92,57.25,535.18
2020-05-17 01:50:00,642.69,25.0,23.28,6.01,0.0,1,0.05,0.55,74.92,62.25,540.18
2020-05-17 01:55:00,655.81,25.4,23.28,6.01,0.0,1,0.05,0.55,79.92,67.25,545.18
2020-05-17 02:00:00,650.3,25.4,23.28,6.01,0.0,1,1.05,0.53,84.92,72.25,550.18
2020-05-17 02:05:00,646.72,25.8,23.28,6.01,0.0,0,4.05,0.7,89.92,77.25,555.18
2020-05-17 02:10:00,657.66,26.6,23.28,6.01,0.0,1,2.03,0.2,94.92,82.25,560.18
2020-05-17 02:15:00,637.82,25.8,23.28,6.01,0.0,1,1.03,0.7,99.92,87.25,565.18
2020-05-17 02:20:00,628.8,25.8,23.28,6.01,0.0,1,6.03,1.53,104.92,92.25,570.18
2020-05-17 02:25:00,633.66,27.0,23.28,6.01,0.0,1,1.03,6.53,109.92,97.25,575.18
2020-05-17 02:30:00,634.24,25.4,23.28,6.01,0.0,1,2.02,1.18,114.92,102.25,580.18
2020-05-17 02:35:00,613.76,25.8,23.28,6.01,0.0,1,4.02,1.52,119.92,107.25,585.18
2020-05-17 02:40:00,602.88,25.0,23.28,6.01,0.0,1,4.02,3.35,124.92,112.25,590.18
2020-05-17 02:45:00,592.83,25.0,23.28,6.01,0.0,1,0.02,8.35,129.92,117.25,595.18
2020-05-17 02:50:00,576.96,25.0,23.28,6.01,0.0,1,5.02,13.35,134.92,122.25,600.18
2020-05-17 02:55:00,566.72,25.0,23.28,6.01,0.0,1,4.02,18.35,139.92,127.25,605.18
2020-05-17 03:00:00,569.54,25.0,23.28,6.01,0.0,1,0.0,23.35,144.92,132.25,610.18
2020-05-17 03:05:00,580.8,25.0,23.28,6.01,0.0,1,5.0,28.35,149.92,137.25,615.18
2020-05-17 03:10:00,580.8,25.0,23.28,6.01,0.0,0,10.0,33.35,154.92,142.25,620.18
2020-05-17 03:15:00,571.84,25.0,23.28,6.01,0.0,0,0.33,38.35,159.92,147.25,625.18
2020-05-17 03:20:00,566.78,25.0,23.28,6.06,0.0,1,2.32,43.35,164.92,1.45,630.18
2020-05-17 03:25:00,590.02,25.0,23.28,6.14,0.0,1,0.32,48.35,169.92,6.45,635.18
2020-05-17 03:30:00,634.94,25.0,23.28,6.14,0.0,1,0.32,3.32,174.92,11.45,640.18
2020-05-17 03:35:00,656.0,25.4,23.28,6.26,0.0,1,5.32,0.8,179.92,4.75,645.18
2020-05-17 03:40:00,652.35,25.0,23.28,6.26,0.0,1,0.32,5.8,184.92,9.75,650.18
2020-05-17 03:45:00,623.36,25.0,23.28,6.26,0.0,0,2.32,10.8,189.92,14.75,655.18
2020-05-17 03:50:00,636.67,25.0,23.28,6.26,0.0,0,1.3,15.8,194.92,19.75,660.18
2020-05-17 03:55:00,644.86,25.0,23.28,6.26,0.0,0,1.3,20.8,199.92,24.75,665.18
2020-05-17 04:00:00,617.41,25.0,23.28,6.26,0.0,0,1.3,25.8,204.92,29.75,670.18
2020-05-17 04:05:00,600.7,25.0,23.28,6.26,0.0,0,0.3,30.8,209.92,34.75,675.18
2020-05-17 04:10:00,581.5,24.6,23.28,6.26,0.0,0,3.3,1.78,214.92,39.75,680.18
2020-05-17 04:15:00,585.98,24.6,23.28,6.42,0.0,0,2.3,1.78,219.92,0.47,685.18
2020-05-17 04:20:00,577.22,24.0,23.35,6.52,8.0,1,0.28,4.78,2.62,5.47,3.25
2020-05-17 04:25:00,556.29,24.0,23.4,6.57,10.0,1,0.28,9.78,7.62,0.55,8.25
2020-05-17 04:30:00,565.89,24.0,23.4,6.57,10.0,1,1.28,14.78,12.62,1.05,13.25
2020-05-17 04:35:00,574.72,24.0,23.4,6.47,41.4,1,6.28,19.78,17.62,0.67,0.25
2020-05-17 04:40:00,583.74,24.6,23.4,6.52,70.61,1,0.28,2.77,22.62,5.67,0.4
2020-05-17 04:45:00,602.62,24.0,23.48,6.59,87.42,1,0.27,4.77,3.6,2.45,1.9
2020-05-17 04:50:00,587.9,24.0,23.52,6.62,115.04,1,1.27,9.77,0.27,0.17,6.9
2020-05-17 04:55:00,564.03,24.0,23.64,6.72,111.04,1,2.27,14.77,1.25,1.48,1.4
2020-05-17 05:00:00,557.76,24.0,23.72,7.04,105.04,1,7.27,19.77,0.92,1.3,6.4
2020-05-17 05:05:00,546.75,23.6,23.86,7.12,105.04,1,3.27,0.58,1.92,0.1,11.4
2020-05-17 05:10:00,544.0,23.4,24.02,6.94,309.26,1,8.27,2.58,0.42,1.8,0.88
2020-05-17 05:15:00,540.35,23.0,24.2,6.94,443.84,1,0.25,7.58,1.42,0.63,1.88
2020-05-17 05:20:00,520.26,23.0,24.26,6.89,442.56,1,1.25,12.58,6.42,5.63,0.88
2020-05-17 05:25:00,512.0,23.0,24.34,6.97,417.34,1,6.25,17.58,3.4,0.4,3.38
2020-05-17 05:30:00,502.98,23.0,24.36,7.12,393.98,1,2.25,22.58,8.4,1.27,1.88
2020-05-17 05:35:00,482.37,22.8,24.43,7.27,327.64,1,3.23,0.57,2.4,6.27,0.37
2020-05-17 05:40:00,483.58,23.0,24.48,7.42,242.99,1,1.4,5.57,7.4,2.47,0.37
2020-05-17 05:45:00,500.35,23.0,24.48,7.34,285.65,1,3.4,10.57,12.4,2.1,0.37
2020-05-17 05:50:00,502.72,22.8,24.58,7.32,376.19,1,8.4,3.57,4.38,0.03,2.37
2020-05-17 05:55:00,499.52,22.4,24.6,7.49,261.22,1,0.4,2.55,0.38,3.25,0.87
2020-05-17 06:00:00,480.19,22.4,24.68,7.44,325.38,1,2.38,1.55,5.38,2.62,2.35
2020-05-17 06:05:00,475.84,22.0,24.7,7.54,331.39,1,7.38,4.55,0.88,0.9,0.85
2020-05-17 06:10:00,475.84,22.2,24.78,7.62,332.16,1,12.38,1.55,5.88,0.65,4.35
2020-05-17 06:15:00,475.84,22.0,24.8,7.76,261.46,1,17.38,6.55,0.87,0.6,0.35
2020-05-17 06:20:00,475.84,22.0,24.9,7.71,334.37,1,22.38,11.55,5.87,0.05,2.35
2020-05-17 06:25:00,475.84,22.0,24.96,7.94,313.41,1,27.38,16.55,2.7,0.03,0.33
2020-05-17 06:30:00,475.84,22.0,25.0,8.06,296.96,1,32.38,21.55,7.7,1.03,5.33
2020-05-17 06:35:00,475.84,22.0,25.1,8.16,291.78,1,37.38,26.55,4.7,0.65,1.5
2020-05-17 06:40:00,480.19,22.0,25.1,8.03,286.21,1,1.37,31.55,9.7,0.1,0.0
2020-05-17 06:45:00,491.58,21.8,25.2,8.11,298.59,1,1.37,1.02,4.18,0.32,2.0
2020-05-17 06:50:00,498.88,22.0,25.2,8.01,482.34,1,6.37,6.02,9.18,5.32,0.48
2020-05-17 06:55:00,496.45,21.0,25.2,8.31,1033.5,1,0.35,0.02,14.18,0.97,0.48
2020-05-17 07:00:00,478.46,20.8,25.12,8.21,1097.34,1,2.35,0.02,3.18,0.13,1.48
2020-05-17 07:05:00,477.31,20.0,25.1,8.36,1231.23,1,1.35,5.02,8.18,0.12,1.98
2020-05-17 07:10:00,483.84,20.4,25.1,8.77,1220.86,1,6.35,0.0,13.18,0.13,0.97
2020-05-17 07:15:00,483.84,21.4,25.2,8.77,1196.93,1,11.35,1.0,4.17,2.72,2.97
2020-05-17 07:20:00,474.37,21.8,25.32,8.79,1208.19,1,3.33,1.0,4.17,1.35,0.97
2020-05-17 07:25:00,472.0,21.8,25.38,8.67,1193.73,1,8.33,3.0,2.67,0.78,0.47
2020-05-17 07:30:00,472.0,21.8,25.52,8.89,1023.49,1,13.33,1.5,3.67,0.88,1.97
2020-05-17 07:35:00,472.0,21.4,25.54,9.04,1102.59,1,18.33,0.48,8.67,0.65,1.47
2020-05-17 07:40:00,476.74,21.4,25.54,9.56,1095.36,1,1.33,0.48,13.67,1.07,0.45
2020-05-17 07:45:00,480.64,19.6,25.54,9.42,953.34,1,0.33,0.32,18.67,0.08,1.45
2020-05-17 07:50:00,467.84,18.0,25.34,9.62,875.1,1,5.33,1.48,0.15,0.27,0.45
2020-05-17 07:55:00,456.96,19.6,25.06,9.04,192.96,1,4.48,0.82,3.15,1.38,4.95
2020-05-17 08:00:00,456.96,17.8,24.97,8.91,598.85,1,9.48,0.32,2.97,0.05,1.45
2020-05-17 08:05:00,445.76,19.8,24.94,9.44,1064.83,1,4.48,0.3,0.97,1.1,0.43
2020-05-17 08:10:00,445.76,19.6,25.02,9.64,748.38,1,9.48,0.3,5.97,0.83,0.43
2020-05-17 08:15:00,445.76,19.0,25.12,9.28,818.5,1,14.48,1.3,3.97,0.3,0.43
2020-05-17 08:20:00,439.23,19.4,25.14,9.46,1030.53,1,2.63,0.47,8.97,1.15,0.43
2020-05-17 08:25:00,434.88,18.4,25.11,9.71,718.4,0,7.63,1.97,0.97,1.3,0.43
2020-05-17 08:30:00,434.88,17.0,24.76,9.56,416.69,1,12.63,6.97,0.45,2.47,0.6
2020-05-17 08:35:00,434.88,18.8,24.6,9.32,240.82,1,17.63,0.28,5.45,3.28,0.08
2020-05-17 08:40:00,434.88,17.2,24.54,9.32,839.9,1,22.63,1.28,1.12,1.48,0.58
2020-05-17 08:45:00,434.88,17.8,24.32,9.46,923.26,1,27.63,0.78,4.62,0.43,3.08
2020-05-17 08:50:00,434.88,17.8,24.32,9.7,783.28,1,32.63,0.28,9.62,1.57,0.08
2020-05-17 08:55:00,445.76,17.4,24.28,9.64,896.26,0,4.62,0.45,1.62,4.62,1.58
2020-05-17 09:00:00,430.72,17.8,24.22,9.74,889.22,0,4.62,0.27,6.62,2.8,2.08
2020-05-17 09:05:00,439.68,18.8,24.34,9.69,557.66,0,3.62,0.27,4.6,0.32,0.07
2020-05-17 09:10:00,441.92,18.4,24.44,9.88,892.16,0,8.62,0.93,3.6,0.2,0.07
2020-05-17 09:15:00,441.92,18.8,24.52,10.26,311.78,0,13.62,0.43,2.1,0.4,0.07
2020-05-17 09:20:00,441.92,19.0,24.56,10.26,540.22,0,18.62,0.43,7.1,0.22,0.07
2020-05-17 09:25:00,441.92,19.2,24.66,10.29,328.48,0,23.62,0.25,4.08,1.37,0.07
2020-05-17 09:30:00,441.92,17.4,24.56,10.05,277.22,0,28.62,0.75,0.08,2.23,0.07
2020-05-17 09:35:00,441.92,17.0,24.4,9.98,203.62,0,33.62,4.75,0.92,0.95,0.05
2020-05-17 09:40:00,441.92,17.2,24.18,9.93,185.02,0,38.62,3.75,0.08,0.05,0.55
2020-05-17 09:45:00,441.92,17.8,23.88,9.81,206.4,1,43.62,1.92,0.9,2.82,0.05
2020-05-17 09:50:00,441.92,17.0,23.8,10.07,471.65,1,48.62,6.92,0.9,0.7,0.05
2020-05-17 09:55:00,441.92,17.0,24.16,10.1,325.98,1,53.62,11.92,0.4,2.88,0.05
2020-05-17 10:00:00,454.72,17.6,24.49,10.0,186.0,1,1.57,2.07,1.4,0.68,0.53
2020-05-17 10:05:00,495.36,18.0,24.68,9.88,348.0,1,2.57,7.07,0.9,5.68,1.03
2020-05-17 10:10:00,517.76,18.0,24.78,10.38,516.67,1,4.57,12.07,5.9,0.55,0.03
2020-05-17 10:15:00,510.59,17.2,24.92,10.46,498.24,1,1.57,3.05,4.88,0.53,2.03
2020-05-17 10:20:00,489.34,17.0,24.92,10.82,490.69,1,3.55,8.05,9.88,1.22,0.02
2020-05-17 10:25:00,480.32,17.0,24.92,10.74,480.96,1,1.55,13.05,14.88,1.43,5.02
2020-05-17 10:30:00,470.72,17.0,24.92,10.12,451.2,1,6.55,18.05,19.88,0.33,0.18
2020-05-17 10:35:00,470.72,17.6,24.96,9.9,449.41,1,11.55,2.03,1.37,1.9,0.18
2020-05-17 10:40:00,470.72,18.0,25.02,9.67,457.92,0,16.55,7.03,6.37,0.43,5.18
2020-05-17 10:45:00,452.8,18.0,25.02,9.93,458.05,0,4.53,12.03,11.37,0.03,0.17
2020-05-17 10:50:00,452.8,18.0,25.02,10.14,277.98,0,9.53,17.03,16.37,2.05,0.17
2020-05-17 10:55:00,452.8,18.0,25.02,9.86,143.39,0,14.53,22.03,21.37,2.55,1.67
2020-05-17 11:00:00,464.0,18.0,25.12,9.81,152.62,0,4.53,27.03,4.35,2.03,2.17
2020-05-17 11:05:00,464.0,18.0,25.12,9.66,207.2,0,9.53,32.03,9.35,0.22,0.67
2020-05-17 11:10:00,464.0,18.0,25.12,9.83,215.01,0,14.53,37.03,14.35,1.97,0.15
2020-05-17 11:15:00,461.95,18.0,25.12,9.9,196.96,0,0.52,42.03,19.35,1.68,5.15
2020-05-17 11:20:00,453.76,18.0,25.12,9.64,196.96,0,5.52,47.03,24.35,1.53,10.15
2020-05-17 11:25:00,453.76,18.0,25.12,9.28,187.36,1,10.52,52.03,29.35,0.57,0.15
2020-05-17 11:30:00,453.76,18.0,25.12,9.16,168.58,1,15.52,57.03,34.35,0.03,1.13
2020-05-17 11:35:00,453.76,18.0,25.12,9.04,200.42,1,20.52,62.03,39.35,0.6,0.63
2020-05-17 11:40:00,453.76,18.0,25.12,9.09,224.48,1,25.52,67.03,44.35,0.05,0.63
2020-05-17 11:45:00,453.76,18.0,25.12,9.37,277.63,1,30.52,72.03,49.35,0.9,0.63
2020-05-17 11:50:00,453.76,18.0,25.19,9.74,286.62,0,35.52,77.03,2.67,0.45,0.63
2020-05-17 11:55:00,453.76,18.0,25.24,10.48,284.77,0,40.52,82.03,7.67,1.83,3.13
2020-05-17 12:00:00,453.76,18.0,25.24,10.79,242.02,0,45.52,87.03,12.67,0.73,0.12
2020-05-17 12:05:00,453.76,17.8,25.24,10.53,214.43,0,50.52,0.98,17.67,0.15,0.12
2020-05-17 12:10:00,453.76,17.0,25.32,10.29,173.62,0,55.52,5.98,3.65,0.4,1.62
2020-05-17 12:15:00,453.76,17.0,25.34,10.62,224.0,0,60.52,10.98,8.65,0.05,1.12
2020-05-17 12:20:00,453.76,17.0,25.38,11.06,211.04,0,65.52,15.98,1.32,0.35,6.12
2020-05-17 12:25:00,453.76,17.0,25.44,11.32,248.64,0,70.52,20.98,6.32,0.38,0.78
2020-05-17 12:30:00,448.64,17.0,25.44,11.18,287.46,0,1.48,25.98,11.32,0.22,0.77
2020-05-17 12:35:00,440.96,17.0,25.44,11.2,265.86,0,6.48,30.98,16.32,0.37,0.27
2020-05-17 12:40:00,440.96,17.0,25.44,11.37,233.02,0,11.48,35.98,21.32,0.28,1.27
2020-05-17 12:45:00,440.96,17.0,25.44,10.72,86.81,0,16.48,40.98,26.32,1.9,0.27
2020-05-17 12:50:00,440.96,17.2,25.42,10.0,66.0,0,21.48,0.97,0.47,1.3,0.77
2020-05-17 12:55:00,440.96,18.0,25.34,8.84,97.62,0,26.48,5.97,5.47,1.22,0.27
2020-05-17 13:00:00,440.96,18.0,25.34,8.31,93.04,0,31.48,10.97,10.47,2.58,0.77
2020-05-17 13:05:00,440.96,20.0,25.34,7.96,179.63,0,36.48,4.95,15.47,0.47,0.75
2020-05-17 13:10:00,440.96,20.0,25.34,8.52,208.0,0,41.48,9.95,20.47,1.17,2.25
2020-05-17 13:15:00,440.96,20.0,25.34,7.89,114.82,0,46.48,14.95,25.47,0.68,0.25
2020-05-17 13:20:00,440.96,20.0,25.34,8.04,154.0,0,51.48,19.95,30.47,0.67,1.25
2020-05-17 13:25:00,440.96,20.0,25.34,8.54,140.0,0,56.48,24.95,35.47,0.92,3.25
2020-05-17 13:30:00,440.96,20.0,25.44,8.4,128.4,1,61.48,29.95,4.43,0.23,3.75
2020-05-17 13:35:00,440.96,20.6,25.46,9.18,121.0,1,66.48,1.93,0.43,0.23,2.23
2020-05-17 13:40:00,450.43,21.0,25.54,9.28,128.8,1,3.6,6.93,5.43,0.75,0.73
2020-05-17 13:45:00,458.05,21.0,25.54,8.9,123.04,1,1.6,11.93,10.43,0.42,4.23
2020-05-17 13:50:00,465.92,21.0,25.54,9.11,123.04,1,6.6,16.93,15.43,0.13,9.23
2020-05-17 13:55:00,465.92,21.0,25.54,10.05,123.04,0,11.6,21.93,20.43,0.3,14.23
2020-05-17 14:00:00,465.92,21.0,25.54,9.54,112.83,0,16.6,26.93,25.43,0.4,1.72
2020-05-17 14:05:00,465.92,21.0,25.46,9.78,119.04,0,21.6,31.93,3.42,0.0,6.72
2020-05-17 14:10:00,465.92,21.0,25.44,9.93,119.04,0,26.6,36.93,8.42,0.38,11.72
2020-05-17 14:15:00,456.96,21.0,25.44,10.26,102.62,0,3.58,41.93,13.42,0.08,1.72
2020-05-17 14:20:00,454.72,21.0,25.4,9.74,88.6,0,8.58,46.93,1.4,0.45,3.2
2020-05-17 14:25:00,454.72,21.0,25.34,10.03,73.6,1,13.58,51.93,6.4,0.45,1.37
2020-05-17 14:30:00,464.45,21.0,25.34,8.98,58.0,1,3.57,56.93,11.4,1.23,6.37
2020-05-17 14:35:00,466.88,21.0,25.28,8.38,58.0,1,8.57,61.93,2.38,2.15,11.37
2020-05-17 14:40:00,466.88,21.0,25.24,8.13,50.0,1,13.57,66.93,7.38,4.95,3.37
2020-05-17 14:45:00,466.88,21.0,25.24,8.16,48.0,1,18.57,71.93,12.38,0.15,8.37
2020-05-17 14:50:00,466.88,21.0,25.24,7.86,42.0,1,23.57,76.93,17.38,0.63,2.85
2020-05-17 14:55:00,466.88,21.0,25.2,7.49,38.0,1,28.57,81.93,1.7,0.28,7.85
2020-05-17 15:00:00,466.88,21.2,25.14,7.34,38.0,1,33.57,0.53,6.7,1.63,12.85
2020-05-17 15:05:00,458.18,22.0,25.04,7.19,30.0,1,3.55,4.53,3.7,0.22,3.35
2020-05-17 15:10:00,456.0,22.0,25.02,7.14,28.0,1,8.55,9.53,8.7,0.47,8.35
2020-05-17 15:15:00,456.0,22.0,24.98,6.64,28.0,1,13.55,14.53,1.87,0.85,13.35
2020-05-17 15:20:00,456.0,22.0,24.92,6.47,28.0,0,18.55,19.53,6.87,0.07,18.35
2020-05-17 15:25:00,456.0,22.0,24.92,5.93,28.0,0,23.55,24.53,11.87,0.42,23.35
2020-05-17 15:30:00,456.0,22.0,24.92,5.78,28.0,0,28.55,29.53,16.87,0.4,28.35
2020-05-17 15:35:00,456.0,22.0,24.92,5.88,28.0,0,33.55,34.53,21.87,5.4,33.35
2020-05-17 15:40:00,451.9,22.0,24.92,5.98,22.0,0,1.52,39.53,26.87,3.48,2.32
2020-05-17 15:45:00,445.76,22.2,24.92,6.04,3.6,0,6.52,0.52,31.87,0.03,3.32
2020-05-17 15:50:00,456.96,23.0,24.92,5.17,0.0,0,4.52,5.52,36.87,0.33,8.32
2020-05-17 15:55:00,456.96,23.0,24.92,4.78,0.0,0,9.52,10.52,41.87,0.18,13.32
2020-05-17 16:00:00,456.96,23.0,24.92,4.62,0.0,0,14.52,15.52,46.87,0.4,18.32
2020-05-17 16:05:00,456.96,23.0,24.92,4.81,0.0,0,19.52,20.52,51.87,0.52,23.32
2020-05-17 16:10:00,456.96,23.0,24.92,4.74,16.8,0,24.52,25.52,56.87,0.53,0.3
2020-05-17 16:15:00,456.96,23.0,24.94,5.06,40.2,0,29.52,30.52,0.83,0.65,0.97
2020-05-17 16:20:00,456.96,23.0,25.02,5.26,84.21,0,34.52,35.52,5.83,3.58,1.47
2020-05-17 16:25:00,456.96,23.0,25.02,5.2,92.0,0,39.52,40.52,10.83,0.98,1.47
2020-05-17 16:30:00,456.96,23.0,25.02,5.48,73.2,0,44.52,45.52,15.83,2.72,1.95
2020-05-17 16:35:00,456.96,23.0,25.02,5.43,52.8,0,49.52,50.52,20.83,3.03,0.95
2020-05-17 16:40:00,456.96,23.0,25.02,5.41,42.0,0,54.52,55.52,25.83,8.03,0.45
2020-05-17 16:45:00,456.96,23.0,25.02,5.51,34.0,1,59.52,60.52,30.83,3.57,5.45
2020-05-17 16:50:00,456.96,23.0,25.02,5.74,34.0,1,64.52,65.52,35.83,3.12,10.45
2020-05-17 16:55:00,456.96,23.0,25.02,5.76,26.0,1,69.52,70.52,40.83,8.12,3.95
2020-05-17 17:00:00,456.96,23.0,25.02,5.81,24.0,1,74.52,75.52,45.83,1.15,8.95
2020-05-17 17:05:00,456.96,23.0,24.98,5.88,24.0,1,79.52,80.52,1.8,6.15,13.95
2020-05-17 17:10:00,456.96,23.0,24.92,5.88,24.0,0,84.52,85.52,6.8,11.15,18.95
2020-05-17 17:15:00,456.96,23.2,24.92,5.93,24.0,0,89.52,0.63,11.8,1.13,23.95
2020-05-17 17:20:00,456.96,23.4,24.92,6.01,22.0,0,94.52,1.63,16.8,6.13,0.43
2020-05-17 17:25:00,456.96,24.0,24.92,6.01,14.0,0,99.52,6.63,21.8,11.13,5.43
2020-05-17 17:30:00,456.96,24.0,24.82,5.72,14.0,0,104.52,11.63,4.95,2.45,10.43
2020-05-17 17:35:00,456.96,24.0,24.82,5.61,14.0,1,109.52,16.63,9.95,1.02,15.43
2020-05-17 17:40:00,456.96,24.0,24.82,5.53,2.8,1,114.52,21.63,14.95,6.02,3.42
2020-05-17 17:45:00,468.93,24.4,24.82,5.58,0.0,1,1.45,1.78,19.95,2.18,8.42
2020-05-17 17:50:00,500.67,24.8,24.82,5.41,0.0,1,2.45,2.77,24.95,4.1,13.42
2020-05-17 17:55:00,523.84,25.0,24.82,5.31,0.0,1,4.45,7.77,29.95,0.05,18.42
2020-05-17 18:00:00,543.36,25.0,24.82,5.26,0.0,1,1.43,12.77,34.95,3.85,23.42
2020-05-17 18:05:00,559.49,25.0,24.82,5.28,0.0,1,2.27,17.77,39.95,8.85,28.42
2020-05-17 18:10:00,563.84,25.0,24.9,5.24,0.0,1,7.27,22.77,3.93,1.07,33.42
2020-05-17 18:15:00,563.84,24.2,24.9,5.2,0.0,1,12.27,0.75,0.92,2.15,38.42
2020-05-17 18:20:00,537.66,23.8,24.29,5.29,0.0,1,0.27,3.75,0.58,1.0,43.42
2020-05-17 18:25:00,505.86,24.0,23.62,5.13,0.0,1,2.25,8.75,1.92,2.43,48.42
2020-05-17 18:30:00,490.37,24.4,23.21,5.06,0.0,1,3.25,0.75,3.58,7.43,53.42
2020-05-17 18:35:00,488.0,24.4,23.1,5.06,0.0,1,8.25,2.75,3.92,12.43,58.42
2020-05-17 18:40:00,479.04,24.0,23.08,5.13,0.0,1,3.25,7.75,8.92,2.45,63.42
2020-05-17 18:45:00,476.8,24.4,22.98,5.22,0.0,1,8.25,0.73,4.9,1.03,68.42
2020-05-17 18:50:00,476.8,24.6,23.04,5.33,0.0,1,13.25,0.73,2.9,1.08,73.42
2020-05-17 18:55:00,476.8,24.0,23.2,5.41,0.0,1,18.25,5.73,4.9,6.08,78.42
2020-05-17 19:00:00,476.8,24.0,23.34,5.36,0.0,1,23.25,10.73,4.9,1.97,83.42
2020-05-17 19:05:00,476.8,24.2,23.42,5.28,0.0,1,28.25,3.73,3.9,6.97,88.42
2020-05-17 19:10:00,476.8,24.0,23.44,5.28,0.0,0,33.25,8.73,8.9,11.97,93.42
2020-05-17 19:15:00,476.8,24.2,23.48,5.22,0.0,0,38.25,3.72,1.55,1.75,98.42
2020-05-17 19:20:00,467.33,24.2,23.54,5.16,0.0,0,3.23,0.72,6.55,0.55,103.42
2020-05-17 19:25:00,469.7,24.2,23.54,5.06,0.0,0,1.22,2.72,11.55,5.55,108.42
2020-05-17 19:30:00,476.8,24.0,23.54,5.06,0.0,0,6.22,7.72,16.55,10.55,113.42
2020-05-17 19:35:00,476.8,24.0,23.54,5.06,0.0,0,11.22,12.72,21.55,15.55,118.42
2020-05-17 19:40:00,476.8,23.8,23.54,5.06,0.0,0,16.22,0.7,26.55,20.55,123.42
2020-05-17 19:45:00,476.8,24.0,23.54,5.06,0.0,0,21.22,4.7,31.55,25.55,128.42
2020-05-17 19:50:00,476.8,24.0,23.54,5.06,0.0,0,26.22,9.7,36.55,30.55,133.42
2020-05-17 19:55:00,476.8,24.0,22.79,4.93,0.0,1,31.22,0.7,0.03,4.28,138.42
2020-05-17 20:00:00,476.8,26.6,21.46,4.9,0.0,1,36.22,3.2,0.87,0.5,143.42
2020-05-17 20:05:00,476.8,29.0,20.54,4.78,8.8,1,41.22,1.87,1.2,0.43,1.5
2020-05-17 20:10:00,491.65,32.2,20.68,4.93,22.0,1,0.2,0.37,0.35,4.92,6.5
2020-05-17 20:15:00,542.53,31.0,21.21,4.88,22.0,1,2.2,5.37,0.85,1.45,11.5
2020-05-17 20:20:00,552.0,30.0,21.62,4.8,22.0,1,7.2,4.52,1.85,6.45,16.5
2020-05-17 20:25:00,557.12,30.0,21.88,4.72,22.0,1,1.18,9.52,0.18,3.7,21.5
2020-05-17 20:30:00,594.56,30.0,22.02,4.62,22.0,1,1.18,14.52,1.85,2.63,26.5
2020-05-17 20:35:00,630.66,29.6,22.14,4.62,22.0,1,3.18,0.68,2.85,1.98,31.5
2020-05-17 20:40:00,634.56,29.0,22.3,4.7,0.0,1,2.18,5.68,0.17,6.98,4.65
2020-05-17 20:45:00,609.6,31.0,22.4,4.57,0.0,1,1.17,1.0,5.17,4.77,9.65
2020-05-17 20:50:00,596.8,31.4,22.4,4.57,0.0,1,6.17,1.5,10.17,9.77,14.65
2020-05-17 20:55:00,626.43,31.4,22.4,4.52,0.0,1,1.17,3.17,15.17,1.07,19.65
2020-05-17 21:00:00,631.81,30.0,22.5,4.57,0.0,1,0.33,4.17,4.82,4.1,24.65
2020-05-17 21:05:00,614.4,30.0,22.5,4.49,0.0,1,2.33,9.17,9.82,2.65,29.65
2020-05-17 21:10:00,599.04,29.2,22.5,4.44,0.0,1,1.33,2.48,14.82,7.65,34.65
2020-05-17 21:15:00,572.35,29.0,22.58,4.34,0.0,1,2.32,7.48,3.82,0.57,39.65
2020-05-17 21:20:00,555.2,29.0,22.6,4.19,0.0,1,3.32,12.48,8.82,5.57,44.65
2020-05-17 21:25:00,556.74,29.0,22.6,4.19,0.0,1,1.32,17.48,13.82,10.57,49.65
2020-05-17 21:30:00,563.84,29.0,22.66,4.21,0.0,0,6.32,22.48,2.3,0.72,54.65
2020-05-17 21:35:00,570.24,29.0,22.7,4.31,0.0,0,1.32,27.48,7.3,5.72,59.65
2020-05-17 21:40:00,587.14,29.0,22.7,4.31,0.0,0,2.3,32.48,12.3,10.72,64.65
2020-05-17 21:45:00,588.8,28.8,22.7,4.31,0.0,1,0.3,3.47,17.3,15.72,69.65
2020-05-17 21:50:00,600.96,29.0,22.7,4.19,0.0,1,0.3,8.47,22.3,4.7,74.65
2020-05-17 21:55:00,654.85,29.0,22.7,4.14,0.0,1,3.97,13.47,27.3,2.15,79.65
2020-05-17 22:00:00,636.8,28.6,22.7,4.19,0.0,1,1.97,1.45,32.3,7.15,84.65
2020-05-17 22:05:00,640.06,29.0,22.72,4.19,0.0,1,0.97,6.45,0.28,12.15,89.65
2020-05-17 22:10:00,650.37,29.0,22.82,4.24,0.0,1,3.97,11.45,5.28,1.35,94.65
2020-05-17 22:15:00,699.65,29.0,22.82,4.31,0.0,1,0.95,16.45,10.28,6.35,99.65
2020-05-17 22:20:00,745.6,29.0,22.82,4.19,0.0,1,3.95,21.45,15.28,4.88,104.65
2020-05-17 22:25:00,748.8,29.0,22.82,4.24,0.0,1,8.95,26.45,20.28,1.0,109.65
2020-05-17 22:30:00,748.8,29.0,22.82,4.24,0.0,0,13.95,31.45,25.28,2.43,114.65
2020-05-17 22:35:00,748.8,29.0,22.82,4.31,0.0,0,18.95,36.45,30.28,4.98,119.65
2020-05-17 22:40:00,753.15,29.0,22.82,4.31,0.0,0,1.95,41.45,35.28,9.98,124.65
2020-05-17 22:45:00,754.56,29.0,22.82,4.19,0.0,0,1.93,46.45,40.28,4.3,129.65
2020-05-17 22:50:00,736.64,29.0,22.82,4.19,0.0,0,4.93,51.45,45.28,9.3,134.65
2020-05-17 22:55:00,720.0,29.0,22.92,4.19,0.0,0,4.93,56.45,4.43,14.3,139.65
2020-05-17 23:00:00,720.0,29.0,22.92,4.19,0.0,0,9.93,61.45,9.43,19.3,144.65
2020-05-17 23:05:00,732.8,29.0,22.92,4.16,0.0,0,4.93,66.45,14.43,0.12,149.65
2020-05-17 23:10:00,722.82,29.2,22.92,4.06,0.0,1,0.92,3.42,19.43,5.12,154.65
2020-05-17 23:15:00,664.26,28.6,22.92,3.93,0.0,1,0.75,1.42,24.43,4.52,159.65
2020-05-17 23:20:00,602.18,28.0,22.92,3.89,0.0,1,2.75,6.42,29.43,1.17,164.65
2020-05-17 23:25:00,582.59,28.6,22.92,3.83,0.0,1,2.75,0.4,34.43,6.17,169.65
2020-05-17 23:30:00,606.85,28.2,22.98,3.85,0.0,1,0.75,3.4,2.4,0.22,174.65
2020-05-17 23:35:00,602.88,28.4,23.02,3.98,0.0,1,5.75,1.4,7.4,1.25,179.65
2020-05-17 23:40:00,602.88,28.8,23.02,4.03,0.0,1,10.75,3.4,12.4,0.3,184.65
2020-05-17 23:45:00,620.74,29.0,23.02,3.93,0.0,1,0.73,8.4,17.4,5.3,189.65
2020-05-17 23:50:00,627.97,28.4,23.02,3.85,0.0,1,0.73,2.4,22.4,3.25,194.65
2020-05-17 23:55:00,598.66,29.0,23.02,3.83,0.0,1,0.73,4.38,27.4,8.25,199.65
2020-05-18 00:00:00,632.7,29.0,23.02,3.83,0.0,1,2.72,9.38,32.4,13.25,204.65
2020-05-18 00:05:00,678.08,29.0,23.02,3.75,0.0,1,0.72,14.38,37.4,2.13,209.65
2020-05-18 00:10:00,710.53,29.0,23.02,3.7,0.0,1,0.72,19.38,42.4,7.13,214.65
2020-05-18 00:15:00,674.56,29.0,23.02,3.73,0.0,0,4.72,24.38,47.4,0.4,219.65
2020-05-18 00:20:00,686.85,29.0,23.02,3.83,0.0,0,3.72,29.38,52.4,5.4,224.65
2020-05-18 00:25:00,679.17,28.6,23.11,3.83,0.0,1,3.7,0.87,0.03,10.4,229.65
2020-05-18 00:30:00,614.14,27.0,23.28,3.83,0.0,1,0.2,5.87,0.03,15.4,234.65
2020-05-18 00:35:00,524.22,26.6,23.38,3.83,0.0,1,0.2,0.7,5.03,20.4,239.65
2020-05-18 00:40:00,495.62,25.0,23.38,3.83,0.0,1,2.2,5.7,10.03,25.4,244.65
2020-05-18 00:45:00,478.85,25.0,23.38,3.83,0.0,1,3.2,10.7,15.03,30.4,249.65
2020-05-18 00:50:00,475.84,25.0,23.38,3.83,0.0,1,8.2,15.7,20.03,35.4,254.65
2020-05-18 00:55:00,475.84,25.0,23.38,3.83,0.0,1,13.2,20.7,25.03,40.4,259.65
2020-05-18 01:00:00,475.84,25.0,23.38,3.83,0.0,1,18.2,25.7,30.03,45.4,264.65
2020-05-18 01:05:00,475.84,25.0,23.38,3.83,0.0,1,23.2,30.7,35.03,50.4,269.65
2020-05-18 01:10:00,475.84,25.0,23.38,3.92,0.0,1,28.2,35.7,40.03,0.32,274.65
2020-05-18 01:15:00,475.84,25.0,23.38,4.06,0.0,1,33.2,40.7,45.03,5.32,279.65
2020-05-18 01:20:00,475.84,25.0,23.26,3.96,0.0,1,38.2,45.7,4.0,3.1,284.65
2020-05-18 01:25:00,475.84,25.0,23.26,3.84,0.0,1,43.2,50.7,9.0,0.12,289.65
2020-05-18 01:30:00,475.84,25.0,23.26,3.64,0.0,1,48.2,55.7,14.0,2.63,294.65
2020-05-18 01:35:00,475.84,25.0,23.26,3.41,0.0,1,53.2,60.7,19.0,2.48,299.65
2020-05-18 01:40:00,475.84,25.0,23.26,3.27,0.0,1,58.2,65.7,24.0,0.32,304.65
2020-05-18 01:45:00,475.84,25.0,23.26,3.41,0.0,1,63.2,70.7,29.0,1.67,309.65
2020-05-18 01:50:00,475.84,25.0,23.18,3.43,0.0,1,68.2,75.7,3.15,2.97,314.65
2020-05-18 01:55:00,475.84,25.0,23.16,3.62,0.0,1,73.2,80.7,8.15,0.6,319.65
2020-05-18 02:00:00,475.84,25.0,23.16,3.7,0.0,1,78.2,85.7,13.15,5.6,324.65
2020-05-18 02:05:00,475.84,25.0,23.16,3.87,0.0,1,83.2,90.7,18.15,1.38,329.65
2020-05-18 02:10:00,475.84,25.0,23.16,3.87,0.0,1,88.2,95.7,23.15,1.88,334.65
2020-05-18 02:15:00,475.84,25.0,23.16,3.96,0.0,1,93.2,100.7,28.15,2.15,339.65
2020-05-18 02:20:00,467.97,25.0,23.16,3.89,0.0,0,2.13,105.7,33.15,0.85,344.65
2020-05-18 02:25:00,462.72,25.0,23.1,3.91,0.0,0,7.13,110.7,2.12,0.72,349.65
2020-05-18 02:30:00,470.91,25.0,23.06,3.64,0.0,0,3.3,115.7,7.12,2.2,354.65
2020-05-18 02:35:00,472.96,25.0,23.06,3.6,0.0,0,8.3,120.7,12.12,7.2,359.65
2020-05-18 02:40:00,472.96,25.0,23.06,3.47,0.0,0,13.3,125.7,17.12,4.08,364.65
2020-05-18 02:45:00,472.96,25.0,23.06,3.39,0.0,0,18.3,130.7,22.12,0.98,369.65
2020-05-18 02:50:00,472.96,25.0,23.06,3.47,0.0,1,23.3,135.7,27.12,5.98,374.65
2020-05-18 02:55:00,477.31,25.4,23.04,3.43,0.0,1,1.28,1.93,0.1,1.13,379.65
2020-05-18 03:00:00,483.84,25.0,22.96,3.43,0.0,1,6.28,6.93,5.1,2.3,384.65
2020-05-18 03:05:00,475.14,25.0,22.96,3.57,0.0,1,3.27,11.93,10.1,3.1,389.65
2020-05-18 03:10:00,472.96,25.0,22.96,3.7,0.0,1,8.27,16.93,15.1,4.15,394.65
2020-05-18 03:15:00,472.96,25.4,22.96,3.89,0.0,1,13.27,0.08,20.1,2.15,399.65
2020-05-18 03:20:00,472.96,26.2,22.96,4.06,0.0,1,18.27,0.92,25.1,4.38,404.65
2020-05-18 03:25:00,472.96,25.8,22.96,4.16,0.0,1,23.27,0.92,30.1,3.8,409.65
2020-05-18 03:30:00,472.96,27.0,22.96,4.39,0.0,1,28.27,5.92,35.1,2.75,414.65
2020-05-18 03:35:00,472.96,27.0,22.96,4.52,0.0,1,33.27,10.92,40.1,2.28,419.65
2020-05-18 03:40:00,472.96,27.0,22.96,4.72,0.0,1,38.27,15.92,45.1,1.35,424.65
2020-05-18 03:45:00,472.96,27.0,22.96,4.78,0.0,1,43.27,20.92,50.1,3.78,429.65
2020-05-18 03:50:00,472.96,27.0,22.96,4.93,0.0,1,48.27,25.92,55.1,0.03,434.65
2020-05-18 03:55:00,472.96,27.0,22.96,5.13,0.0,1,53.27,30.92,60.1,2.8,439.65
2020-05-18 04:00:00,472.96,27.0,22.96,5.22,0.0,1,58.27,35.92,65.1,0.75,444.65
2020-05-18 04:05:00,472.96,27.0,22.96,5.36,0.0,1,63.27,40.92,70.1,2.15,449.65
2020-05-18 04:10:00,472.96,27.0,22.96,5.41,0.0,1,68.27,45.92,75.1,7.15,454.65
2020-05-18 04:15:00,472.96,27.0,22.96,5.6,0.0,1,73.27,50.92,80.1,0.6,459.65
2020-05-18 04:20:00,472.96,27.0,22.96,5.93,2.2,1,78.27,55.92,85.1,1.98,0.52
2020-05-18 04:25:00,472.96,27.0,22.96,6.06,17.0,1,83.27,60.92,90.1,1.2,2.52
2020-05-18 04:30:00,472.96,27.0,22.96,6.14,35.0,1,88.27,65.92,95.1,6.2,1.02
2020-05-18 04:35:00,472.96,27.0,22.84,6.24,45.0,1,93.27,70.92,4.37,3.68,1.5
2020-05-18 04:40:00,472.96,27.0,22.84,6.26,57.0,1,98.27,75.92,9.37,8.68,2.5
2020-05-18 04:45:00,472.96,27.0,22.89,6.52,69.0,1,103.27,80.92,1.37,0.0,3.0
2020-05-18 04:50:00,472.96,27.0,22.96,6.64,71.0,1,108.27,85.92,6.37,5.0,8.0
2020-05-18 04:55:00,472.96,27.0,23.02,6.62,71.0,1,113.27,90.92,2.85,1.58,13.0
2020-05-18 05:00:00,472.96,27.0,23.08,6.59,71.0,1,118.27,95.92,0.85,2.32,18.0
2020-05-18 05:05:00,472.96,27.0,23.18,6.64,61.0,1,123.27,100.92,5.85,7.32,4.5
2020-05-18 05:10:00,472.96,27.0,23.28,6.84,61.0,1,128.27,105.92,4.52,0.28,9.5
2020-05-18 05:15:00,472.96,27.0,23.28,7.07,61.0,1,133.27,110.92,9.52,1.63,14.5
2020-05-18 05:20:00,472.96,27.0,23.38,7.14,61.0,1,138.27,115.92,3.5,1.02,19.5
2020-05-18 05:25:00,472.96,27.0,23.46,7.19,57.0,1,143.27,120.92,2.83,1.33,1.48
2020-05-18 05:30:00,475.71,27.0,23.54,7.17,38.0,1,0.18,125.92,1.83,0.47,0.47
2020-05-18 05:35:00,486.72,27.0,23.6,7.52,25.8,1,5.18,130.92,6.83,1.22,0.47
2020-05-18 05:40:00,480.19,27.0,23.6,7.59,39.2,1,2.17,135.92,11.83,1.07,3.47
2020-05-18 05:45:00,475.84,27.0,23.7,7.79,49.0,1,7.17,140.92,4.83,0.6,8.47
2020-05-18 05:50:00,475.84,27.0,23.72,8.08,543.44,1,12.17,145.92,0.82,0.88,0.47
2020-05-18 05:55:00,481.86,27.4,23.82,7.99,607.65,1,1.17,0.82,5.82,0.37,0.45
2020-05-18 06:00:00,488.26,27.0,23.88,7.57,928.54,1,0.17,5.82,2.32,0.8,0.12
2020-05-18 06:05:00,477.76,25.4,23.96,7.47,876.54,1,5.17,3.82,1.32,2.42,0.12
2020-05-18 06:10:00,477.76,25.0,24.02,7.66,423.6,1,10.17,8.82,6.32,0.82,0.12
2020-05-18 06:15:00,477.76,25.0,24.1,8.11,1036.74,1,15.17,13.82,3.98,3.1,0.12
2020-05-18 06:20:00,477.76,25.0,24.12,8.18,713.36,1,20.17,18.82,8.98,0.73,0.62
2020-05-18 06:25:00,473.02,25.0,24.24,8.06,1089.79,0,1.15,23.82,4.13,1.47,2.1
2020-05-18 06:30:00,465.92,25.0,24.32,8.13,1071.23,0,6.15,28.82,3.13,0.05,0.6
2020-05-18 06:35:00,465.92,25.4,24.42,8.28,1058.69,0,11.15,0.47,3.13,0.52,1.1
2020-05-18 06:40:00,465.92,25.0,24.5,8.67,1052.16,0,16.15,5.47,2.62,2.22,6.1
2020-05-18 06:45:00,465.92,25.0,24.56,8.58,1006.85,0,21.15,10.47,0.62,0.72,0.1
2020-05-18 06:50:00,465.92,25.0,24.68,8.58,1017.09,0,26.15,15.47,0.62,0.33,2.6
2020-05-18 06:55:00,457.47,25.0,24.76,9.06,588.77,0,2.63,2.12,5.62,0.05,0.08
2020-05-18 07:00:00,451.84,25.0,24.78,9.18,538.98,0,7.63,7.12,0.78,0.27,0.08
2020-05-18 07:05:00,462.72,25.4,24.86,9.0,734.85,1,4.62,2.12,5.78,1.48,0.58
2020-05-18 07:10:00,462.72,25.0,24.86,9.23,879.1,1,9.62,7.12,10.78,0.93,0.08
2020-05-18 07:15:00,462.72,24.8,24.86,9.14,160.05,1,14.62,0.1,15.78,1.87,2.07
2020-05-18 07:20:00,468.86,24.8,24.86,8.94,563.52,1,2.78,3.1,20.78,0.82,0.07
2020-05-18 07:25:00,472.96,24.6,24.86,8.91,539.68,1,7.78,1.1,25.78,0.12,1.07
2020-05-18 07:30:00,472.96,24.4,24.86,9.04,676.86,1,12.78,0.1,30.78,0.3,0.07
2020-05-18 07:35:00,481.22,25.0,25.0,9.37,576.82,1,0.77,4.1,4.77,0.63,0.57
2020-05-18 07:40:00,470.72,25.0,25.0,9.32,608.5,1,5.77,9.1,9.77,0.0,0.07
2020-05-18 07:45:00,470.72,24.6,25.0,9.23,629.31,1,10.77,1.08,14.77,1.37,0.05
2020-05-18 07:50:00,461.25,24.4,25.0,9.56,720.58,1,3.77,1.08,19.77,0.6,0.05
2020-05-18 07:55:00,458.88,24.2,25.0,9.67,119.82,1,8.77,0.08,24.77,1.07,1.55
2020-05-18 08:00:00,458.88,24.0,25.0,9.6,532.45,0,13.77,4.08,29.77,0.15,0.22
2020-05-18 08:05:00,458.88,24.6,25.0,9.76,247.46,0,18.77,1.08,34.77,5.15,0.72
2020-05-18 08:10:00,458.88,24.8,25.0,9.71,517.14,0,23.77,3.08,39.77,1.5,0.2
2020-05-18 08:15:00,458.88,24.6,25.0,9.74,134.03,0,28.77,0.07,44.77,1.8,1.2
2020-05-18 08:20:00,452.35,24.8,25.0,9.71,485.14,0,2.75,3.07,49.77,0.27,0.2
2020-05-18 08:25:00,448.0,24.0,25.0,9.81,463.41,0,7.75,4.07,54.77,0.0,0.2
2020-05-18 08:30:00,448.0,24.0,25.0,9.76,555.3,0,12.75,9.07,59.77,0.15,0.7
2020-05-18 08:35:00,456.7,24.0,25.0,10.14,711.68,0,3.73,14.07,64.77,0.7,2.68
2020-05-18 08:40:00,458.88,23.8,25.0,10.55,699.9,0,8.73,0.88,69.77,0.25,0.68
2020-05-18 08:45:00,469.76,23.2,25.0,10.14,682.62,0,4.73,3.88,74.77,0.2,0.18
2020-05-18 08:50:00,459.52,23.8,25.0,10.5,686.34,0,3.73,3.88,79.77,1.7,1.18
2020-05-18 08:55:00,456.96,23.8,25.0,10.41,350.38,0,8.73,0.88,84.77,1.97,0.68
2020-05-18 09:00:00,456.96,24.0,25.0,10.5,663.3,0,13.73,4.88,89.77,0.13,1.67
2020-05-18 09:05:00,456.96,23.6,25.0,10.91,428.8,0,18.73,2.88,94.77,0.58,0.17
2020-05-18 09:10:00,456.96,24.0,25.0,10.89,488.06,0,23.73,7.88,99.77,1.02,0.17
2020-05-18 09:15:00,456.96,23.0,25.0,10.6,218.45,0,28.73,4.87,104.77,0.5,0.17
2020-05-18 09:20:00,456.96,23.6,25.0,10.77,564.03,0,33.73,1.87,109.77,0.13,0.67
2020-05-18 09:25:00,448.77,23.8,25.0,10.72,527.74,0,3.7,3.87,114.77,5.13,0.17
2020-05-18 09:30:00,446.72,23.0,25.0,10.98,511.04,0,8.7,4.87,119.77,0.42,5.17
2020-05-18 09:35:00,446.72,23.0,25.0,11.03,498.37,0,13.7,9.87,124.77,0.08,0.65
2020-05-18 09:40:00,446.72,23.0,25.0,11.18,476.29,0,18.7,14.87,129.77,2.1,0.65
2020-05-18 09:45:00,446.72,22.4,24.94,11.3,465.92,0,23.7,1.85,2.02,1.4,5.65
2020-05-18 09:50:00,446.72,22.6,24.9,11.7,463.55,0,28.7,0.85,7.02,0.77,0.15
2020-05-18 09:55:00,446.72,22.8,24.9,11.42,451.78,0,33.7,3.85,12.02,1.32,0.3
2020-05-18 10:00:00,446.72,22.8,24.9,11.39,425.79,0,38.7,3.33,17.02,0.77,0.8
2020-05-18 10:05:00,455.74,23.0,24.9,11.39,400.26,0,2.68,8.33,22.02,0.48,0.8
2020-05-18 10:10:00,461.76,22.6,24.9,11.61,382.02,0,7.68,2.33,27.02,0.85,2.8
2020-05-18 10:15:00,461.76,22.8,24.9,11.99,367.04,0,12.68,0.33,32.02,0.38,0.8
2020-05-18 10:20:00,461.76,23.0,24.9,11.25,352.06,0,17.68,5.33,37.02,0.13,1.3
2020-05-18 10:25:00,461.76,23.0,24.9,11.8,351.3,0,22.68,10.33,42.02,0.02,1.28
2020-05-18 10:30:00,461.76,22.4,24.9,11.7,344.0,0,27.68,0.32,47.02,0.02,6.28
2020-05-18 10:35:00,461.76,22.8,24.84,11.92,344.0,0,32.68,2.32,2.32,1.22,11.28
2020-05-18 10:40:00,461.76,22.8,24.8,11.78,353.22,0,37.68,1.32,7.32,0.25,1.28
2020-05-18 10:45:00,461.76,22.6,24.8,11.9,345.92,0,42.68,0.32,12.32,0.5,6.28
2020-05-18 10:50:00,461.76,22.6,24.73,12.02,253.47,1,47.68,0.3,2.3,0.0,1.77
2020-05-18 10:55:00,461.76,22.0,24.68,12.26,281.86,1,52.68,5.3,7.3,1.52,0.77
2020-05-18 11:00:00,461.76,22.4,24.78,12.16,177.23,1,57.68,1.3,3.3,0.52,1.27
2020-05-18 11:05:00,472.0,22.2,24.8,12.42,330.05,1,4.63,2.3,8.3,1.92,1.77
2020-05-18 11:10:00,472.0,23.0,24.9,12.52,326.4,1,9.63,1.3,4.3,4.08,0.27
2020-05-18 11:15:00,472.0,22.8,24.9,12.56,347.46,1,14.63,0.28,9.3,0.82,0.25
2020-05-18 11:20:00,472.0,22.0,24.8,12.16,315.62,1,19.63,0.62,4.28,0.32,0.25
2020-05-18 11:25:00,472.0,21.4,24.7,12.61,252.02,1,24.63,0.12,3.28,1.72,0.25
2020-05-18 11:30:00,472.0,21.8,24.6,12.87,258.4,1,29.63,0.78,0.1,0.88,0.25
2020-05-18 11:35:00,472.0,22.0,24.48,12.87,126.42,1,34.63,0.45,5.1,0.55,0.75
2020-05-18 11:40:00,461.76,21.4,24.4,12.61,144.24,1,4.62,1.43,3.27,3.4,0.75
2020-05-18 11:45:00,461.76,20.8,24.21,12.54,121.63,0,9.62,2.43,1.27,0.07,1.23
2020-05-18 11:50:00,461.76,21.8,24.18,12.11,85.04,0,14.62,1.43,1.27,1.32,3.73
2020-05-18 11:55:00,461.76,21.0,24.18,12.61,156.22,0,19.62,6.43,2.25,0.38,0.4
2020-05-18 12:00:00,455.23,21.2,23.9,13.48,231.81,0,2.6,0.42,2.08,0.33,1.9
2020-05-18 12:05:00,450.88,21.2,23.9,13.83,160.21,0,7.6,0.42,2.08,1.38,0.38
2020-05-18 12:10:00,450.88,21.6,23.98,12.56,126.0,0,12.6,1.42,1.75,0.07,4.38
2020-05-18 12:15:00,443.01,21.0,23.98,12.45,105.02,0,2.58,4.42,0.75,1.38,0.88
2020-05-18 12:20:00,437.76,21.2,23.66,12.23,81.42,0,7.58,0.42,2.58,2.67,0.88
2020-05-18 12:25:00,440.0,21.2,23.6,12.26,58.0,0,0.75,0.4,7.58,0.43,0.88
2020-05-18 12:30:00,448.96,21.8,23.72,11.85,44.0,0,5.75,0.9,4.57,0.37,5.88
2020-05-18 12:35:00,448.96,21.8,23.86,11.66,46.4,0,10.75,3.9,0.07,2.88,0.87
2020-05-18 12:40:00,448.96,22.0,23.98,11.73,89.81,0,15.75,8.9,5.07,1.42,0.87
2020-05-18 12:45:00,460.8,22.0,24.04,11.94,105.04,0,4.73,13.9,2.57,1.43,5.87
2020-05-18 12:50:00,460.8,22.0,24.08,11.99,109.23,0,9.73,18.9,7.57,2.68,0.37
2020-05-18 12:55:00,460.8,22.0,24.08,12.38,118.0,0,14.73,23.9,12.57,1.27,0.35
2020-05-18 13:00:00,458.24,22.0,24.08,12.28,144.61,1,0.73,28.9,17.57,0.27,0.35
2020-05-18 13:05:00,448.0,22.0,24.08,12.54,132.22,1,5.73,33.9,22.57,1.63,1.85
2020-05-18 13:10:00,458.24,22.0,24.08,12.68,152.03,1,3.72,38.9,27.57,0.58,1.85
2020-05-18 13:15:00,460.8,21.8,24.02,13.44,96.8,1,8.72,0.88,2.55,0.13,1.85
2020-05-18 13:20:00,458.62,21.8,23.96,12.56,76.0,1,0.72,0.88,0.53,1.43,6.85
2020-05-18 13:25:00,449.92,21.2,23.78,12.3,82.62,0,5.72,0.87,2.7,3.2,2.33
2020-05-18 13:30:00,449.92,21.2,23.6,12.3,103.44,0,10.72,0.87,4.7,0.52,0.33
2020-05-18 13:35:00,438.72,21.6,23.6,13.16,155.04,0,4.7,0.87,9.7,0.45,3.33
2020-05-18 13:40:00,454.72,21.8,23.6,14.07,140.43,0,4.7,3.87,14.7,0.08,0.33
2020-05-18 13:45:00,454.72,21.8,23.6,12.46,77.0,1,9.7,2.87,19.7,0.22,4.33
2020-05-18 13:50:00,454.72,22.0,23.62,10.36,77.0,1,14.7,7.87,0.18,0.2,9.33
2020-05-18 13:55:00,454.72,22.0,23.7,9.58,67.4,1,19.7,12.87,5.18,0.67,3.48
2020-05-18 14:00:00,456.77,22.0,23.7,10.31,88.22,1,0.68,17.87,10.18,2.43,1.48
2020-05-18 14:05:00,464.96,22.0,23.7,9.95,47.0,1,5.68,22.87,15.18,2.58,4.48
2020-05-18 14:10:00,464.96,22.2,23.7,10.43,69.0,1,10.68,3.85,20.18,0.13,1.48
2020-05-18 14:15:00,464.96,22.8,23.7,11.22,84.0,1,15.68,2.83,25.18,0.55,6.48
2020-05-18 14:20:00,464.96,23.0,23.66,11.37,63.6,0,20.68,7.83,1.33,0.6,2.47
2020-05-18 14:25:00,464.96,23.0,23.6,10.98,46.0,0,25.68,12.83,6.33,3.25,1.97
2020-05-18 14:30:00,464.96,23.0,23.56,10.82,40.0,0,30.68,17.83,1.33,2.35,6.97
2020-05-18 14:35:00,464.96,23.2,23.5,10.5,51.0,0,35.68,1.83,6.33,3.45,4.47
2020-05-18 14:40:00,464.96,23.0,23.5,10.55,61.0,0,40.68,6.83,11.33,2.88,4.47
2020-05-18 14:45:00,464.96,23.2,23.5,10.5,61.0,0,45.68,0.82,16.33,0.25,9.47
2020-05-18 14:50:00,464.96,24.0,23.44,9.88,71.0,0,50.68,5.82,2.98,0.18,4.95
2020-05-18 14:55:00,450.88,23.0,23.4,9.86,71.0,0,4.65,4.82,7.98,3.27,9.95
2020-05-18 15:00:00,460.35,23.0,23.4,9.71,71.0,0,3.65,9.82,12.98,1.7,14.95
2020-05-18 15:05:00,469.44,23.4,23.4,9.71,63.0,0,2.65,1.82,17.98,2.9,0.95
2020-05-18 15:10:00,473.92,23.2,23.4,9.76,43.0,0,7.65,0.8,22.98,7.9,0.43
2020-05-18 15:15:00,466.62,23.2,23.32,9.49,27.0,0,2.63,3.8,3.97,1.6,1.93
2020-05-18 15:20:00,469.06,23.0,23.3,9.2,19.0,0,2.63,8.8,8.97,3.5,0.43
2020-05-18 15:25:00,473.92,23.8,23.3,9.18,11.0,0,7.63,0.8,13.97,8.5,5.43
2020-05-18 15:30:00,473.92,24.0,23.3,9.13,11.0,0,12.63,4.8,18.97,1.48,10.43
2020-05-18 15:35:00,473.92,24.0,23.3,8.93,11.0,0,17.63,9.8,23.97,0.13,15.43
2020-05-18 15:40:00,473.92,24.0,23.3,8.61,11.0,0,22.63,14.8,28.97,1.48,20.43
2020-05-18 15:45:00,473.92,24.0,23.3,8.5,11.0,0,27.63,19.8,33.97,6.48,25.43
2020-05-18 15:50:00,461.76,24.0,23.3,8.5,11.0,0,4.62,24.8,38.97,11.48,30.43
2020-05-18 15:55:00,461.76,24.2,23.3,8.52,21.0,0,9.62,0.78,43.97,1.22,4.08
2020-05-18 16:00:00,461.76,24.4,23.18,8.72,33.0,0,14.62,0.28,4.45,4.55,0.57
2020-05-18 16:05:00,461.76,24.0,23.18,8.82,41.0,0,19.62,4.28,9.45,3.63,5.57
2020-05-18 16:10:00,461.76,24.0,23.18,8.79,41.0,1,24.62,9.28,14.45,2.03,10.57
2020-05-18 16:15:00,461.76,25.2,23.18,8.84,35.0,1,29.62,0.1,19.45,7.03,2.07
2020-05-18 16:20:00,472.96,25.4,23.18,8.84,27.0,1,4.6,0.77,24.45,12.03,1.57
2020-05-18 16:25:00,472.96,26.2,23.18,8.72,21.0,1,9.6,0.77,29.45,4.22,6.57
2020-05-18 16:30:00,472.96,26.4,23.08,8.72,21.0,1,14.6,0.08,4.42,9.22,11.57
2020-05-18 16:35:00,472.96,25.0,23.08,8.62,21.0,1,19.6,0.75,9.42,3.98,16.57
2020-05-18 16:40:00,472.96,24.8,23.08,8.58,21.0,1,24.6,0.58,14.42,0.68,21.57
2020-05-18 16:45:00,472.96,27.0,23.04,8.52,17.0,1,29.6,2.42,1.25,0.57,1.05
2020-05-18 16:50:00,470.53,27.4,22.9,8.43,8.8,1,0.58,0.42,3.25,2.78,0.05
2020-05-18 16:55:00,460.8,28.4,22.8,8.38,0.0,0,5.58,0.08,2.73,7.78,5.05
2020-05-18 17:00:00,460.8,27.2,22.74,8.33,0.0,0,10.58,0.57,7.73,1.37,10.05
2020-05-18 17:05:00,460.8,27.8,22.74,8.26,4.0,0,15.58,0.9,12.73,6.37,1.03
2020-05-18 17:10:00,460.8,27.4,22.74,8.08,10.0,1,20.58,0.4,17.73,1.73,6.03
2020-05-18 17:15:00,469.25,28.6,22.74,7.89,8.0,1,2.57,0.4,22.73,4.52,0.03
2020-05-18 17:20:00,490.88,28.4,22.84,7.91,0.0,1,4.57,0.07,3.73,0.17,5.03
2020-05-18 17:25:00,504.45,30.8,22.76,7.81,0.0,1,3.57,3.57,4.72,2.93,10.03
2020-05-18 17:30:00,542.08,30.8,22.81,7.76,0.0,1,1.38,1.55,1.72,7.93,15.03
2020-05-18 17:35:00,553.92,31.0,22.9,7.84,0.0,1,6.38,6.55,0.72,2.68,20.03
2020-05-18 17:40:00,534.59,31.0,22.98,7.89,0.0,1,1.38,11.55,5.72,7.68,25.03
2020-05-18 17:45:00,523.84,31.0,22.98,7.96,0.0,1,6.38,1.05,10.72,2.53,30.03
2020-05-18 17:50:00,523.84,29.2,23.08,7.94,0.0,1,11.38,0.03,3.03,2.38,35.03
2020-05-18 17:55:00,523.84,28.2,23.18,7.89,2.2,1,16.38,0.03,3.53,7.38,0.67
2020-05-18 18:00:00,523.84,26.4,23.2,7.89,11.0,1,21.38,0.87,8.53,12.38,5.67
2020-05-18 18:05:00,508.22,25.0,23.22,7.74,2.2,1,1.37,1.03,0.53,1.05,3.17
2020-05-18 18:10:00,493.76,26.6,23.32,7.54,0.0,1,6.37,0.53,5.53,3.63,8.17
2020-05-18 18:15:00,493.76,26.6,23.32,7.52,0.0,1,11.37,0.35,10.53,8.63,13.17
2020-05-18 18:20:00,500.48,27.2,23.32,7.42,0.0,1,2.35,0.35,15.53,3.2,18.17
2020-05-18 18:25:00,516.8,27.0,23.32,7.39,0.0,1,4.35,1.85,20.53,8.2,23.17
2020-05-18 18:30:00,511.68,26.2,23.32,7.39,0.0,1,2.35,0.85,25.53,13.2,28.17
2020-05-18 18:35:00,509.7,27.0,23.4,7.39,0.0,1,2.35,0.35,3.67,18.2,33.17
2020-05-18 18:40:00,504.96,25.0,23.42,7.39,0.0,1,7.35,0.0,8.67,23.2,38.17
2020-05-18 18:45:00,493.7,25.4,23.42,7.39,0.0,1,3.35,0.0,13.67,28.2,43.17
2020-05-18 18:50:00,490.88,25.8,23.42,7.39,0.0,1,8.35,0.0,18.67,33.2,48.17
2020-05-18 18:55:00,490.88,25.4,23.42,7.39,0.0,1,13.35,0.33,23.67,38.2,53.17
2020-05-18 19:00:00,490.88,25.0,23.46,7.39,0.0,1,18.35,3.5,1.65,43.2,58.17
2020-05-18 19:05:00,490.88,25.0,23.52,7.39,0.0,1,23.35,1.5,6.65,48.2,63.17
2020-05-18 19:10:00,490.88,25.0,23.52,7.39,0.0,1,28.35,6.5,11.65,53.2,68.17
2020-05-18 19:15:00,482.18,25.0,23.52,7.47,0.0,1,3.32,11.5,16.65,2.72,73.17
2020-05-18 19:20:00,488.83,26.0,23.52,7.52,0.0,1,2.32,2.82,21.65,7.72,78.17
2020-05-18 19:25:00,494.72,25.0,23.58,7.52,0.0,1,7.32,7.82,2.98,12.72,83.17
2020-05-18 19:30:00,494.72,25.0,23.62,7.42,0.0,1,12.32,12.82,7.98,0.28,88.17
2020-05-18 19:35:00,494.72,25.8,23.62,7.19,0.0,1,17.32,0.8,12.98,2.78,93.17
2020-05-18 19:40:00,494.72,25.0,23.62,7.04,0.0,1,22.32,5.8,17.98,3.8,98.17
2020-05-18 19:45:00,494.72,25.6,23.62,6.99,0.0,1,27.32,0.13,22.98,0.97,103.17
2020-05-18 19:50:00,500.86,25.4,23.62,6.89,0.0,1,2.3,0.63,27.98,5.97,108.17
2020-05-18 19:55:00,504.96,25.0,23.62,6.89,0.0,1,7.3,5.63,32.98,10.97,113.17
2020-05-18 20:00:00,504.96,25.0,23.62,6.89,0.0,1,12.3,1.28,37.98,15.97,118.17
2020-05-18 20:05:00,497.09,25.0,23.72,6.77,0.0,1,2.3,6.28,3.95,4.2,123.17
2020-05-18 20:10:00,491.84,27.0,23.74,6.87,0.0,1,7.3,4.28,8.95,3.17,128.17
2020-05-18 20:15:00,491.84,27.0,23.74,6.89,0.0,1,12.3,9.28,13.95,8.17,133.17
2020-05-18 20:20:00,487.49,27.0,23.74,6.99,0.0,1,1.45,14.28,18.95,3.73,138.17
2020-05-18 20:25:00,480.96,27.0,23.74,7.02,0.0,1,6.45,19.28,23.95,8.73,143.17
2020-05-18 20:30:00,480.96,27.0,23.74,6.89,0.0,1,11.45,24.28,28.95,4.35,148.17
2020-05-18 20:35:00,491.84,27.0,23.74,6.89,0.0,1,4.43,29.28,33.95,9.35,153.17
2020-05-18 20:40:00,491.84,27.0,23.74,6.89,0.0,1,9.43,34.28,38.95,14.35,158.17
2020-05-18 20:45:00,480.96,27.0,23.74,6.94,0.0,1,4.43,39.28,43.95,2.37,163.17
2020-05-18 20:50:00,487.49,27.0,23.74,6.84,0.0,1,2.43,44.28,48.95,2.15,168.17
2020-05-18 20:55:00,491.84,27.2,23.74,6.94,0.0,1,7.43,1.25,53.95,1.28,173.17
2020-05-18 21:00:00,491.84,27.0,23.74,6.99,0.0,1,12.43,6.25,58.95,0.3,178.17
2020-05-18 21:05:00,491.84,27.6,23.74,6.79,0.0,1,17.43,0.58,63.95,3.42,183.17
2020-05-18 21:10:00,502.59,28.2,23.74,6.77,0.0,1,2.42,1.75,68.95,8.42,188.17
2020-05-18 21:15:00,509.76,27.4,23.74,6.77,0.0,1,7.42,0.58,73.95,13.42,193.17
2020-05-18 21:20:00,501.5,27.0,23.8,6.94,0.0,0,2.42,1.07,2.73,1.02,198.17
2020-05-18 21:25:00,496.0,27.0,23.84,6.92,0.0,0,7.42,6.07,7.73,3.13,203.17
2020-05-18 21:30:00,496.0,27.2,23.84,6.97,0.0,1,12.42,3.07,12.73,0.38,208.17
2020-05-18 21:35:00,489.86,27.0,23.84,6.67,0.0,1,2.4,8.07,17.73,3.8,213.17
2020-05-18 21:40:00,485.76,27.0,23.88,6.64,0.0,1,7.4,13.07,1.73,8.8,218.17
2020-05-18 21:45:00,477.06,27.0,23.94,6.62,0.0,1,3.4,18.07,6.73,0.4,223.17
2020-05-18 21:50:00,474.88,27.0,23.94,6.52,0.0,1,8.4,23.07,11.73,5.4,228.17
2020-05-18 21:55:00,474.88,27.0,23.94,6.62,0.0,1,13.4,28.07,16.73,3.45,233.17
2020-05-18 22:00:00,474.88,27.0,23.94,6.64,0.0,0,18.4,33.07,21.73,8.45,238.17
2020-05-18 22:05:00,474.88,27.0,23.94,6.64,0.0,0,23.4,38.07,26.73,13.45,243.17
2020-05-18 22:10:00,474.88,27.0,23.94,6.64,0.0,1,28.4,43.07,31.73,18.45,248.17
2020-05-18 22:15:00,474.88,27.0,23.94,6.64,0.0,1,33.4,48.07,36.73,23.45,253.17
2020-05-18 22:20:00,474.88,27.0,23.94,6.64,0.0,1,38.4,53.07,41.73,28.45,258.17
2020-05-18 22:25:00,474.88,27.0,23.94,6.52,0.0,1,43.4,58.07,46.73,0.1,263.17
2020-05-18 22:30:00,474.88,27.0,23.94,6.42,0.0,1,48.4,63.07,51.73,0.52,268.17
2020-05-18 22:35:00,474.88,27.8,23.94,6.52,0.0,1,53.4,3.03,56.73,5.52,273.17
2020-05-18 22:40:00,474.88,27.8,23.94,6.59,0.0,1,58.4,1.02,61.73,2.85,278.17
2020-05-18 22:45:00,474.88,28.0,23.94,6.64,0.0,1,63.4,6.02,66.73,7.85,283.17
2020-05-18 22:50:00,474.88,28.0,23.94,6.64,0.0,1,68.4,11.02,71.73,12.85,288.17
2020-05-18 22:55:00,474.88,28.0,23.94,6.64,0.0,1,73.4,16.02,76.73,17.85,293.17
2020-05-18 23:00:00,474.88,28.0,23.94,6.64,0.0,1,78.4,21.02,81.73,22.85,298.17
2020-05-18 23:05:00,474.88,28.0,23.94,6.64,0.0,0,83.4,26.02,86.73,27.85,303.17
2020-05-18 23:10:00,474.88,28.0,23.94,6.64,0.0,0,88.4,31.02,91.73,32.85,308.17
2020-05-18 23:15:00,474.88,28.0,23.94,6.64,0.0,0,93.4,36.02,96.73,37.85,313.17
2020-05-18 23:20:00,474.88,28.0,23.94,6.64,0.0,0,98.4,41.02,101.73,42.85,318.17
2020-05-18 23:25:00,474.88,28.0,23.94,6.74,0.0,0,103.4,46.02,106.73,3.48,323.17
2020-05-18 23:30:00,474.88,28.0,23.94,6.77,0.0,0,108.4,51.02,111.73,8.48,328.17
2020-05-18 23:35:00,474.88,28.0,23.84,6.79,0.0,0,113.4,56.02,4.65,0.33,333.17
2020-05-18 23:40:00,474.88,28.0,23.84,6.89,0.0,0,118.4,61.02,9.65,5.33,338.17
2020-05-18 23:45:00,474.88,28.0,23.84,6.89,0.0,1,123.4,66.02,14.65,10.33,343.17
2020-05-18 23:50:00,474.88,28.0,23.84,6.92,0.0,1,128.4,71.02,19.65,0.05,348.17
2020-05-18 23:55:00,474.88,28.0,23.84,7.02,0.0,1,133.4,76.02,24.65,5.05,353.17
2020-05-19 00:00:00,474.88,28.0,23.84,7.02,0.0,1,138.4,81.02,29.65,10.05,358.17
2020-05-19 00:05:00,474.88,28.0,23.84,7.02,0.0,1,143.4,86.02,34.65,15.05,363.17
2020-05-19 00:10:00,474.88,28.0,23.84,6.97,0.0,1,148.4,91.02,39.65,1.23,368.17
2020-05-19 00:15:00,474.88,28.0,23.84,6.82,0.0,1,153.4,96.02,44.65,2.27,373.17
2020-05-19 00:20:00,474.88,28.0,23.84,6.67,0.0,1,158.4,101.02,49.65,3.18,378.17
2020-05-19 00:25:00,474.88,28.0,23.84,6.54,0.0,1,163.4,106.02,54.65,3.27,383.17
2020-05-19 00:30:00,474.88,28.0,23.84,6.52,0.0,1,168.4,111.02,59.65,8.27,388.17
2020-05-19 00:35:00,474.88,28.0,23.84,6.52,0.0,1,173.4,116.02,64.65,13.27,393.17
2020-05-19 00:40:00,474.88,28.0,23.84,6.42,0.0,1,178.4,121.02,69.65,3.83,398.17
2020-05-19 00:45:00,474.88,28.0,23.84,6.39,0.0,1,183.4,126.02,74.65,8.83,403.17
2020-05-19 00:50:00,474.88,28.0,23.84,6.39,0.0,1,188.4,131.02,79.65,13.83,408.17
2020-05-19 00:55:00,474.88,28.0,23.84,6.39,0.0,1,193.4,136.02,84.65,18.83,413.17
2020-05-19 01:00:00,474.88,28.0,23.84,6.39,0.0,1,198.4,141.02,89.65,23.83,418.17
2020-05-19 01:05:00,474.88,28.0,23.84,6.39,0.0,1,203.4,146.02,94.65,28.83,423.17
2020-05-19 01:10:00,474.88,28.0,23.84,6.14,0.0,1,208.4,151.02,99.65,1.0,428.17
2020-05-19 01:15:00,474.88,28.0,23.84,5.83,0.0,1,213.4,156.02,104.65,1.75,433.17
2020-05-19 01:20:00,474.88,28.0,23.84,5.7,0.0,1,218.4,161.02,109.65,2.9,438.17
2020-05-19 01:25:00,474.88,28.0,23.84,5.48,0.0,1,223.4,166.02,114.65,0.47,443.17
2020-05-19 01:30:00,474.88,28.0,23.84,5.01,0.0,1,228.4,171.02,119.65,2.42,448.17
2020-05-19 01:35:00,474.88,28.0,23.84,4.85,0.0,1,233.4,176.02,124.65,2.57,453.17
2020-05-19 01:40:00,488.96,28.0,23.84,4.69,0.0,1,4.42,181.02,129.65,0.08,458.17
2020-05-19 01:45:00,484.86,28.0,23.84,4.49,0.0,1,1.42,186.02,134.65,2.55,463.17
2020-05-19 01:50:00,478.72,28.0,23.84,4.44,0.0,1,6.42,191.02,139.65,7.55,468.17
2020-05-19 01:55:00,478.72,28.0,23.84,4.41,0.0,1,11.42,196.02,144.65,0.85,473.17
2020-05-19 02:00:00,478.72,28.0,23.84,4.31,0.0,1,16.42,201.02,149.65,5.85,478.17
2020-05-19 02:05:00,478.72,28.0,23.84,4.24,0.0,1,21.42,206.02,154.65,2.73,483.17
2020-05-19 02:10:00,484.86,28.0,23.84,4.19,0.0,1,2.4,211.02,159.65,7.73,488.17
2020-05-19 02:15:00,488.96,28.0,23.84,4.19,0.0,1,7.4,216.02,164.65,12.73,493.17
2020-05-19 02:20:00,480.77,28.0,23.84,4.21,0.0,1,3.4,221.02,169.65,0.62,498.17
2020-05-19 02:25:00,478.72,28.0,23.84,4.36,0.0,1,8.4,226.02,174.65,1.33,503.17
2020-05-19 02:30:00,478.72,28.0,23.84,4.52,0.0,1,13.4,231.02,179.65,2.12,508.17
2020-05-19 02:35:00,478.72,28.0,23.84,4.57,0.0,1,18.4,236.02,184.65,7.12,513.17
2020-05-19 02:40:00,478.72,28.0,23.84,4.67,0.0,1,23.4,241.02,189.65,0.85,518.17
2020-05-19 02:45:00,478.72,28.0,23.84,4.88,0.0,1,28.4,246.02,194.65,2.3,523.17
2020-05-19 02:50:00,478.72,28.0,23.84,5.06,0.0,1,33.4,251.02,199.65,4.17,528.17
2020-05-19 02:55:00,478.72,28.0,23.84,5.13,0.0,1,38.4,256.02,204.65,2.98,533.17
2020-05-19 03:00:00,478.72,28.0,23.86,5.26,0.0,1,43.4,261.02,0.7,3.62,538.17
2020-05-19 03:05:00,513.98,29.6,23.77,5.31,0.0,1,1.37,2.53,1.03,0.65,543.17
2020-05-19 03:10:00,569.6,30.0,23.38,5.48,0.0,1,3.37,7.53,2.52,0.5,548.17
2020-05-19 03:15:00,580.67,29.6,23.36,5.7,0.0,1,2.37,1.52,0.52,1.67,553.17
2020-05-19 03:20:00,567.94,28.8,23.54,5.86,0.0,1,1.35,0.52,2.52,3.07,558.17
2020-05-19 03:25:00,521.28,28.0,23.67,5.96,0.0,1,2.35,5.52,2.52,2.78,563.17
2020-05-19 03:30:00,498.88,28.0,23.72,6.14,0.0,1,4.35,10.52,7.52,4.43,568.17
2020-05-19 03:35:00,498.88,28.0,23.78,6.21,0.0,1,9.35,15.52,2.5,2.75,573.17
2020-05-19 03:40:00,485.76,28.0,23.82,6.26,0.0,1,4.35,20.52,7.5,7.75,578.17
2020-05-19 03:45:00,485.76,28.0,23.82,6.39,0.0,1,9.35,25.52,12.5,4.65,583.17
2020-05-19 03:50:00,485.76,28.0,23.82,6.49,0.0,1,14.35,30.52,17.5,3.9,588.17
2020-05-19 03:55:00,485.76,28.0,23.82,6.72,0.0,1,19.35,35.52,22.5,2.78,593.17
2020-05-19 04:00:00,477.06,28.0,23.82,6.92,0.0,1,3.33,40.52,27.5,0.28,598.17
2020-05-19 04:05:00,481.98,28.0,23.82,7.09,0.0,1,2.33,45.52,32.5,2.55,603.17
2020-05-19 04:10:00,486.72,28.0,23.82,7.24,0.0,1,7.33,50.52,37.5,3.03,608.17
2020-05-19 04:15:00,486.72,28.0,23.82,7.27,0.0,1,12.33,55.52,42.5,8.03,613.17
2020-05-19 04:20:00,486.72,28.0,23.82,7.29,17.0,1,17.33,60.52,47.5,0.63,0.12
2020-05-19 04:25:00,480.19,28.0,23.82,7.49,38.0,1,2.32,65.52,52.5,0.42,2.12
2020-05-19 04:30:00,475.84,28.0,23.82,7.84,50.0,1,7.32,70.52,57.5,0.6,3.62
2020-05-19 04:35:00,475.84,28.0,23.82,8.16,64.0,1,12.32,75.52,62.5,1.77,0.6
2020-05-19 04:40:00,464.0,28.0,23.82,8.16,72.0,1,4.3,80.52,67.5,0.23,5.6
2020-05-19 04:45:00,476.8,28.0,23.82,8.23,52.2,1,4.3,85.52,72.5,0.83,1.6
2020-05-19 04:50:00,476.8,28.0,23.82,8.21,51.4,1,9.3,90.52,77.5,1.85,0.1
2020-05-19 04:55:00,476.8,28.0,23.82,8.03,55.0,1,14.3,95.52,82.5,0.45,1.58
2020-05-19 05:00:00,465.92,28.0,23.84,8.13,60.2,1,4.3,100.52,0.45,5.45,0.08
2020-05-19 05:05:00,465.92,28.0,23.92,8.36,61.4,1,9.3,105.52,5.45,3.12,0.08
2020-05-19 05:10:00,473.02,28.0,23.92,8.48,33.0,1,2.28,110.52,10.45,3.48,4.08
2020-05-19 05:15:00,477.76,28.0,24.0,8.33,27.0,1,7.28,115.52,3.78,0.32,2.08
2020-05-19 05:20:00,477.76,28.0,24.02,8.63,26.4,1,12.28,120.52,8.78,1.68,0.73
2020-05-19 05:25:00,477.76,28.0,24.02,8.65,31.6,1,17.28,125.52,13.78,0.22,2.23
2020-05-19 05:30:00,477.76,28.0,24.02,8.5,24.0,1,22.28,130.52,18.78,5.22,4.23
2020-05-19 05:35:00,477.76,28.0,24.12,8.72,33.6,1,27.28,135.52,4.77,1.38,0.23
2020-05-19 05:40:00,477.76,28.0,24.12,8.96,38.6,1,32.28,140.52,9.77,4.4,0.73
2020-05-19 05:45:00,473.41,28.0,24.14,9.11,39.8,0,1.27,145.52,0.25,1.07,1.72
2020-05-19 05:50:00,466.88,28.0,24.24,9.13,39.4,0,6.27,150.52,5.25,1.28,0.22
2020-05-19 05:55:00,466.88,28.0,24.24,9.35,37.0,0,11.27,155.52,10.25,2.68,0.22
2020-05-19 06:00:00,466.88,28.0,24.24,9.42,27.0,0,16.27,160.52,15.25,7.68,5.22
2020-05-19 06:05:00,466.88,28.0,24.24,9.16,27.0,0,21.27,165.52,20.25,0.25,10.22
2020-05-19 06:10:00,466.88,28.0,24.3,9.35,27.0,0,26.27,170.52,2.23,1.75,15.22
2020-05-19 06:15:00,466.88,28.0,24.34,9.44,27.0,0,31.27,175.52,7.23,0.8,20.22
2020-05-19 06:20:00,466.88,28.0,24.34,9.71,27.0,0,36.27,180.52,12.23,2.13,25.22
2020-05-19 06:25:00,466.88,28.0,24.34,9.86,27.0,0,41.27,185.52,17.23,0.83,30.22
2020-05-19 06:30:00,466.88,28.0,24.36,10.07,19.0,0,46.27,190.52,0.73,2.93,3.2
2020-05-19 06:35:00,466.88,28.0,24.44,10.24,17.0,0,51.27,195.52,5.73,0.88,8.2
2020-05-19 06:40:00,466.88,28.0,24.44,10.38,17.0,0,56.27,200.52,10.73,0.23,13.2
2020-05-19 06:45:00,466.88,28.0,24.44,10.29,17.0,0,61.27,205.52,15.73,1.22,18.2
2020-05-19 06:50:00,466.88,28.0,24.44,10.48,17.0,0,66.27,210.52,20.73,4.45,23.2
2020-05-19 06:55:00,466.88,28.0,24.44,10.58,17.0,0,71.27,215.52,25.73,0.28,28.2
2020-05-19 07:00:00,466.88,28.0,24.44,10.26,17.0,0,76.27,220.52,30.73,3.18,33.2
2020-05-19 07:05:00,466.88,28.0,24.44,10.22,17.0,0,81.27,225.52,35.73,1.1,38.2
2020-05-19 07:10:00,466.88,27.0,24.44,10.05,17.0,0,86.27,4.03,40.73,1.18,43.2
2020-05-19 07:15:00,466.88,27.4,24.44,10.46,357.63,1,91.27,1.03,45.73,3.72,1.17
2020-05-19 07:20:00,466.88,27.0,24.44,10.36,358.21,1,96.27,6.03,50.73,0.8,1.33
2020-05-19 07:25:00,466.88,27.0,24.44,10.24,416.83,1,101.27,11.03,55.73,5.8,0.33
2020-05-19 07:30:00,466.88,27.0,24.5,10.24,407.17,1,106.27,16.03,2.7,10.8,1.33
2020-05-19 07:35:00,466.88,27.0,24.54,10.43,354.94,1,111.27,21.03,7.7,2.67,0.32
2020-05-19 07:40:00,466.88,27.0,24.54,10.41,429.25,1,116.27,26.03,12.7,0.97,0.82
2020-05-19 07:45:00,466.88,27.2,24.54,10.55,378.62,1,121.27,0.02,17.7,2.52,0.82
2020-05-19 07:50:00,466.88,27.4,24.46,10.77,361.79,1,126.27,1.02,3.68,2.82,0.32
2020-05-19 07:55:00,466.88,27.2,24.44,10.84,385.98,1,131.27,3.02,8.68,7.82,0.32
2020-05-19 08:00:00,466.88,27.6,24.44,10.58,281.82,1,136.27,0.0,13.68,2.93,0.3
2020-05-19 08:05:00,466.88,28.0,24.44,10.5,279.23,1,141.27,4.0,18.68,2.88,1.3
2020-05-19 08:10:00,466.88,28.0,24.44,10.6,296.42,1,146.27,9.0,23.68,4.42,0.3
2020-05-19 08:15:00,466.88,28.0,24.44,10.74,292.99,1,151.27,14.0,28.68,1.1,1.8
2020-05-19 08:20:00,466.88,28.0,24.44,10.91,232.19,1,156.27,19.0,33.68,2.48,0.3
2020-05-19 08:25:00,466.88,28.0,24.44,10.98,792.45,1,161.27,24.0,38.68,0.88,0.28
2020-05-19 08:30:00,466.88,27.2,24.44,11.08,1040.13,1,166.27,1.98,43.68,0.0,0.28
2020-05-19 08:35:00,466.88,27.0,24.44,11.2,782.46,1,171.27,6.98,48.68,1.93,0.28
2020-05-19 08:40:00,466.88,27.0,24.52,11.15,419.65,1,176.27,11.98,3.65,2.4,0.28
2020-05-19 08:45:00,466.88,27.0,24.54,11.18,673.28,1,181.27,16.98,8.65,0.82,0.28
2020-05-19 08:50:00,466.88,27.0,24.54,11.46,629.95,1,186.27,21.98,13.65,2.5,0.28
2020-05-19 08:55:00,466.88,26.6,24.54,11.61,558.46,1,191.27,1.97,18.65,0.87,0.27
2020-05-19 09:00:00,466.88,26.6,24.54,11.85,510.02,1,196.27,1.8,23.65,2.73,0.27
2020-05-19 09:05:00,466.88,26.2,24.54,11.78,501.44,1,201.27,1.3,28.65,1.22,0.27
2020-05-19 09:10:00,466.88,26.2,24.54,11.8,446.78,0,206.27,0.3,33.65,2.02,0.27
2020-05-19 09:15:00,460.35,27.0,24.54,11.61,387.65,0,2.3,0.45,38.65,1.08,0.77
2020-05-19 09:20:00,456.0,26.2,24.54,11.73,400.19,0,7.3,0.28,43.65,0.48,0.43
2020-05-19 09:25:00,464.7,25.2,24.54,11.9,349.25,1,3.13,0.45,48.65,0.12,0.42
2020-05-19 09:30:00,495.3,24.8,24.54,11.85,271.46,1,1.12,0.28,53.65,2.13,2.42
2020-05-19 09:35:00,492.54,25.8,24.54,11.85,296.64,1,0.12,0.95,58.65,1.02,0.42
2020-05-19 09:40:00,466.88,24.4,24.54,11.85,318.88,1,5.12,0.93,63.65,0.05,0.42
2020-05-19 09:45:00,466.88,24.0,24.54,12.04,294.24,1,10.12,1.27,68.65,4.17,1.42
2020-05-19 09:50:00,466.88,24.6,24.54,11.99,270.4,1,15.12,1.27,73.65,1.6,1.4
2020-05-19 09:55:00,472.9,23.6,24.5,11.87,229.41,1,1.1,0.77,1.1,1.07,0.9
2020-05-19 10:00:00,492.74,23.0,24.44,11.82,202.27,1,0.1,4.77,6.1,3.1,3.4
2020-05-19 10:05:00,507.84,23.6,24.44,11.9,190.02,1,5.1,2.77,11.1,0.27,3.9
2020-05-19 10:10:00,495.04,24.0,24.44,11.85,204.61,1,3.1,0.25,16.1,0.58,0.4
2020-05-19 10:15:00,491.84,24.2,24.44,11.94,307.84,1,8.1,0.25,21.1,1.55,0.4
2020-05-19 10:20:00,491.84,26.2,24.44,11.99,347.42,1,13.1,1.75,26.1,1.67,0.38
2020-05-19 10:25:00,491.84,27.0,24.44,12.06,432.06,1,18.1,0.25,31.1,0.27,0.38
2020-05-19 10:30:00,491.84,27.0,24.44,12.06,361.22,1,23.1,5.25,36.1,1.63,0.38
2020-05-19 10:35:00,485.82,27.0,24.44,12.04,547.78,1,1.08,10.25,41.1,0.68,0.38
2020-05-19 10:40:00,476.8,26.2,24.44,12.42,336.0,1,6.08,0.07,46.1,0.95,0.87
2020-05-19 10:45:00,476.8,25.4,24.44,12.32,141.42,1,11.08,0.23,51.1,1.35,1.87
2020-05-19 10:50:00,476.8,24.4,24.22,12.18,502.35,1,16.08,0.07,1.23,0.45,0.37
2020-05-19 10:55:00,474.62,26.0,23.9,12.18,621.09,1,0.07,1.07,4.9,0.7,0.37
2020-05-19 11:00:00,465.92,25.8,23.82,12.33,198.22,1,5.07,0.23,0.72,0.17,2.37
2020-05-19 11:05:00,465.92,26.4,22.95,11.7,109.44,1,10.07,1.22,0.22,0.5,3.37
2020-05-19 11:10:00,465.92,28.4,22.72,11.1,27.0,1,15.07,2.72,0.72,0.1,4.85
2020-05-19 11:15:00,468.29,27.6,23.19,10.79,35.0,1,0.05,1.72,0.88,1.63,3.02
2020-05-19 11:20:00,486.08,28.0,23.52,10.53,48.0,1,0.05,4.72,1.38,2.4,4.52
2020-05-19 11:25:00,498.88,28.0,23.75,10.58,59.8,1,5.05,9.72,3.38,3.67,0.02
2020-05-19 11:30:00,501.89,28.0,23.92,10.48,65.0,1,0.05,14.72,1.87,1.4,4.02
2020-05-19 11:35:00,526.02,28.0,24.0,10.24,65.0,1,0.05,19.72,6.87,0.67,9.02
2020-05-19 11:40:00,546.24,28.0,24.0,10.17,58.4,1,1.05,24.72,11.87,0.45,2.5
2020-05-19 11:45:00,560.06,28.0,24.0,10.26,54.0,1,2.03,29.72,16.87,0.15,7.5
2020-05-19 11:50:00,564.8,28.0,24.0,10.26,54.0,1,7.03,34.72,21.87,3.7,12.5
2020-05-19 11:55:00,557.7,27.6,24.07,10.31,46.0,1,2.03,1.7,2.7,0.93,3.5
2020-05-19 12:00:00,552.96,27.0,24.12,10.67,44.0,1,7.03,6.7,7.7,0.6,8.5
2020-05-19 12:05:00,546.18,27.0,24.19,10.5,44.0,1,1.03,11.7,2.68,3.43,13.5
2020-05-19 12:10:00,503.04,27.0,24.26,10.67,44.0,1,0.02,16.7,0.68,2.98,18.5
2020-05-19 12:15:00,481.6,25.8,24.34,10.58,41.41,1,1.02,2.02,5.68,1.25,1.48
2020-05-19 12:20:00,467.2,25.0,24.34,10.14,25.0,1,2.02,7.02,10.68,1.25,6.48
2020-05-19 12:25:00,468.86,25.0,24.34,9.42,29.4,1,2.02,12.02,15.68,1.02,1.98
2020-05-19 12:30:00,472.96,25.0,24.34,9.3,66.6,1,7.02,17.02,20.68,1.58,0.47
2020-05-19 12:35:00,472.96,25.0,24.34,9.47,73.01,1,12.02,22.02,25.68,0.62,2.97
2020-05-19 12:40:00,475.33,25.4,24.34,9.16,65.0,1,0.0,0.67,30.68,0.83,7.97
2020-05-19 12:45:00,484.8,27.0,24.34,9.13,56.4,1,5.0,5.67,35.68,2.75,0.47
2020-05-19 12:50:00,484.8,27.0,24.34,9.06,44.0,1,10.0,10.67,40.68,4.58,5.47
2020-05-19 12:55:00,522.05,27.8,24.34,9.11,46.2,1,0.0,3.65,45.68,2.83,0.95
2020-05-19 13:00:00,566.59,28.0,24.34,9.06,55.0,1,2.98,8.65,50.68,3.42,5.95
2020-05-19 13:05:00,578.88,27.6,24.38,9.08,46.2,1,0.98,1.82,1.98,0.0,3.45
2020-05-19 13:10:00,553.66,27.4,24.44,9.81,82.42,1,2.98,2.82,6.98,0.05,0.62
2020-05-19 13:15:00,548.8,27.8,24.44,10.77,91.83,1,7.98,0.8,11.98,0.08,3.12
2020-05-19 13:20:00,554.43,27.4,24.46,11.68,84.62,1,0.97,2.8,0.97,0.12,1.6
2020-05-19 13:25:00,515.07,27.0,24.54,10.79,79.82,1,1.97,7.8,5.97,0.62,2.1
2020-05-19 13:30:00,498.88,27.0,24.54,10.74,66.81,1,6.97,12.8,10.97,0.05,0.6
2020-05-19 13:35:00,485.38,27.0,24.54,10.12,50.8,1,0.13,17.8,15.97,0.08,1.6
2020-05-19 13:40:00,481.66,27.2,24.54,10.07,37.0,1,0.13,2.78,20.97,2.92,0.08
2020-05-19 13:45:00,508.16,27.4,24.54,9.79,29.0,1,3.12,2.78,25.97,0.48,5.08
2020-05-19 13:50:00,503.04,27.4,24.54,9.14,31.2,1,2.12,0.78,30.97,0.75,0.08
2020-05-19 13:55:00,497.92,27.4,24.46,8.94,40.0,1,7.12,1.78,3.95,0.48,5.08
2020-05-19 14:00:00,497.92,27.2,24.44,8.82,42.0,1,12.12,3.78,8.95,0.65,0.58
2020-05-19 14:05:00,477.44,27.0,24.44,8.72,67.2,1,1.12,8.78,13.95,0.12,0.07
2020-05-19 14:10:00,473.09,27.2,24.44,9.57,58.0,1,1.1,2.77,18.95,3.22,2.07
2020-05-19 14:15:00,483.84,27.0,24.44,9.65,50.4,1,6.1,7.77,23.95,0.52,1.57
2020-05-19 14:20:00,483.84,27.0,24.44,9.55,55.0,1,11.1,12.77,28.95,0.18,6.57
2020-05-19 14:25:00,475.2,27.2,24.44,9.46,43.0,1,0.1,0.77,33.95,1.2,0.55
2020-05-19 14:30:00,482.88,27.0,24.44,9.0,35.0,1,5.1,5.77,38.95,2.63,5.55
2020-05-19 14:35:00,482.88,27.0,24.44,9.09,55.0,1,10.1,10.77,43.95,0.48,1.05
2020-05-19 14:40:00,490.3,27.4,24.34,9.32,60.6,1,0.08,0.75,4.92,1.15,1.05
2020-05-19 14:45:00,506.88,27.6,24.34,9.28,46.0,1,5.08,2.75,9.92,1.15,2.55
2020-05-19 14:50:00,512.9,28.0,24.22,9.16,41.2,1,1.08,7.75,1.9,0.57,3.05
2020-05-19 14:55:00,526.66,28.0,24.14,9.04,38.0,1,1.08,12.75,6.9,0.58,2.03
2020-05-19 15:00:00,533.76,27.8,24.24,8.84,26.0,1,6.08,0.73,4.9,2.25,3.53
2020-05-19 15:05:00,522.05,27.8,24.34,8.42,24.0,1,0.08,3.73,4.9,3.03,8.53
2020-05-19 15:10:00,503.04,27.8,24.34,8.4,24.0,1,2.07,2.73,9.9,0.73,13.53
2020-05-19 15:15:00,512.45,28.0,24.34,8.51,24.0,1,0.07,7.73,14.9,1.32,18.53
2020-05-19 15:20:00,524.48,28.0,24.34,8.33,24.0,1,1.07,12.73,19.9,1.4,23.53
2020-05-19 15:25:00,520.38,28.0,24.34,8.4,24.0,1,0.07,17.73,24.9,0.95,28.53
2020-05-19 15:30:00,525.63,27.4,24.34,8.48,24.0,1,1.07,0.72,29.9,0.72,33.53
2020-05-19 15:35:00,509.06,27.4,24.34,8.26,24.0,1,3.05,0.72,34.9,4.07,38.53
2020-05-19 15:40:00,496.13,27.2,24.34,8.16,24.0,1,2.05,0.72,39.9,3.35,43.53
2020-05-19 15:45:00,488.96,27.4,24.34,8.23,24.0,1,7.05,0.72,44.9,3.08,48.53
2020-05-19 15:50:00,486.72,27.0,24.34,8.26,24.0,1,0.05,4.72,49.9,8.08,53.53
2020-05-19 15:55:00,473.41,27.0,24.34,8.33,24.0,1,1.03,9.72,54.9,2.48,58.53
2020-05-19 16:00:00,466.88,27.0,24.34,8.38,20.0,1,6.03,14.72,59.9,7.48,1.67
2020-05-19 16:05:00,466.88,27.0,24.34,8.38,14.0,1,11.03,19.72,64.9,12.48,6.67
2020-05-19 16:10:00,473.98,27.0,24.34,8.28,14.0,1,2.03,24.72,69.9,3.12,11.67
2020-05-19 16:15:00,478.72,27.0,24.34,8.36,14.0,1,7.03,29.72,74.9,3.47,16.67
2020-05-19 16:20:00,489.22,27.6,24.28,8.38,14.0,1,0.02,2.68,2.85,8.47,21.67
2020-05-19 16:25:00,535.74,28.0,24.18,8.38,14.0,1,2.02,7.68,2.85,13.47,26.67
2020-05-19 16:30:00,545.92,28.0,24.14,8.38,14.0,1,7.02,12.68,7.85,18.47,31.67
2020-05-19 16:35:00,545.92,28.0,24.14,8.38,14.0,1,12.02,17.68,12.85,23.47,36.67
2020-05-19 16:40:00,541.44,28.0,24.14,8.38,14.0,1,1.02,22.68,17.85,28.47,41.67
2020-05-19 16:45:00,534.72,28.0,24.14,8.5,14.0,1,6.02,27.68,22.85,4.57,46.67
2020-05-19 16:50:00,529.22,28.0,24.09,8.43,14.0,1,1.02,32.68,1.83,2.4,51.67
2020-05-19 16:55:00,506.11,28.0,24.02,8.21,14.0,1,1.0,37.68,6.83,1.67,56.67
2020-05-19 17:00:00,496.96,28.0,24.02,8.13,0.0,1,6.0,42.68,11.83,6.67,4.63
2020-05-19 17:05:00,496.96,28.0,24.02,8.08,0.0,1,11.0,47.68,16.83,1.63,9.63
2020-05-19 17:10:00,488.0,28.2,23.98,8.01,0.0,0,3.0,3.5,1.82,6.63,14.63
2020-05-19 17:15:00,485.76,28.0,23.92,7.91,0.0,0,8.0,8.5,6.82,3.48,19.63
2020-05-19 17:20:00,485.76,28.0,23.92,7.89,0.0,0,13.0,13.5,11.82,8.48,24.63
2020-05-19 17:25:00,474.88,27.2,23.86,7.89,0.0,0,4.98,0.15,2.82,13.48,29.63
2020-05-19 17:30:00,474.88,27.6,23.82,7.89,0.0,0,9.98,0.13,7.82,18.48,34.63
2020-05-19 17:35:00,474.88,27.8,23.82,7.84,0.0,0,14.98,2.13,12.82,1.92,39.63
2020-05-19 17:40:00,474.88,27.4,23.82,7.76,0.0,0,19.98,2.13,17.82,6.92,44.63
2020-05-19 17:45:00,474.88,27.0,23.82,7.71,0.0,0,24.98,7.13,22.82,1.5,49.63
2020-05-19 17:50:00,460.8,27.0,23.82,7.64,0.0,0,4.97,12.13,27.82,6.5,54.63
2020-05-19 17:55:00,460.8,27.0,23.82,7.64,0.0,0,9.97,17.13,32.82,11.5,59.63
2020-05-19 18:00:00,460.8,27.0,23.82,7.64,0.0,0,14.97,22.13,37.82,16.5,64.63
2020-05-19 18:05:00,460.8,27.0,23.82,7.52,0.0,0,19.97,27.13,42.82,4.95,69.63
2020-05-19 18:10:00,460.8,27.0,23.82,7.44,0.0,0,24.97,32.13,47.82,2.25,74.63
2020-05-19 18:15:00,460.8,27.0,23.82,7.32,0.0,0,29.97,37.13,52.82,2.77,79.63
2020-05-19 18:20:00,460.8,27.0,23.8,7.14,0.0,0,34.97,42.13,0.93,4.9,84.63
2020-05-19 18:25:00,460.8,27.0,23.72,7.22,0.0,0,39.97,47.13,5.93,2.73,89.63
2020-05-19 18:30:00,460.8,27.0,23.72,7.27,0.0,0,44.97,52.13,10.93,7.73,94.63
2020-05-19 18:35:00,460.8,27.0,23.72,7.02,0.0,0,49.97,57.13,15.93,0.48,99.63
2020-05-19 18:40:00,460.8,27.0,23.72,6.44,0.0,1,54.97,62.13,20.93,0.32,104.63
2020-05-19 18:45:00,460.8,27.4,23.72,6.26,0.0,1,59.97,1.27,25.93,5.32,109.63
2020-05-19 18:50:00,460.8,28.0,23.65,6.34,0.0,1,64.97,6.27,2.58,2.12,114.63
2020-05-19 18:55:00,460.8,28.0,23.6,6.44,0.0,1,69.97,11.27,7.58,1.6,119.63
2020-05-19 19:00:00,460.8,28.0,23.6,6.52,0.0,1,74.97,16.27,12.58,6.6,124.63
2020-05-19 19:05:00,460.8,28.0,23.6,6.42,0.0,1,79.97,21.27,17.58,3.88,129.63
2020-05-19 19:10:00,460.8,28.0,23.6,6.39,0.0,0,84.97,26.27,22.58,8.88,134.63
2020-05-19 19:15:00,460.8,28.0,23.6,6.39,0.0,0,89.97,31.27,27.58,13.88,139.63
2020-05-19 19:20:00,460.8,28.0,23.6,6.42,0.0,0,94.97,36.27,32.58,0.12,144.63
2020-05-19 19:25:00,460.8,28.0,23.6,6.52,0.0,0,99.97,41.27,37.58,5.12,149.63
2020-05-19 19:30:00,460.8,28.0,23.6,6.52,0.0,0,104.97,46.27,42.58,10.12,154.63
2020-05-19 19:35:00,460.8,28.0,23.6,6.36,0.0,0,109.97,51.27,47.58,0.72,159.63
2020-05-19 19:40:00,460.8,28.0,23.52,6.26,0.0,1,114.97,56.27,3.57,5.72,164.63
2020-05-19 19:45:00,467.52,28.0,23.5,6.26,0.0,1,2.23,61.27,8.57,10.72,169.63
2020-05-19 19:50:00,465.86,28.0,23.45,6.29,0.0,1,2.23,66.27,1.55,0.57,174.63
2020-05-19 19:55:00,504.32,28.0,23.31,6.52,0.0,1,2.22,71.27,2.55,1.08,179.63
2020-05-19 20:00:00,518.53,28.0,23.26,6.64,0.0,1,2.22,76.27,7.55,6.08,184.63
2020-05-19 20:05:00,537.22,28.0,23.26,6.64,0.0,1,3.22,81.27,12.55,11.08,189.63
2020-05-19 20:10:00,552.96,28.0,23.24,6.64,0.0,1,4.22,86.27,0.7,16.08,194.63
2020-05-19 20:15:00,548.48,28.2,23.16,6.47,0.0,1,1.72,0.2,5.7,1.78,199.63
2020-05-19 20:20:00,552.0,28.0,23.16,6.57,0.0,1,4.72,4.2,10.7,2.05,204.63
2020-05-19 20:25:00,554.56,28.4,23.16,6.64,0.0,1,0.7,0.2,15.7,7.05,209.63
2020-05-19 20:30:00,564.8,28.8,23.16,6.59,0.0,1,5.7,3.2,20.7,1.95,214.63
2020-05-19 20:35:00,576.96,29.0,23.16,6.44,0.0,1,4.7,8.2,25.7,2.75,219.63
2020-05-19 20:40:00,576.96,29.0,23.2,6.39,0.0,1,9.7,13.2,1.68,7.75,224.63
2020-05-19 20:45:00,588.8,29.0,23.26,6.39,0.0,1,4.68,18.2,6.68,12.75,229.63
2020-05-19 20:50:00,588.8,29.0,23.26,6.26,0.0,1,9.68,23.2,11.68,0.87,234.63
2020-05-19 20:55:00,588.8,29.0,23.26,6.11,0.0,1,14.68,28.2,16.68,0.05,239.63
2020-05-19 21:00:00,591.04,29.0,23.26,6.01,0.0,1,0.85,33.2,21.68,5.05,244.63
2020-05-19 21:05:00,600.0,29.0,23.26,5.98,0.0,1,5.85,38.2,26.68,0.45,249.63
2020-05-19 21:10:00,600.0,29.0,23.26,5.88,0.0,0,10.85,43.2,31.68,5.45,254.63
2020-05-19 21:15:00,600.0,29.0,23.26,5.98,0.0,0,15.85,48.2,36.68,3.15,259.63
2020-05-19 21:20:00,600.0,29.0,23.26,5.88,0.0,0,20.85,53.2,41.68,4.08,264.63
2020-05-19 21:25:00,600.0,29.0,23.26,5.88,0.0,0,25.85,58.2,46.68,9.08,269.63
2020-05-19 21:30:00,600.0,29.0,23.26,5.96,0.0,0,30.85,63.2,51.68,2.43,274.63
2020-05-19 21:35:00,595.14,29.0,23.26,5.93,0.0,0,1.82,68.2,56.68,2.07,279.63
2020-05-19 21:40:00,587.84,29.0,23.26,5.86,0.0,0,6.82,73.2,61.68,0.42,284.63
2020-05-19 21:45:00,598.72,29.0,23.36,5.76,0.0,0,4.82,78.2,4.63,5.42,289.63
2020-05-19 21:50:00,600.77,29.0,23.36,5.65,0.0,1,0.82,83.2,9.63,0.62,294.63
2020-05-19 21:55:00,624.06,29.0,23.36,5.48,0.0,1,1.8,88.2,14.63,1.68,299.63
2020-05-19 22:00:00,632.96,29.0,23.36,5.31,0.0,1,6.8,93.2,19.63,3.18,304.63
2020-05-19 22:05:00,632.96,29.0,23.36,5.24,0.0,1,11.8,98.2,24.63,1.0,309.63
2020-05-19 22:10:00,627.33,29.0,23.36,5.18,0.0,1,1.8,103.2,29.63,6.0,314.63
2020-05-19 22:15:00,618.88,29.0,23.36,5.11,0.0,1,6.8,108.2,34.63,2.13,319.63
2020-05-19 22:20:00,616.45,29.8,23.36,5.06,0.0,1,0.78,2.12,39.63,7.13,324.63
2020-05-19 22:25:00,606.72,29.8,23.36,5.06,0.0,1,5.78,3.12,44.63,12.13,329.63
2020-05-19 22:30:00,606.72,30.0,23.36,5.01,0.0,1,10.78,8.12,49.63,2.32,334.63
2020-05-19 22:35:00,606.72,30.0,23.36,5.06,0.0,1,15.78,13.12,54.63,7.32,339.63
2020-05-19 22:40:00,606.72,30.0,23.36,5.06,0.0,0,20.78,18.12,59.63,12.32,344.63
2020-05-19 22:45:00,611.58,30.0,23.43,4.62,0.0,0,1.77,23.12,2.1,1.22,349.63
2020-05-19 22:50:00,618.88,30.0,23.48,4.44,0.0,0,6.77,28.12,7.1,6.22,354.63
2020-05-19 22:55:00,618.88,30.0,23.48,4.34,0.0,1,11.77,33.12,12.1,3.8,359.63
2020-05-19 23:00:00,618.88,30.4,23.48,4.26,0.0,1,16.77,1.93,17.1,1.83,364.63
2020-05-19 23:05:00,633.98,30.0,23.48,4.16,0.0,1,3.77,4.93,22.1,0.32,369.63
2020-05-19 23:10:00,650.88,30.0,23.48,4.03,0.0,1,4.77,9.93,27.1,0.38,374.63
2020-05-19 23:15:00,630.78,29.8,23.48,3.89,0.0,1,1.75,0.42,32.1,1.07,379.63
2020-05-19 23:20:00,619.39,29.4,23.48,3.83,0.0,1,0.75,2.42,37.1,6.07,384.63
2020-05-19 23:25:00,609.92,29.0,23.48,3.93,0.0,1,5.75,7.42,42.1,4.78,389.63
2020-05-19 23:30:00,609.92,29.0,23.48,4.03,0.0,1,10.75,12.42,47.1,0.97,394.63
2020-05-19 23:35:00,609.92,29.0,23.48,4.44,0.0,1,15.75,17.42,52.1,0.0,399.63
2020-05-19 23:40:00,607.68,29.0,23.48,4.16,0.0,1,0.73,22.42,57.1,0.98,404.63
2020-05-19 23:45:00,598.72,29.0,23.48,3.87,0.0,1,5.73,27.42,62.1,2.38,409.63
2020-05-19 23:50:00,598.72,29.0,23.48,3.66,0.0,1,10.73,32.42,67.1,1.83,414.63
2020-05-19 23:55:00,598.72,29.0,23.48,3.71,0.0,1,15.73,37.42,72.1,0.7,419.63
2020-05-20 00:00:00,598.72,29.0,23.48,3.75,0.0,0,20.73,42.42,77.1,2.22,424.63
2020-05-20 00:05:00,598.72,29.0,23.48,3.83,0.0,0,25.73,47.42,82.1,4.38,429.63
2020-05-20 00:10:00,603.97,29.0,23.48,3.83,0.0,1,1.73,52.42,87.1,9.38,434.63
2020-05-20 00:15:00,611.84,29.0,23.48,3.8,0.0,1,6.73,57.42,92.1,0.28,439.63
2020-05-20 00:20:00,611.84,29.0,23.48,3.7,0.0,1,11.73,62.42,97.1,5.28,444.63
2020-05-20 00:25:00,614.46,28.6,23.48,3.86,0.0,1,0.72,0.38,102.1,0.67,449.63
2020-05-20 00:30:00,624.96,28.8,23.48,3.8,0.0,1,5.72,0.37,107.1,0.5,454.63
2020-05-20 00:35:00,616.0,28.4,23.48,3.73,0.0,0,3.72,0.37,112.1,3.48,459.63
2020-05-20 00:40:00,613.76,29.0,23.48,3.55,0.0,1,8.72,5.37,117.1,1.25,464.63
2020-05-20 00:45:00,628.8,28.6,23.48,3.5,0.0,1,4.7,1.37,122.1,0.15,469.63
2020-05-20 00:50:00,628.8,28.2,23.48,3.48,0.0,1,9.7,2.37,127.1,0.08,474.63
2020-05-20 00:55:00,628.8,28.2,23.48,3.41,0.0,1,14.7,0.35,132.1,1.08,479.63
2020-05-20 01:00:00,639.55,29.0,23.48,3.47,0.0,1,2.68,5.35,137.1,4.22,484.63
2020-05-20 01:05:00,640.32,28.4,23.48,3.38,0.0,1,1.68,0.52,142.1,0.28,489.63
2020-05-20 01:10:00,606.34,28.0,23.48,3.24,0.0,1,0.68,4.52,147.1,5.28,494.63
2020-05-20 01:15:00,581.06,28.0,23.48,3.14,0.0,1,1.68,9.52,152.1,3.93,499.63
2020-05-20 01:20:00,573.76,28.0,23.48,3.31,0.0,1,6.68,14.52,157.1,1.55,504.63
2020-05-20 01:25:00,573.76,28.0,23.48,3.62,0.0,1,11.68,19.52,162.1,2.78,509.63
2020-05-20 01:30:00,573.76,28.0,23.48,3.69,0.0,1,16.68,24.52,167.1,0.9,514.63
2020-05-20 01:35:00,573.76,28.0,23.48,3.5,0.0,1,21.68,29.52,172.1,0.12,519.63
2020-05-20 01:40:00,573.76,28.0,23.48,3.29,0.0,0,26.68,34.52,177.1,0.57,524.63
2020-05-20 01:45:00,573.76,28.0,23.48,3.34,0.0,0,31.68,39.52,182.1,0.27,529.63
2020-05-20 01:50:00,562.75,28.0,23.48,3.5,0.0,0,3.82,44.52,187.1,0.8,534.63
2020-05-20 01:55:00,560.0,28.0,23.48,3.57,0.0,0,8.82,49.52,192.1,0.07,539.63
2020-05-20 02:00:00,553.86,28.0,23.48,3.43,0.0,0,1.82,54.52,197.1,1.8,544.63
2020-05-20 02:05:00,560.0,28.0,23.48,3.29,0.0,0,6.82,59.52,202.1,1.1,549.63
2020-05-20 02:10:00,560.0,28.0,23.48,3.34,0.0,0,11.82,64.52,207.1,0.53,554.63
2020-05-20 02:15:00,572.93,28.4,23.48,3.55,0.0,1,0.8,1.47,212.1,2.7,559.63
2020-05-20 02:20:00,624.0,28.6,23.48,3.67,0.0,1,1.8,1.47,217.1,0.13,564.63
2020-05-20 02:25:00,629.06,28.4,23.48,3.93,0.0,1,0.8,2.47,222.1,4.58,569.63
2020-05-20 02:30:00,601.47,28.0,23.48,3.96,0.0,1,0.8,7.47,227.1,1.25,574.63
2020-05-20 02:35:00,590.66,28.0,23.48,3.77,0.0,1,0.8,12.47,232.1,2.03,579.63
2020-05-20 02:40:00,613.95,28.0,23.48,3.92,0.0,1,3.8,17.47,237.1,1.48,584.63
2020-05-20 02:45:00,598.72,28.0,23.48,4.14,0.0,1,4.78,22.47,242.1,0.12,589.63
2020-05-20 02:50:00,610.75,28.0,23.48,4.19,0.0,1,3.78,27.47,247.1,4.1,594.63
2020-05-20 02:55:00,607.74,28.0,23.48,3.98,0.0,1,1.78,32.47,252.1,2.58,599.63
2020-05-20 03:00:00,585.92,28.0,23.48,4.06,0.0,1,3.78,37.47,257.1,4.0,604.63
2020-05-20 03:05:00,582.72,28.0,23.48,4.11,0.0,1,8.78,42.47,262.1,1.1,609.63
2020-05-20 03:10:00,582.72,27.4,23.48,4.29,0.0,1,13.78,0.6,267.1,3.07,614.63
2020-05-20 03:15:00,582.72,27.0,23.48,4.36,0.0,0,18.78,5.6,272.1,1.88,619.63
2020-05-20 03:20:00,576.83,27.0,23.48,4.6,0.0,0,1.77,10.6,277.1,0.0,624.63
2020-05-20 03:25:00,559.81,27.0,23.48,4.74,0.0,0,3.77,15.6,282.1,1.7,629.63
2020-05-20 03:30:00,557.76,27.0,23.48,4.93,0.0,0,8.77,20.6,287.1,4.87,634.63
2020-05-20 03:35:00,557.76,27.0,23.48,4.98,0.0,0,13.77,25.6,292.1,1.48,639.63
2020-05-20 03:40:00,568.0,27.0,23.48,5.13,0.0,0,4.75,30.6,297.1,2.75,644.63
2020-05-20 03:45:00,558.27,27.0,23.48,5.33,0.0,1,3.75,35.6,302.1,1.7,649.63
2020-05-20 03:50:00,558.27,27.0,23.48,5.51,0.0,1,0.75,40.6,307.1,3.27,654.63
2020-05-20 03:55:00,570.18,27.0,23.48,5.56,2.8,1,0.73,45.6,312.1,1.6,0.7
2020-05-20 04:00:00,585.28,27.2,23.48,5.56,0.0,1,1.73,3.73,317.1,0.8,5.7
2020-05-20 04:05:00,594.88,27.0,23.48,5.74,0.0,1,6.73,8.73,322.1,3.58,10.7
2020-05-20 04:10:00,583.62,27.0,23.48,5.72,0.0,1,3.73,13.73,327.1,0.1,15.7
2020-05-20 04:15:00,595.84,27.0,23.48,5.86,2.0,1,4.73,18.73,332.1,3.08,0.7
2020-05-20 04:20:00,595.84,27.0,23.48,6.01,54.8,1,9.73,23.73,337.1,4.35,0.18
2020-05-20 04:25:00,582.72,27.0,23.48,6.06,98.82,1,4.72,28.73,342.1,0.28,1.68
2020-05-20 04:30:00,592.45,27.0,23.48,6.11,130.61,1,3.72,33.73,347.1,3.4,0.35
2020-05-20 04:35:00,594.88,27.0,23.48,6.21,179.25,1,8.72,38.73,352.1,2.38,2.35
2020-05-20 04:40:00,580.54,27.0,23.48,6.47,431.23,1,3.72,43.73,357.1,2.38,0.33
2020-05-20 04:45:00,589.06,27.0,23.54,6.74,1444.35,1,0.7,48.73,2.03,3.35,0.33
2020-05-20 04:50:00,601.92,27.0,23.58,6.92,1632.0,1,5.7,53.73,7.03,0.0,0.33
2020-05-20 04:55:00,604.1,27.4,23.7,6.89,1733.38,1,0.7,2.7,4.03,3.03,0.33
2020-05-20 05:00:00,594.5,26.2,23.78,6.84,1903.87,1,0.7,0.2,0.37,1.3,0.83
2020-05-20 05:05:00,532.29,26.6,23.35,6.77,1928.96,1,0.7,0.2,0.02,6.3,0.83
2020-05-20 05:10:00,501.82,26.8,22.69,6.99,1913.09,1,1.68,0.85,0.85,1.68,0.32
2020-05-20 05:15:00,489.98,27.2,22.23,7.14,1876.48,1,0.68,0.18,1.02,6.68,1.32
2020-05-20 05:20:00,478.72,27.6,21.94,7.34,1858.82,1,5.68,0.35,4.52,0.83,0.82
2020-05-20 05:25:00,478.72,27.8,21.78,7.22,1811.2,1,10.68,2.35,0.33,0.93,1.82
2020-05-20 05:30:00,478.72,27.4,21.86,7.24,1750.02,1,15.68,3.85,5.33,0.45,1.32
2020-05-20 05:35:00,478.72,27.8,21.79,7.37,1701.12,1,20.68,0.83,2.33,0.95,0.3
2020-05-20 05:40:00,478.72,27.4,21.58,7.52,1693.18,1,25.68,1.83,1.0,1.6,0.3
2020-05-20 05:45:00,466.88,27.8,21.5,7.54,1712.9,1,4.67,0.83,6.0,0.47,0.3
2020-05-20 05:50:00,466.88,28.0,21.5,7.76,1685.76,1,9.67,5.83,11.0,0.05,0.3
2020-05-20 05:55:00,466.88,27.4,21.5,7.59,1644.8,1,14.67,1.0,16.0,0.92,0.3
2020-05-20 06:00:00,466.88,28.0,21.38,7.93,1545.47,1,19.67,4.98,0.82,0.9,0.3
2020-05-20 06:05:00,466.88,28.0,21.15,7.79,1558.78,1,24.67,9.98,2.32,3.03,1.3
2020-05-20 06:10:00,471.23,27.6,20.96,8.11,1582.59,1,1.65,0.98,1.65,0.7,0.28
2020-05-20 06:15:00,475.58,27.8,20.86,8.26,1288.7,1,0.65,1.98,0.65,1.57,0.28
2020-05-20 06:20:00,466.88,27.8,21.01,8.13,1515.52,1,5.65,1.98,2.65,6.57,0.78
2020-05-20 06:25:00,466.88,28.0,21.17,8.44,1527.3,1,10.65,6.98,3.63,1.1,0.78
2020-05-20 06:30:00,466.88,27.4,21.2,8.43,1395.84,1,15.65,0.47,8.63,2.83,0.43
2020-05-20 06:35:00,472.9,27.0,21.26,8.38,1415.17,1,1.8,4.13,1.13,0.38,0.43
2020-05-20 06:40:00,481.92,27.0,21.67,8.75,1435.65,1,6.8,9.13,0.8,1.07,0.93
2020-05-20 06:45:00,499.65,25.8,22.08,9.2,1000.35,1,0.8,2.63,2.3,0.82,0.43
2020-05-20 06:50:00,513.92,25.0,22.36,8.89,516.9,1,5.8,7.63,2.63,0.43,0.43
2020-05-20 06:55:00,505.47,25.0,22.6,8.65,493.95,1,1.8,12.63,1.28,0.78,0.42
2020-05-20 07:00:00,525.76,25.0,22.77,8.33,542.53,1,4.8,17.63,2.12,2.15,0.42
2020-05-20 07:05:00,531.78,25.0,22.99,8.58,1286.27,1,1.78,22.63,1.12,1.23,0.42
2020-05-20 07:10:00,552.06,24.4,23.16,8.84,798.69,1,3.78,2.62,3.12,3.37,0.42
2020-05-20 07:15:00,554.88,24.0,23.35,8.86,1146.62,1,8.78,7.62,2.28,0.45,0.92
2020-05-20 07:20:00,554.88,24.0,23.55,8.86,681.82,1,13.78,12.62,1.27,0.13,0.42
2020-05-20 07:25:00,554.88,24.0,23.64,8.45,575.74,1,18.78,17.62,0.27,0.38,0.9
2020-05-20 07:30:00,554.88,24.0,23.78,8.67,886.82,1,23.78,22.62,1.6,2.9,2.4
2020-05-20 07:35:00,554.88,24.0,23.91,8.91,1131.14,1,28.78,27.62,2.6,0.2,1.9
2020-05-20 07:40:00,554.88,23.2,24.11,9.37,1111.94,1,33.78,3.93,0.6,0.97,0.4
2020-05-20 07:45:00,565.76,23.0,24.27,9.2,1093.25,1,4.77,8.93,1.58,1.13,1.4
2020-05-20 07:50:00,565.76,23.0,24.42,9.3,1085.7,1,9.77,13.93,3.08,4.12,2.4
2020-05-20 07:55:00,565.76,23.0,24.58,9.51,1097.22,1,14.77,18.93,0.25,1.02,0.88
2020-05-20 08:00:00,554.88,23.0,24.71,9.71,1089.66,1,4.75,23.93,1.25,0.85,0.38
2020-05-20 08:05:00,565.76,22.6,24.83,9.88,648.69,1,4.75,1.92,1.25,5.85,0.38
2020-05-20 08:10:00,565.76,22.0,24.97,9.81,1063.17,1,9.75,6.92,2.23,0.4,0.38
2020-05-20 08:15:00,565.76,22.0,25.09,9.93,1090.3,1,14.75,11.92,2.23,1.43,0.88
2020-05-20 08:20:00,565.76,22.0,25.22,9.88,435.78,1,19.75,16.92,3.23,0.85,0.37
2020-05-20 08:25:00,565.76,22.0,25.34,9.76,920.9,1,24.75,21.92,0.4,0.53,0.53
2020-05-20 08:30:00,549.76,21.2,25.44,9.86,903.04,1,4.73,0.4,5.4,1.33,0.53
2020-05-20 08:35:00,554.62,22.0,25.5,10.0,939.33,1,1.73,5.4,2.38,0.77,0.03
2020-05-20 08:40:00,573.76,22.0,25.6,10.12,532.83,1,4.73,10.4,1.55,1.43,0.03
2020-05-20 08:45:00,573.76,21.0,25.68,10.0,821.14,1,9.73,4.38,6.55,0.32,1.02
2020-05-20 08:50:00,573.76,21.0,25.78,10.12,948.22,1,14.73,9.38,4.55,0.9,0.02
2020-05-20 08:55:00,573.76,21.2,25.85,10.67,640.9,1,19.73,0.38,2.88,0.0,0.02
2020-05-20 09:00:00,569.41,21.0,25.98,10.34,748.7,1,1.72,4.38,3.87,1.43,0.02
2020-05-20 09:05:00,532.42,19.6,26.0,10.48,801.66,1,0.7,0.2,8.87,1.88,1.52
2020-05-20 09:10:00,481.79,18.0,26.0,10.6,844.67,1,1.7,5.2,13.87,0.43,2.52
2020-05-20 09:15:00,470.72,18.0,26.02,10.74,867.84,1,6.7,10.2,0.03,0.08,0.5
2020-05-20 09:20:00,468.54,18.0,26.1,11.03,750.78,1,0.7,15.2,5.03,1.55,0.0
2020-05-20 09:25:00,457.66,18.0,26.1,10.86,588.96,1,0.7,20.2,10.03,0.32,0.0
2020-05-20 09:30:00,448.96,18.0,26.1,10.43,539.81,0,5.7,25.2,15.03,1.6,0.5
2020-05-20 09:35:00,459.97,18.0,26.1,10.89,776.19,0,3.68,30.2,20.03,0.03,0.48
2020-05-20 09:40:00,457.6,19.2,26.1,10.65,223.04,1,1.68,2.18,25.03,2.62,1.48
2020-05-20 09:45:00,449.92,18.4,26.1,10.41,122.22,1,6.68,3.85,30.03,0.6,0.48
2020-05-20 09:50:00,449.92,19.2,26.1,10.05,171.62,1,11.68,1.35,35.03,0.78,0.48
2020-05-20 09:55:00,454.27,18.4,26.18,10.5,589.44,1,1.68,1.68,3.0,2.03,0.48
2020-05-20 10:00:00,468.48,17.2,26.2,10.91,367.04,1,1.68,0.67,8.0,0.37,0.47
2020-05-20 10:05:00,495.1,18.0,26.14,10.94,195.78,1,3.67,5.67,2.0,0.08,1.47
2020-05-20 10:10:00,512.77,18.0,26.1,10.48,217.79,1,0.67,10.67,7.0,4.45,0.47
2020-05-20 10:15:00,524.54,18.0,26.1,10.72,262.82,1,0.67,15.67,12.0,1.82,0.97
2020-05-20 10:20:00,547.58,19.6,26.1,10.89,323.65,1,3.67,2.17,17.0,1.48,0.13
2020-05-20 10:25:00,557.63,20.0,26.08,10.94,321.86,1,2.17,7.17,0.98,1.02,0.12
2020-05-20 10:30:00,578.88,20.0,26.0,10.79,234.4,1,4.17,12.17,5.98,2.03,0.62
2020-05-20 10:35:00,578.88,20.0,26.0,10.89,340.77,1,9.17,17.17,10.98,2.28,0.12
2020-05-20 10:40:00,578.88,20.0,26.0,11.03,473.41,1,14.17,22.17,15.98,0.6,1.62
2020-05-20 10:45:00,599.1,20.0,26.0,11.54,401.66,1,2.15,27.17,20.98,1.18,1.12
2020-05-20 10:50:00,592.58,20.0,26.0,11.46,183.63,1,3.15,32.17,25.98,0.77,0.1
2020-05-20 10:55:00,589.76,19.6,26.0,10.79,108.42,1,8.15,3.82,30.98,2.5,2.6
2020-05-20 11:00:00,594.24,20.0,26.0,10.31,98.43,1,1.13,8.82,35.98,2.73,0.6
2020-05-20 11:05:00,600.96,20.0,26.0,10.34,129.44,1,6.13,13.82,40.98,0.78,0.1
2020-05-20 11:10:00,589.76,20.0,26.0,10.67,407.01,1,4.13,18.82,45.98,0.27,0.1
2020-05-20 11:15:00,602.88,20.0,26.0,11.18,377.22,1,4.13,23.82,50.98,0.93,0.1
2020-05-20 11:20:00,602.88,18.4,26.0,11.3,193.42,1,9.13,2.13,55.98,0.43,0.08
2020-05-20 11:25:00,602.88,18.0,26.0,10.89,157.01,1,14.13,7.13,60.98,0.63,0.08
2020-05-20 11:30:00,602.88,18.0,26.0,11.32,324.42,1,19.13,12.13,65.98,0.4,2.08
2020-05-20 11:35:00,602.88,18.0,26.0,12.02,311.23,1,24.13,17.13,70.98,0.3,0.58
2020-05-20 11:40:00,602.88,18.0,26.0,12.11,283.2,1,29.13,22.13,75.98,0.65,0.58
2020-05-20 11:45:00,602.88,18.0,26.0,11.92,253.6,1,34.13,27.13,80.98,0.23,0.07
2020-05-20 11:50:00,602.88,20.4,26.06,11.58,147.84,1,39.13,1.6,2.1,0.75,3.07
2020-05-20 11:55:00,583.62,20.8,26.18,11.18,166.83,1,1.27,1.6,3.1,2.5,0.07
2020-05-20 12:00:00,532.1,21.0,26.2,11.03,151.04,1,2.27,6.6,8.1,2.43,0.07
2020-05-20 12:05:00,514.37,21.0,26.2,11.08,190.22,1,3.27,0.93,13.1,1.1,1.57
2020-05-20 12:10:00,503.04,21.0,26.2,11.58,238.98,1,3.27,0.1,18.1,1.0,3.07
2020-05-20 12:15:00,490.56,21.4,26.2,11.8,173.44,0,3.25,0.08,23.1,0.43,0.22
2020-05-20 12:20:00,479.81,21.4,26.2,12.02,245.25,1,3.25,0.08,28.1,0.52,0.22
2020-05-20 12:25:00,477.76,19.8,26.2,11.58,121.42,1,8.25,0.42,33.1,0.2,1.22
2020-05-20 12:30:00,477.76,19.6,26.16,11.1,108.0,1,13.25,0.08,1.08,3.88,1.22
2020-05-20 12:35:00,477.76,19.4,26.1,11.27,143.82,1,18.25,0.42,6.08,0.63,0.22
2020-05-20 12:40:00,471.23,19.6,26.1,11.92,187.42,1,2.23,1.9,11.08,0.73,1.7
2020-05-20 12:45:00,466.88,19.8,26.02,11.8,119.65,1,7.23,0.9,3.07,2.8,0.2
2020-05-20 12:50:00,466.88,17.4,25.92,12.18,177.44,1,12.23,0.07,3.07,0.1,2.2
2020-05-20 12:55:00,475.58,20.0,25.9,13.06,184.0,1,3.23,1.9,8.07,0.2,4.7
2020-05-20 13:00:00,468.29,20.4,25.9,13.56,170.08,1,3.23,0.9,13.07,0.13,4.2
2020-05-20 13:05:00,465.92,19.0,25.9,12.71,114.02,0,8.23,0.38,18.07,0.3,0.18
2020-05-20 13:10:00,465.92,18.8,25.8,11.8,131.42,0,13.23,0.05,4.55,0.2,2.18
2020-05-20 13:15:00,465.92,19.6,25.8,12.21,167.04,0,18.23,0.05,9.55,0.82,7.18
2020-05-20 13:20:00,465.92,19.6,25.75,12.35,157.04,0,23.23,0.88,1.53,0.38,4.68
2020-05-20 13:25:00,465.92,20.8,25.68,13.37,130.64,0,28.23,3.88,6.53,0.13,1.18
2020-05-20 13:30:00,465.92,21.0,25.68,13.18,106.62,0,33.23,8.88,11.53,0.42,1.67
2020-05-20 13:35:00,465.92,19.2,25.62,12.35,110.0,0,38.23,0.37,2.37,0.73,6.67
2020-05-20 13:40:00,465.92,16.2,25.41,12.14,123.62,1,43.23,0.37,1.03,3.3,1.67
2020-05-20 13:45:00,507.14,17.0,25.32,12.47,155.63,1,0.2,4.37,0.85,0.85,0.17
2020-05-20 13:50:00,522.88,17.0,25.24,12.54,122.02,1,5.2,9.37,5.85,0.48,0.15
2020-05-20 13:55:00,529.41,17.0,25.24,12.7,139.22,1,2.18,14.37,10.85,0.5,0.15
2020-05-20 14:00:00,553.66,17.0,25.2,12.92,139.62,1,3.18,19.37,1.85,1.17,0.15
2020-05-20 14:05:00,574.27,17.0,25.14,12.52,155.66,1,3.18,24.37,6.85,0.12,0.15
2020-05-20 14:10:00,590.14,17.0,25.14,12.54,86.0,1,3.18,29.37,11.85,0.6,1.15
2020-05-20 14:15:00,592.96,17.0,25.14,12.04,74.0,1,8.18,34.37,16.85,0.05,1.8
2020-05-20 14:20:00,592.96,17.0,25.14,11.99,76.4,1,13.18,39.37,21.85,2.0,3.8
2020-05-20 14:25:00,592.96,17.0,25.14,11.75,75.4,1,18.18,44.37,26.85,2.1,1.3
2020-05-20 14:30:00,603.84,17.0,25.14,11.73,91.81,1,4.17,49.37,31.85,0.07,0.3
2020-05-20 14:35:00,603.84,17.0,25.14,11.97,79.6,1,9.17,54.37,36.85,2.32,3.3
2020-05-20 14:40:00,603.84,17.0,25.14,11.97,109.2,1,14.17,59.37,41.85,2.97,3.78
2020-05-20 14:45:00,611.71,17.4,25.14,12.09,98.42,1,2.15,0.32,46.85,0.05,1.28
2020-05-20 14:50:00,616.96,17.4,25.14,11.99,90.0,1,7.15,1.32,51.85,0.7,4.78
2020-05-20 14:55:00,616.96,17.8,25.14,12.14,75.6,1,12.15,0.32,56.85,0.3,2.28
2020-05-20 15:00:00,616.96,17.8,25.14,11.92,66.0,1,17.15,2.32,61.85,1.73,7.28
2020-05-20 15:05:00,616.96,18.0,25.14,11.8,66.0,1,22.15,7.32,66.85,6.73,12.28
2020-05-20 15:10:00,640.64,18.0,25.14,11.75,66.0,1,2.15,12.32,71.85,1.17,17.28
2020-05-20 15:15:00,632.45,18.0,25.14,11.56,70.0,1,0.13,17.32,76.85,4.43,1.77
2020-05-20 15:20:00,609.98,20.0,25.18,11.56,76.0,1,1.13,4.8,1.47,9.43,6.77
2020-05-20 15:25:00,591.55,20.0,25.24,11.66,76.0,1,2.13,9.8,6.47,3.33,11.77
2020-05-20 15:30:00,562.24,19.6,25.28,11.78,94.83,1,2.13,3.63,1.45,3.63,1.77
2020-05-20 15:35:00,547.52,19.2,25.34,11.82,93.22,1,3.13,0.62,6.45,0.83,1.75
2020-05-20 15:40:00,523.39,18.0,25.34,11.92,70.0,1,2.12,0.78,11.45,5.83,0.75
2020-05-20 15:45:00,517.76,19.8,25.34,11.01,60.0,1,7.12,0.95,16.45,0.65,5.75
2020-05-20 15:50:00,509.5,20.0,25.34,10.5,54.4,1,2.12,1.12,21.45,0.47,0.25
2020-05-20 15:55:00,496.13,20.0,25.34,10.6,77.0,1,2.12,6.12,26.45,5.47,4.25
2020-05-20 16:00:00,490.88,20.0,25.24,10.67,77.0,1,7.12,11.12,4.6,0.87,9.25
2020-05-20 16:05:00,490.88,20.4,25.24,10.46,75.0,1,12.12,0.1,9.6,0.63,0.9
2020-05-20 16:10:00,490.88,20.6,25.24,10.22,61.0,1,17.12,2.1,14.6,1.73,2.9
2020-05-20 16:15:00,490.88,21.0,25.24,10.1,57.0,1,22.12,7.1,19.6,0.42,7.9
2020-05-20 16:20:00,490.88,21.0,25.24,10.07,57.0,1,27.12,12.1,24.6,2.97,12.9
2020-05-20 16:25:00,476.8,21.0,25.14,9.98,53.0,1,4.1,17.1,4.58,0.88,1.38
2020-05-20 16:30:00,476.8,21.0,25.14,9.69,47.0,1,9.1,22.1,9.58,2.7,6.38
2020-05-20 16:35:00,476.8,21.0,25.14,9.66,47.0,1,14.1,27.1,14.58,0.68,11.38
2020-05-20 16:40:00,476.8,21.0,25.09,9.72,47.0,0,19.1,32.1,1.08,0.4,16.38
2020-05-20 16:45:00,476.8,21.0,25.02,9.49,45.0,0,24.1,37.1,6.08,2.4,0.88
2020-05-20 16:50:00,476.8,21.0,24.98,9.54,35.0,0,29.1,42.1,1.07,7.4,0.37
2020-05-20 16:55:00,476.8,21.0,24.92,9.42,27.0,0,34.1,47.1,6.07,1.0,5.37
2020-05-20 17:00:00,476.8,21.6,24.92,9.18,27.0,0,39.1,2.4,11.07,4.18,10.37
2020-05-20 17:05:00,476.8,22.0,24.84,9.18,27.0,0,44.1,7.4,3.07,9.18,15.37
2020-05-20 17:10:00,476.8,22.0,24.82,9.18,27.0,1,49.1,12.4,8.07,14.18,20.37
2020-05-20 17:15:00,483.52,22.0,24.72,9.16,27.0,1,2.23,17.4,4.07,0.37,25.37
2020-05-20 17:20:00,488.0,22.0,24.72,9.0,25.0,1,7.23,22.4,9.07,2.87,0.85
2020-05-20 17:25:00,488.0,22.0,24.72,8.89,17.0,1,12.23,27.4,14.07,2.7,5.85
2020-05-20 17:30:00,493.5,25.0,24.72,8.77,17.0,1,1.22,1.38,19.07,2.88,10.85
2020-05-20 17:35:00,549.57,28.6,24.72,8.72,17.0,1,1.22,2.88,24.07,7.88,15.85
2020-05-20 17:40:00,586.43,26.8,24.72,8.72,17.0,1,3.22,1.05,29.07,12.88,20.85
2020-05-20 17:45:00,564.16,24.8,24.72,8.6,12.2,1,2.22,0.55,34.07,0.98,0.35
2020-05-20 17:50:00,541.76,23.6,24.72,8.5,0.0,1,4.22,0.38,39.07,5.98,5.35
2020-05-20 17:55:00,528.7,22.8,24.82,8.38,0.0,1,1.22,0.38,4.05,1.42,10.35
2020-05-20 18:00:00,502.72,22.0,24.82,8.26,0.0,1,1.22,5.38,9.05,6.42,15.35
2020-05-20 18:05:00,482.18,22.0,24.82,8.26,0.0,1,3.22,10.38,14.05,11.42,20.35
2020-05-20 18:10:00,480.0,22.4,24.82,8.23,0.0,1,8.22,0.37,19.05,0.63,25.35
2020-05-20 18:15:00,480.0,22.0,24.82,8.08,0.0,0,13.22,5.37,24.05,1.32,30.35
2020-05-20 18:20:00,480.0,22.0,24.74,7.94,0.0,0,18.22,10.37,3.03,2.78,35.35
2020-05-20 18:25:00,480.0,22.0,24.72,7.89,0.0,0,23.22,15.37,8.03,7.78,40.35
2020-05-20 18:30:00,480.0,22.0,24.72,7.89,0.0,0,28.22,20.37,13.03,12.78,45.35
2020-05-20 18:35:00,475.14,22.0,24.72,7.76,0.0,0,1.18,25.37,18.03,4.65,50.35
2020-05-20 18:40:00,467.84,22.0,24.62,7.76,0.0,0,6.18,30.37,3.35,9.65,55.35
2020-05-20 18:45:00,474.37,22.0,24.52,7.76,0.0,0,2.18,35.37,0.02,14.65,60.35
2020-05-20 18:50:00,470.02,23.0,22.56,7.76,0.0,1,3.18,1.35,0.5,19.65,65.35
2020-05-20 18:55:00,453.76,25.4,20.94,7.76,0.0,1,4.85,0.83,0.33,24.65,70.35
2020-05-20 19:00:00,453.76,27.6,19.82,7.81,0.0,1,9.85,2.83,0.33,1.72,75.35
2020-05-20 19:05:00,461.06,28.6,19.68,7.86,0.0,1,1.0,1.83,0.33,0.82,80.35
2020-05-20 19:10:00,485.57,28.0,20.59,7.76,0.0,1,3.0,4.83,0.32,5.82,85.35
2020-05-20 19:15:00,501.89,27.8,21.3,7.59,0.0,1,0.0,2.15,0.82,1.77,90.35
2020-05-20 19:20:00,555.9,28.0,21.8,7.52,0.0,1,0.48,7.15,1.82,6.77,95.35
2020-05-20 19:25:00,576.0,28.0,22.18,7.52,0.0,1,5.48,12.15,1.32,11.77,100.35
2020-05-20 19:30:00,576.0,28.0,22.4,7.52,0.0,1,10.48,17.15,0.32,16.77,105.35
2020-05-20 19:35:00,576.0,28.0,22.54,7.52,0.0,1,15.48,22.15,0.3,21.77,110.35
2020-05-20 19:40:00,576.0,28.0,22.62,7.52,0.0,1,20.48,27.15,5.3,26.77,115.35
2020-05-20 19:45:00,592.0,28.0,22.72,7.52,0.0,1,4.48,32.15,3.47,31.77,120.35
2020-05-20 19:50:00,589.76,28.0,22.76,7.52,0.0,1,0.47,37.15,0.47,36.77,125.35
2020-05-20 19:55:00,583.23,28.0,22.84,7.52,0.0,1,0.47,42.15,5.47,41.77,130.35
2020-05-20 20:00:00,592.96,28.0,22.92,7.52,0.0,1,5.47,47.15,3.28,46.77,135.35
2020-05-20 20:05:00,592.96,28.0,22.96,7.52,0.0,1,10.47,52.15,0.28,51.77,140.35
2020-05-20 20:10:00,592.96,28.0,23.04,7.54,0.0,1,15.47,57.15,5.28,0.73,145.35
2020-05-20 20:15:00,599.49,28.0,23.04,7.49,0.0,1,2.45,62.15,10.28,0.7,150.35
2020-05-20 20:20:00,612.29,28.4,23.04,7.39,0.0,1,2.45,0.62,15.28,5.7,155.35
2020-05-20 20:25:00,660.03,28.2,23.11,7.39,0.0,1,0.45,3.62,2.27,10.7,160.35
2020-05-20 20:30:00,700.8,28.2,23.16,7.44,0.0,1,4.45,0.6,7.27,1.6,165.35
2020-05-20 20:35:00,694.27,28.2,23.16,7.42,0.0,1,2.43,1.6,12.27,3.93,170.35
2020-05-20 20:40:00,676.99,28.0,23.16,7.39,0.0,1,0.43,6.6,17.27,8.93,175.35
2020-05-20 20:45:00,631.94,27.2,23.16,7.39,0.0,1,0.43,3.6,22.27,13.93,180.35
2020-05-20 20:50:00,584.13,27.0,23.16,7.39,0.0,1,2.43,8.6,27.27,18.93,185.35
2020-05-20 20:55:00,567.36,27.0,23.16,7.39,0.0,1,2.93,13.6,32.27,23.93,190.35
2020-05-20 21:00:00,567.23,34.4,23.1,7.27,0.0,1,0.92,0.58,1.25,4.97,195.35
2020-05-20 21:05:00,678.59,36.6,23.26,7.27,0.0,1,1.58,0.42,3.25,9.97,200.35
2020-05-20 21:10:00,680.19,36.0,23.28,7.27,0.0,1,3.58,0.42,8.25,14.97,205.35
2020-05-20 21:15:00,677.76,35.8,23.35,7.27,0.0,1,8.58,1.42,2.23,19.97,210.35
2020-05-20 21:20:00,677.76,35.2,23.4,7.27,0.0,1,13.58,0.4,7.23,24.97,215.35
2020-05-20 21:25:00,685.82,34.6,23.42,7.32,0.0,1,0.57,1.9,0.73,2.35,220.35
2020-05-20 21:30:00,710.66,34.8,23.5,7.27,0.0,1,1.57,3.9,5.73,7.35,225.35
2020-05-20 21:35:00,728.83,34.4,23.5,7.27,0.0,1,3.57,2.9,10.73,12.35,230.35
2020-05-20 21:40:00,730.88,33.8,23.6,7.27,0.0,1,8.57,0.9,4.73,17.35,235.35
2020-05-20 21:45:00,716.03,29.4,23.67,7.27,0.0,1,0.73,0.05,2.22,22.35,240.35
2020-05-20 21:50:00,632.0,28.0,23.0,7.27,0.0,1,0.73,1.55,1.05,27.35,245.35
2020-05-20 21:55:00,533.06,29.2,22.43,7.27,0.0,1,2.9,0.55,1.05,32.35,250.35
2020-05-20 22:00:00,536.7,29.0,22.61,7.19,0.0,1,0.88,4.55,3.05,2.07,255.35
2020-05-20 22:05:00,535.94,29.0,22.8,7.14,0.0,1,0.88,9.55,1.55,7.07,260.35
2020-05-20 22:10:00,573.12,29.2,22.86,7.27,0.0,1,0.88,1.55,6.55,4.9,265.35
2020-05-20 22:15:00,561.86,29.0,22.96,7.22,0.0,1,2.88,6.55,3.72,1.9,270.35
2020-05-20 22:20:00,594.69,29.0,22.98,7.17,0.0,1,0.88,11.55,8.72,0.53,275.35
2020-05-20 22:25:00,673.02,29.0,23.02,7.27,0.0,1,1.88,16.55,1.2,5.53,280.35
2020-05-20 22:30:00,691.84,29.0,23.08,7.27,0.0,1,6.88,21.55,6.2,10.53,285.35
2020-05-20 22:35:00,683.78,29.0,23.08,7.27,0.0,1,2.87,26.55,11.2,15.53,290.35
2020-05-20 22:40:00,662.4,29.0,23.08,7.27,0.0,1,4.87,31.55,16.2,20.53,295.35
2020-05-20 22:45:00,646.91,29.0,23.08,7.19,0.0,0,0.87,36.55,21.2,2.8,300.35
2020-05-20 22:50:00,632.26,29.0,23.08,7.14,0.0,0,0.87,41.55,26.2,7.8,305.35
2020-05-20 22:55:00,621.76,29.0,23.08,7.14,0.0,1,5.87,46.55,31.2,12.8,310.35
2020-05-20 23:00:00,612.42,29.0,23.08,7.14,0.0,1,0.85,51.55,36.2,17.8,315.35
2020-05-20 23:05:00,596.8,29.0,23.08,7.14,0.0,1,5.85,56.55,41.2,22.8,320.35
2020-05-20 23:10:00,596.8,29.0,23.08,7.09,0.0,1,10.85,61.55,46.2,1.38,325.35
2020-05-20 23:15:00,608.0,28.8,23.08,7.02,0.0,1,4.85,0.5,51.2,6.38,330.35
2020-05-20 23:20:00,599.55,28.2,23.08,7.02,0.0,1,2.83,2.67,56.2,11.38,335.35
2020-05-20 23:25:00,591.1,28.0,23.08,6.87,0.0,0,0.83,7.67,61.2,0.47,340.35
2020-05-20 23:30:00,579.84,28.0,23.08,6.47,0.0,1,5.83,12.67,66.2,1.15,345.35
2020-05-20 23:35:00,592.96,29.0,23.08,6.19,0.0,1,4.83,4.67,71.2,2.33,350.35
2020-05-20 23:40:00,592.96,28.0,23.08,6.19,0.0,1,9.83,4.67,76.2,1.48,355.35
2020-05-20 23:45:00,583.36,28.6,23.12,6.41,0.0,1,2.83,0.65,1.32,0.52,360.35
2020-05-20 23:50:00,576.96,28.6,23.18,6.74,0.0,1,7.83,1.65,6.32,3.43,365.35
2020-05-20 23:55:00,576.96,28.0,23.18,6.72,0.0,1,12.83,4.65,11.32,1.33,370.35
2020-05-21 00:00:00,576.96,28.2,23.18,6.42,0.0,1,17.83,2.65,16.32,3.53,375.35
2020-05-21 00:05:00,576.96,28.2,23.18,6.34,0.0,0,22.83,0.63,21.32,1.03,380.35
2020-05-21 00:10:00,579.33,28.8,23.18,6.26,0.0,0,0.97,3.63,26.32,6.03,385.35
2020-05-21 00:15:00,588.8,29.0,23.18,6.24,0.0,0,5.97,8.63,31.32,2.52,390.35
2020-05-21 00:20:00,588.8,29.0,23.18,6.14,0.0,1,10.97,13.63,36.32,0.38,395.35
2020-05-21 00:25:00,588.8,29.0,23.18,6.01,0.0,1,15.97,18.63,41.32,5.38,400.35
2020-05-21 00:30:00,588.8,29.0,23.18,5.86,0.0,1,20.97,23.63,46.32,0.42,405.35
2020-05-21 00:35:00,588.8,29.0,23.18,5.68,0.0,1,25.97,28.63,51.32,3.07,410.35
2020-05-21 00:40:00,588.8,29.0,23.18,5.66,0.0,1,30.97,33.63,56.32,8.07,415.35
2020-05-21 00:45:00,588.8,29.0,23.28,5.53,0.0,0,35.97,38.63,4.45,4.67,420.35
2020-05-21 00:50:00,588.8,29.0,23.28,5.53,0.0,1,40.97,43.63,9.45,9.67,425.35
2020-05-21 00:55:00,577.92,29.0,23.28,5.53,0.0,1,4.95,48.63,14.45,14.67,430.35
2020-05-21 01:00:00,589.76,29.0,23.28,5.53,0.0,1,4.95,53.63,19.45,19.67,435.35
2020-05-21 01:05:00,582.66,29.0,23.28,5.53,0.0,1,2.93,58.63,24.45,24.67,440.35
2020-05-21 01:10:00,584.45,29.0,23.28,5.53,0.0,1,2.93,63.63,29.45,29.67,445.35
2020-05-21 01:15:00,588.8,29.0,23.28,5.51,0.0,1,7.93,68.63,34.45,0.67,450.35
2020-05-21 01:20:00,578.18,29.0,23.28,5.31,0.0,1,0.93,73.63,39.45,0.43,455.35
2020-05-21 01:25:00,612.16,29.2,23.28,5.18,0.0,1,1.92,2.58,44.45,5.43,460.35
2020-05-21 01:30:00,634.88,29.0,23.28,5.18,0.0,1,4.92,7.58,49.45,10.43,465.35
2020-05-21 01:35:00,634.88,29.8,23.28,5.18,0.0,1,9.92,3.58,54.45,15.43,470.35
2020-05-21 01:40:00,637.06,30.0,23.28,5.18,0.0,1,0.92,8.58,59.45,20.43,475.35
2020-05-21 01:45:00,638.98,29.2,23.28,5.18,0.0,1,0.92,0.57,64.45,25.43,480.35
2020-05-21 01:50:00,622.72,29.4,23.28,5.18,0.0,1,5.92,1.57,69.45,30.43,485.35
2020-05-21 01:55:00,633.92,29.6,23.28,5.11,0.0,1,4.9,0.57,74.45,2.25,490.35
2020-05-21 02:00:00,633.92,29.4,23.28,5.01,0.0,1,9.9,0.57,79.45,1.98,495.35
2020-05-21 02:05:00,616.26,29.0,23.28,4.98,0.0,1,1.9,4.57,84.45,1.93,500.35
2020-05-21 02:10:00,592.0,29.2,23.28,5.24,0.0,0,4.9,2.57,89.45,2.02,505.35
2020-05-21 02:15:00,592.0,29.0,23.28,5.28,0.0,0,9.9,7.57,94.45,7.02,510.35
2020-05-21 02:20:00,601.47,29.0,23.28,5.41,0.0,0,3.9,12.57,99.45,4.1,515.35
2020-05-21 02:25:00,597.82,29.0,23.3,5.53,0.0,0,1.88,17.57,0.55,4.95,520.35
2020-05-21 02:30:00,594.82,29.0,23.4,5.53,0.0,1,1.88,22.57,5.55,9.95,525.35
2020-05-21 02:35:00,599.62,29.0,23.4,5.56,0.0,1,0.88,27.57,10.55,0.87,530.35
2020-05-21 02:40:00,575.04,29.0,23.4,5.79,0.0,1,2.88,32.57,15.55,1.78,535.35
2020-05-21 02:45:00,569.92,29.0,23.4,5.96,0.0,1,7.88,37.57,20.55,2.42,540.35
2020-05-21 02:50:00,569.92,29.0,23.4,6.09,0.0,1,12.88,42.57,25.55,2.15,545.35
2020-05-21 02:55:00,569.92,29.0,23.4,6.21,0.0,1,17.88,47.57,30.55,2.1,550.35
2020-05-21 03:00:00,567.49,29.0,23.32,6.26,0.0,1,0.87,52.57,3.53,7.1,555.35
2020-05-21 03:05:00,567.23,29.0,23.3,6.26,0.0,1,0.85,57.57,8.53,12.1,560.35
2020-05-21 03:10:00,586.43,29.0,23.38,6.29,0.0,1,1.85,62.57,3.52,0.02,565.35
2020-05-21 03:15:00,609.92,29.0,23.4,6.49,0.0,1,4.85,67.57,8.52,0.15,570.35
2020-05-21 03:20:00,609.92,29.0,23.4,6.69,0.0,1,9.85,72.57,13.52,1.92,575.35
2020-05-21 03:25:00,609.92,29.0,23.4,6.84,0.0,1,14.85,77.57,18.52,2.55,580.35
2020-05-21 03:30:00,609.92,29.0,23.4,7.04,0.0,1,19.85,82.57,23.52,1.2,585.35
2020-05-21 03:35:00,609.92,29.0,23.4,7.29,0.0,1,24.85,87.57,28.52,1.78,590.35
2020-05-21 03:40:00,609.92,29.0,23.4,7.52,0.0,0,29.85,92.57,33.52,0.07,595.35
2020-05-21 03:45:00,666.24,29.0,23.4,7.74,0.0,0,0.83,97.57,38.52,0.18,600.35
2020-05-21 03:50:00,720.64,29.0,23.4,7.91,0.0,1,4.83,102.57,43.52,0.97,605.35
2020-05-21 03:55:00,714.75,28.4,23.4,8.08,0.0,1,1.83,1.48,48.52,2.83,610.35
2020-05-21 04:00:00,705.92,28.2,23.4,8.21,0.0,1,6.83,3.48,53.52,2.27,615.35
2020-05-21 04:05:00,702.34,27.6,23.4,8.4,0.0,1,0.82,1.82,58.52,0.62,620.35
2020-05-21 04:10:00,657.15,25.8,23.4,8.67,0.0,1,0.82,2.82,63.52,2.5,625.35
2020-05-21 04:15:00,607.23,25.0,23.4,8.86,0.0,1,0.82,7.82,68.52,1.13,630.35
2020-05-21 04:20:00,577.02,25.0,23.4,9.02,10.2,1,1.82,12.82,73.52,0.33,0.45
2020-05-21 04:25:00,569.92,24.8,23.4,9.25,27.0,1,6.82,0.8,78.52,0.25,2.43
2020-05-21 04:30:00,569.92,25.0,23.38,9.49,39.0,1,11.82,5.8,0.47,2.75,3.93
2020-05-21 04:35:00,569.92,24.0,23.3,9.54,53.0,1,16.82,4.8,5.47,0.52,0.43
2020-05-21 04:40:00,577.28,24.0,23.3,9.58,61.0,1,0.8,9.8,10.47,1.55,5.43
2020-05-21 04:45:00,562.56,23.2,23.3,9.6,61.0,1,1.13,3.8,15.47,0.95,10.43
2020-05-21 04:50:00,543.04,23.0,23.32,9.72,61.0,1,2.13,8.8,0.45,0.97,15.43
2020-05-21 04:55:00,537.92,23.0,23.42,9.95,80.4,1,7.13,13.8,0.78,1.0,2.92
2020-05-21 05:00:00,550.4,23.0,23.54,9.88,86.0,1,2.12,18.8,0.78,6.0,7.92
2020-05-21 05:05:00,569.22,23.0,23.62,9.88,86.0,1,3.12,23.8,5.78,3.0,12.92
2020-05-21 05:10:00,585.02,23.0,23.72,10.17,86.0,1,1.12,28.8,3.28,0.73,17.92
2020-05-21 05:15:00,593.92,23.0,23.8,10.46,86.0,1,6.12,33.8,2.27,0.38,22.92
2020-05-21 05:20:00,601.6,23.0,23.89,10.53,86.0,1,1.1,38.8,1.77,0.47,27.92
2020-05-21 05:25:00,584.19,23.0,24.01,10.36,86.0,1,3.1,43.8,1.77,5.47,32.92
2020-05-21 05:30:00,575.23,23.0,24.14,10.65,92.62,1,2.1,48.8,2.77,1.27,2.4
2020-05-21 05:35:00,576.13,23.2,24.28,10.96,97.04,1,1.1,0.75,4.27,4.88,7.4
2020-05-21 05:40:00,601.41,23.0,24.4,10.96,99.04,1,1.1,4.75,4.25,9.88,0.9
2020-05-21 05:45:00,602.43,23.4,24.53,11.03,586.05,1,2.1,1.75,0.75,2.2,1.05
2020-05-21 05:50:00,544.45,20.6,24.24,11.1,1321.98,1,1.08,2.58,0.42,0.68,1.05
2020-05-21 05:55:00,493.12,24.2,23.72,11.01,1332.22,1,2.08,1.08,1.42,2.65,1.55
2020-05-21 06:00:00,486.72,22.4,23.52,10.91,1162.37,1,7.08,0.08,1.42,1.18,2.05
2020-05-21 06:05:00,476.54,21.0,23.36,10.86,1025.92,1,2.08,5.08,0.23,3.38,0.05
2020-05-21 06:10:00,461.06,21.0,23.72,10.98,1009.02,1,3.08,10.08,1.73,0.57,1.55
2020-05-21 06:15:00,470.72,21.0,24.08,10.86,1002.88,1,4.07,15.08,1.23,0.4,6.55
2020-05-21 06:20:00,470.72,21.0,24.3,11.2,1002.88,1,9.07,20.08,0.4,0.17,11.55
2020-05-21 06:25:00,470.72,21.0,24.48,11.61,1002.88,1,14.07,25.08,2.4,0.62,16.55
2020-05-21 06:30:00,459.84,21.0,24.64,11.82,1002.88,0,4.07,30.08,0.22,1.42,21.55
2020-05-21 06:35:00,459.84,21.0,24.8,11.75,1002.88,0,9.07,35.08,2.72,0.08,26.55
2020-05-21 06:40:00,459.84,21.0,24.95,11.68,1002.88,0,14.07,40.08,0.22,1.45,31.55
2020-05-21 06:45:00,459.84,20.0,25.12,11.85,1002.88,0,19.07,4.05,1.72,0.43,36.55
2020-05-21 06:50:00,459.84,20.0,25.25,11.42,986.11,0,24.07,9.05,2.72,0.52,1.52
2020-05-21 06:55:00,455.49,20.0,25.4,11.58,958.85,0,1.05,14.05,3.55,0.35,2.02
2020-05-21 07:00:00,448.96,20.0,25.56,11.61,937.98,0,6.05,19.05,1.03,1.15,0.52
2020-05-21 07:05:00,448.96,20.0,25.67,12.09,918.91,0,11.05,24.05,1.03,2.57,0.02
2020-05-21 07:10:00,448.96,20.0,25.81,11.85,901.63,0,16.05,29.05,2.53,3.27,2.0
2020-05-21 07:15:00,448.96,20.0,25.94,11.73,885.76,0,21.05,34.05,2.7,0.87,4.0
2020-05-21 07:20:00,448.96,20.0,26.06,11.82,872.32,0,26.05,39.05,2.7,0.07,0.0
2020-05-21 07:25:00,448.96,20.0,26.2,12.11,862.08,1,31.05,44.05,4.02,0.58,5.0
2020-05-21 07:30:00,448.96,18.0,26.34,12.38,850.94,1,36.05,4.35,4.02,3.98,0.0
2020-05-21 07:35:00,456.06,18.0,26.42,12.66,832.0,1,2.18,9.35,3.18,0.02,0.48
2020-05-21 07:40:00,476.54,18.0,26.44,12.85,829.57,1,1.18,14.35,8.18,0.82,1.98
2020-05-21 07:45:00,488.0,18.4,26.5,12.75,870.53,1,6.18,2.83,2.17,5.82,0.15
2020-05-21 07:50:00,488.0,17.8,26.54,12.66,893.82,1,11.18,0.5,7.17,0.02,0.15
2020-05-21 07:55:00,488.0,17.2,26.61,12.4,868.86,1,16.18,3.5,2.5,0.03,0.13
2020-05-21 08:00:00,488.0,17.2,26.71,12.38,844.16,1,21.18,2.5,1.5,1.68,0.13
2020-05-21 08:05:00,483.9,17.0,26.78,12.33,815.49,1,1.17,7.5,6.5,1.48,0.63
2020-05-21 08:10:00,477.76,17.0,26.85,12.42,786.94,1,6.17,12.5,2.48,1.35,0.63
2020-05-21 08:15:00,477.76,17.0,26.9,12.78,765.95,0,11.17,17.5,7.48,2.0,1.13
2020-05-21 08:20:00,477.76,17.0,26.96,13.04,751.23,0,16.17,22.5,2.65,2.77,2.62
2020-05-21 08:25:00,468.29,17.0,27.0,12.99,728.96,0,3.15,27.5,7.65,1.63,1.62
2020-05-21 08:30:00,465.92,17.0,27.08,12.82,715.14,0,8.15,32.5,3.65,2.6,2.62
2020-05-21 08:35:00,465.92,17.0,27.1,12.99,700.16,0,13.15,37.5,8.65,1.82,4.62
2020-05-21 08:40:00,465.92,17.0,27.2,13.41,689.92,0,18.15,42.5,4.63,3.05,4.62
2020-05-21 08:45:00,453.76,17.0,27.2,13.2,689.92,0,4.13,47.5,9.63,2.12,9.62
2020-05-21 08:50:00,453.76,17.0,27.25,13.21,350.7,0,9.13,52.5,1.8,3.98,0.6
2020-05-21 08:55:00,453.76,17.0,27.32,13.16,483.42,0,14.13,57.5,6.8,0.13,0.1
2020-05-21 09:00:00,453.76,17.0,27.32,13.01,246.43,0,19.13,62.5,11.8,3.58,0.1
2020-05-21 09:05:00,453.76,17.0,27.32,13.13,516.03,0,24.13,67.5,16.8,1.32,0.08
2020-05-21 09:10:00,453.76,17.0,27.34,13.34,628.93,0,29.13,72.5,0.78,0.17,1.58
2020-05-21 09:15:00,453.76,16.0,27.42,13.23,609.41,0,34.13,4.28,5.78,4.33,3.08
2020-05-21 09:20:00,453.76,16.2,27.42,13.48,597.18,0,39.13,3.28,10.78,0.27,0.08
2020-05-21 09:25:00,449.41,16.2,27.42,14.0,577.22,0,1.12,1.27,15.78,3.35,1.58
2020-05-21 09:30:00,442.88,16.0,27.42,13.63,567.74,0,6.12,6.27,20.78,1.7,0.58
2020-05-21 09:35:00,442.88,16.4,27.42,13.67,532.16,1,11.12,0.6,25.78,0.9,1.23
2020-05-21 09:40:00,442.88,18.8,27.42,14.0,522.18,1,16.12,0.6,30.78,1.95,3.23
2020-05-21 09:45:00,454.14,18.4,27.42,13.67,448.77,1,3.1,0.27,35.78,2.32,2.23
2020-05-21 09:50:00,456.96,17.6,27.4,14.03,505.92,1,8.1,0.58,0.77,1.5,7.23
2020-05-21 09:55:00,467.97,19.6,27.3,14.12,499.65,1,3.1,1.25,5.77,0.18,0.73
2020-05-21 10:00:00,470.72,20.4,27.3,14.45,408.38,1,8.1,0.25,10.77,0.43,0.22
2020-05-21 10:05:00,457.92,20.2,27.4,13.98,341.22,1,4.08,2.25,4.75,0.12,0.22
2020-05-21 10:10:00,453.06,20.0,27.4,14.0,415.68,1,1.08,7.25,9.75,1.32,3.72
2020-05-21 10:15:00,445.76,19.6,27.4,14.19,412.35,1,6.08,0.75,14.75,0.07,3.22
2020-05-21 10:20:00,456.96,19.2,27.4,14.54,407.55,1,4.08,0.23,19.75,0.52,0.22
2020-05-21 10:25:00,456.96,20.0,27.3,14.77,390.78,1,9.08,2.07,4.73,2.63,2.72
2020-05-21 10:30:00,456.96,19.6,27.3,15.06,360.54,1,14.08,3.73,9.73,0.17,0.2
2020-05-21 10:35:00,456.96,18.8,27.3,14.87,90.21,1,19.08,1.07,14.73,0.58,2.7
2020-05-21 10:40:00,456.96,19.6,27.3,14.4,160.18,1,24.08,0.73,19.73,1.27,0.2
2020-05-21 10:45:00,456.96,19.2,27.16,14.73,322.3,1,29.08,1.73,4.72,1.18,0.2
2020-05-21 10:50:00,456.96,20.0,27.16,14.89,156.43,1,34.08,3.22,9.72,3.4,1.7
2020-05-21 10:55:00,456.96,19.6,27.16,14.82,374.02,1,39.08,0.22,14.72,0.98,2.7
2020-05-21 11:00:00,456.96,19.2,27.1,14.8,369.92,1,44.08,1.22,1.72,0.27,7.7
2020-05-21 11:05:00,456.96,19.6,27.02,14.89,361.22,1,49.08,0.05,6.72,0.0,3.18
2020-05-21 11:10:00,456.96,18.4,26.94,14.94,344.96,1,54.08,0.38,2.72,0.78,4.68
2020-05-21 11:15:00,456.96,19.2,26.88,14.91,290.19,1,59.08,0.03,7.72,1.9,0.18
2020-05-21 11:20:00,467.2,20.0,26.88,14.96,322.43,1,3.05,1.37,12.72,1.3,1.17
2020-05-21 11:25:00,469.76,18.0,26.88,14.99,292.61,1,8.05,4.87,17.72,2.3,1.17
2020-05-21 11:30:00,469.76,18.0,26.88,14.97,157.63,1,13.05,9.87,22.72,0.95,2.17
2020-05-21 11:35:00,458.88,17.2,26.88,15.01,123.01,1,4.03,2.87,27.72,0.48,1.33
2020-05-21 11:40:00,458.88,17.2,26.81,15.33,205.86,1,9.03,0.85,2.52,0.35,1.33
2020-05-21 11:45:00,458.88,17.0,26.76,15.55,169.01,0,14.03,5.85,7.52,1.38,1.33
2020-05-21 11:50:00,458.88,17.0,26.68,15.47,126.18,0,19.03,10.85,3.52,0.17,1.32
2020-05-21 11:55:00,458.88,17.0,26.66,14.92,68.4,0,24.03,15.85,8.52,1.6,0.32
2020-05-21 12:00:00,458.88,17.0,26.66,15.38,179.47,0,29.03,20.85,13.52,0.27,2.82
2020-05-21 12:05:00,456.26,16.4,26.58,16.2,79.62,1,0.18,1.33,3.0,1.87,0.32
2020-05-21 12:10:00,455.94,16.6,26.4,15.38,2.8,1,2.17,2.33,1.0,0.08,3.82
2020-05-21 12:15:00,472.96,16.8,26.34,14.77,0.0,1,4.17,1.33,6.0,0.52,8.82
2020-05-21 12:20:00,497.86,17.2,26.29,14.77,0.0,1,1.17,0.83,1.0,0.07,13.82
2020-05-21 12:25:00,535.36,18.0,26.22,14.42,0.0,1,2.17,4.83,6.0,0.47,18.82
2020-05-21 12:30:00,554.56,18.0,26.22,14.12,0.0,1,1.83,9.83,11.0,0.23,23.82
2020-05-21 12:35:00,584.19,18.0,26.22,15.17,0.0,1,1.82,14.83,16.0,0.02,28.82
2020-05-21 12:40:00,588.16,18.8,26.12,15.75,0.0,1,0.82,0.48,3.48,0.37,33.82
2020-05-21 12:45:00,585.02,19.2,26.1,15.64,0.0,1,2.82,0.32,8.48,0.08,38.82
2020-05-21 12:50:00,589.76,20.0,26.1,16.1,0.0,1,7.82,4.82,13.48,0.05,43.82
2020-05-21 12:55:00,589.76,20.0,26.1,15.13,0.0,1,12.82,9.82,18.48,0.18,48.82
2020-05-21 13:00:00,603.84,20.0,26.1,16.71,0.0,1,4.82,14.82,23.48,0.75,53.82
2020-05-21 13:05:00,600.83,20.0,26.1,16.78,0.0,1,0.8,19.82,28.48,0.22,58.82
2020-05-21 13:10:00,588.8,20.0,26.1,15.2,0.0,1,5.8,24.82,33.48,0.0,63.82
2020-05-21 13:15:00,588.8,20.0,26.0,15.89,0.0,1,10.8,29.82,4.47,0.25,68.82
2020-05-21 13:20:00,588.8,20.0,26.0,15.24,0.0,0,15.8,34.82,9.47,0.22,73.82
2020-05-21 13:25:00,588.8,20.0,26.0,15.85,0.0,0,20.8,39.82,14.47,0.7,78.82
2020-05-21 13:30:00,588.8,20.0,26.0,15.11,0.0,0,25.8,44.82,19.47,1.13,83.82
2020-05-21 13:35:00,588.8,20.0,26.0,15.01,0.0,1,30.8,49.82,24.47,0.28,88.82
2020-05-21 13:40:00,586.24,20.0,25.94,15.8,0.0,1,0.78,54.82,2.78,0.1,93.82
2020-05-21 13:45:00,569.86,20.0,25.9,15.66,0.0,1,2.78,59.82,7.78,0.1,98.82
2020-05-21 13:50:00,565.76,20.0,25.9,16.5,0.0,1,7.78,64.82,12.78,0.0,103.82
2020-05-21 13:55:00,565.76,20.0,25.9,14.98,0.0,1,12.78,69.82,17.78,0.12,108.82
2020-05-21 14:00:00,573.63,20.0,25.86,16.61,0.0,1,2.77,74.82,1.77,0.97,113.82
2020-05-21 14:05:00,594.88,20.0,25.8,16.77,0.0,1,4.77,79.82,6.77,0.55,118.82
2020-05-21 14:10:00,580.8,20.0,25.8,16.71,0.0,1,4.77,84.82,11.77,0.03,123.82
2020-05-21 14:15:00,580.8,20.0,25.8,15.61,0.0,1,9.77,89.82,16.77,0.15,128.82
2020-05-21 14:20:00,569.92,20.0,25.8,15.26,0.0,1,4.93,94.82,21.77,0.07,133.82
2020-05-21 14:25:00,569.92,20.0,25.8,16.24,0.0,1,9.93,99.82,26.77,1.27,138.82
2020-05-21 14:30:00,569.92,20.0,25.68,15.94,0.0,1,14.93,104.82,4.92,0.65,143.82
2020-05-21 14:35:00,569.92,20.0,25.68,16.01,0.0,1,19.93,109.82,9.92,0.65,148.82
2020-05-21 14:40:00,569.92,20.0,25.68,14.98,0.0,1,24.93,114.82,14.92,0.67,153.82
2020-05-21 14:45:00,567.3,20.4,25.64,14.5,37.0,1,0.92,1.73,1.9,0.05,4.38
2020-05-21 14:50:00,522.24,20.0,25.4,13.6,37.0,1,0.9,6.73,4.9,0.68,9.38
2020-05-21 14:55:00,473.6,20.0,25.4,13.72,45.0,1,1.9,11.73,9.9,0.38,3.87
2020-05-21 15:00:00,465.92,19.6,25.14,13.88,47.0,1,6.9,3.23,2.73,1.65,8.87
2020-05-21 15:05:00,465.92,20.2,25.0,13.81,42.6,1,11.9,3.23,3.73,3.1,1.37
2020-05-21 15:10:00,465.92,20.0,24.78,13.81,36.0,1,16.9,8.23,2.22,8.1,6.37
2020-05-21 15:15:00,465.92,20.2,24.51,13.84,36.0,1,21.9,0.22,1.38,0.1,11.37
2020-05-21 15:20:00,465.92,20.8,24.36,13.41,36.0,1,26.9,3.22,6.38,0.02,16.37
2020-05-21 15:25:00,465.92,20.2,24.36,13.2,36.0,1,31.9,3.22,11.38,1.42,21.37
2020-05-21 15:30:00,460.29,20.0,24.5,12.97,36.0,1,1.88,8.22,4.38,1.13,26.37
2020-05-21 15:35:00,451.84,20.0,24.36,13.16,36.0,1,6.88,13.22,1.38,0.47,31.37
2020-05-21 15:40:00,466.88,20.0,24.19,13.04,36.0,1,4.88,18.22,0.2,1.38,36.37
2020-05-21 15:45:00,466.88,20.0,23.87,13.11,29.4,1,9.88,23.22,1.2,6.38,2.02
2020-05-21 15:50:00,466.88,20.2,23.76,13.04,25.0,1,14.88,0.2,0.87,1.95,7.02
2020-05-21 15:55:00,483.9,21.0,23.9,13.16,25.0,1,0.87,5.2,2.87,0.88,12.02
2020-05-21 16:00:00,515.14,21.0,23.94,12.99,25.0,1,2.87,10.2,7.87,5.88,17.02
2020-05-21 16:05:00,545.6,21.0,24.04,12.85,25.0,1,2.87,15.2,4.87,1.38,22.02
2020-05-21 16:10:00,562.88,21.0,24.04,12.66,25.0,1,4.87,20.2,9.87,0.78,27.02
2020-05-21 16:15:00,565.7,21.0,24.04,12.3,25.0,1,0.85,25.2,14.87,0.05,32.02
2020-05-21 16:20:00,581.7,21.0,24.16,12.35,25.0,1,1.85,30.2,4.52,0.68,37.02
2020-05-21 16:25:00,588.8,21.0,24.16,12.33,25.0,1,6.85,35.2,9.52,2.6,42.02
2020-05-21 16:30:00,588.8,21.0,24.16,12.18,25.0,1,11.85,40.2,14.52,3.72,47.02
2020-05-21 16:35:00,588.8,21.0,24.16,12.16,25.0,1,16.85,45.2,19.52,8.72,52.02
2020-05-21 16:40:00,588.8,21.0,24.16,12.11,25.0,1,21.85,50.2,24.52,1.7,57.02
2020-05-21 16:45:00,588.8,21.0,24.16,12.02,25.0,1,26.85,55.2,29.52,0.92,62.02
2020-05-21 16:50:00,588.8,21.0,24.16,11.92,15.0,1,31.85,60.2,34.52,5.92,4.47
2020-05-21 16:55:00,596.67,21.0,24.16,11.92,15.0,1,2.83,65.2,39.52,10.92,9.47
2020-05-21 17:00:00,594.62,21.0,24.24,11.75,15.0,1,2.83,70.2,3.5,2.53,14.47
2020-05-21 17:05:00,589.76,21.0,24.26,11.68,15.0,1,7.83,75.2,8.5,7.53,19.47
2020-05-21 17:10:00,595.39,21.0,24.26,11.68,15.0,1,1.82,80.2,13.5,12.53,24.47
2020-05-21 17:15:00,603.84,21.0,24.26,11.44,15.0,1,6.82,85.2,18.5,1.6,29.47
2020-05-21 17:20:00,601.66,21.0,24.32,11.27,12.0,1,0.82,90.2,2.98,1.78,0.95
2020-05-21 17:25:00,592.96,21.0,24.36,11.2,0.0,1,5.82,95.2,7.98,6.78,5.95
2020-05-21 17:30:00,597.31,21.0,24.36,11.1,0.0,1,1.82,100.2,12.98,3.25,10.95
2020-05-21 17:35:00,603.84,21.0,24.36,11.08,0.0,1,6.82,105.2,17.98,8.25,15.95
2020-05-21 17:40:00,603.84,21.0,24.36,10.98,0.0,1,11.82,110.2,22.98,0.5,20.95
2020-05-21 17:45:00,603.84,20.8,24.36,10.77,0.0,1,16.82,0.3,27.98,2.28,25.95
2020-05-21 17:50:00,574.08,20.2,24.25,10.72,0.0,1,0.8,3.3,1.47,7.28,30.95
2020-05-21 17:55:00,524.48,20.0,24.14,10.7,0.0,1,0.8,8.3,6.47,0.48,35.95
2020-05-21 18:00:00,529.92,20.0,24.16,10.6,0.0,1,0.78,13.3,0.45,5.48,40.95
2020-05-21 18:05:00,545.92,20.0,24.24,10.53,0.0,1,5.78,18.3,5.45,2.55,45.95
2020-05-21 18:10:00,542.08,20.0,24.24,10.41,0.0,1,0.78,23.3,10.45,2.77,50.95
2020-05-21 18:15:00,520.83,20.0,24.24,10.36,0.0,1,1.78,28.3,15.45,7.77,55.95
2020-05-21 18:20:00,497.92,20.0,24.24,10.36,0.0,1,4.78,33.3,20.45,12.77,60.95
2020-05-21 18:25:00,497.92,20.0,24.24,10.26,0.0,1,9.78,38.3,25.45,3.35,65.95
2020-05-21 18:30:00,486.72,20.0,24.24,10.24,0.0,0,4.77,43.3,30.45,8.35,70.95
2020-05-21 18:35:00,472.96,20.0,24.24,10.17,0.0,0,4.77,48.3,35.45,2.8,75.95
2020-05-21 18:40:00,472.96,20.0,24.24,10.12,0.0,0,9.77,53.3,40.45,7.8,80.95
2020-05-21 18:45:00,472.96,20.0,24.24,10.05,0.0,0,14.77,58.3,45.45,2.78,85.95
2020-05-21 18:50:00,475.52,20.6,24.24,9.98,20.0,1,0.77,2.27,50.45,2.48,3.07
2020-05-21 18:55:00,495.94,21.0,24.3,9.95,25.0,1,2.77,7.27,2.75,1.23,8.07
2020-05-21 19:00:00,515.84,21.2,24.34,9.88,25.0,1,4.77,0.08,7.75,6.23,13.07
2020-05-21 19:05:00,518.46,22.6,24.34,9.78,25.0,1,0.75,2.08,12.75,3.75,18.07
2020-05-21 19:10:00,528.96,23.0,24.34,9.69,25.0,1,5.75,7.08,17.75,2.0,23.07
2020-05-21 19:15:00,514.88,23.8,24.34,9.6,25.0,1,4.75,3.58,22.75,1.48,28.07
2020-05-21 19:20:00,504.0,28.6,24.34,9.56,25.0,1,4.75,0.58,27.75,0.72,33.07
2020-05-21 19:25:00,521.54,30.4,24.34,9.42,25.0,1,2.75,0.57,32.75,5.72,38.07
2020-05-21 19:30:00,546.18,30.4,24.34,9.4,25.0,1,0.73,1.57,37.75,0.23,43.07
2020-05-21 19:35:00,580.1,29.2,24.44,9.3,25.0,1,2.73,3.07,4.73,5.23,48.07
2020-05-21 19:40:00,584.96,28.0,24.44,9.3,25.0,1,7.73,4.07,9.73,10.23,53.07
2020-05-21 19:45:00,584.96,28.0,24.44,9.25,25.0,1,12.73,9.07,14.73,1.93,58.07
2020-05-21 19:50:00,584.96,27.6,24.44,9.04,25.0,1,17.73,1.57,19.73,1.48,63.07
2020-05-21 19:55:00,575.23,27.0,24.44,8.84,25.0,1,0.9,6.57,24.73,0.33,68.07
2020-05-21 20:00:00,556.8,28.0,24.44,8.58,25.0,1,5.9,4.55,29.73,0.78,73.07
2020-05-21 20:05:00,572.48,28.2,24.44,8.28,25.0,1,0.88,2.05,34.73,3.88,78.07
2020-05-21 20:10:00,587.2,28.6,24.44,8.33,25.0,1,1.88,2.05,39.73,2.83,83.07
2020-05-21 20:15:00,593.92,29.0,24.44,8.36,25.0,1,6.88,7.05,44.73,0.52,88.07
2020-05-21 20:20:00,598.66,29.0,24.44,8.26,25.0,1,1.88,12.05,49.73,5.52,93.07
2020-05-21 20:25:00,608.0,29.2,24.44,8.23,25.0,1,0.87,0.03,54.73,0.98,98.07
2020-05-21 20:30:00,625.22,29.0,24.44,8.06,25.0,1,2.87,5.03,59.73,2.8,103.07
2020-05-21 20:35:00,630.72,28.4,24.44,8.01,25.0,1,7.87,2.03,64.73,7.8,108.07
2020-05-21 20:40:00,644.8,28.2,24.44,7.99,25.0,1,4.87,0.02,69.73,0.2,113.07
2020-05-21 20:45:00,644.8,28.0,24.44,7.84,25.0,1,9.87,4.02,74.73,1.27,118.07
2020-05-21 20:50:00,644.8,25.2,24.54,7.76,5.0,1,14.87,1.18,4.68,6.27,3.67
2020-05-21 20:55:00,593.22,24.0,24.44,7.98,0.0,1,0.52,6.18,0.35,1.22,8.67
2020-05-21 21:00:00,522.75,24.0,24.08,8.21,0.0,1,1.85,11.18,0.85,2.68,13.67
2020-05-21 21:05:00,510.72,23.6,23.78,8.26,0.0,1,6.85,1.0,1.17,7.68,18.67
2020-05-21 21:10:00,501.12,24.0,23.5,8.26,0.0,1,2.83,6.0,1.17,12.68,23.67
2020-05-21 21:15:00,494.72,24.0,23.12,8.26,0.0,1,7.83,11.0,1.5,17.68,28.67
2020-05-21 21:20:00,494.72,24.0,22.84,8.28,0.0,1,12.83,16.0,2.17,0.73,33.67
2020-05-21 21:25:00,494.72,23.6,22.58,8.38,0.0,1,17.83,1.0,1.17,5.73,38.67
2020-05-21 21:30:00,494.72,24.0,22.34,8.26,0.0,1,22.83,4.0,4.17,4.2,43.67
2020-05-21 21:35:00,524.61,24.0,22.46,8.26,0.0,1,0.83,9.0,0.15,9.2,48.67
2020-05-21 21:40:00,553.6,24.0,22.62,8.06,0.0,1,0.82,14.0,2.15,0.73,53.67
2020-05-21 21:45:00,570.88,24.0,22.66,7.64,0.0,1,5.82,19.0,7.15,1.0,58.67
2020-05-21 21:50:00,589.12,24.0,22.76,7.37,0.0,1,1.82,24.0,4.15,0.28,63.67
2020-05-21 21:55:00,609.92,24.0,22.76,7.27,0.0,1,4.82,29.0,9.15,5.28,68.67
2020-05-21 22:00:00,609.92,24.0,22.76,7.34,0.0,1,9.82,34.0,14.15,2.93,73.67
2020-05-21 22:05:00,609.92,24.0,22.78,7.32,0.0,1,14.82,39.0,0.63,0.53,78.67
2020-05-21 22:10:00,609.92,24.0,22.86,7.14,0.0,1,19.82,44.0,5.63,5.53,83.67
2020-05-21 22:15:00,597.76,24.0,22.86,7.14,0.0,1,4.8,49.0,10.63,10.53,88.67
2020-05-21 22:20:00,620.22,24.0,22.86,7.24,0.0,0,1.13,54.0,15.63,3.13,93.67
2020-05-21 22:25:00,670.46,24.0,22.86,7.14,0.0,0,3.13,59.0,20.63,4.83,98.67
2020-05-21 22:30:00,659.84,24.0,22.93,7.14,0.0,0,3.12,64.0,2.62,9.83,103.67
2020-05-21 22:35:00,666.88,24.4,22.98,7.14,0.0,0,3.12,0.28,7.62,14.83,108.67
2020-05-21 22:40:00,669.44,25.0,22.98,7.22,0.0,0,8.12,5.28,12.62,2.42,113.67
2020-05-21 22:45:00,671.74,24.2,23.04,7.49,0.0,0,1.12,3.28,2.45,3.55,118.67
2020-05-21 22:50:00,618.24,24.0,23.08,7.52,0.0,1,2.12,8.28,7.45,8.55,123.67
2020-05-21 22:55:00,590.72,24.2,23.08,7.57,0.0,1,4.12,0.27,12.45,1.77,128.67
2020-05-21 23:00:00,598.02,25.0,23.08,7.64,0.0,1,2.1,5.27,17.45,6.77,133.67
2020-05-21 23:05:00,605.95,25.0,23.08,7.64,0.0,1,1.1,10.27,22.45,11.77,138.67
2020-05-21 23:10:00,587.97,25.4,23.14,7.64,0.0,1,2.1,1.93,2.43,16.77,143.67
2020-05-21 23:15:00,587.58,25.4,23.18,7.64,0.0,1,1.1,1.77,7.43,21.77,148.67
2020-05-21 23:20:00,611.65,26.2,23.18,7.54,0.0,1,1.1,2.75,12.43,0.95,153.67
2020-05-21 23:25:00,649.28,27.0,23.18,6.97,0.0,1,2.1,7.75,17.43,0.68,158.67
2020-05-21 23:30:00,657.92,27.0,23.18,6.77,0.0,1,7.1,12.75,22.43,5.68,163.67
2020-05-21 23:35:00,665.6,27.0,23.28,6.87,0.0,1,2.08,17.75,4.92,3.28,168.67
2020-05-21 23:40:00,646.4,27.0,23.28,7.02,0.0,1,1.08,22.75,9.92,4.83,173.67
2020-05-21 23:45:00,621.5,27.0,23.28,6.87,0.0,1,1.08,27.75,14.92,0.72,178.67
2020-05-21 23:50:00,621.76,27.0,23.28,6.36,0.0,0,4.08,32.75,19.92,1.55,183.67
2020-05-21 23:55:00,623.23,27.0,23.28,6.14,0.0,0,3.08,37.75,24.92,4.22,188.67
2020-05-22 00:00:00,620.8,27.0,23.28,6.21,0.0,0,8.08,42.75,29.92,2.38,193.67
2020-05-22 00:05:00,616.45,27.0,23.28,6.26,0.0,0,1.07,47.75,34.92,7.38,198.67
2020-05-22 00:10:00,609.92,27.0,23.28,6.36,0.0,1,6.07,52.75,39.92,3.43,203.67
2020-05-22 00:15:00,599.42,27.0,23.28,6.39,0.0,1,3.07,57.75,44.92,8.43,208.67
2020-05-22 00:20:00,596.8,25.4,23.28,6.39,0.0,1,8.07,2.07,49.92,13.43,213.67
2020-05-22 00:25:00,596.8,25.0,23.28,6.47,0.0,1,13.07,7.07,54.92,0.33,218.67
2020-05-22 00:30:00,596.8,25.0,23.28,6.99,0.0,1,18.07,12.07,59.92,1.25,223.67
2020-05-22 00:35:00,596.8,24.8,23.28,7.22,0.0,1,23.07,2.05,64.92,2.12,228.67
2020-05-22 00:40:00,596.8,24.0,23.28,7.29,0.0,1,28.07,4.05,69.92,0.0,233.67
2020-05-22 00:45:00,596.8,24.0,23.28,7.39,0.0,1,33.07,9.05,74.92,5.0,238.67
2020-05-22 00:50:00,596.8,24.0,23.28,7.29,0.0,1,38.07,14.05,79.92,0.17,243.67
2020-05-22 00:55:00,596.8,23.8,23.28,6.92,0.0,1,43.07,0.53,84.92,1.65,248.67
2020-05-22 01:00:00,590.27,23.2,23.28,6.64,0.0,1,2.03,3.53,89.92,4.63,253.67
2020-05-22 01:05:00,566.21,23.0,23.28,6.64,0.0,1,1.03,8.53,94.92,9.63,258.67
2020-05-22 01:10:00,557.76,23.0,23.28,6.77,0.0,1,6.03,13.53,99.92,0.02,263.67
2020-05-22 01:15:00,557.76,22.6,23.28,7.17,0.0,1,11.03,1.52,104.92,1.8,268.67
2020-05-22 01:20:00,557.76,22.0,23.28,7.22,0.0,1,16.03,6.52,109.92,1.47,273.67
2020-05-22 01:25:00,557.76,22.0,23.28,7.14,0.0,1,21.03,11.52,114.92,6.47,278.67
2020-05-22 01:30:00,557.76,22.0,23.28,7.27,0.0,1,26.03,16.52,119.92,0.8,283.67
2020-05-22 01:35:00,557.76,22.0,23.28,7.39,0.0,1,31.03,21.52,124.92,5.8,288.67
2020-05-22 01:40:00,557.76,22.0,23.28,7.24,0.0,1,36.03,26.52,129.92,1.5,293.67
2020-05-22 01:45:00,557.76,22.0,23.28,6.97,0.0,1,41.03,31.52,134.92,1.7,298.67
2020-05-22 01:50:00,548.29,22.0,23.28,6.89,0.0,1,3.0,36.52,139.92,6.7,303.67
2020-05-22 01:55:00,545.92,22.0,23.28,6.89,0.0,1,8.0,41.52,144.92,11.7,308.67
2020-05-22 02:00:00,554.62,22.0,23.28,6.97,0.0,1,3.0,46.52,149.92,2.88,313.67
2020-05-22 02:05:00,548.35,22.0,23.28,7.12,0.0,1,2.33,51.52,154.92,3.03,318.67
2020-05-22 02:10:00,551.68,22.0,23.28,7.27,0.0,1,3.32,56.52,159.92,4.82,323.67
2020-05-22 02:15:00,571.84,22.0,23.28,7.27,0.0,1,4.32,61.52,164.92,9.82,328.67
2020-05-22 02:20:00,571.84,22.0,23.28,7.22,0.0,1,9.32,66.52,169.92,1.53,333.67
2020-05-22 02:25:00,581.57,22.0,23.28,7.14,0.0,1,3.32,71.52,174.92,6.53,338.67
2020-05-22 02:30:00,584.0,22.0,23.28,7.14,0.0,1,8.32,76.52,179.92,11.53,343.67
2020-05-22 02:35:00,584.0,22.0,23.28,7.14,0.0,1,13.32,81.52,184.92,16.53,348.67
2020-05-22 02:40:00,584.0,22.0,23.28,7.19,0.0,1,18.32,86.52,189.92,1.95,353.67
2020-05-22 02:45:00,594.88,22.0,23.28,7.37,0.0,1,4.3,91.52,194.92,3.42,358.67
2020-05-22 02:50:00,583.62,21.4,23.28,7.44,0.0,1,3.3,2.47,199.92,1.87,363.67
2020-05-22 02:55:00,569.92,21.0,23.28,7.64,0.0,1,4.3,7.47,204.92,0.78,368.67
2020-05-22 03:00:00,585.79,21.0,23.28,7.84,0.0,1,3.28,12.47,209.92,2.9,373.67
2020-05-22 03:05:00,589.76,21.0,23.28,8.01,0.0,1,8.28,17.47,214.92,4.15,378.67
2020-05-22 03:10:00,580.74,21.0,23.28,8.08,0.0,1,2.28,22.47,219.92,2.6,383.67
2020-05-22 03:15:00,574.72,21.0,23.28,8.16,0.0,1,7.28,27.47,224.92,0.03,388.67
2020-05-22 03:20:00,580.86,21.0,23.28,8.26,0.0,1,2.28,32.47,229.92,5.03,393.67
2020-05-22 03:25:00,584.96,21.0,23.28,8.26,4.0,1,7.28,37.47,234.92,10.03,1.58
2020-05-22 03:30:00,574.46,20.8,23.28,8.26,10.0,1,3.27,0.43,239.92,15.03,6.58
2020-05-22 03:35:00,571.84,20.4,23.28,8.31,10.0,0,8.27,1.43,244.92,1.98,11.58
2020-05-22 03:40:00,556.8,20.2,23.28,8.5,10.0,0,4.27,1.43,249.92,4.17,16.58
2020-05-22 03:45:00,556.8,20.0,23.28,8.58,10.0,0,9.27,6.43,254.92,3.07,21.58
2020-05-22 03:50:00,556.8,20.6,23.28,8.65,10.0,1,14.27,0.42,259.92,0.08,26.58
2020-05-22 03:55:00,556.8,20.2,23.28,8.62,10.0,1,19.27,3.42,264.92,0.63,31.58
2020-05-22 04:00:00,560.0,21.0,23.28,8.79,10.0,1,0.25,4.42,269.92,2.15,36.58
2020-05-22 04:05:00,582.4,21.0,23.28,9.0,10.0,1,2.25,9.42,274.92,1.28,41.58
2020-05-22 04:10:00,586.24,21.0,23.28,9.11,10.0,1,0.25,14.42,279.92,1.58,46.58
2020-05-22 04:15:00,576.0,21.0,23.24,9.37,21.8,1,5.25,19.42,1.92,2.72,0.05
2020-05-22 04:20:00,568.7,21.0,23.18,9.56,109.41,1,2.25,24.42,6.92,0.55,0.55
2020-05-22 04:25:00,574.34,20.8,23.18,9.74,155.41,1,3.25,0.4,11.92,3.3,1.55
2020-05-22 04:30:00,567.36,20.0,23.18,9.88,191.46,1,2.25,5.4,16.92,4.05,0.53
2020-05-22 04:35:00,548.16,20.0,23.18,9.88,231.87,1,0.23,10.4,21.92,9.05,3.53
2020-05-22 04:40:00,571.2,20.0,23.28,9.98,240.61,1,3.23,15.4,4.9,0.33,2.53
2020-05-22 04:45:00,573.76,20.8,23.28,10.12,244.96,1,8.23,3.4,9.9,5.33,7.53
2020-05-22 04:50:00,573.76,21.0,23.4,10.17,256.0,1,13.23,8.4,4.9,1.15,0.03
2020-05-22 04:55:00,573.76,20.0,23.48,10.31,278.27,1,18.23,4.38,3.88,0.22,0.53
2020-05-22 05:00:00,558.72,20.0,23.56,10.5,296.61,1,4.22,9.38,2.88,1.32,2.53
2020-05-22 05:05:00,569.98,20.0,23.68,10.7,311.04,1,3.22,14.38,3.05,3.25,4.03
2020-05-22 05:10:00,572.8,20.0,23.72,10.84,311.04,1,8.22,19.38,0.22,1.17,9.03
2020-05-22 05:15:00,572.8,20.0,23.84,10.96,311.04,1,13.22,24.38,0.37,6.17,14.03
2020-05-22 05:20:00,564.1,20.0,23.92,10.94,376.22,1,3.22,29.38,5.37,1.17,0.18
2020-05-22 05:25:00,572.16,20.4,24.02,10.91,372.61,1,3.2,1.53,0.87,1.48,2.18
2020-05-22 05:30:00,551.17,21.0,24.14,10.96,342.34,1,2.2,6.53,5.87,4.83,1.17
2020-05-22 05:35:00,505.66,20.8,23.91,11.01,313.79,1,2.2,1.53,2.87,0.68,0.17
2020-05-22 05:40:00,488.0,21.0,23.86,11.06,296.96,1,4.2,6.53,7.87,1.1,1.67
2020-05-22 05:45:00,488.0,20.8,23.86,11.46,280.61,1,9.2,0.52,12.87,1.22,1.67
2020-05-22 05:50:00,488.0,19.0,23.67,11.49,1171.1,1,14.2,0.02,0.85,0.72,0.17
2020-05-22 05:55:00,481.28,21.2,22.93,11.54,1544.45,1,2.18,1.52,0.18,0.95,1.15
2020-05-22 06:00:00,476.8,20.6,22.57,11.44,1491.46,1,7.18,2.18,0.33,1.25,0.15
2020-05-22 06:05:00,476.8,20.0,22.26,11.58,1469.95,1,12.18,0.0,2.33,1.6,0.15
2020-05-22 06:10:00,467.78,20.0,21.92,11.75,1379.84,1,2.33,0.17,2.83,0.2,0.65
2020-05-22 06:15:00,463.81,20.8,21.81,11.75,1357.82,1,0.33,0.0,1.83,0.37,0.13
2020-05-22 06:20:00,472.0,21.2,21.66,12.26,1301.89,1,5.33,0.5,2.17,3.15,0.13
2020-05-22 06:25:00,472.0,19.4,21.44,12.52,1274.37,1,10.33,0.17,2.33,0.27,0.13
2020-05-22 06:30:00,472.0,20.4,21.44,12.4,1254.78,1,15.33,0.48,0.32,1.25,1.13
2020-05-22 06:35:00,472.0,20.8,21.41,12.33,1225.6,1,20.33,0.15,1.32,0.47,0.13
2020-05-22 06:40:00,472.0,21.6,21.65,12.7,1122.94,1,25.33,1.65,1.32,2.93,0.12
2020-05-22 06:45:00,472.0,20.2,21.88,12.82,1087.23,1,30.33,0.15,0.15,2.32,0.12
2020-05-22 06:50:00,472.0,20.0,21.98,12.82,1078.78,1,35.33,1.98,5.15,1.12,1.12
2020-05-22 06:55:00,472.0,20.8,22.08,12.8,1074.05,1,40.33,0.13,4.8,0.68,0.12
2020-05-22 07:00:00,472.0,21.0,22.18,12.77,1064.19,1,45.33,5.13,4.8,0.88,2.12
2020-05-22 07:05:00,472.0,20.6,22.22,12.89,1045.76,1,50.33,1.13,1.8,0.13,0.6
2020-05-22 07:10:00,472.0,18.8,22.28,13.06,1020.8,1,55.33,0.97,6.8,3.37,5.6
2020-05-22 07:15:00,469.95,20.2,22.3,13.11,991.1,1,0.3,0.13,0.13,8.37,3.27
2020-05-22 07:20:00,461.76,19.6,22.4,13.16,981.25,1,5.3,3.13,5.13,1.7,1.27
2020-05-22 07:25:00,461.76,19.6,22.4,13.27,984.7,1,10.3,1.13,10.13,1.58,3.77
2020-05-22 07:30:00,461.76,19.6,22.52,13.27,989.18,1,15.3,0.45,4.12,2.97,1.77
2020-05-22 07:35:00,461.76,20.0,22.52,13.16,1098.24,1,20.3,0.45,9.12,1.27,1.25
2020-05-22 07:40:00,461.76,19.6,22.54,13.48,1092.35,1,25.3,0.45,0.12,0.77,1.25
2020-05-22 07:45:00,461.76,20.0,22.62,13.91,1074.43,1,30.3,0.45,5.12,1.02,2.25
2020-05-22 07:50:00,461.76,19.2,22.7,14.0,1054.72,1,35.3,0.62,2.27,0.77,4.25
2020-05-22 07:55:00,461.76,20.0,22.78,14.03,1054.72,1,40.3,0.1,0.27,0.2,9.25
2020-05-22 08:00:00,461.76,20.0,22.9,14.14,1124.1,1,45.3,1.6,0.43,0.47,0.23
2020-05-22 08:05:00,461.76,19.6,22.98,14.26,1174.78,1,50.3,0.93,5.43,0.8,1.23
2020-05-22 08:10:00,461.76,19.2,22.98,14.1,1038.72,1,55.3,0.27,10.43,2.18,1.73
2020-05-22 08:15:00,461.76,19.0,22.98,14.28,1021.31,1,60.3,0.43,15.43,0.62,3.73
2020-05-22 08:20:00,461.76,19.6,23.08,14.19,1024.13,1,65.3,0.42,4.42,3.6,2.23
2020-05-22 08:25:00,461.76,19.6,23.1,14.42,1035.9,1,70.3,0.25,0.92,0.02,0.72
2020-05-22 08:30:00,461.76,18.0,23.18,14.42,1025.28,1,75.3,0.75,5.92,1.05,1.22
2020-05-22 08:35:00,461.76,17.8,23.18,14.28,1004.93,1,80.3,0.75,10.92,4.08,3.22
2020-05-22 08:40:00,461.76,18.6,23.18,13.83,990.72,1,85.3,0.25,15.92,3.3,4.72
2020-05-22 08:45:00,461.76,18.4,23.18,14.12,950.14,1,90.3,0.25,20.92,0.07,0.22
2020-05-22 08:50:00,467.9,18.2,23.18,14.33,1108.1,1,2.25,0.23,25.92,1.77,1.2
2020-05-22 08:55:00,472.0,18.2,23.18,14.61,1098.24,1,7.25,0.23,30.92,3.7,4.7
2020-05-22 09:00:00,472.0,18.8,23.18,14.68,1079.3,1,12.25,0.73,35.92,2.58,1.2
2020-05-22 09:05:00,472.0,18.0,23.28,14.65,1057.15,1,17.25,0.23,4.9,0.92,0.37
2020-05-22 09:10:00,472.0,17.2,23.22,14.94,1034.11,1,22.25,0.73,1.07,2.57,0.37
2020-05-22 09:15:00,472.0,18.8,23.26,14.87,1011.71,1,27.25,1.4,0.05,1.58,0.87
2020-05-22 09:20:00,465.86,17.6,23.46,15.36,988.42,1,2.23,1.38,0.38,0.77,0.35
2020-05-22 09:25:00,461.76,17.2,23.18,14.89,978.94,1,7.23,0.38,1.55,1.07,2.35
2020-05-22 09:30:00,461.76,19.0,23.11,14.75,959.23,1,12.23,2.72,0.38,6.07,0.85
2020-05-22 09:35:00,461.76,19.2,23.34,14.77,945.02,1,17.23,0.38,0.38,0.18,2.85
2020-05-22 09:40:00,461.76,17.4,23.48,14.99,913.92,1,22.23,0.22,5.38,1.75,1.35
2020-05-22 09:45:00,461.76,18.0,23.48,14.89,876.93,1,27.23,0.87,10.38,0.35,0.85
2020-05-22 09:50:00,461.76,18.4,23.48,15.24,846.72,1,32.23,0.37,15.38,0.53,0.33
2020-05-22 09:55:00,461.76,18.0,23.52,15.36,819.46,1,37.23,0.37,1.37,1.42,1.83
2020-05-22 10:00:00,461.76,17.6,23.48,15.15,791.81,1,42.23,3.37,4.37,1.2,2.33
2020-05-22 10:05:00,461.76,17.8,23.54,14.87,767.49,1,47.23,0.2,2.35,0.15,0.83
2020-05-22 10:10:00,461.76,17.4,23.58,14.77,738.05,1,52.23,0.18,7.35,0.9,1.33
2020-05-22 10:15:00,461.76,16.4,23.5,15.08,696.96,1,57.23,2.35,0.85,0.47,1.32
2020-05-22 10:20:00,461.76,16.4,23.19,14.97,666.24,1,62.23,0.35,1.68,0.52,1.82
2020-05-22 10:25:00,461.76,17.0,23.08,15.06,643.58,1,67.23,2.68,0.17,0.48,1.32
2020-05-22 10:30:00,461.76,17.2,23.06,15.27,617.41,1,72.23,0.67,2.17,0.8,1.82
2020-05-22 10:35:00,472.96,17.2,23.02,15.38,585.09,1,4.17,3.67,7.17,2.27,1.8
2020-05-22 10:40:00,472.96,17.4,23.02,15.31,556.35,1,9.17,2.67,12.17,0.78,2.3
2020-05-22 10:45:00,472.96,16.8,23.12,15.66,527.62,1,14.17,0.5,4.17,0.97,0.8
2020-05-22 10:50:00,472.96,17.2,23.06,15.52,497.02,1,19.17,2.17,1.15,1.15,1.8
2020-05-22 10:55:00,472.96,17.4,22.94,15.64,484.35,1,24.17,0.15,1.15,0.08,2.3
2020-05-22 11:00:00,472.96,17.2,22.98,15.59,468.48,1,29.17,1.15,6.15,2.35,0.3
2020-05-22 11:05:00,472.96,17.6,22.98,15.57,447.62,1,34.17,0.15,11.15,0.43,0.95
2020-05-22 11:10:00,472.96,17.6,22.88,15.57,385.47,1,39.17,0.15,4.15,0.13,0.45
2020-05-22 11:15:00,472.96,17.2,22.74,15.66,341.79,1,44.17,2.15,0.82,0.42,0.45
2020-05-22 11:20:00,472.96,17.8,22.62,15.34,302.98,1,49.17,3.15,5.82,0.1,2.95
2020-05-22 11:25:00,479.49,18.0,22.87,15.41,274.98,1,2.32,8.15,1.13,0.15,1.95
2020-05-22 11:30:00,509.44,20.0,23.21,15.96,256.26,1,0.3,4.63,1.8,2.7,3.43
2020-05-22 11:35:00,556.8,18.0,23.44,16.34,246.21,1,4.3,4.63,1.8,0.35,2.43
2020-05-22 11:40:00,541.76,18.0,23.58,16.19,225.66,1,4.3,9.63,3.8,0.08,1.43
2020-05-22 11:45:00,535.23,18.0,23.7,16.03,215.01,1,2.3,14.63,4.3,1.17,1.93
2020-05-22 11:50:00,530.88,18.0,23.72,16.18,204.61,1,7.3,19.63,0.28,2.97,1.43
2020-05-22 11:55:00,518.72,18.0,23.82,16.36,194.05,1,4.3,24.63,5.28,0.07,1.43
2020-05-22 12:00:00,510.46,18.0,23.84,16.27,188.0,1,2.28,29.63,0.78,0.07,6.43
2020-05-22 12:05:00,498.82,18.0,23.92,16.75,176.96,0,2.28,34.63,5.78,0.22,4.42
2020-05-22 12:10:00,494.72,18.0,23.92,16.41,174.78,0,7.28,39.63,10.78,0.52,0.92
2020-05-22 12:15:00,478.72,18.0,23.96,16.13,166.08,0,4.28,44.63,1.78,0.2,5.92
2020-05-22 12:20:00,478.72,18.0,24.02,16.64,160.03,0,9.28,49.63,6.78,0.6,2.92
2020-05-22 12:25:00,478.72,18.0,24.02,16.75,154.0,0,14.28,54.63,11.78,1.45,0.42
2020-05-22 12:30:00,478.72,18.0,24.02,16.27,146.0,0,19.28,59.63,16.78,0.25,5.42
2020-05-22 12:35:00,478.72,18.0,24.08,16.52,146.0,0,24.28,64.63,2.27,0.58,10.42
2020-05-22 12:40:00,467.84,18.0,24.12,16.8,138.0,0,4.27,69.63,7.27,0.8,3.4
2020-05-22 12:45:00,467.84,18.0,24.12,16.66,136.0,0,9.27,74.63,12.27,0.23,8.4
2020-05-22 12:50:00,467.84,18.0,24.12,16.98,136.0,0,14.27,79.63,17.27,0.25,13.4
2020-05-22 12:55:00,467.84,18.0,24.12,16.87,126.0,0,19.27,84.63,22.27,0.08,4.38
2020-05-22 13:00:00,459.14,18.0,24.12,16.61,126.0,0,3.25,89.63,27.27,0.98,9.38
2020-05-22 13:05:00,456.96,18.0,24.12,16.7,126.0,0,8.25,94.63,32.27,0.02,14.38
2020-05-22 13:10:00,456.96,18.0,24.12,17.12,124.0,0,13.25,99.63,37.27,0.08,0.55
2020-05-22 13:15:00,445.76,18.0,24.12,16.75,116.0,0,4.23,104.63,42.27,0.28,5.55
2020-05-22 13:20:00,452.48,18.0,24.24,17.49,116.0,0,2.23,109.63,4.4,0.03,10.55
2020-05-22 13:25:00,456.96,18.0,24.24,16.94,116.0,0,7.23,114.63,9.4,0.12,15.55
2020-05-22 13:30:00,456.96,18.0,24.24,16.47,109.42,0,12.23,119.63,14.4,0.12,2.53
2020-05-22 13:35:00,456.96,18.0,24.24,15.92,105.04,0,17.23,124.63,19.4,0.53,7.53
2020-05-22 13:40:00,456.96,18.0,24.24,17.14,105.04,0,22.23,129.63,24.4,0.32,12.53
2020-05-22 13:45:00,456.96,18.0,24.24,16.91,105.04,0,27.23,134.63,29.4,0.13,17.53
2020-05-22 13:50:00,456.96,18.0,24.24,16.29,99.04,0,32.23,139.63,34.4,0.15,2.02
2020-05-22 13:55:00,456.96,18.0,24.24,15.71,95.04,0,37.23,144.63,39.4,0.18,7.02
2020-05-22 14:00:00,456.96,18.0,24.24,15.36,95.04,0,42.23,149.63,44.4,0.35,12.02
2020-05-22 14:05:00,456.96,18.0,24.24,15.47,95.04,0,47.23,154.63,49.4,0.32,17.02
2020-05-22 14:10:00,456.96,18.0,24.24,15.71,93.04,0,52.23,159.63,54.4,0.57,0.5
2020-05-22 14:15:00,456.96,18.0,24.24,16.13,85.04,0,57.23,164.63,59.4,1.03,5.5
2020-05-22 14:20:00,456.96,18.0,24.24,15.22,85.04,0,62.23,169.63,64.4,0.88,10.5
2020-05-22 14:25:00,456.96,17.6,24.24,15.15,85.04,0,67.23,1.7,69.4,0.37,15.5
2020-05-22 14:30:00,456.96,17.2,24.24,15.01,75.0,0,72.23,2.7,74.4,1.98,4.0
2020-05-22 14:35:00,456.96,17.0,24.24,14.92,75.0,0,77.23,7.7,79.4,0.47,9.0
2020-05-22 14:40:00,456.96,17.0,24.24,14.77,75.0,0,82.23,12.7,84.4,2.07,14.0
2020-05-22 14:45:00,456.96,17.0,24.24,14.63,75.0,0,87.23,17.7,89.4,0.88,19.0
2020-05-22 14:50:00,456.96,17.0,24.24,14.66,75.0,0,92.23,22.7,94.4,2.5,24.0
2020-05-22 14:55:00,456.96,17.0,24.24,14.38,75.0,0,97.23,27.7,99.4,1.33,29.0
2020-05-22 15:00:00,456.96,17.0,24.2,14.35,69.0,0,102.23,32.7,1.0,0.02,2.65
2020-05-22 15:05:00,456.96,17.0,24.14,14.38,65.0,0,107.23,37.7,6.0,0.25,7.65
2020-05-22 15:10:00,456.96,17.0,24.14,13.98,65.0,0,112.23,42.7,11.0,1.53,12.65
2020-05-22 15:15:00,448.77,17.2,24.14,14.12,65.0,0,3.17,2.67,16.0,2.87,17.65
2020-05-22 15:20:00,448.77,18.0,24.14,14.17,65.0,0,0.17,4.67,21.0,7.87,22.65
2020-05-22 15:25:00,456.96,18.0,24.14,13.91,57.0,0,5.17,9.67,26.0,2.12,3.63
2020-05-22 15:30:00,456.96,18.0,24.14,13.88,55.0,0,10.17,14.67,31.0,1.8,8.63
2020-05-22 15:35:00,456.96,18.0,24.14,13.72,55.0,0,15.17,19.67,36.0,0.67,13.63
2020-05-22 15:40:00,448.77,18.0,24.07,13.6,55.0,0,3.15,24.67,2.32,1.88,18.63
2020-05-22 15:45:00,453.44,18.0,24.02,13.53,55.0,0,2.15,29.67,7.32,1.97,23.63
2020-05-22 15:50:00,457.92,18.0,24.02,13.58,55.0,0,7.15,34.67,12.32,4.27,28.63
2020-05-22 15:55:00,457.92,18.0,24.02,13.41,55.0,1,12.15,39.67,17.32,0.63,33.63
2020-05-22 16:00:00,457.92,18.0,24.0,13.41,55.0,1,17.15,44.67,0.3,1.15,38.63
2020-05-22 16:05:00,467.52,19.6,23.92,13.2,47.0,1,2.3,3.97,5.3,1.3,3.6
2020-05-22 16:10:00,496.32,20.2,23.92,13.06,45.0,1,0.3,0.97,10.3,1.3,8.6
2020-05-22 16:15:00,544.9,21.8,23.92,12.94,45.0,1,0.28,0.12,15.3,0.25,13.6
2020-05-22 16:20:00,556.8,24.2,23.92,12.85,45.0,1,5.28,0.62,20.3,3.25,18.6
2020-05-22 16:25:00,573.76,24.2,23.92,12.8,45.0,1,4.28,1.45,25.3,2.48,23.6
2020-05-22 16:30:00,542.34,20.2,23.92,12.54,45.0,1,0.28,3.95,30.3,3.6,28.6
2020-05-22 16:35:00,482.05,20.0,23.92,12.52,45.0,1,2.28,8.95,35.3,0.73,33.6
2020-05-22 16:40:00,476.8,19.6,23.88,12.63,45.0,1,7.28,0.43,1.6,5.73,38.6
2020-05-22 16:45:00,476.8,20.0,23.65,12.56,39.0,1,12.28,2.1,2.27,2.22,2.08
2020-05-22 16:50:00,476.8,20.0,23.6,12.45,35.0,1,17.28,7.1,7.27,2.88,7.08
2020-05-22 16:55:00,479.81,19.6,23.47,12.35,35.0,1,0.27,3.6,3.6,1.28,12.08
2020-05-22 17:00:00,491.84,20.0,23.44,12.21,33.0,1,5.27,8.6,8.6,2.12,0.73
2020-05-22 17:05:00,491.84,20.0,23.44,12.11,25.0,1,10.27,13.6,13.6,1.0,5.73
2020-05-22 17:10:00,491.84,20.0,23.44,12.02,25.0,1,15.27,18.6,18.6,0.97,10.73
2020-05-22 17:15:00,481.34,20.0,23.44,11.92,25.0,1,3.25,23.6,23.6,5.97,15.73
2020-05-22 17:20:00,466.88,20.0,23.44,11.75,25.0,1,4.25,28.6,28.6,2.35,20.73
2020-05-22 17:25:00,466.88,20.0,23.44,11.56,25.0,1,9.25,33.6,33.6,0.47,25.73
2020-05-22 17:30:00,466.88,20.0,23.44,11.44,19.0,1,14.25,38.6,38.6,5.47,2.22
2020-05-22 17:35:00,466.88,20.0,23.44,11.44,15.0,1,19.25,43.6,43.6,0.12,7.22
2020-05-22 17:40:00,466.88,20.0,23.44,11.22,15.0,0,24.25,48.6,48.6,0.97,12.22
2020-05-22 17:45:00,466.88,20.0,23.44,11.08,15.0,0,29.25,53.6,53.6,5.97,17.22
2020-05-22 17:50:00,466.88,20.0,23.44,11.01,0.0,0,34.25,58.6,58.6,2.5,4.7
2020-05-22 17:55:00,466.88,20.0,23.44,10.91,0.0,0,39.25,63.6,63.6,1.23,9.7
2020-05-22 18:00:00,466.88,20.0,23.44,10.84,0.0,0,44.25,68.6,68.6,6.23,14.7
2020-05-22 18:05:00,466.88,20.0,23.44,10.67,0.0,0,49.25,73.6,73.6,1.98,19.7
2020-05-22 18:10:00,466.88,20.0,23.44,10.5,0.0,0,54.25,78.6,78.6,3.17,24.7
2020-05-22 18:15:00,466.88,20.0,23.44,10.46,0.0,0,59.25,83.6,83.6,0.45,29.7
2020-05-22 18:20:00,454.72,20.0,23.44,10.26,0.0,0,4.22,88.6,88.6,3.23,34.7
2020-05-22 18:25:00,454.72,20.0,23.44,10.22,0.0,0,9.22,93.6,93.6,0.97,39.7
2020-05-22 18:30:00,454.72,20.0,23.44,10.12,0.0,0,14.22,98.6,98.6,5.97,44.7
2020-05-22 18:35:00,454.72,20.0,23.48,10.05,0.0,0,19.22,103.6,1.53,2.33,49.7
2020-05-22 18:40:00,467.84,20.0,23.54,9.88,0.0,0,4.2,108.6,6.53,0.25,54.7
2020-05-22 18:45:00,467.84,20.0,23.54,9.76,0.0,0,9.2,113.6,11.53,5.25,59.7
2020-05-22 18:50:00,455.81,20.0,23.54,9.69,0.0,0,3.2,118.6,16.53,2.77,64.7
2020-05-22 18:55:00,457.28,20.4,23.54,9.54,0.0,0,1.18,1.68,21.53,4.55,69.7
2020-05-22 19:00:00,464.0,21.0,23.59,9.44,0.0,0,6.18,6.68,1.52,3.58,74.7
2020-05-22 19:05:00,464.0,21.0,23.66,9.37,0.0,0,11.18,11.68,6.52,1.77,79.7
2020-05-22 19:10:00,464.0,21.0,23.66,9.25,0.0,0,16.18,16.68,11.52,1.88,84.7
2020-05-22 19:15:00,464.0,21.0,23.66,9.11,0.0,0,21.18,21.68,16.52,2.67,89.7
2020-05-22 19:20:00,464.0,21.0,23.66,9.06,0.0,0,26.18,26.68,21.52,7.67,94.7
2020-05-22 19:25:00,464.0,21.6,23.74,8.91,0.0,0,31.18,0.33,3.5,1.92,99.7
2020-05-22 19:30:00,464.0,22.0,23.76,8.84,0.0,0,36.18,5.33,8.5,6.92,104.7
2020-05-22 19:35:00,464.0,22.0,23.76,8.74,0.0,0,41.18,10.33,13.5,3.53,109.7
2020-05-22 19:40:00,464.0,22.0,23.76,8.79,0.0,0,46.18,15.33,18.5,2.78,114.7
2020-05-22 19:45:00,464.0,22.0,23.76,8.84,0.0,0,51.18,20.33,23.5,7.78,119.7
2020-05-22 19:50:00,464.0,22.0,23.76,8.79,0.0,0,56.18,25.33,28.5,1.05,124.7
2020-05-22 19:55:00,464.0,22.0,23.76,8.72,0.0,0,61.18,30.33,33.5,6.05,129.7
2020-05-22 20:00:00,464.0,22.0,23.76,8.82,0.0,0,66.18,35.33,38.5,3.6,134.7
2020-05-22 20:05:00,464.0,22.8,23.76,8.74,0.0,0,71.18,3.3,43.5,3.65,139.7
2020-05-22 20:10:00,464.0,23.0,23.76,8.58,0.0,0,76.18,8.3,48.5,0.93,144.7
2020-05-22 20:15:00,464.0,23.0,23.76,8.43,0.0,0,81.18,13.3,53.5,2.7,149.7
2020-05-22 20:20:00,464.0,23.0,23.76,8.4,0.0,0,86.18,18.3,58.5,3.58,154.7
2020-05-22 20:25:00,464.0,23.0,23.76,8.26,0.0,0,91.18,23.3,63.5,4.8,159.7
2020-05-22 20:30:00,464.0,23.2,23.76,8.13,0.0,0,96.18,0.62,68.5,4.37,164.7
2020-05-22 20:35:00,464.0,24.0,23.76,8.08,0.0,0,101.18,5.62,73.5,1.58,169.7
2020-05-22 20:40:00,464.0,24.0,23.68,8.06,0.0,0,106.18,10.62,3.78,1.1,174.7
2020-05-22 20:45:00,464.0,24.0,23.66,8.01,0.0,0,111.18,15.62,8.78,6.1,179.7
2020-05-22 20:50:00,464.0,24.0,23.66,8.01,0.0,1,116.18,20.62,13.78,11.1,184.7
2020-05-22 20:55:00,464.0,24.0,23.66,8.01,0.0,1,121.18,25.62,18.78,16.1,189.7
2020-05-22 21:00:00,464.0,24.8,23.66,8.01,0.0,1,126.18,3.6,23.78,21.1,194.7
2020-05-22 21:05:00,473.73,25.0,23.66,8.01,0.0,1,0.27,2.1,28.78,26.1,199.7
2020-05-22 21:10:00,519.68,25.0,23.66,8.01,0.0,1,0.27,7.1,33.78,31.1,204.7
2020-05-22 21:15:00,536.96,25.0,23.66,8.01,0.0,1,5.27,12.1,38.78,36.1,209.7
2020-05-22 21:20:00,551.42,25.0,23.66,8.13,0.0,1,0.25,17.1,43.78,4.87,214.7
2020-05-22 21:25:00,561.92,25.0,23.76,8.23,0.0,1,5.25,22.1,4.75,3.65,219.7
2020-05-22 21:30:00,561.92,25.0,23.76,8.26,0.0,1,10.25,27.1,9.75,8.65,224.7
2020-05-22 21:35:00,561.92,25.0,23.76,8.38,0.0,1,15.25,32.1,14.75,4.53,229.7
2020-05-22 21:40:00,561.92,25.0,23.76,8.48,0.0,1,20.25,37.1,19.75,3.0,234.7
2020-05-22 21:45:00,561.92,25.0,23.76,8.56,0.0,1,25.25,42.1,24.75,2.98,239.7
2020-05-22 21:50:00,561.92,25.0,23.84,8.6,0.0,1,30.25,47.1,3.73,7.98,244.7
2020-05-22 21:55:00,561.92,23.6,23.89,8.62,0.0,1,35.25,2.57,0.73,0.78,249.7
2020-05-22 22:00:00,521.66,23.0,24.02,8.74,0.0,1,2.23,7.57,0.73,0.32,254.7
2020-05-22 22:05:00,497.92,22.8,24.1,8.84,0.0,1,4.23,0.57,5.73,5.32,259.7
2020-05-22 22:10:00,484.8,22.4,24.1,8.84,0.0,1,4.23,0.55,10.73,10.32,264.7
2020-05-22 22:15:00,484.8,22.2,24.1,8.84,0.0,1,9.23,3.55,15.73,15.32,269.7
2020-05-22 22:20:00,484.8,22.6,24.1,8.84,0.0,1,14.23,0.55,20.73,20.32,274.7
2020-05-22 22:25:00,507.84,22.8,24.1,8.84,0.0,1,2.22,0.55,25.73,25.32,279.7
2020-05-22 22:30:00,511.81,22.0,24.1,8.84,0.0,1,0.22,5.55,30.73,30.32,284.7
2020-05-22 22:35:00,488.64,22.0,24.1,8.84,0.0,0,0.22,10.55,35.73,35.32,289.7
2020-05-22 22:40:00,475.84,22.0,24.1,8.84,0.0,0,5.22,15.55,40.73,40.32,294.7
2020-05-22 22:45:00,484.29,22.2,24.02,8.84,0.0,1,2.22,0.53,3.7,45.32,299.7
2020-05-22 22:50:00,489.92,22.4,24.0,8.82,0.0,1,7.22,1.53,8.7,0.1,304.7
2020-05-22 22:55:00,489.92,22.4,24.0,8.72,0.0,1,12.22,1.53,13.7,5.1,309.7
2020-05-22 23:00:00,504.96,22.8,24.0,8.72,0.0,1,4.2,2.7,18.7,10.1,314.7
2020-05-22 23:05:00,504.96,22.4,24.0,8.62,0.0,1,9.2,0.7,23.7,3.98,319.7
2020-05-22 23:10:00,495.23,22.4,24.0,8.6,0.0,0,3.2,0.68,28.7,8.98,324.7
2020-05-22 23:15:00,492.8,22.4,23.9,8.6,0.0,1,8.2,0.68,4.85,13.98,329.7
2020-05-22 23:20:00,492.8,22.6,23.9,8.6,0.0,1,13.2,0.68,9.85,18.98,334.7
2020-05-22 23:25:00,492.8,22.4,23.9,8.5,0.0,1,18.2,0.68,14.85,4.17,339.7
2020-05-22 23:30:00,486.27,22.4,23.9,8.5,0.0,1,2.18,0.68,19.85,9.17,344.7
2020-05-22 23:35:00,485.12,22.8,23.9,8.43,0.0,1,0.18,3.68,24.85,2.45,349.7
2020-05-22 23:40:00,508.16,22.8,23.9,8.4,0.0,0,3.18,0.67,29.85,1.08,354.7
2020-05-22 23:45:00,493.31,22.4,23.9,8.38,0.0,0,2.17,0.67,34.85,6.08,359.7
2020-05-22 23:50:00,502.78,23.2,23.84,8.38,0.0,0,2.17,3.67,2.83,11.08,364.7
2020-05-22 23:55:00,529.79,23.0,23.8,8.38,0.0,1,0.17,8.67,7.83,16.08,369.7
2020-05-23 00:00:00,496.26,23.0,23.8,8.28,0.0,1,3.17,13.67,12.83,3.1,374.7
2020-05-23 00:05:00,491.84,23.0,23.8,8.18,0.0,1,8.17,18.67,17.83,2.2,379.7
2020-05-23 00:10:00,485.31,23.0,23.8,8.13,0.0,1,2.15,23.67,22.83,7.2,384.7
2020-05-23 00:15:00,480.96,23.0,23.8,8.13,0.0,1,7.15,28.67,27.83,12.2,389.7
2020-05-23 00:20:00,480.96,23.0,23.8,8.13,0.0,1,12.15,33.67,32.83,17.2,394.7
2020-05-23 00:25:00,480.96,23.0,23.8,8.13,0.0,1,17.15,38.67,37.83,22.2,399.7
2020-05-23 00:30:00,480.96,23.0,23.8,8.13,0.0,1,22.15,43.67,42.83,27.2,404.7
2020-05-23 00:35:00,480.96,23.0,23.8,8.08,0.0,1,27.15,48.67,47.83,1.93,409.7
2020-05-23 00:40:00,480.96,23.0,23.8,8.01,0.0,1,32.15,53.67,52.83,6.93,414.7
2020-05-23 00:45:00,480.96,23.4,23.8,8.01,0.0,1,37.15,1.63,57.83,11.93,419.7
2020-05-23 00:50:00,480.96,23.0,23.8,8.01,0.0,1,42.15,6.63,62.83,16.93,424.7
2020-05-23 00:55:00,467.84,23.0,23.8,8.01,0.0,1,4.13,11.63,67.83,21.93,429.7
2020-05-23 01:00:00,467.84,23.0,23.8,8.01,0.0,1,9.13,16.63,72.83,26.93,434.7
2020-05-23 01:05:00,467.84,23.0,23.8,8.03,0.0,1,14.13,21.63,77.83,0.68,439.7
2020-05-23 01:10:00,467.84,23.2,23.8,8.13,0.0,1,19.13,0.62,82.83,5.68,444.7
2020-05-23 01:15:00,476.29,23.4,23.8,8.21,0.0,1,2.12,0.62,87.83,2.25,449.7
2020-05-23 01:20:00,481.92,23.2,23.8,8.31,0.0,1,7.12,0.62,92.83,1.15,454.7
2020-05-23 01:25:00,470.72,23.8,23.8,8.43,0.0,1,4.12,0.6,97.83,1.08,459.7
2020-05-23 01:30:00,470.72,24.0,23.8,8.52,0.0,0,9.12,4.6,102.83,0.17,464.7
2020-05-23 01:35:00,470.72,23.8,23.73,8.65,0.0,0,14.12,3.6,2.77,1.47,469.7
2020-05-23 01:40:00,470.72,24.0,23.68,8.72,0.0,1,19.12,8.6,7.77,6.47,474.7
2020-05-23 01:45:00,470.72,24.0,23.68,8.72,0.0,1,24.12,13.6,12.77,11.47,479.7
2020-05-23 01:50:00,470.72,24.0,23.68,8.72,0.0,1,29.12,18.6,17.77,16.47,484.7
2020-05-23 01:55:00,479.68,24.0,23.68,8.72,0.0,1,3.1,23.6,22.77,21.47,489.7
2020-05-23 02:00:00,481.92,24.2,23.68,8.72,0.0,1,8.1,0.42,27.77,26.47,494.7
2020-05-23 02:05:00,481.92,24.0,23.68,8.72,0.0,1,13.1,4.42,32.77,31.47,499.7
2020-05-23 02:10:00,475.2,24.0,23.68,8.72,0.0,1,2.08,9.42,37.77,36.47,504.7
2020-05-23 02:15:00,478.91,24.0,23.68,8.72,0.0,1,3.08,14.42,42.77,41.47,509.7
2020-05-23 02:20:00,480.96,24.4,23.68,8.72,0.0,1,8.08,1.4,47.77,46.47,514.7
2020-05-23 02:25:00,480.96,24.0,23.68,8.72,0.0,1,13.08,6.4,52.77,51.47,519.7
2020-05-23 02:30:00,474.24,24.0,23.68,8.72,0.0,1,2.23,11.4,57.77,56.47,524.7
2020-05-23 02:35:00,469.76,24.0,23.68,8.72,0.0,1,7.23,16.4,62.77,61.47,529.7
2020-05-23 02:40:00,469.76,24.0,23.68,8.82,0.0,1,12.23,21.4,67.77,3.5,534.7
2020-05-23 02:45:00,469.76,24.0,23.68,9.0,0.0,1,17.23,26.4,72.77,1.4,539.7
2020-05-23 02:50:00,469.76,24.0,23.68,9.13,0.0,1,22.23,31.4,77.77,2.07,544.7
2020-05-23 02:55:00,469.76,24.0,23.68,9.28,0.0,1,27.23,36.4,82.77,3.5,549.7
2020-05-23 03:00:00,469.76,24.0,23.68,9.4,0.0,1,32.23,41.4,87.77,3.2,554.7
2020-05-23 03:05:00,469.76,24.0,23.68,9.62,0.0,1,37.23,46.4,92.77,0.45,559.7
2020-05-23 03:10:00,469.76,24.0,23.68,9.76,0.0,1,42.23,51.4,97.77,5.45,564.7
2020-05-23 03:15:00,469.76,24.0,23.68,9.83,0.0,1,47.23,56.4,102.77,2.1,569.7
2020-05-23 03:20:00,469.76,24.2,23.6,9.98,0.0,1,52.23,3.37,3.03,3.92,574.7
2020-05-23 03:25:00,481.92,24.0,23.58,10.0,0.0,1,4.2,8.37,8.03,8.92,579.7
2020-05-23 03:30:00,478.91,24.0,23.58,10.1,0.0,1,0.2,13.37,13.03,3.33,584.7
2020-05-23 03:35:00,466.88,24.0,23.51,10.12,0.0,1,5.2,18.37,2.02,8.33,589.7
2020-05-23 03:40:00,466.88,24.0,23.46,10.22,0.0,0,10.2,23.37,7.02,3.82,594.7
2020-05-23 03:45:00,466.88,24.2,23.46,10.24,0.0,0,15.2,2.35,12.02,8.82,599.7
2020-05-23 03:50:00,466.88,24.0,23.46,10.24,0.0,0,20.2,7.35,17.02,13.82,604.7
2020-05-23 03:55:00,466.88,24.0,23.46,10.29,0.0,0,25.2,12.35,22.02,1.73,609.7
2020-05-23 04:00:00,466.88,24.2,23.46,10.36,0.0,0,30.2,3.35,27.02,6.73,614.7
2020-05-23 04:05:00,466.88,24.0,23.46,10.36,0.0,1,35.2,8.35,32.02,11.73,619.7
2020-05-23 04:10:00,466.88,24.0,23.46,10.36,0.0,1,40.2,13.35,37.02,16.73,624.7
2020-05-23 04:15:00,466.88,24.0,23.46,10.36,0.0,1,45.2,18.35,42.02,21.73,629.7
2020-05-23 04:20:00,466.88,24.0,23.46,10.36,0.0,1,50.2,23.35,47.02,26.73,634.7
2020-05-23 04:25:00,466.88,24.0,23.46,10.36,0.0,1,55.2,28.35,52.02,31.73,639.7
2020-05-23 04:30:00,466.88,24.0,23.44,10.31,0.0,1,60.2,33.35,0.98,1.6,644.7
2020-05-23 04:35:00,466.88,24.0,23.34,10.24,0.0,1,65.2,38.35,5.98,6.6,649.7
2020-05-23 04:40:00,466.88,24.0,23.32,10.24,0.0,1,70.2,43.35,0.82,11.6,654.7
2020-05-23 04:45:00,466.88,24.0,23.24,10.24,0.0,1,75.2,48.35,5.82,16.6,659.7
2020-05-23 04:50:00,466.88,24.0,23.24,10.24,0.0,1,80.2,53.35,10.82,21.6,664.7
2020-05-23 04:55:00,466.88,24.0,23.24,10.31,0.0,1,85.2,58.35,15.82,2.02,669.7
2020-05-23 05:00:00,466.88,24.0,23.24,10.36,0.0,1,90.2,63.35,20.82,7.02,674.7
2020-05-23 05:05:00,466.88,24.0,23.24,10.36,0.0,1,95.2,68.35,25.82,12.02,679.7
2020-05-23 05:10:00,466.88,24.2,23.24,10.41,0.0,1,100.2,0.13,30.82,1.62,684.7
2020-05-23 05:15:00,478.72,24.0,23.24,10.48,0.0,1,4.13,5.13,35.82,6.62,689.7
2020-05-23 05:20:00,471.62,23.8,23.24,10.5,0.0,1,2.13,0.63,40.82,1.23,694.7
2020-05-23 05:25:00,466.88,23.2,23.24,10.48,0.0,1,7.13,2.62,45.82,6.23,699.7
2020-05-23 05:30:00,466.88,23.2,23.18,10.48,0.0,1,12.13,2.62,2.78,11.23,704.7
2020-05-23 05:35:00,466.88,23.2,23.14,10.5,0.0,1,17.13,0.62,7.78,0.43,709.7
2020-05-23 05:40:00,471.23,23.2,23.14,10.55,0.0,1,1.12,1.62,12.78,1.33,714.7
2020-05-23 05:45:00,477.76,23.0,23.14,10.48,0.0,1,6.12,6.62,17.78,6.33,719.7
2020-05-23 05:50:00,477.76,23.2,23.14,10.48,0.0,1,11.12,3.62,22.78,11.33,724.7
2020-05-23 05:55:00,477.76,23.0,23.14,10.48,0.0,1,16.12,8.62,27.78,16.33,729.7
2020-05-23 06:00:00,464.0,23.0,23.14,10.48,0.0,1,4.12,13.62,32.78,21.33,734.7
2020-05-23 06:05:00,464.0,23.2,23.14,10.53,0.0,1,9.12,0.6,37.78,2.47,739.7
2020-05-23 06:10:00,466.18,23.0,23.14,10.43,0.0,1,0.1,4.6,42.78,1.63,744.7
2020-05-23 06:15:00,474.88,23.0,23.14,10.36,57.6,1,5.1,9.6,47.78,6.63,3.23
2020-05-23 06:20:00,472.45,23.0,23.12,10.36,72.0,1,0.1,14.6,0.77,11.63,8.23
2020-05-23 06:25:00,465.15,23.0,22.96,10.48,70.0,1,0.1,19.6,2.75,4.07,0.23
2020-05-23 06:30:00,474.88,23.0,22.8,10.38,62.0,1,5.1,24.6,4.25,3.87,5.23
2020-05-23 06:35:00,460.8,23.0,22.69,10.36,62.0,1,4.1,29.6,3.25,8.87,10.23
2020-05-23 06:40:00,460.8,23.0,22.66,10.36,62.0,1,9.1,34.6,8.25,13.87,15.23
2020-05-23 06:45:00,471.3,23.0,22.76,10.36,62.0,1,3.08,39.6,4.25,18.87,20.23
2020-05-23 06:50:00,473.92,23.0,22.81,10.26,62.0,1,8.08,44.6,1.92,3.98,25.23
2020-05-23 06:55:00,473.92,23.0,22.88,10.31,62.0,1,13.08,49.6,6.92,2.85,30.23
2020-05-23 07:00:00,482.37,23.0,22.98,10.36,62.0,1,2.08,54.6,3.9,7.85,35.23
2020-05-23 07:05:00,485.76,23.0,23.0,10.38,62.0,1,0.07,59.6,8.9,0.85,40.23
2020-05-23 07:10:00,485.76,23.0,23.0,10.48,62.0,1,3.07,64.6,13.9,5.85,45.23
2020-05-23 07:15:00,488.0,23.0,23.0,10.48,70.0,1,8.07,69.6,18.9,10.85,3.87
2020-05-23 07:20:00,485.95,23.0,23.06,10.53,72.0,1,0.05,74.6,2.72,1.65,8.87
2020-05-23 07:25:00,477.76,23.0,23.1,10.48,72.0,0,5.05,79.6,7.72,4.77,13.87
2020-05-23 07:30:00,477.76,23.2,23.1,10.48,72.0,0,10.05,2.55,12.72,9.77,18.87
2020-05-23 07:35:00,477.76,23.2,23.1,10.55,72.0,0,15.05,0.55,17.72,2.53,23.87
2020-05-23 07:40:00,477.76,23.4,23.1,10.5,72.0,0,20.05,1.55,22.72,3.42,28.87
2020-05-23 07:45:00,477.76,23.0,23.1,10.55,72.0,0,25.05,4.53,27.72,2.82,33.87
2020-05-23 07:50:00,471.23,23.0,23.1,10.6,72.0,0,2.2,9.53,32.72,7.82,38.87
2020-05-23 07:55:00,466.88,23.2,23.1,10.6,72.0,0,7.2,0.53,37.72,12.82,43.87
2020-05-23 08:00:00,473.98,23.2,23.1,10.67,74.0,0,2.2,2.53,42.72,2.38,0.83
2020-05-23 08:05:00,478.72,23.0,23.1,10.72,82.0,0,7.2,7.53,47.72,7.38,5.83
2020-05-23 08:10:00,478.72,23.0,23.1,10.72,82.0,0,12.2,12.53,52.72,12.38,10.83
2020-05-23 08:15:00,478.72,23.4,23.1,10.82,67.6,0,17.2,0.52,57.72,0.7,1.82
2020-05-23 08:20:00,478.72,23.0,23.1,10.7,67.6,0,22.2,4.52,62.72,0.22,2.32
2020-05-23 08:25:00,478.72,23.0,23.1,10.7,72.0,0,27.2,9.52,67.72,3.32,7.32
2020-05-23 08:30:00,478.72,23.0,23.1,10.72,72.0,0,32.2,14.52,72.72,8.32,12.32
2020-05-23 08:35:00,478.72,23.0,23.0,10.72,72.0,1,37.2,19.52,4.67,13.32,17.32
2020-05-23 08:40:00,478.72,23.0,23.08,10.82,62.0,1,42.2,24.52,3.67,3.63,4.98
2020-05-23 08:45:00,478.72,23.0,23.1,10.65,62.0,1,47.2,29.52,8.67,2.77,9.98
2020-05-23 08:50:00,478.72,23.0,23.2,10.58,62.0,1,52.2,34.52,4.67,0.42,14.98
2020-05-23 08:55:00,478.72,23.0,23.2,10.67,62.0,1,57.2,39.52,9.67,2.85,19.98
2020-05-23 09:00:00,481.15,23.0,23.2,10.72,62.0,1,0.17,44.52,14.67,7.85,24.98
2020-05-23 09:05:00,490.88,23.0,23.32,10.82,70.0,1,5.17,49.52,4.48,0.32,3.95
2020-05-23 09:10:00,499.9,23.2,23.32,10.84,72.0,1,2.15,1.48,9.48,4.2,8.95
2020-05-23 09:15:00,505.92,23.2,23.32,10.77,72.0,1,7.15,1.48,14.48,2.22,13.95
2020-05-23 09:20:00,518.72,23.2,23.32,10.6,72.0,1,3.15,3.48,19.48,4.52,18.95
2020-05-23 09:25:00,518.72,23.2,23.32,10.7,72.0,1,0.15,0.47,24.48,0.5,23.95
2020-05-23 09:30:00,502.72,23.0,23.34,10.74,72.0,1,0.13,5.47,0.47,0.53,28.95
2020-05-23 09:35:00,489.92,23.2,23.4,10.84,72.0,1,5.13,0.47,0.47,5.53,33.95
2020-05-23 09:40:00,501.76,23.4,23.3,10.77,72.0,1,4.13,0.63,5.47,2.92,38.95
2020-05-23 09:45:00,501.76,23.6,23.3,10.67,62.0,1,9.13,2.63,10.47,2.57,4.93
2020-05-23 09:50:00,515.07,24.4,23.3,10.67,48.0,1,0.13,1.3,15.47,0.53,4.43
2020-05-23 09:55:00,539.97,23.0,23.3,10.72,50.2,1,2.13,4.62,20.47,5.53,0.92
2020-05-23 10:00:00,513.22,23.6,23.3,10.58,59.0,1,3.12,0.78,25.47,0.78,5.92
2020-05-23 10:05:00,507.84,23.2,23.3,10.48,57.0,1,8.12,3.78,30.47,5.78,0.92
2020-05-23 10:10:00,496.0,23.4,23.3,10.48,49.0,1,4.12,0.78,35.47,10.78,5.92
2020-05-23 10:15:00,505.47,23.2,23.32,10.46,49.0,1,3.12,2.78,0.43,0.78,10.92
2020-05-23 10:20:00,507.84,23.6,23.4,10.36,49.0,1,8.12,0.77,5.43,5.78,15.92
2020-05-23 10:25:00,501.31,23.6,23.4,10.36,49.0,1,2.12,0.27,10.43,10.78,20.92
2020-05-23 10:30:00,560.38,24.6,23.4,10.43,49.0,1,0.1,1.27,15.43,2.78,25.92
2020-05-23 10:35:00,658.56,25.0,23.4,10.38,49.0,1,2.6,6.27,20.43,3.58,30.92
2020-05-23 10:40:00,658.94,24.8,23.4,10.34,49.0,1,1.6,1.27,25.43,0.02,35.92
2020-05-23 10:45:00,627.9,24.0,23.4,10.26,49.0,1,0.6,4.27,30.43,0.52,40.92
2020-05-23 10:50:00,578.82,25.0,23.31,10.29,49.0,1,2.6,4.25,0.25,2.87,45.92
2020-05-23 10:55:00,569.98,24.8,23.18,10.14,49.0,1,1.58,2.25,5.25,3.58,50.92
2020-05-23 11:00:00,538.18,24.0,23.18,10.12,49.0,1,0.58,4.25,10.25,8.58,55.92
2020-05-23 11:05:00,495.36,24.2,23.18,10.22,49.0,1,1.58,3.25,15.25,3.97,60.92
2020-05-23 11:10:00,485.76,24.0,23.18,10.26,49.0,1,6.58,8.25,20.25,3.17,65.92
2020-05-23 11:15:00,485.76,24.0,23.18,10.24,49.0,1,11.58,13.25,25.25,8.17,70.92
2020-05-23 11:20:00,483.58,24.0,23.18,10.17,49.0,1,0.57,18.25,30.25,1.45,75.92
2020-05-23 11:25:00,474.88,24.0,23.18,10.24,49.0,0,5.57,23.25,35.25,6.45,80.92
2020-05-23 11:30:00,474.88,24.0,23.18,10.31,49.0,0,10.57,28.25,40.25,0.07,85.92
2020-05-23 11:35:00,474.88,24.2,23.12,10.19,49.0,0,15.57,0.22,2.22,1.03,90.92
2020-05-23 11:40:00,474.88,24.8,23.06,9.86,43.0,0,20.57,3.22,0.72,0.02,2.02
2020-05-23 11:45:00,479.62,25.0,22.98,9.44,39.0,0,1.55,0.22,5.72,3.22,7.02
2020-05-23 11:50:00,495.17,26.6,22.88,9.4,39.0,0,2.55,1.72,4.72,0.93,12.02
2020-05-23 11:55:00,500.8,25.4,22.88,9.16,39.0,1,7.55,3.55,9.72,1.83,17.02
2020-05-23 12:00:00,503.42,26.2,22.98,8.91,39.0,1,0.55,2.53,4.7,1.35,22.02
2020-05-23 12:05:00,526.46,28.2,22.98,8.7,39.0,1,1.53,0.87,9.7,1.82,27.02
2020-05-23 12:10:00,563.9,29.0,23.06,8.56,39.0,1,2.53,4.87,3.7,1.05,32.02
2020-05-23 12:15:00,556.93,27.4,23.16,8.38,39.0,1,0.53,0.87,3.7,4.08,37.02
2020-05-23 12:20:00,523.58,26.2,23.3,8.26,39.0,1,0.53,1.87,4.53,4.92,42.02
2020-05-23 12:25:00,500.8,27.8,23.3,8.26,39.0,1,5.53,0.87,9.53,9.92,47.02
2020-05-23 12:30:00,512.0,25.8,23.3,8.13,39.0,1,4.53,0.02,14.53,4.72,52.02
2020-05-23 12:35:00,499.84,26.0,23.3,8.03,39.0,1,4.53,0.02,19.53,0.82,57.02
2020-05-23 12:40:00,495.1,26.6,23.3,7.79,33.0,0,1.52,1.35,24.53,3.3,2.15
2020-05-23 12:45:00,488.0,27.6,23.3,7.66,29.0,0,6.52,0.02,29.53,3.32,7.15
2020-05-23 12:50:00,488.0,27.2,23.3,7.66,29.0,0,11.52,0.02,34.53,0.82,12.15
2020-05-23 12:55:00,488.0,27.0,23.3,7.76,29.0,0,16.52,0.5,39.53,5.82,17.15
2020-05-23 13:00:00,488.0,27.2,23.3,7.66,37.0,0,21.52,0.0,44.53,3.22,3.63
2020-05-23 13:05:00,488.0,26.0,23.3,7.74,39.0,0,26.52,0.83,49.53,3.17,8.63
2020-05-23 13:10:00,477.76,26.4,23.3,7.76,33.0,0,4.67,0.0,54.53,8.17,2.13
2020-05-23 13:15:00,477.76,26.8,23.3,7.76,29.0,0,9.67,0.83,59.53,13.17,7.13
2020-05-23 13:20:00,477.76,27.6,23.18,7.76,29.0,0,14.67,0.48,4.48,18.17,12.13
2020-05-23 13:25:00,477.76,27.0,23.18,7.79,29.0,0,19.67,0.32,9.48,0.68,17.13
2020-05-23 13:30:00,477.76,28.4,23.18,7.89,29.0,0,24.67,0.98,14.48,5.68,22.13
2020-05-23 13:35:00,477.76,27.8,23.18,7.79,29.0,0,29.67,0.82,19.48,3.23,27.13
2020-05-23 13:40:00,477.76,27.8,23.18,7.76,29.0,0,34.67,0.98,24.48,8.23,32.13
2020-05-23 13:45:00,466.88,27.4,23.18,7.76,23.0,0,4.65,1.98,29.48,13.23,2.1
2020-05-23 13:50:00,466.88,28.6,23.18,7.76,19.0,0,9.65,1.3,34.48,18.23,7.1
2020-05-23 13:55:00,466.88,28.8,23.11,7.76,19.0,0,14.65,0.3,2.47,23.23,12.1
2020-05-23 14:00:00,466.88,28.0,23.06,7.76,19.0,0,19.65,0.47,7.47,28.23,17.1
2020-05-23 14:05:00,466.88,28.4,23.06,7.69,19.0,0,24.65,0.47,12.47,2.35,22.1
2020-05-23 14:10:00,466.88,28.2,23.0,7.64,19.0,0,29.65,1.3,2.97,7.35,27.1
2020-05-23 14:15:00,466.88,28.4,23.06,7.76,19.0,1,34.65,0.28,4.95,4.43,32.1
2020-05-23 14:20:00,466.88,29.0,23.08,7.76,19.0,1,39.65,0.28,0.95,9.43,37.1
2020-05-23 14:25:00,484.99,30.4,23.16,7.76,19.0,1,1.62,1.95,5.95,14.43,42.1
2020-05-23 14:30:00,516.8,28.2,23.26,7.76,19.0,1,4.62,0.28,4.45,19.43,47.1
2020-05-23 14:35:00,516.8,29.2,23.32,7.81,19.0,1,9.62,1.12,2.45,1.92,52.1
2020-05-23 14:40:00,520.0,30.2,23.36,7.89,19.0,1,0.62,0.6,7.45,6.92,57.1
2020-05-23 14:45:00,542.4,29.0,23.24,7.94,19.0,1,2.6,0.27,4.43,1.92,62.1
2020-05-23 14:50:00,527.17,28.6,23.24,7.99,19.0,1,1.6,0.6,9.43,0.92,67.1
2020-05-23 14:55:00,513.92,30.8,23.22,7.89,19.0,1,6.6,2.27,0.43,5.92,72.1
2020-05-23 15:00:00,508.29,30.4,23.14,8.01,19.0,0,1.6,0.08,5.43,4.82,77.1
2020-05-23 15:05:00,495.1,31.0,23.0,8.13,19.0,0,1.58,5.08,0.42,4.08,82.1
2020-05-23 15:10:00,477.76,31.0,22.86,8.13,19.0,0,4.58,10.08,2.92,9.08,87.1
2020-05-23 15:15:00,471.23,30.8,22.82,8.03,19.0,0,2.58,1.08,7.92,3.38,92.1
2020-05-23 15:20:00,466.88,30.8,22.84,8.01,19.0,0,7.58,0.58,0.92,8.38,97.1
2020-05-23 15:25:00,466.88,30.2,22.92,8.01,19.0,0,12.58,0.58,5.92,13.38,102.1
2020-05-23 15:30:00,466.88,28.4,22.98,8.01,19.0,0,17.58,2.73,2.9,18.38,107.1
2020-05-23 15:35:00,460.35,29.6,23.02,8.01,19.0,0,2.57,0.07,7.9,23.38,112.1
2020-05-23 15:40:00,456.0,28.8,23.02,8.01,19.0,0,7.57,0.07,12.9,28.38,117.1
2020-05-23 15:45:00,456.0,28.4,23.08,7.94,0.0,0,12.57,0.07,2.9,0.02,4.7
2020-05-23 15:50:00,460.35,29.6,23.12,8.06,4.0,0,1.57,0.07,7.9,1.5,1.18
2020-05-23 15:55:00,466.88,28.6,23.12,8.13,10.0,0,6.57,2.07,12.9,6.5,6.18
2020-05-23 16:00:00,466.88,28.2,23.12,8.01,6.0,0,11.57,2.05,17.9,4.25,1.68
2020-05-23 16:05:00,466.88,28.6,23.12,8.01,0.0,0,16.57,2.05,22.9,9.25,6.68
2020-05-23 16:10:00,466.88,29.2,23.12,8.01,0.0,0,21.57,0.05,27.9,14.25,11.68
2020-05-23 16:15:00,466.88,30.2,23.12,8.01,0.0,1,26.57,0.55,32.9,19.25,16.68
2020-05-23 16:20:00,481.09,31.8,23.12,8.01,4.0,1,0.55,0.2,37.9,24.25,1.83
2020-05-23 16:25:00,541.25,33.2,23.12,8.01,8.0,1,0.53,0.03,42.9,29.25,0.83
2020-05-23 16:30:00,597.89,34.2,23.12,8.01,0.0,1,1.53,0.03,47.9,34.25,5.83
2020-05-23 16:35:00,622.78,36.6,23.12,7.99,0.0,1,2.53,0.03,52.9,0.43,10.83
2020-05-23 16:40:00,617.92,37.8,23.12,7.89,0.0,1,4.53,0.03,57.9,5.43,15.83
2020-05-23 16:45:00,610.62,37.0,23.26,7.86,0.0,1,2.53,0.02,4.7,0.17,20.83
2020-05-23 16:50:00,608.19,37.0,23.26,7.69,0.0,1,0.52,2.02,9.7,2.88,25.83
2020-05-23 16:55:00,607.49,33.0,23.2,7.64,0.0,1,0.52,0.02,0.68,7.88,30.83
2020-05-23 17:00:00,544.0,34.4,22.86,7.52,0.0,1,1.52,1.18,2.68,4.73,35.83
2020-05-23 17:05:00,525.76,33.8,22.61,7.44,0.0,1,6.52,0.02,1.18,2.07,40.83
2020-05-23 17:10:00,522.75,33.4,22.47,7.39,0.0,1,0.52,0.33,2.18,0.22,45.83
2020-05-23 17:15:00,503.04,34.8,22.3,7.39,0.0,1,2.5,0.5,0.67,5.22,50.83
2020-05-23 17:20:00,497.92,34.2,22.17,7.52,0.0,1,7.5,1.33,1.17,4.92,55.83
2020-05-23 17:25:00,489.47,33.6,22.08,7.52,0.0,1,2.5,0.33,0.17,9.92,60.83
2020-05-23 17:30:00,491.71,32.8,21.95,7.42,0.0,1,2.5,0.5,0.17,0.0,65.83
2020-05-23 17:35:00,496.96,33.4,21.76,7.39,0.0,1,7.5,0.32,3.17,5.0,70.83
2020-05-23 17:40:00,496.96,31.0,21.74,7.39,0.0,1,12.5,0.48,8.17,10.0,75.83
2020-05-23 17:45:00,496.96,30.8,21.8,7.44,0.0,1,17.5,0.32,1.15,1.52,80.83
2020-05-23 17:50:00,496.96,31.6,21.95,7.52,0.0,1,22.5,0.48,2.65,6.52,85.83
2020-05-23 17:55:00,485.76,31.6,22.04,7.57,0.0,1,4.65,0.32,1.65,1.25,90.83
2020-05-23 18:00:00,481.02,31.4,22.1,7.64,0.0,1,1.65,0.3,6.65,6.25,95.83
2020-05-23 18:05:00,473.92,31.6,22.2,7.64,0.0,1,6.65,0.47,4.47,11.25,100.83
2020-05-23 18:10:00,473.92,30.0,22.2,7.76,0.0,0,11.65,0.3,9.47,4.23,105.83
2020-05-23 18:15:00,473.92,30.6,22.2,7.76,0.0,0,16.65,1.3,14.47,9.23,110.83
2020-05-23 18:20:00,473.92,30.6,22.2,7.76,0.0,0,21.65,1.8,19.47,14.23,115.83
2020-05-23 18:25:00,467.2,32.0,22.2,7.79,0.0,0,2.63,0.3,24.47,1.27,120.83
2020-05-23 18:30:00,462.72,31.8,22.2,7.84,0.0,0,7.63,0.97,29.47,0.1,125.83
2020-05-23 18:35:00,462.72,33.0,22.2,7.76,0.0,0,12.63,3.78,34.47,5.1,130.83
2020-05-23 18:40:00,462.72,33.0,22.2,7.79,0.0,0,17.63,8.78,39.47,0.92,135.83
2020-05-23 18:45:00,468.86,33.8,22.2,7.89,0.0,0,2.62,0.78,44.47,5.92,140.83
2020-05-23 18:50:00,472.96,33.8,22.2,7.89,0.0,0,7.62,3.28,49.47,10.92,145.83
2020-05-23 18:55:00,472.96,33.8,22.2,7.89,0.0,0,12.62,3.28,54.47,15.92,150.83
2020-05-23 19:00:00,468.48,34.0,22.25,7.89,0.0,0,1.62,0.43,1.45,20.92,155.83
2020-05-23 19:05:00,461.76,33.8,22.32,7.89,0.0,0,6.62,1.93,6.45,25.92,160.83
2020-05-23 19:10:00,461.76,33.8,22.32,7.79,0.0,0,11.62,0.93,11.45,3.25,165.83
2020-05-23 19:15:00,461.76,34.4,22.32,7.76,0.0,0,16.62,2.93,16.45,8.25,170.83
2020-05-23 19:20:00,461.76,33.0,22.32,7.76,0.0,0,21.62,4.43,21.45,13.25,175.83
2020-05-23 19:25:00,461.76,33.4,22.42,7.76,0.0,0,26.62,3.93,4.1,18.25,180.83
2020-05-23 19:30:00,468.48,33.2,22.42,7.76,0.0,0,2.6,0.25,9.1,23.25,185.83
2020-05-23 19:35:00,472.96,33.0,22.42,7.76,0.0,0,7.6,4.42,14.1,28.25,190.83
2020-05-23 19:40:00,472.96,33.0,22.42,7.76,0.0,0,12.6,9.42,19.1,33.25,195.83
2020-05-23 19:45:00,468.86,33.0,22.42,7.76,0.0,0,1.58,14.42,24.1,38.25,200.83
2020-05-23 19:50:00,468.86,33.0,22.42,7.76,0.0,0,2.58,19.42,29.1,43.25,205.83
2020-05-23 19:55:00,472.96,33.0,22.46,7.76,0.0,0,7.58,24.42,1.23,48.25,210.83
2020-05-23 20:00:00,466.82,33.0,22.52,7.89,0.0,0,2.57,29.42,6.23,4.97,215.83
2020-05-23 20:05:00,469.12,32.6,22.52,7.89,0.0,0,1.57,2.73,11.23,9.97,220.83
2020-05-23 20:10:00,476.54,33.0,22.52,7.89,0.0,0,0.57,2.23,16.23,14.97,225.83
2020-05-23 20:15:00,467.84,33.0,22.52,7.99,0.0,0,5.57,7.23,21.23,3.08,230.83
2020-05-23 20:20:00,467.84,33.0,22.52,8.13,0.0,0,10.57,12.23,26.23,4.37,235.83
2020-05-23 20:25:00,467.84,33.0,22.52,8.13,0.0,0,15.57,17.23,31.23,9.37,240.83
2020-05-23 20:30:00,467.84,33.8,22.52,7.99,0.0,0,20.57,3.22,36.23,0.45,245.83
2020-05-23 20:35:00,467.84,34.2,22.52,7.89,0.0,0,25.57,0.55,41.23,5.45,250.83
2020-05-23 20:40:00,467.84,34.0,22.52,7.89,0.0,0,30.57,4.55,46.23,10.45,255.83
2020-05-23 20:45:00,467.84,34.0,22.52,7.89,0.0,0,35.57,9.55,51.23,15.45,260.83
2020-05-23 20:50:00,467.84,34.8,22.52,7.89,0.0,0,40.57,0.53,56.23,20.45,265.83
2020-05-23 20:55:00,467.84,34.8,22.52,7.91,0.0,0,45.57,3.53,61.23,0.45,270.83
2020-05-23 21:00:00,467.84,35.0,22.52,8.01,0.0,0,50.57,8.53,66.23,5.45,275.83
2020-05-23 21:05:00,467.84,34.8,22.52,8.01,0.0,0,55.57,3.53,71.23,10.45,280.83
2020-05-23 21:10:00,467.84,35.0,22.52,8.01,0.0,0,60.57,8.53,76.23,15.45,285.83
2020-05-23 21:15:00,467.84,35.0,22.52,8.01,0.0,0,65.57,13.53,81.23,20.45,290.83
2020-05-23 21:20:00,467.84,35.0,22.52,8.03,0.0,0,70.57,18.53,86.23,0.25,295.83
2020-05-23 21:25:00,467.84,35.0,22.52,8.13,0.0,1,75.57,23.53,91.23,5.25,300.83
2020-05-23 21:30:00,467.84,35.0,22.52,8.13,0.0,1,80.57,28.53,96.23,10.25,305.83
2020-05-23 21:35:00,467.84,35.0,22.52,8.13,0.0,1,85.57,33.53,101.23,15.25,310.83
2020-05-23 21:40:00,467.84,35.0,22.52,8.13,0.0,1,90.57,38.53,106.23,20.25,315.83
2020-05-23 21:45:00,467.84,35.0,22.62,8.13,0.0,1,95.57,43.53,4.83,25.25,320.83
2020-05-23 21:50:00,467.84,35.0,22.64,8.13,0.0,1,100.57,48.53,0.82,30.25,325.83
2020-05-23 21:55:00,473.47,35.0,22.74,8.13,0.0,1,1.48,53.53,5.82,35.25,330.83
2020-05-23 22:00:00,481.92,35.0,22.74,8.13,0.0,1,6.48,58.53,10.82,40.25,335.83
2020-05-23 22:05:00,481.92,35.0,22.74,8.13,0.0,1,11.48,63.53,15.82,45.25,340.83
2020-05-23 22:10:00,481.92,35.0,22.74,8.13,0.0,1,16.48,68.53,20.82,50.25,345.83
2020-05-23 22:15:00,481.92,35.0,22.74,8.13,0.0,1,21.48,73.53,25.82,55.25,350.83
2020-05-23 22:20:00,468.8,35.0,22.74,8.13,0.0,1,4.48,78.53,30.82,60.25,355.83
2020-05-23 22:25:00,468.8,35.0,22.74,8.13,0.0,1,9.48,83.53,35.82,65.25,360.83
2020-05-23 22:30:00,468.8,35.6,22.74,8.08,0.0,1,14.48,2.47,40.82,1.07,365.83
2020-05-23 22:35:00,468.8,35.8,22.74,8.01,0.0,1,19.48,0.47,45.82,6.07,370.83
2020-05-23 22:40:00,468.8,35.8,22.74,8.01,0.0,1,24.48,0.47,50.82,11.07,375.83
2020-05-23 22:45:00,468.8,35.6,22.74,7.89,0.0,0,29.48,0.45,55.82,4.0,380.83
2020-05-23 22:50:00,468.8,35.6,22.74,7.89,0.0,0,34.48,1.45,60.82,9.0,385.83
2020-05-23 22:55:00,468.8,35.2,22.74,7.99,0.0,0,39.48,0.45,65.82,3.93,390.83
2020-05-23 23:00:00,468.8,35.4,22.74,8.01,0.0,0,44.48,0.45,70.82,8.93,395.83
2020-05-23 23:05:00,468.8,36.0,22.74,8.01,0.0,0,49.48,5.45,75.82,13.93,400.83
2020-05-23 23:10:00,468.8,35.8,22.7,8.01,0.0,0,54.48,2.45,1.93,18.93,405.83
2020-05-23 23:15:00,468.8,36.0,22.64,8.01,0.0,1,59.48,7.45,6.93,23.93,410.83
2020-05-23 23:20:00,468.8,36.0,22.64,8.06,0.0,1,64.48,12.45,11.93,1.3,415.83
2020-05-23 23:25:00,468.8,36.0,22.64,8.13,0.0,1,69.48,17.45,16.93,6.3,420.83
2020-05-23 23:30:00,468.8,36.0,22.64,8.21,0.0,1,74.48,22.45,21.93,2.07,425.83
2020-05-23 23:35:00,468.8,36.0,22.64,8.26,0.0,1,79.48,27.45,26.93,7.07,430.83
2020-05-23 23:40:00,468.8,36.0,22.64,8.26,0.0,1,84.48,32.45,31.93,12.07,435.83
2020-05-23 23:45:00,468.8,36.0,22.64,8.26,0.0,1,89.48,37.45,36.93,17.07,440.83
2020-05-23 23:50:00,468.8,36.0,22.64,8.26,0.0,1,94.48,42.45,41.93,22.07,445.83
2020-05-23 23:55:00,468.8,36.0,22.64,8.26,0.0,1,99.48,47.45,46.93,27.07,450.83
2020-05-24 00:00:00,468.8,36.0,22.64,8.26,0.0,1,104.48,52.45,51.93,32.07,455.83
2020-05-24 00:05:00,464.45,36.0,22.64,8.26,0.0,1,1.57,57.45,56.93,37.07,460.83
2020-05-24 00:10:00,462.27,36.0,22.64,8.13,0.0,1,1.57,62.45,61.93,4.8,465.83
2020-05-24 00:15:00,468.8,36.0,22.64,8.13,0.0,0,6.57,67.45,66.93,9.8,470.83
2020-05-24 00:20:00,468.8,36.2,22.64,8.13,0.0,0,11.57,0.4,71.93,14.8,475.83
2020-05-24 00:25:00,468.8,36.0,22.64,8.11,0.0,0,16.57,5.4,76.93,0.33,480.83
2020-05-24 00:30:00,468.8,36.0,22.64,8.01,0.0,0,21.57,10.4,81.93,5.33,485.83
2020-05-24 00:35:00,468.8,36.0,22.64,8.01,0.0,0,26.57,15.4,86.93,10.33,490.83
2020-05-24 00:40:00,468.8,36.0,22.64,8.01,0.0,0,31.57,20.4,91.93,15.33,495.83
2020-05-24 00:45:00,468.8,36.0,22.7,8.01,0.0,1,36.57,25.4,2.88,20.33,500.83
2020-05-24 00:50:00,468.8,36.0,22.74,8.01,0.0,1,41.57,30.4,7.88,25.33,505.83
2020-05-24 00:55:00,468.8,36.0,22.74,8.01,0.0,1,46.57,35.4,12.88,30.33,510.83
2020-05-24 01:00:00,468.8,36.0,22.74,8.01,0.0,1,51.57,40.4,17.88,35.33,515.83
2020-05-24 01:05:00,468.8,36.0,22.74,8.01,0.0,1,56.57,45.4,22.88,40.33,520.83
2020-05-24 01:10:00,468.8,36.0,22.74,8.01,0.0,1,61.57,50.4,27.88,45.33,525.83
2020-05-24 01:15:00,468.8,36.0,22.74,8.01,0.0,1,66.57,55.4,32.88,50.33,530.83
2020-05-24 01:20:00,468.8,36.0,22.74,7.96,0.0,1,71.57,60.4,37.88,1.82,535.83
2020-05-24 01:25:00,468.8,36.0,22.74,7.89,0.0,1,76.57,65.4,42.88,6.82,540.83
2020-05-24 01:30:00,468.8,36.0,22.74,7.89,0.0,1,81.57,70.4,47.88,11.82,545.83
2020-05-24 01:35:00,468.8,36.0,22.74,7.89,0.0,1,86.57,75.4,52.88,16.82,550.83
2020-05-24 01:40:00,468.8,36.0,22.74,7.89,0.0,1,91.57,80.4,57.88,21.82,555.83
2020-05-24 01:45:00,468.8,36.0,22.74,7.89,0.0,1,96.57,85.4,62.88,26.82,560.83
2020-05-24 01:50:00,468.8,36.0,22.74,7.89,0.0,0,101.57,90.4,67.88,31.82,565.83
2020-05-24 01:55:00,468.8,36.0,22.74,7.89,0.0,0,106.57,95.4,72.88,36.82,570.83
2020-05-24 02:00:00,468.8,36.0,22.74,7.89,0.0,0,111.57,100.4,77.88,41.82,575.83
2020-05-24 02:05:00,468.8,36.0,22.74,7.89,0.0,0,116.57,105.4,82.88,46.82,580.83
2020-05-24 02:10:00,468.8,36.0,22.74,7.89,0.0,0,121.57,110.4,87.88,51.82,585.83
2020-05-24 02:15:00,471.04,36.0,22.74,7.96,0.0,0,0.48,115.4,92.88,2.2,590.83
2020-05-24 02:20:00,480.0,36.0,22.74,8.01,0.0,0,5.48,120.4,97.88,7.2,595.83
2020-05-24 02:25:00,469.76,36.0,22.74,8.01,0.0,1,4.48,125.4,102.88,12.2,600.83
2020-05-24 02:30:00,469.76,36.0,22.74,8.08,0.0,1,9.48,130.4,107.88,2.38,605.83
2020-05-24 02:35:00,469.76,36.0,22.74,8.16,0.0,1,14.48,135.4,112.88,0.83,610.83
2020-05-24 02:40:00,469.76,36.0,22.74,8.26,0.0,1,19.48,140.4,117.88,5.83,615.83
2020-05-24 02:45:00,469.76,36.0,22.74,8.33,0.0,1,24.48,145.4,122.88,2.78,620.83
2020-05-24 02:50:00,469.76,36.0,22.74,8.4,0.0,1,29.48,150.4,127.88,0.77,625.83
2020-05-24 02:55:00,469.76,36.0,22.74,8.52,0.0,1,34.48,155.4,132.88,0.42,630.83
2020-05-24 03:00:00,469.76,36.0,22.74,8.62,0.0,1,39.48,160.4,137.88,0.3,635.83
2020-05-24 03:05:00,477.63,36.8,22.6,8.72,0.0,1,0.45,3.45,0.28,5.3,640.83
2020-05-24 03:10:00,524.03,37.2,22.23,8.84,0.0,1,0.45,1.45,2.12,4.32,645.83
2020-05-24 03:15:00,534.02,36.2,22.3,8.96,0.0,1,1.45,3.45,0.12,4.23,650.83
2020-05-24 03:20:00,500.22,36.0,22.47,9.08,0.0,1,0.45,8.45,1.12,0.83,655.83
2020-05-24 03:25:00,475.9,36.0,22.54,9.2,0.0,1,1.45,13.45,6.12,0.38,660.83
2020-05-24 03:30:00,469.76,36.0,22.54,9.3,2.0,1,6.45,18.45,11.12,5.38,0.23
2020-05-24 03:35:00,469.76,36.0,22.56,9.44,10.0,1,11.45,23.45,0.93,0.13,5.23
2020-05-24 03:40:00,469.76,36.0,22.66,9.6,10.0,1,16.45,28.45,5.93,2.77,10.23
2020-05-24 03:45:00,465.41,36.0,22.66,9.64,10.0,0,1.43,33.45,10.93,7.77,15.23
2020-05-24 03:50:00,461.5,36.0,22.66,9.64,10.0,1,0.43,38.45,15.93,12.77,20.23
2020-05-24 03:55:00,472.0,36.0,22.66,9.64,2.0,1,5.43,43.45,20.93,17.77,3.4
2020-05-24 04:00:00,472.0,36.0,22.66,9.64,2.2,1,10.43,48.45,25.93,22.77,0.38
2020-05-24 04:05:00,472.0,36.0,22.66,9.69,11.0,1,15.43,53.45,30.93,1.0,4.38
2020-05-24 04:10:00,472.0,36.0,22.66,9.86,11.0,1,20.43,58.45,35.93,3.9,9.38
2020-05-24 04:15:00,472.0,36.0,22.66,9.9,18.8,1,25.43,63.45,40.93,0.2,2.38
2020-05-24 04:20:00,472.0,36.0,22.66,10.0,46.0,1,30.43,68.45,45.93,5.2,0.38
2020-05-24 04:25:00,472.0,35.8,22.66,10.07,78.61,1,35.43,0.9,50.93,2.57,0.38
2020-05-24 04:30:00,472.0,35.0,22.66,10.29,105.02,1,40.43,5.9,55.93,1.27,1.87
2020-05-24 04:35:00,472.0,35.0,22.74,10.48,129.63,1,45.43,10.9,3.4,0.22,0.37
2020-05-24 04:40:00,472.0,35.0,22.76,10.77,140.0,1,50.43,15.9,8.4,2.28,5.37
2020-05-24 04:45:00,472.0,35.0,22.8,10.77,137.81,1,55.43,20.9,1.4,2.87,0.37
2020-05-24 04:50:00,467.14,35.0,22.86,11.01,126.24,1,1.57,25.9,6.4,2.75,0.35
2020-05-24 04:55:00,462.02,35.0,22.86,11.01,77.8,1,0.55,30.9,11.4,2.25,0.35
2020-05-24 05:00:00,470.72,35.0,22.88,10.98,92.42,1,5.55,35.9,0.05,0.65,1.85
2020-05-24 05:05:00,470.72,35.0,22.98,11.25,123.04,1,10.55,40.9,5.05,0.82,6.85
2020-05-24 05:10:00,470.72,35.0,23.06,11.61,63.62,1,15.55,45.9,3.05,1.67,0.35
2020-05-24 05:15:00,470.72,35.0,23.08,11.63,32.6,1,20.55,50.9,8.05,2.43,1.35
2020-05-24 05:20:00,470.72,35.0,23.08,11.61,54.41,1,25.55,55.9,13.05,1.18,1.83
2020-05-24 05:25:00,470.72,35.0,23.08,11.61,44.4,1,30.55,60.9,18.05,0.2,0.33
2020-05-24 05:30:00,464.19,35.0,23.1,11.92,87.01,1,2.53,65.9,0.03,1.53,0.83
2020-05-24 05:35:00,459.84,35.0,23.18,12.02,52.4,1,7.53,70.9,5.03,0.23,1.0
2020-05-24 05:40:00,459.84,35.0,23.18,11.82,78.02,1,12.53,75.9,10.03,3.72,0.48
2020-05-24 05:45:00,459.84,35.0,23.24,11.68,137.6,1,17.53,80.9,2.02,4.83,0.48
2020-05-24 05:50:00,459.84,35.0,23.28,11.92,142.0,1,22.53,85.9,7.02,1.35,0.48
2020-05-24 05:55:00,466.37,35.0,23.38,11.8,117.0,1,2.52,90.9,3.35,4.28,0.98
2020-05-24 06:00:00,470.72,35.0,23.4,11.75,64.21,1,7.52,95.9,8.35,1.07,0.48
2020-05-24 06:05:00,466.37,35.0,23.4,11.8,133.41,1,1.52,100.9,13.35,0.67,2.48
2020-05-24 06:10:00,459.84,35.0,23.48,11.99,148.0,1,6.52,105.9,3.33,2.82,7.48
2020-05-24 06:15:00,459.84,35.0,23.54,12.11,113.6,0,11.52,110.9,1.83,0.52,0.97
2020-05-24 06:20:00,459.84,34.2,23.6,12.3,58.2,0,16.52,3.0,6.83,0.07,0.97
2020-05-24 06:25:00,459.84,34.6,23.6,12.11,60.61,0,21.52,1.0,11.83,0.53,0.47
2020-05-24 06:30:00,459.84,34.0,23.6,12.35,154.62,0,26.52,6.0,16.83,0.33,0.47
2020-05-24 06:35:00,459.84,34.0,23.68,12.42,69.6,0,31.52,11.0,3.82,0.63,0.45
2020-05-24 06:40:00,459.84,34.0,23.7,12.59,150.03,0,36.52,16.0,8.82,2.63,0.45
2020-05-24 06:45:00,459.84,34.0,23.7,12.59,24.0,0,41.52,21.0,13.82,1.05,4.45
2020-05-24 06:50:00,462.66,34.0,23.82,12.4,24.0,0,0.48,26.0,4.32,6.05,9.45
2020-05-24 06:55:00,473.92,34.0,23.82,12.3,40.2,0,5.48,31.0,9.32,3.65,0.45
2020-05-24 07:00:00,458.88,34.0,23.82,12.4,28.0,0,4.48,36.0,14.32,4.18,1.43
2020-05-24 07:05:00,458.88,33.8,23.82,12.52,25.0,0,9.48,0.97,19.32,4.85,0.93
2020-05-24 07:10:00,458.88,33.8,23.82,12.61,136.26,0,14.48,0.97,24.32,1.0,2.93
2020-05-24 07:15:00,458.88,33.8,23.82,12.97,168.67,0,19.48,0.97,29.32,3.05,0.93
2020-05-24 07:20:00,458.88,33.4,23.82,12.89,21.0,0,24.48,0.97,34.32,3.43,4.43
2020-05-24 07:25:00,472.0,33.6,23.84,12.89,65.79,0,4.47,1.97,0.28,0.48,0.08
2020-05-24 07:30:00,472.0,33.2,23.92,13.09,20.4,0,9.47,3.97,5.28,0.87,3.08
2020-05-24 07:35:00,472.0,33.0,23.92,12.94,18.0,0,14.47,8.97,10.28,1.45,8.08
2020-05-24 07:40:00,472.0,33.0,23.92,12.87,83.0,0,19.47,13.97,15.28,6.45,0.08
2020-05-24 07:45:00,472.0,33.0,23.92,13.13,109.98,0,24.47,18.97,20.28,0.27,0.07
2020-05-24 07:50:00,472.0,32.6,23.92,13.23,168.26,0,29.47,1.95,25.28,0.1,3.07
2020-05-24 07:55:00,472.0,32.6,23.92,13.48,193.28,0,34.47,3.93,30.28,0.97,1.07
2020-05-24 08:00:00,472.0,31.8,23.98,13.88,186.08,0,39.47,0.1,2.6,0.53,6.07
2020-05-24 08:05:00,472.0,31.8,24.02,14.0,186.08,0,44.47,1.1,7.6,1.77,11.07
2020-05-24 08:10:00,467.9,31.0,24.06,13.86,128.61,0,1.43,6.1,1.6,1.28,0.05
2020-05-24 08:15:00,461.76,31.8,24.12,14.0,161.39,0,6.43,2.93,6.6,2.17,0.05
2020-05-24 08:20:00,461.76,31.0,24.12,14.19,118.42,0,11.43,7.93,11.6,2.22,0.55
2020-05-24 08:25:00,463.81,31.0,24.12,14.38,141.64,0,0.42,12.93,16.6,0.7,0.55
2020-05-24 08:30:00,472.0,30.8,24.22,14.45,179.25,0,5.42,0.92,3.08,2.82,2.55
2020-05-24 08:35:00,465.86,30.4,24.24,14.61,182.08,0,2.42,2.92,8.08,0.42,7.55
2020-05-24 08:40:00,461.76,30.6,24.24,14.66,104.62,0,7.42,0.92,13.08,0.12,0.03
2020-05-24 08:45:00,466.24,30.6,24.26,14.56,88.82,0,1.42,2.9,0.07,0.12,0.03
2020-05-24 08:50:00,466.82,30.0,24.34,14.92,69.8,0,2.4,0.23,5.07,0.1,2.03
2020-05-24 08:55:00,462.72,29.8,24.34,14.56,52.0,0,7.4,1.4,10.07,0.32,0.03
2020-05-24 09:00:00,462.72,30.2,24.34,14.54,30.0,0,12.4,2.4,15.07,0.23,4.53
2020-05-24 09:05:00,462.72,30.0,24.34,14.61,30.0,0,17.4,7.4,20.07,0.17,9.53
2020-05-24 09:10:00,464.96,30.0,24.34,14.3,26.0,0,0.57,12.4,25.07,0.47,1.02
2020-05-24 09:15:00,471.68,29.6,24.34,14.4,20.0,0,0.55,0.38,30.07,4.23,6.02
2020-05-24 09:20:00,462.72,29.8,24.34,14.3,20.0,0,5.55,3.38,35.07,3.95,11.02
2020-05-24 09:25:00,462.72,30.0,24.34,14.21,20.0,0,10.55,8.38,40.07,2.88,16.02
2020-05-24 09:30:00,462.72,29.8,24.34,14.26,22.4,0,15.55,0.38,45.07,0.53,0.17
2020-05-24 09:35:00,462.72,29.8,24.34,14.52,32.0,0,20.55,3.37,50.07,0.25,5.17
2020-05-24 09:40:00,462.72,30.0,24.34,14.47,32.0,0,25.55,8.37,55.07,0.82,10.17
2020-05-24 09:45:00,462.72,29.6,24.34,14.12,24.0,0,30.55,1.37,60.07,0.2,3.17
2020-05-24 09:50:00,462.72,29.8,24.34,14.33,22.0,1,35.55,3.37,65.07,1.62,8.17
2020-05-24 09:55:00,472.96,29.8,24.34,14.42,37.6,1,4.53,2.37,70.07,1.32,1.65
2020-05-24 10:00:00,472.96,30.6,24.34,14.52,51.4,1,9.53,0.85,75.07,1.98,0.65
2020-05-24 10:05:00,478.08,33.0,24.34,14.33,36.0,1,1.52,0.68,80.07,1.8,5.65
2020-05-24 10:10:00,491.9,33.0,24.34,14.49,45.6,1,2.52,0.85,85.07,0.18,1.65
2020-05-24 10:15:00,496.0,32.6,24.42,14.87,46.6,1,7.52,0.68,3.52,0.78,1.15
2020-05-24 10:20:00,498.18,32.4,24.44,15.2,47.4,1,0.52,0.68,8.52,0.5,0.13
2020-05-24 10:25:00,524.93,32.2,24.44,15.06,27.4,1,2.52,0.17,13.52,0.63,0.13
2020-05-24 10:30:00,521.98,32.4,24.44,15.06,30.4,1,2.5,3.17,18.52,0.02,2.63
2020-05-24 10:35:00,520.83,31.2,24.44,15.01,26.0,1,2.5,0.17,23.52,0.55,7.63
2020-05-24 10:40:00,499.2,32.0,24.44,14.8,26.0,1,2.5,0.67,28.52,0.62,12.63
2020-05-24 10:45:00,520.64,32.2,24.44,14.8,26.0,1,0.5,1.67,33.52,0.5,17.63
2020-05-24 10:50:00,518.27,31.0,24.44,14.61,26.0,1,0.5,6.67,38.52,0.25,22.63
2020-05-24 10:55:00,486.08,30.2,24.44,14.61,30.8,1,2.5,1.65,43.52,1.22,3.12
2020-05-24 11:00:00,480.96,31.0,24.44,14.77,32.0,1,7.5,1.98,48.52,0.37,8.12
2020-05-24 11:05:00,480.96,31.0,24.44,14.85,24.0,0,12.5,6.98,53.52,3.52,3.62
2020-05-24 11:10:00,476.48,30.6,24.44,14.96,42.0,0,1.48,1.98,58.52,0.17,4.62
2020-05-24 11:15:00,467.58,30.4,24.44,15.52,31.0,0,0.48,0.97,63.52,0.22,4.6
2020-05-24 11:20:00,458.88,30.6,24.44,15.78,31.0,0,5.48,1.97,68.52,0.35,9.6
2020-05-24 11:25:00,469.76,30.0,24.44,15.75,26.2,0,4.47,6.97,73.52,1.32,1.27
2020-05-24 11:30:00,462.66,30.4,24.44,15.8,27.0,0,2.47,2.13,78.52,1.37,3.77
2020-05-24 11:35:00,457.92,30.6,24.44,15.99,29.0,0,7.47,0.13,83.52,0.1,8.77
2020-05-24 11:40:00,457.92,31.0,24.34,16.08,20.6,0,12.47,5.13,4.62,0.95,1.75
2020-05-24 11:45:00,457.92,31.0,24.34,15.87,18.6,0,17.47,10.13,9.62,0.02,0.25
2020-05-24 11:50:00,457.92,31.0,24.17,16.27,16.4,0,22.47,15.13,1.62,0.0,0.75
2020-05-24 11:55:00,457.92,31.0,24.18,15.64,12.0,0,27.47,20.13,3.62,0.12,5.75
2020-05-24 12:00:00,457.92,31.0,24.2,15.29,11.4,0,32.47,25.13,8.62,0.72,1.25
2020-05-24 12:05:00,457.92,31.0,24.2,15.15,2.0,0,37.47,30.13,13.62,1.73,0.73
2020-05-24 12:10:00,457.92,30.8,24.2,15.54,20.0,0,42.47,0.12,18.62,0.2,4.73
2020-05-24 12:15:00,457.92,30.2,24.2,15.89,20.0,0,47.47,3.1,23.62,0.43,9.73
2020-05-24 12:20:00,457.92,30.0,24.3,15.96,20.0,0,52.47,8.1,3.6,0.3,14.73
2020-05-24 12:25:00,457.92,30.0,24.32,15.8,20.0,0,57.47,13.1,8.6,0.1,19.73
2020-05-24 12:30:00,457.92,30.0,24.28,15.78,20.0,0,62.47,18.1,1.6,0.37,24.73
2020-05-24 12:35:00,457.92,30.0,24.22,15.82,20.0,0,67.47,23.1,6.6,0.33,29.73
2020-05-24 12:40:00,457.92,29.8,24.22,15.31,20.0,0,72.47,0.42,11.6,0.18,34.73
2020-05-24 12:45:00,465.02,29.6,24.22,15.43,20.0,0,2.42,1.42,16.6,0.17,39.73
2020-05-24 12:50:00,469.76,29.2,24.15,15.17,20.0,0,7.42,0.42,2.58,0.18,44.73
2020-05-24 12:55:00,469.76,29.2,24.1,15.06,20.0,0,12.42,1.42,7.58,0.82,49.73
2020-05-24 13:00:00,469.76,29.2,24.1,15.31,20.0,0,17.42,3.42,12.58,0.0,54.73
2020-05-24 13:05:00,469.76,29.2,24.1,15.9,20.0,0,22.42,2.4,17.58,0.27,59.73
2020-05-24 13:10:00,469.76,29.0,24.06,15.41,20.0,0,27.42,7.4,1.57,1.47,64.73
2020-05-24 13:15:00,469.76,29.0,24.0,15.31,20.0,0,32.42,12.4,6.57,0.02,69.73
2020-05-24 13:20:00,469.76,29.2,24.0,16.22,20.0,0,37.42,0.4,11.57,0.03,74.73
2020-05-24 13:25:00,469.76,29.0,24.0,15.52,20.0,0,42.42,5.4,16.57,2.12,79.73
2020-05-24 13:30:00,469.76,29.0,24.0,15.08,20.0,0,47.42,10.4,21.57,0.07,84.73
2020-05-24 13:35:00,469.76,29.0,23.96,15.29,20.0,0,52.42,15.4,1.05,0.2,89.73
2020-05-24 13:40:00,469.76,29.0,23.9,15.71,20.0,0,57.42,20.4,6.05,0.7,94.73
2020-05-24 13:45:00,469.76,29.0,23.9,15.17,20.0,0,62.42,25.4,11.05,0.48,99.73
2020-05-24 13:50:00,469.76,29.0,23.9,15.22,20.0,0,67.42,30.4,16.05,0.05,104.73
2020-05-24 13:55:00,469.76,29.0,23.9,15.22,20.0,0,72.42,35.4,21.05,0.25,109.73
2020-05-24 14:00:00,469.76,29.0,23.9,15.43,10.0,0,77.42,40.4,26.05,0.27,4.33
2020-05-24 14:05:00,469.76,29.0,23.9,15.8,10.0,0,82.42,45.4,31.05,0.03,9.33
2020-05-24 14:10:00,469.76,29.0,23.9,15.06,10.0,0,87.42,50.4,36.05,1.28,14.33
2020-05-24 14:15:00,469.76,29.0,23.9,14.92,2.0,0,92.42,55.4,41.05,0.28,2.32
2020-05-24 14:20:00,469.76,29.0,23.9,15.39,0.0,0,97.42,60.4,46.05,0.72,7.32
2020-05-24 14:25:00,469.76,29.0,23.9,15.45,0.0,0,102.42,65.4,51.05,0.75,12.32
2020-05-24 14:30:00,469.76,29.0,23.9,15.4,0.0,0,107.42,70.4,56.05,0.4,17.32
2020-05-24 14:35:00,469.76,29.0,23.9,15.25,0.0,0,112.42,75.4,61.05,0.23,22.32
2020-05-24 14:40:00,469.76,29.0,23.9,14.7,4.0,0,117.42,80.4,66.05,1.3,0.3
2020-05-24 14:45:00,469.76,29.0,23.9,14.73,2.0,0,122.42,85.4,71.05,0.42,0.3
2020-05-24 14:50:00,469.76,29.0,23.9,14.42,8.0,0,127.42,90.4,76.05,0.22,3.3
2020-05-24 14:55:00,458.88,29.0,23.9,15.06,0.0,0,4.5,95.4,81.05,1.33,4.8
2020-05-24 15:00:00,461.06,29.0,23.9,14.63,0.0,0,0.5,100.4,86.05,1.3,9.8
2020-05-24 15:05:00,469.76,29.0,23.9,14.24,4.8,0,5.5,105.4,91.05,0.18,1.28
2020-05-24 15:10:00,469.76,29.6,23.75,14.35,75.82,1,10.5,2.32,0.82,0.92,2.45
2020-05-24 15:15:00,469.76,30.8,23.15,14.38,60.0,1,15.5,3.65,0.15,0.22,4.45
2020-05-24 15:20:00,469.76,33.0,22.5,14.28,60.0,1,20.5,4.82,0.47,5.22,9.45
2020-05-24 15:25:00,469.76,33.8,22.24,14.03,60.0,1,25.5,0.97,5.47,0.4,14.45
2020-05-24 15:30:00,467.58,33.6,22.09,14.03,64.4,1,0.48,1.97,1.13,1.15,0.93
2020-05-24 15:35:00,458.88,34.0,21.85,14.03,58.4,1,5.48,6.97,0.13,0.23,1.43
2020-05-24 15:40:00,461.06,34.6,21.68,13.91,49.0,1,0.47,0.47,2.13,0.97,4.93
2020-05-24 15:45:00,469.76,34.8,21.5,13.72,49.0,1,5.47,0.47,4.13,3.47,9.93
2020-05-24 15:50:00,469.76,35.8,21.38,13.6,49.0,1,10.47,0.47,4.13,1.15,14.93
2020-05-24 15:55:00,469.76,35.6,21.26,13.46,49.0,1,15.47,1.47,4.12,6.15,19.93
2020-05-24 16:00:00,472.38,35.4,21.26,13.39,49.0,1,0.47,2.45,9.12,1.77,24.93
2020-05-24 16:05:00,482.88,35.8,21.26,13.48,49.0,1,5.47,0.62,14.12,0.9,29.93
2020-05-24 16:10:00,467.84,35.6,21.18,13.51,49.0,1,4.45,0.12,0.78,2.55,34.93
2020-05-24 16:15:00,467.84,35.8,21.16,13.39,27.0,1,9.45,1.62,0.62,2.32,4.92
2020-05-24 16:20:00,472.19,34.8,21.58,13.25,27.0,1,1.45,1.12,1.28,3.67,9.92
2020-05-24 16:25:00,482.82,35.4,21.9,13.16,27.0,1,1.45,1.12,0.1,0.3,14.92
2020-05-24 16:30:00,503.94,35.6,22.08,13.04,27.0,1,0.45,0.93,2.1,1.72,19.92
2020-05-24 16:35:00,547.14,35.2,22.2,13.04,27.0,1,2.43,0.93,2.77,2.53,24.92
2020-05-24 16:40:00,552.0,36.0,22.34,12.77,27.0,1,7.43,1.1,3.77,1.08,29.92
2020-05-24 16:45:00,555.84,34.0,22.46,12.54,27.0,1,0.43,0.6,3.27,3.32,34.92
2020-05-24 16:50:00,526.08,33.8,22.56,12.38,27.0,1,2.43,0.43,3.25,0.5,39.92
2020-05-24 16:55:00,544.51,34.6,22.64,12.16,27.0,1,1.43,0.42,2.08,5.5,44.92
2020-05-24 17:00:00,548.1,34.6,22.7,12.09,21.0,1,1.42,0.58,0.08,2.98,2.88
2020-05-24 17:05:00,540.8,34.2,22.78,12.02,17.0,1,6.42,0.42,5.08,0.05,7.88
2020-05-24 17:10:00,540.8,35.0,22.84,11.9,17.0,1,11.42,0.58,1.58,0.27,12.88
2020-05-24 17:15:00,540.8,34.4,22.98,11.7,17.0,1,16.42,0.92,2.25,3.55,17.88
2020-05-24 17:20:00,523.52,33.8,23.1,11.56,17.0,1,1.42,0.07,3.23,4.13,22.88
2020-05-24 17:25:00,540.29,34.8,23.14,11.46,17.0,1,2.42,0.07,0.07,3.25,27.88
2020-05-24 17:30:00,548.29,35.2,23.26,11.37,17.0,1,0.4,0.07,0.07,2.38,32.88
2020-05-24 17:35:00,557.76,34.4,23.38,11.27,17.0,1,5.4,1.57,1.23,1.37,37.88
2020-05-24 17:40:00,538.88,35.0,23.48,11.27,0.0,1,4.4,0.57,1.23,2.7,2.03
2020-05-24 17:45:00,538.88,34.0,23.59,11.25,0.0,1,9.4,1.57,1.72,2.17,7.03
2020-05-24 17:50:00,548.48,36.6,23.68,11.25,0.0,1,1.4,0.38,0.72,2.4,12.03
2020-05-24 17:55:00,567.36,34.2,23.76,11.15,0.0,1,0.38,0.38,5.72,1.88,17.03
2020-05-24 18:00:00,544.96,34.8,23.84,10.98,0.0,1,5.38,0.05,3.88,0.62,22.03
2020-05-24 18:05:00,566.53,35.2,23.86,11.13,0.0,1,2.38,0.22,8.88,1.08,27.03
2020-05-24 18:10:00,565.63,34.2,23.86,11.08,0.0,1,1.38,0.87,13.88,4.88,32.03
2020-05-24 18:15:00,555.39,35.2,23.86,10.96,0.0,1,0.37,0.87,18.88,4.07,37.03
2020-05-24 18:20:00,545.92,34.6,23.76,11.01,0.0,1,5.37,0.37,4.87,0.07,42.03
2020-05-24 18:25:00,545.92,34.0,23.76,10.96,0.0,1,10.37,0.37,9.87,5.07,47.03
2020-05-24 18:30:00,537.47,34.6,23.76,10.96,0.0,1,2.37,1.87,14.87,10.07,52.03
2020-05-24 18:35:00,531.84,34.8,23.76,10.86,0.0,1,7.37,0.85,19.87,3.43,57.03
2020-05-24 18:40:00,531.84,34.8,23.76,10.79,0.0,0,12.37,0.85,24.87,1.8,62.03
2020-05-24 18:45:00,531.84,35.4,23.76,10.72,0.0,1,17.37,1.85,29.87,6.8,67.03
2020-05-24 18:50:00,531.84,34.6,23.76,10.67,0.0,1,22.37,0.85,34.87,1.02,72.03
2020-05-24 18:55:00,534.02,35.2,23.76,10.6,0.0,1,0.52,0.85,39.87,6.02,77.03
2020-05-24 19:00:00,540.54,34.6,23.76,10.46,0.0,1,0.5,0.83,44.87,1.03,82.03
2020-05-24 19:05:00,531.84,35.0,23.76,10.36,0.0,1,5.5,5.83,49.87,6.03,87.03
2020-05-24 19:10:00,531.84,35.0,23.76,10.36,0.0,1,10.5,10.83,54.87,11.03,92.03
2020-05-24 19:15:00,531.84,34.8,23.76,10.36,0.0,0,15.5,1.83,59.87,16.03,97.03
2020-05-24 19:20:00,529.22,35.0,23.7,10.36,0.0,0,0.5,6.83,2.82,21.03,102.03
2020-05-24 19:25:00,511.62,34.4,23.6,10.26,0.0,1,2.48,1.65,0.32,3.78,107.03
2020-05-24 19:30:00,502.53,35.8,22.73,10.22,0.0,1,1.48,0.15,1.32,0.32,112.03
2020-05-24 19:35:00,484.35,35.4,22.49,10.12,0.0,1,0.48,0.15,1.32,5.32,117.03
2020-05-24 19:40:00,503.04,33.8,22.9,10.07,0.0,1,1.48,0.65,1.32,1.05,122.03
2020-05-24 19:45:00,498.88,33.2,23.1,10.0,0.0,1,4.48,3.65,0.3,6.05,127.03
2020-05-24 19:50:00,488.0,33.0,23.2,9.95,0.0,1,4.48,8.65,5.3,1.12,132.03
2020-05-24 19:55:00,473.92,33.0,23.27,9.88,0.0,1,4.47,13.65,2.47,6.12,137.03
2020-05-24 20:00:00,484.8,33.0,23.32,9.83,0.0,1,4.47,18.65,7.47,1.75,142.03
2020-05-24 20:05:00,484.8,33.0,23.32,9.64,0.0,1,9.47,3.13,12.47,4.12,147.03
2020-05-24 20:10:00,484.8,33.0,23.32,9.56,0.0,1,14.47,8.13,17.47,3.58,152.03
2020-05-24 20:15:00,484.8,33.0,23.32,9.52,0.0,1,19.47,13.13,22.47,0.95,157.03
2020-05-24 20:20:00,480.06,33.6,23.32,9.42,0.0,1,1.45,2.12,27.47,5.95,162.03
2020-05-24 20:25:00,472.96,34.0,23.32,9.37,0.0,1,6.45,7.12,32.47,1.22,167.03
2020-05-24 20:30:00,472.96,34.0,23.32,9.2,0.0,1,11.45,12.12,37.47,3.63,172.03
2020-05-24 20:35:00,472.96,34.0,23.32,9.18,0.0,1,16.45,17.12,42.47,8.63,177.03
2020-05-24 20:40:00,472.96,34.0,23.32,9.18,0.0,1,21.45,22.12,47.47,13.63,182.03
2020-05-24 20:45:00,472.96,34.0,23.32,9.16,0.0,1,26.45,27.12,52.47,0.23,187.03
2020-05-24 20:50:00,472.96,34.0,23.32,9.06,0.0,1,31.45,32.12,57.47,5.23,192.03
2020-05-24 20:55:00,472.96,34.0,23.36,9.02,0.0,1,36.45,37.12,1.6,1.35,197.03
2020-05-24 21:00:00,472.96,34.0,23.42,9.0,0.0,1,41.45,42.12,6.6,1.7,202.03
2020-05-24 21:05:00,472.96,34.0,23.42,8.96,0.0,1,46.45,47.12,11.6,6.7,207.03
2020-05-24 21:10:00,472.96,34.0,23.42,8.91,0.0,1,51.45,52.12,16.6,1.15,212.03
2020-05-24 21:15:00,472.96,34.0,23.42,8.84,0.0,1,56.45,57.12,21.6,6.15,217.03
2020-05-24 21:20:00,472.96,34.4,23.42,8.84,0.0,1,61.45,0.58,26.6,11.15,222.03
2020-05-24 21:25:00,503.62,36.8,23.34,8.74,0.0,1,0.42,3.58,3.58,3.93,227.03
2020-05-24 21:30:00,544.96,37.0,23.22,8.72,0.0,1,4.42,8.58,4.58,8.93,232.03
2020-05-24 21:35:00,540.48,37.0,23.22,8.72,0.0,1,1.42,13.58,9.58,13.93,237.03
2020-05-24 21:40:00,533.76,37.0,23.22,8.6,0.0,1,6.42,18.58,14.58,4.45,242.03
2020-05-24 21:45:00,533.76,37.0,23.22,8.6,0.0,1,11.42,23.58,19.58,9.45,247.03
2020-05-24 21:50:00,538.24,37.0,23.22,8.5,0.0,1,1.4,28.58,24.58,4.28,252.03
2020-05-24 21:55:00,544.96,37.0,23.22,8.5,0.0,0,6.4,33.58,29.58,9.28,257.03
2020-05-24 22:00:00,544.96,37.0,23.22,8.5,0.0,0,11.4,38.58,34.58,14.28,262.03
2020-05-24 22:05:00,544.96,37.0,23.1,8.45,0.0,0,16.4,43.58,4.55,1.97,267.03
2020-05-24 22:10:00,555.84,37.0,23.1,8.38,0.0,0,4.4,48.58,9.55,6.97,272.03
2020-05-24 22:15:00,555.84,37.0,23.1,8.28,0.0,0,9.4,53.58,14.55,3.35,277.03
2020-05-24 22:20:00,555.84,37.0,23.1,8.21,0.0,0,14.4,58.58,19.55,1.75,282.03
2020-05-24 22:25:00,555.84,37.0,23.1,8.13,0.0,0,19.4,63.58,24.55,6.75,287.03
2020-05-24 22:30:00,555.84,37.0,23.1,8.13,0.0,0,24.4,68.58,29.55,11.75,292.03
2020-05-24 22:35:00,553.66,37.0,23.1,8.06,0.0,0,0.38,73.58,34.55,2.4,297.03
2020-05-24 22:40:00,544.96,37.0,23.1,7.99,0.0,0,5.38,78.58,39.55,0.5,302.03
2020-05-24 22:45:00,559.3,37.8,23.1,7.81,0.0,0,0.37,2.87,44.55,2.97,307.03
2020-05-24 22:50:00,588.29,38.0,23.1,7.69,0.0,0,2.37,7.87,49.55,2.93,312.03
2020-05-24 22:55:00,618.43,38.0,23.1,7.57,0.0,0,1.37,12.87,54.55,2.08,317.03
2020-05-24 23:00:00,611.46,37.0,23.16,7.52,0.0,0,1.37,4.87,2.35,7.08,322.03
2020-05-24 23:05:00,584.96,37.0,23.2,7.52,0.0,0,4.35,9.87,7.35,12.08,327.03
2020-05-24 23:10:00,590.46,37.0,23.2,7.39,0.0,0,1.35,14.87,12.35,4.3,332.03
2020-05-24 23:15:00,598.72,37.0,23.31,7.39,0.0,0,6.35,19.87,3.02,9.3,337.03
2020-05-24 23:20:00,606.59,37.6,23.34,7.39,0.0,1,0.35,2.85,8.02,14.3,342.03
2020-05-24 23:25:00,669.5,38.0,23.34,7.39,0.0,1,1.18,7.85,13.02,19.3,347.03
2020-05-24 23:30:00,685.44,37.8,23.34,7.47,0.0,1,6.18,0.83,18.02,2.53,352.03
2020-05-24 23:35:00,654.27,37.2,23.34,7.39,0.0,1,0.17,2.83,23.02,4.25,357.03
2020-05-24 23:40:00,583.49,37.0,23.34,7.32,0.0,1,1.17,7.83,28.02,2.67,362.03
2020-05-24 23:45:00,570.24,37.0,23.34,7.14,0.0,1,0.67,12.83,33.02,4.15,367.03
2020-05-24 23:50:00,560.0,37.0,23.34,7.14,0.0,1,5.67,17.83,38.02,9.15,372.03
2020-05-24 23:55:00,560.0,37.0,23.34,7.02,0.0,1,10.67,22.83,43.02,4.77,377.03
2020-05-25 00:00:00,560.0,37.0,23.34,7.07,0.0,1,15.67,27.83,48.02,2.87,382.03
2020-05-25 00:05:00,560.0,37.0,23.34,7.02,0.0,1,20.67,32.83,53.02,7.87,387.03
2020-05-25 00:10:00,565.5,37.0,23.34,6.97,0.0,1,1.65,37.83,58.02,0.05,392.03
2020-05-25 00:15:00,571.58,37.0,23.34,6.77,0.0,1,0.65,42.83,63.02,5.05,397.03
2020-05-25 00:20:00,562.88,37.0,23.34,6.67,0.0,1,5.65,47.83,68.02,3.7,402.03
2020-05-25 00:25:00,562.88,36.8,23.34,6.64,0.0,1,10.65,0.3,73.02,8.7,407.03
2020-05-25 00:30:00,562.88,37.0,23.34,6.64,0.0,1,15.65,5.3,78.02,13.7,412.03
2020-05-25 00:35:00,560.7,37.0,23.34,6.42,0.0,1,0.63,10.3,83.02,3.08,417.03
2020-05-25 00:40:00,552.0,36.4,23.34,6.39,0.0,1,5.63,0.28,88.02,8.08,422.03
2020-05-25 00:45:00,552.0,36.0,23.34,6.39,0.0,1,10.63,5.28,93.02,13.08,427.03
2020-05-25 00:50:00,557.89,36.2,23.34,6.39,0.0,0,1.62,0.28,98.02,18.08,432.03
2020-05-25 00:55:00,578.62,37.0,23.34,6.39,0.0,0,0.62,5.28,103.02,23.08,437.03
2020-05-25 01:00:00,592.0,37.0,23.34,6.31,0.0,0,0.62,10.28,108.02,2.43,442.03
2020-05-25 01:05:00,596.86,37.0,23.34,6.26,0.0,0,1.62,15.28,113.02,7.43,447.03
2020-05-25 01:10:00,590.72,37.0,23.34,6.26,0.0,1,6.62,20.28,118.02,12.43,452.03
2020-05-25 01:15:00,590.72,37.0,23.34,6.26,0.0,1,11.62,25.28,123.02,17.43,457.03
2020-05-25 01:20:00,590.72,37.0,23.34,6.34,0.0,1,16.62,30.28,128.02,2.02,462.03
2020-05-25 01:25:00,581.63,36.4,23.38,6.39,0.0,1,1.6,0.43,1.1,7.02,467.03
2020-05-25 01:30:00,565.06,37.0,23.44,6.39,0.0,1,0.6,5.43,6.1,12.02,472.03
2020-05-25 01:35:00,600.64,37.0,23.44,6.39,0.0,1,1.6,10.43,11.1,17.02,477.03
2020-05-25 01:40:00,614.72,37.4,23.44,6.39,0.0,1,6.6,1.58,16.1,22.02,482.03
2020-05-25 01:45:00,649.92,37.6,23.44,6.49,0.0,1,1.92,1.58,21.1,3.83,487.03
2020-05-25 01:50:00,689.92,37.0,23.44,6.42,0.0,1,4.92,6.58,26.1,3.25,492.03
2020-05-25 01:55:00,694.53,37.4,23.44,6.36,0.0,1,1.92,1.58,31.1,0.38,497.03
2020-05-25 02:00:00,717.82,37.8,23.44,6.29,0.0,1,3.92,0.58,36.1,0.47,502.03
2020-05-25 02:05:00,705.54,37.0,23.5,6.39,0.0,1,1.92,5.58,2.07,5.47,507.03
2020-05-25 02:10:00,650.88,37.0,23.54,6.52,0.0,1,3.92,10.58,7.07,4.6,512.03
2020-05-25 02:15:00,646.72,37.0,23.54,6.52,0.0,1,8.92,15.58,12.07,9.6,517.03
2020-05-25 02:20:00,632.77,36.2,23.54,6.52,0.0,1,1.9,3.07,17.07,14.6,522.03
2020-05-25 02:25:00,600.7,36.0,23.54,6.52,0.0,1,2.9,8.07,22.07,19.6,527.03
2020-05-25 02:30:00,581.76,36.0,23.54,6.64,0.0,1,4.9,13.07,27.07,4.55,532.03
2020-05-25 02:35:00,584.0,36.0,23.54,6.64,0.0,1,0.23,18.07,32.07,9.55,537.03
2020-05-25 02:40:00,584.77,36.0,23.54,6.64,0.0,1,3.23,23.07,37.07,14.55,542.03
2020-05-25 02:45:00,570.88,36.0,23.54,6.64,0.0,1,4.22,28.07,42.07,19.55,547.03
2020-05-25 02:50:00,575.23,36.0,23.54,6.72,0.0,1,1.22,33.07,47.07,2.27,552.03
2020-05-25 02:55:00,581.76,36.0,23.54,6.74,0.0,1,6.22,38.07,52.07,0.63,557.03
2020-05-25 03:00:00,581.76,36.0,23.54,6.64,0.0,1,11.22,43.07,57.07,5.63,562.03
2020-05-25 03:05:00,593.79,36.0,23.54,6.72,2.2,0,3.2,48.07,62.07,1.58,3.0
2020-05-25 03:10:00,585.92,36.0,23.54,6.74,0.0,0,4.2,53.07,67.07,3.05,8.0
2020-05-25 03:15:00,585.92,36.0,23.54,6.72,0.0,0,9.2,58.07,72.07,0.97,13.0
2020-05-25 03:20:00,596.8,36.0,23.54,6.87,0.0,0,4.2,63.07,77.07,3.82,18.0
2020-05-25 03:25:00,588.1,36.0,23.54,6.92,0.0,1,3.2,68.07,82.07,0.38,23.0
2020-05-25 03:30:00,585.92,36.0,23.54,7.04,0.0,1,8.2,73.07,87.07,0.0,28.0
2020-05-25 03:35:00,585.92,36.0,23.54,7.07,8.0,1,13.2,78.07,92.07,2.95,1.48
2020-05-25 03:40:00,571.26,36.0,23.54,7.09,16.6,1,0.18,83.07,97.07,0.32,2.98
2020-05-25 03:45:00,554.88,36.0,23.54,7.37,21.0,1,5.18,88.07,102.07,3.2,7.98
2020-05-25 03:50:00,554.88,36.0,23.54,7.42,21.0,1,10.18,93.07,107.07,3.28,12.98
2020-05-25 03:55:00,554.88,36.0,23.54,7.42,21.0,1,15.18,98.07,112.07,0.3,17.98
2020-05-25 04:00:00,554.88,36.0,23.54,7.24,21.0,1,20.18,103.07,117.07,0.28,22.98
2020-05-25 04:05:00,554.88,36.0,23.54,7.19,21.0,1,25.18,108.07,122.07,1.8,27.98
2020-05-25 04:10:00,554.88,36.0,23.54,7.39,21.0,1,30.18,113.07,127.07,4.47,32.98
2020-05-25 04:15:00,554.88,36.0,23.54,7.34,21.0,1,35.18,118.07,132.07,1.97,37.98
2020-05-25 04:20:00,554.88,36.0,23.54,7.34,45.8,1,40.18,123.07,137.07,0.23,1.45
2020-05-25 04:25:00,552.45,36.0,23.54,7.79,54.8,1,0.15,128.07,142.07,1.63,0.45
2020-05-25 04:30:00,545.15,36.0,23.54,7.89,50.6,1,0.15,133.07,147.07,0.02,0.45
2020-05-25 04:35:00,559.23,36.0,23.66,7.74,34.2,1,1.15,138.07,4.97,0.68,0.45
2020-05-25 04:40:00,565.76,36.0,23.66,7.57,41.2,1,6.15,143.07,9.97,2.33,0.45
2020-05-25 04:45:00,565.76,36.0,23.68,7.62,47.6,1,11.15,148.07,0.47,0.68,1.45
2020-05-25 04:50:00,554.88,36.0,23.76,8.01,144.64,1,4.13,153.07,5.47,1.12,3.6
2020-05-25 04:55:00,567.17,36.0,23.84,8.21,135.42,1,0.13,158.07,3.47,0.52,1.6
2020-05-25 05:00:00,580.8,39.0,23.91,8.38,125.41,1,5.13,0.28,1.45,4.25,1.6
2020-05-25 05:05:00,612.03,55.0,24.04,8.65,140.0,1,0.12,0.28,2.45,0.52,0.1
2020-05-25 05:10:00,630.72,52.4,24.2,9.0,128.43,1,5.12,0.12,4.28,0.1,0.08
2020-05-25 05:15:00,627.78,44.8,24.35,9.13,593.2,1,0.12,0.12,0.28,0.95,0.08
2020-05-25 05:20:00,571.46,36.6,24.43,9.0,1262.98,1,0.12,1.62,0.27,0.85,0.58
2020-05-25 05:25:00,508.29,36.0,24.15,8.79,270.66,1,1.12,6.62,1.77,1.47,0.08
2020-05-25 05:30:00,491.33,36.0,24.02,8.84,935.87,1,1.1,11.62,0.77,4.7,0.08
2020-05-25 05:35:00,482.88,36.0,23.75,8.74,563.74,1,6.1,16.62,0.27,3.98,0.07
2020-05-25 05:40:00,482.88,36.0,23.44,8.77,1021.95,1,11.1,21.62,0.43,1.13,0.07
2020-05-25 05:45:00,482.88,36.8,23.18,9.11,1052.29,1,16.1,3.6,0.25,0.58,0.07
2020-05-25 05:50:00,478.02,37.0,23.02,9.79,1164.03,1,1.93,8.6,2.75,2.43,0.07
2020-05-25 05:55:00,470.72,37.6,22.8,10.12,1044.61,1,6.93,2.08,1.42,0.07,2.07
2020-05-25 06:00:00,481.22,38.0,22.74,10.48,995.58,1,3.92,7.08,1.25,4.75,0.05
2020-05-25 06:05:00,483.84,38.0,23.03,10.84,976.13,1,8.92,12.08,0.08,0.18,0.55
2020-05-25 06:10:00,483.84,38.0,23.3,11.08,952.58,1,13.92,17.08,0.75,5.18,3.05
2020-05-25 06:15:00,483.84,38.0,23.51,11.13,940.54,1,18.92,22.08,2.73,1.2,3.55
2020-05-25 06:20:00,483.84,37.8,23.72,11.49,929.79,1,23.92,0.07,1.57,0.63,2.55
2020-05-25 06:25:00,483.84,37.0,23.9,11.78,924.16,0,28.92,5.07,0.07,1.1,7.55
2020-05-25 06:30:00,475.14,37.0,24.07,11.63,915.2,0,3.9,10.07,2.07,1.93,4.03
2020-05-25 06:35:00,472.96,37.0,24.23,11.44,903.04,0,8.9,15.07,3.07,4.02,4.53
2020-05-25 06:40:00,472.96,37.0,24.36,11.7,900.86,0,13.9,20.07,4.07,1.15,0.7
2020-05-25 06:45:00,472.96,36.4,24.52,11.87,892.16,0,18.9,2.07,1.72,2.92,5.7
2020-05-25 06:50:00,468.1,36.0,24.65,12.3,876.67,0,1.9,7.07,2.22,2.47,1.7
2020-05-25 06:55:00,460.8,36.0,24.77,12.4,856.96,0,6.9,12.07,2.22,7.47,0.68
2020-05-25 07:00:00,460.8,36.0,24.94,12.47,822.4,0,11.9,17.07,0.22,0.5,2.18
2020-05-25 07:05:00,460.8,36.0,25.06,12.3,809.34,0,16.9,22.07,1.55,0.27,1.68
2020-05-25 07:10:00,460.8,35.8,25.17,12.49,794.62,0,21.9,0.05,1.53,0.25,0.18
2020-05-25 07:15:00,460.8,35.0,25.28,12.87,773.38,0,26.9,5.05,1.7,4.33,1.68
2020-05-25 07:20:00,460.8,35.0,25.4,12.8,758.4,0,31.9,10.05,2.7,1.42,2.68
2020-05-25 07:25:00,460.8,35.0,25.52,12.85,753.28,0,36.9,15.05,3.2,0.45,7.68
2020-05-25 07:30:00,450.56,35.0,25.61,13.11,681.73,0,3.87,20.05,2.2,4.63,0.17
2020-05-25 07:35:00,448.0,34.0,25.72,13.13,751.23,0,8.87,4.37,2.03,0.93,2.67
2020-05-25 07:40:00,448.0,34.0,25.8,13.13,744.7,0,13.87,9.37,1.02,3.35,0.17
2020-05-25 07:45:00,448.0,34.0,25.86,13.41,731.65,0,18.87,14.37,6.02,2.13,1.67
2020-05-25 07:50:00,448.0,33.0,25.98,13.46,716.42,0,23.87,4.35,4.52,7.13,3.15
2020-05-25 07:55:00,448.0,33.0,26.08,13.65,706.05,0,28.87,9.35,4.02,1.38,3.65
2020-05-25 08:00:00,448.0,32.6,26.16,13.93,696.32,0,33.87,0.35,3.02,4.75,1.15
2020-05-25 08:05:00,448.0,31.0,26.22,13.98,668.29,0,38.87,5.35,1.17,1.23,1.15
2020-05-25 08:10:00,448.0,31.0,26.28,14.28,663.55,0,43.87,10.35,6.17,0.4,0.15
2020-05-25 08:15:00,448.0,31.0,26.36,14.31,669.18,0,48.87,15.35,2.17,1.05,1.13
2020-05-25 08:20:00,448.0,30.4,26.42,14.52,461.12,0,53.87,2.33,7.17,2.27,0.13
2020-05-25 08:25:00,441.86,30.0,26.52,14.47,633.47,0,2.83,7.33,4.5,0.48,1.13
2020-05-25 08:30:00,437.76,30.0,26.56,14.61,648.7,0,7.83,12.33,1.48,1.02,3.13
2020-05-25 08:35:00,437.76,30.0,26.62,14.42,504.62,0,12.83,17.33,6.48,1.2,0.28
2020-05-25 08:40:00,437.76,30.0,26.62,14.52,628.67,0,17.83,22.33,11.48,1.13,0.78
2020-05-25 08:45:00,437.76,29.4,26.74,14.82,606.21,0,22.83,2.32,4.82,1.97,0.78
2020-05-25 08:50:00,437.76,29.0,26.76,14.87,625.98,0,27.83,7.32,0.82,0.23,0.28
2020-05-25 08:55:00,443.9,29.0,26.84,15.1,601.22,0,2.82,12.32,5.82,1.6,0.28
2020-05-25 09:00:00,448.0,29.0,26.84,15.24,523.39,0,7.82,17.32,10.82,1.22,0.28
2020-05-25 09:05:00,448.0,29.0,26.9,14.92,539.84,0,12.82,22.32,2.97,3.02,0.77
2020-05-25 09:10:00,448.0,28.6,26.94,14.92,553.34,0,17.82,0.3,7.97,0.9,2.27
2020-05-25 09:15:00,448.0,28.0,26.94,15.22,571.71,0,22.82,4.3,12.97,4.92,0.27
2020-05-25 09:20:00,448.0,28.0,26.96,15.61,523.65,0,27.82,9.3,0.97,0.83,0.27
2020-05-25 09:25:00,439.81,28.0,27.04,16.06,446.27,0,3.8,14.3,5.97,0.48,0.27
2020-05-25 09:30:00,441.86,28.0,27.04,15.87,371.65,0,1.8,19.3,10.97,2.08,0.25
2020-05-25 09:35:00,448.0,28.0,27.04,16.01,367.01,0,6.8,24.3,15.97,3.83,0.25
2020-05-25 09:40:00,448.0,28.0,27.04,15.73,153.6,0,11.8,29.3,20.97,0.75,1.75
2020-05-25 09:45:00,448.0,28.0,27.04,15.52,235.01,0,16.8,34.3,25.97,1.67,0.25
2020-05-25 09:50:00,440.13,28.0,27.04,15.64,138.43,0,2.95,39.3,30.97,2.55,1.25
2020-05-25 09:55:00,434.88,28.0,27.04,15.54,113.04,0,7.95,44.3,35.97,1.55,0.25
2020-05-25 10:00:00,441.41,28.0,27.04,15.54,292.21,0,2.95,49.3,40.97,0.32,1.73
2020-05-25 10:05:00,445.76,28.0,27.04,15.78,295.62,0,7.95,54.3,45.97,0.1,1.23
2020-05-25 10:10:00,433.92,28.0,27.04,15.8,164.96,0,4.93,59.3,50.97,4.27,4.73
2020-05-25 10:15:00,445.95,28.0,27.04,15.73,171.22,0,3.93,64.3,55.97,0.8,0.23
2020-05-25 10:20:00,448.96,28.0,27.04,15.64,159.62,0,8.93,69.3,60.97,2.25,0.23
2020-05-25 10:25:00,448.96,28.0,27.04,15.66,165.01,0,13.93,74.3,65.97,0.57,0.22
2020-05-25 10:30:00,448.96,28.0,27.04,15.47,68.0,0,18.93,79.3,70.97,3.58,1.72
2020-05-25 10:35:00,448.96,28.0,27.0,15.45,58.0,0,23.93,84.3,1.42,8.58,6.72
2020-05-25 10:40:00,458.43,28.0,26.94,15.38,73.8,0,3.92,89.3,6.42,0.67,1.88
2020-05-25 10:45:00,460.8,28.0,26.94,15.55,100.03,0,8.92,94.3,11.42,3.25,0.37
2020-05-25 10:50:00,460.8,28.0,26.9,15.73,293.79,0,13.92,99.3,1.73,2.22,0.37
2020-05-25 10:55:00,460.8,28.0,26.84,15.94,331.58,0,18.92,104.3,6.73,1.75,0.87
2020-05-25 11:00:00,460.8,28.0,26.84,16.29,235.98,0,23.92,109.3,11.73,2.15,0.87
2020-05-25 11:05:00,471.3,28.0,26.84,16.27,73.6,0,3.9,114.3,16.73,1.43,1.37
2020-05-25 11:10:00,473.92,28.0,26.84,16.1,53.0,0,8.9,119.3,21.73,2.48,3.37
2020-05-25 11:15:00,473.92,28.0,26.76,16.08,51.0,0,13.9,124.3,3.72,2.58,8.37
2020-05-25 11:20:00,464.96,28.0,26.74,15.96,69.41,0,3.9,129.3,8.72,2.98,0.85
2020-05-25 11:25:00,462.72,28.0,26.74,15.82,96.22,0,8.9,134.3,13.72,3.83,1.35
2020-05-25 11:30:00,462.72,28.0,26.66,15.82,123.84,0,13.9,139.3,3.72,1.1,2.35
2020-05-25 11:35:00,462.72,28.2,26.64,15.7,133.04,0,18.9,0.38,8.72,0.43,7.35
2020-05-25 11:40:00,462.72,28.8,26.64,15.7,133.04,0,23.9,3.38,13.72,3.32,12.35
2020-05-25 11:45:00,462.72,29.0,26.64,15.75,135.23,0,28.9,8.38,18.72,0.48,0.83
2020-05-25 11:50:00,462.72,29.0,26.59,16.01,144.0,0,33.9,13.38,1.7,3.4,5.83
2020-05-25 11:55:00,462.72,29.0,26.52,16.29,180.4,0,38.9,18.38,6.7,0.27,0.33
2020-05-25 12:00:00,462.72,29.0,26.52,16.43,147.01,0,43.9,23.38,11.7,0.48,0.33
2020-05-25 12:05:00,462.72,29.0,26.52,16.71,214.37,0,48.9,28.38,16.7,0.55,0.82
2020-05-25 12:10:00,462.72,29.0,26.52,17.26,179.82,0,53.9,33.38,21.7,0.8,0.32
2020-05-25 12:15:00,462.72,29.0,26.42,17.01,147.44,0,58.9,38.38,4.68,0.28,1.32
2020-05-25 12:20:00,462.72,29.0,26.42,16.61,119.6,0,63.9,43.38,9.68,0.45,3.82
2020-05-25 12:25:00,462.72,29.0,26.42,16.2,112.22,0,68.9,48.38,14.68,0.07,0.32
2020-05-25 12:30:00,462.72,29.0,26.42,16.2,103.04,0,73.9,53.38,19.68,2.42,4.32
2020-05-25 12:35:00,462.72,29.0,26.42,16.22,103.04,0,78.9,58.38,24.68,2.82,9.32
2020-05-25 12:40:00,462.72,29.0,26.34,16.29,97.04,0,83.9,63.38,3.67,0.63,2.97
2020-05-25 12:45:00,462.72,29.0,26.32,16.15,87.04,0,88.9,68.38,8.67,5.63,2.97
2020-05-25 12:50:00,462.72,29.0,26.32,16.15,83.04,0,93.9,73.38,13.67,10.63,7.97
2020-05-25 12:55:00,462.72,29.0,26.32,16.15,83.04,0,98.9,78.38,18.67,15.63,12.97
2020-05-25 13:00:00,462.72,29.0,26.22,16.1,86.83,0,103.9,83.38,4.67,0.12,0.45
2020-05-25 13:05:00,462.72,29.0,26.22,16.61,132.0,0,108.9,88.38,9.67,0.17,4.45
2020-05-25 13:10:00,462.72,29.0,26.22,17.15,130.21,0,113.9,93.38,14.67,0.15,0.95
2020-05-25 13:15:00,462.72,29.8,26.22,17.91,140.43,0,118.9,3.32,19.67,0.05,1.45
2020-05-25 13:20:00,462.72,30.0,26.22,18.04,153.04,0,123.9,8.32,24.67,1.9,0.95
2020-05-25 13:25:00,462.72,30.0,26.1,18.09,116.0,0,128.9,13.32,4.65,3.38,0.43
2020-05-25 13:30:00,462.72,30.0,26.1,17.51,100.82,0,133.9,18.32,9.65,0.08,1.43
2020-05-25 13:35:00,455.62,30.0,26.1,17.1,125.63,0,2.82,23.32,14.65,0.1,0.43
2020-05-25 13:40:00,450.88,29.6,26.1,17.24,116.03,0,7.82,0.3,19.65,0.52,1.43
2020-05-25 13:45:00,450.88,30.0,26.02,17.21,78.42,0,12.82,4.3,3.13,0.02,2.93
2020-05-25 13:50:00,457.41,30.0,26.0,16.52,70.0,0,2.8,9.3,8.13,0.38,1.93
2020-05-25 13:55:00,461.76,30.0,26.0,16.1,52.0,0,7.8,14.3,13.13,2.42,0.92
2020-05-25 14:00:00,461.76,30.0,25.98,16.22,58.21,0,12.8,19.3,0.28,0.12,0.92
2020-05-25 14:05:00,461.76,30.0,25.9,17.22,99.04,0,17.8,24.3,5.28,0.05,1.92
2020-05-25 14:10:00,461.76,30.0,25.9,17.56,107.04,0,22.8,29.3,10.28,1.32,6.92
2020-05-25 14:15:00,451.52,30.0,25.9,17.84,101.04,0,3.78,34.3,15.28,0.48,4.42
2020-05-25 14:20:00,448.96,30.0,25.9,18.13,99.04,0,8.78,39.3,20.28,0.78,0.9
2020-05-25 14:25:00,448.96,30.0,25.86,18.37,91.04,0,13.78,44.3,1.77,0.07,5.9
2020-05-25 14:30:00,460.99,30.0,25.9,18.78,91.04,1,3.78,49.3,3.77,1.35,10.9
2020-05-25 14:35:00,464.0,30.0,26.0,18.02,90.21,1,8.78,54.3,3.77,0.17,0.07
2020-05-25 14:40:00,464.0,31.0,25.54,16.87,92.64,1,13.78,4.77,0.77,0.47,1.05
2020-05-25 14:45:00,464.0,31.4,24.98,16.4,72.0,1,18.78,0.27,3.43,1.42,4.55
2020-05-25 14:50:00,481.15,32.6,25.12,16.47,72.0,1,2.93,1.77,2.42,0.63,9.55
2020-05-25 14:55:00,504.96,33.0,25.26,16.64,66.0,1,4.93,6.77,4.25,0.88,2.05
2020-05-25 15:00:00,518.72,33.0,25.36,16.31,62.0,1,4.93,11.77,3.25,0.73,7.05
2020-05-25 15:05:00,534.27,33.0,25.38,16.43,52.0,1,1.92,16.77,8.25,2.43,4.05
2020-05-25 15:10:00,540.8,33.0,25.38,16.1,49.4,1,6.92,21.77,13.25,0.12,0.03
2020-05-25 15:15:00,540.8,33.0,25.38,15.82,49.4,1,11.92,26.77,18.25,0.17,3.03
2020-05-25 15:20:00,540.8,33.0,25.38,15.92,52.0,1,16.92,31.77,23.25,5.17,8.03
2020-05-25 15:25:00,540.8,33.0,25.38,15.75,52.0,1,21.92,36.77,28.25,1.42,13.03
2020-05-25 15:30:00,550.53,33.0,25.38,15.7,52.0,1,3.92,41.77,33.25,0.88,18.03
2020-05-25 15:35:00,566.53,33.0,25.38,15.87,48.0,1,3.9,46.77,38.25,1.08,1.02
2020-05-25 15:40:00,569.92,33.0,25.38,15.75,42.0,1,8.9,51.77,43.25,2.55,6.02
2020-05-25 15:45:00,564.29,33.0,25.38,15.75,42.0,1,1.07,56.77,48.25,0.15,11.02
2020-05-25 15:50:00,538.75,33.0,25.38,15.68,42.0,1,1.07,61.77,53.25,5.15,16.02
2020-05-25 15:55:00,515.14,33.0,25.38,15.73,42.0,1,1.05,66.77,58.25,1.88,21.02
2020-05-25 16:00:00,505.66,33.0,25.38,15.87,42.0,1,0.05,71.77,63.25,0.77,26.02
2020-05-25 16:05:00,496.96,33.0,25.38,15.8,42.0,0,5.05,76.77,68.25,5.77,31.02
2020-05-25 16:10:00,492.48,33.0,25.38,15.7,42.0,0,1.05,81.77,73.25,3.63,36.02
2020-05-25 16:15:00,485.76,32.6,25.38,15.85,42.0,0,6.05,0.72,78.25,0.98,41.02
2020-05-25 16:20:00,485.76,31.4,25.28,15.96,36.0,0,11.05,2.2,3.7,2.58,2.0
2020-05-25 16:25:00,483.39,31.0,25.26,15.75,32.0,0,0.03,7.2,8.7,2.15,7.0
2020-05-25 16:30:00,473.92,31.0,25.26,15.68,32.0,0,5.03,12.2,13.7,7.15,12.0
2020-05-25 16:35:00,473.92,31.0,25.26,15.59,32.0,0,10.03,3.2,18.7,3.42,17.0
2020-05-25 16:40:00,473.92,31.0,25.22,15.5,32.0,0,15.03,2.53,1.18,2.57,22.0
2020-05-25 16:45:00,460.8,31.0,25.16,15.43,32.0,0,4.03,7.53,6.18,1.43,27.0
2020-05-25 16:50:00,472.06,32.2,25.16,15.45,32.0,0,3.03,2.02,11.18,6.43,32.0
2020-05-25 16:55:00,470.02,33.0,25.16,15.41,30.0,0,1.02,7.02,16.18,1.23,0.65
2020-05-25 17:00:00,462.72,33.0,25.16,15.34,22.0,0,6.02,12.02,21.18,6.23,5.65
2020-05-25 17:05:00,462.72,33.0,25.14,15.34,22.0,0,11.02,17.02,0.17,11.23,10.65
2020-05-25 17:10:00,462.72,33.0,25.06,15.34,22.0,0,16.02,22.02,5.17,16.23,15.65
2020-05-25 17:15:00,462.72,33.0,25.06,15.34,22.0,0,21.02,27.02,10.17,21.23,20.65
2020-05-25 17:20:00,462.72,33.0,25.06,15.27,22.0,0,26.02,32.02,15.17,0.22,25.65
2020-05-25 17:25:00,462.72,33.0,25.06,15.27,22.0,0,31.02,37.02,20.17,2.3,30.65
2020-05-25 17:30:00,462.72,33.0,25.06,15.12,22.0,0,36.02,42.02,25.17,3.07,35.65
2020-05-25 17:35:00,462.72,31.8,25.06,14.99,14.0,0,41.02,1.83,30.17,4.02,3.12
2020-05-25 17:40:00,456.83,32.6,25.06,14.94,12.0,0,1.17,2.33,35.17,1.48,8.12
2020-05-25 17:45:00,448.0,33.0,25.04,14.85,9.6,0,6.17,7.33,0.65,0.58,0.12
2020-05-25 17:50:00,448.0,33.0,24.96,14.75,0.0,0,11.17,12.33,5.65,5.58,5.12
2020-05-25 17:55:00,448.0,33.0,24.96,14.68,0.0,0,16.17,17.33,10.65,2.18,10.12
2020-05-25 18:00:00,448.0,33.0,24.96,14.63,0.0,0,21.17,22.33,15.65,7.18,15.12
2020-05-25 18:05:00,448.0,33.0,24.96,14.75,0.0,0,26.17,27.33,20.65,4.73,20.12
2020-05-25 18:10:00,448.0,33.0,24.96,14.75,0.0,0,31.17,32.33,25.65,9.73,25.12
2020-05-25 18:15:00,448.0,33.0,24.84,14.73,0.0,0,36.17,37.33,4.63,0.18,30.12
2020-05-25 18:20:00,448.0,33.0,24.84,14.63,0.0,0,41.17,42.33,9.63,5.18,35.12
2020-05-25 18:25:00,452.74,33.0,24.84,14.63,0.0,0,1.13,47.33,14.63,10.18,40.12
2020-05-25 18:30:00,459.84,33.0,24.84,14.59,0.0,0,6.13,52.33,19.63,1.97,45.12
2020-05-25 18:35:00,448.0,33.0,24.84,14.42,0.0,0,4.13,57.33,24.63,3.18,50.12
2020-05-25 18:40:00,448.0,31.8,24.84,14.33,0.0,0,9.13,0.28,29.63,2.13,55.12
2020-05-25 18:45:00,452.35,32.6,24.74,14.21,0.0,0,1.12,3.28,4.62,2.63,60.12
2020-05-25 18:50:00,458.88,33.0,24.74,14.15,0.0,0,6.12,8.28,9.62,0.32,65.12
2020-05-25 18:55:00,458.88,33.0,24.74,14.03,0.0,0,11.12,13.28,14.62,0.98,70.12
2020-05-25 19:00:00,458.88,33.0,24.74,13.93,0.0,0,16.12,18.28,19.62,5.98,75.12
2020-05-25 19:05:00,458.88,33.8,24.74,13.88,0.0,0,21.12,3.28,24.62,1.65,80.12
2020-05-25 19:10:00,458.88,34.0,24.7,13.68,0.0,0,26.12,8.28,1.77,0.7,85.12
2020-05-25 19:15:00,458.88,33.6,24.64,13.51,0.0,0,31.12,1.27,6.77,2.87,90.12
2020-05-25 19:20:00,458.88,33.0,24.74,13.41,0.0,1,36.12,6.27,4.77,1.1,95.12
2020-05-25 19:25:00,458.88,33.0,24.82,13.34,0.0,1,41.12,11.27,3.77,6.1,100.12
2020-05-25 19:30:00,469.38,33.2,24.84,13.23,0.0,1,3.1,0.25,8.77,4.75,105.12
2020-05-25 19:35:00,500.8,34.4,24.84,13.11,0.0,1,0.08,0.75,13.77,1.0,110.12
2020-05-25 19:40:00,572.1,35.0,24.84,13.04,0.0,1,1.75,5.75,18.77,1.37,115.12
2020-05-25 19:45:00,625.66,34.2,24.84,12.94,0.0,1,1.75,3.75,23.77,1.42,120.12
2020-05-25 19:50:00,603.39,34.8,24.84,12.87,0.0,1,1.75,2.75,28.77,6.42,125.12
2020-05-25 19:55:00,693.57,35.0,24.84,12.8,0.0,1,1.08,7.75,33.77,2.5,130.12
2020-05-25 20:00:00,710.4,35.0,24.94,12.63,0.0,1,6.08,12.75,4.73,4.22,135.12
2020-05-25 20:05:00,710.4,35.0,24.94,12.63,0.0,1,11.08,17.75,9.73,9.22,140.12
2020-05-25 20:10:00,710.4,35.0,24.94,12.49,0.0,1,16.08,22.75,14.73,1.43,145.12
2020-05-25 20:15:00,691.71,34.8,24.9,12.4,0.0,1,1.07,0.72,1.22,6.43,150.12
2020-05-25 20:20:00,654.34,35.0,24.84,12.5,0.0,1,1.05,5.72,6.22,3.9,155.12
2020-05-25 20:25:00,641.98,35.0,24.84,12.52,0.0,1,1.05,10.72,11.22,8.9,160.12
2020-05-25 20:30:00,632.96,35.0,24.76,12.42,0.0,1,6.05,15.72,3.38,3.02,165.12
2020-05-25 20:35:00,629.57,35.0,24.74,12.35,0.0,1,0.05,20.72,8.38,1.55,170.12
2020-05-25 20:40:00,594.69,35.0,24.68,12.28,0.0,1,0.05,25.72,2.37,6.55,175.12
2020-05-25 20:45:00,566.78,34.6,24.64,12.3,0.0,1,1.03,1.7,7.37,0.88,180.12
2020-05-25 20:50:00,557.76,34.8,24.62,12.23,0.0,1,6.03,3.7,0.37,1.73,185.12
2020-05-25 20:55:00,533.06,34.2,24.52,12.16,0.0,0,3.03,3.7,5.37,6.73,190.12
2020-05-25 21:00:00,519.62,34.0,24.52,12.16,0.0,0,3.03,8.7,10.37,11.73,195.12
2020-05-25 21:05:00,516.8,34.0,24.52,12.16,0.0,0,8.03,13.7,15.37,16.73,200.12
2020-05-25 21:10:00,510.4,34.0,24.44,12.06,0.0,0,1.02,18.7,3.35,3.08,205.12
2020-05-25 21:15:00,500.8,34.0,24.42,12.04,0.0,0,6.02,23.7,8.35,8.08,210.12
2020-05-25 21:20:00,488.77,34.0,24.34,11.97,0.0,0,3.02,28.7,3.35,2.13,215.12
2020-05-25 21:25:00,487.81,34.0,24.32,11.87,0.0,0,0.02,33.7,8.35,1.47,220.12
2020-05-25 21:30:00,496.0,34.0,24.32,11.78,0.0,0,5.02,38.7,13.35,1.67,225.12
2020-05-25 21:35:00,483.84,34.0,24.17,11.73,0.0,1,4.02,43.7,1.17,2.4,230.12
2020-05-25 21:40:00,483.84,35.0,24.06,11.54,0.0,1,9.02,4.83,1.17,1.67,235.12
2020-05-25 21:45:00,483.84,35.0,24.0,11.44,0.0,1,14.02,9.83,6.17,6.67,240.12
2020-05-25 21:50:00,483.84,35.0,24.0,11.32,0.0,1,19.02,14.83,11.17,4.92,245.12
2020-05-25 21:55:00,483.84,35.0,23.9,11.32,0.0,1,24.02,19.83,4.15,9.92,250.12
2020-05-25 22:00:00,486.02,35.0,23.9,11.32,0.0,1,0.0,24.83,9.15,14.92,255.12
2020-05-25 22:05:00,513.6,35.0,23.98,11.15,0.0,1,2.98,29.83,3.15,1.75,260.12
2020-05-25 22:10:00,532.8,35.0,24.0,11.08,0.0,1,4.98,34.83,8.15,6.75,265.12
2020-05-25 22:15:00,547.14,35.2,24.0,10.96,0.0,1,0.98,1.82,13.15,4.25,270.12
2020-05-25 22:20:00,569.02,35.0,24.0,10.96,0.0,1,1.15,6.82,18.15,9.25,275.12
2020-05-25 22:25:00,585.02,35.0,24.1,10.89,0.0,1,2.32,11.82,4.13,2.68,280.12
2020-05-25 22:30:00,602.88,35.0,24.1,10.84,0.0,1,4.32,16.82,9.13,7.68,285.12
2020-05-25 22:35:00,616.45,35.0,24.1,10.82,0.0,1,0.3,21.82,14.13,0.03,290.12
2020-05-25 22:40:00,594.88,35.0,24.1,10.72,0.0,1,4.3,26.82,19.13,5.03,295.12
2020-05-25 22:45:00,594.88,35.0,24.1,10.72,0.0,1,9.3,31.82,24.13,10.03,300.12
2020-05-25 22:50:00,594.88,35.0,24.1,10.79,0.0,1,14.3,36.82,29.13,0.58,305.12
2020-05-25 22:55:00,594.88,35.0,24.1,10.72,0.0,1,19.3,41.82,34.13,5.58,310.12
2020-05-25 23:00:00,594.88,35.0,24.1,10.6,0.0,1,24.3,46.82,39.13,4.28,315.12
2020-05-25 23:05:00,590.02,35.0,24.1,10.65,0.0,1,1.28,51.82,44.13,1.37,320.12
2020-05-25 23:10:00,595.01,35.0,24.1,10.7,0.0,1,0.28,56.82,49.13,0.73,325.12
2020-05-25 23:15:00,674.69,35.0,24.1,10.6,0.0,1,1.78,61.82,54.13,5.73,330.12
2020-05-25 23:20:00,682.37,35.0,24.1,10.6,0.0,1,1.78,66.82,59.13,10.73,335.12
2020-05-25 23:25:00,642.24,35.0,24.1,10.48,0.0,1,2.78,71.82,64.13,4.02,340.12
2020-05-25 23:30:00,635.84,34.0,24.1,10.48,0.0,1,7.78,4.77,69.13,9.02,345.12
2020-05-25 23:35:00,605.76,34.0,24.1,10.43,0.0,1,0.6,9.77,74.13,1.28,350.12
2020-05-25 23:40:00,587.58,34.0,24.14,10.36,0.0,1,0.6,14.77,1.43,6.28,355.12
2020-05-25 23:45:00,576.45,34.0,24.2,10.36,0.0,1,0.6,19.77,6.43,11.28,360.12
2020-05-25 23:50:00,566.72,34.0,24.2,10.29,0.0,1,5.6,24.77,11.43,2.87,365.12
2020-05-25 23:55:00,566.72,34.0,24.2,10.24,0.0,0,10.6,29.77,16.43,7.87,370.12
2020-05-26 00:00:00,566.72,34.0,24.2,10.19,0.0,0,15.6,34.77,21.43,1.63,375.12
2020-05-26 00:05:00,566.72,34.0,24.2,10.12,0.0,0,20.6,39.77,26.43,6.63,380.12
2020-05-26 00:10:00,563.14,33.0,24.38,10.12,0.0,1,0.58,4.92,1.4,11.63,385.12
2020-05-26 00:15:00,531.71,33.0,24.48,10.05,0.0,1,0.58,9.92,1.4,2.53,390.12
2020-05-26 00:20:00,500.86,33.0,24.54,9.98,0.0,1,1.57,14.92,6.4,0.0,395.12
2020-05-26 00:25:00,487.04,33.0,24.54,9.65,0.0,1,2.57,19.92,11.4,0.52,400.12
2020-05-26 00:30:00,481.92,33.0,24.54,8.91,0.0,1,7.57,24.92,16.4,2.4,405.12
2020-05-26 00:35:00,481.92,33.0,24.48,8.72,0.0,1,12.57,29.92,2.4,0.95,410.12
2020-05-26 00:40:00,481.92,33.0,24.44,8.45,0.0,1,17.57,34.92,7.4,1.32,415.12
2020-05-26 00:45:00,479.68,33.0,24.38,8.38,0.0,1,0.55,39.92,2.38,6.32,420.12
2020-05-26 00:50:00,470.72,33.0,24.34,8.45,0.0,1,5.55,44.92,7.38,1.35,425.12
2020-05-26 00:55:00,470.72,33.0,24.34,8.33,0.0,1,10.55,49.92,12.38,1.57,430.12
2020-05-26 01:00:00,470.72,33.0,24.32,8.5,0.0,1,15.55,54.92,0.37,4.85,435.12
2020-05-26 01:05:00,476.86,33.0,24.24,8.5,0.0,1,2.55,59.92,5.37,9.85,440.12
2020-05-26 01:10:00,480.96,33.0,24.24,8.38,0.0,1,7.55,64.92,10.37,4.5,445.12
2020-05-26 01:15:00,480.96,33.0,24.22,8.38,0.0,1,12.55,69.92,0.37,9.5,450.12
2020-05-26 01:20:00,480.96,33.0,24.14,8.38,0.0,1,17.55,74.92,5.37,14.5,455.12
2020-05-26 01:25:00,480.96,33.0,24.14,8.28,0.0,1,22.55,79.92,10.37,3.3,460.12
2020-05-26 01:30:00,480.96,33.0,24.14,8.38,0.0,1,27.55,84.92,15.37,4.18,465.12
2020-05-26 01:35:00,480.96,33.0,24.14,8.38,0.0,1,32.55,89.92,20.37,9.18,470.12
2020-05-26 01:40:00,480.96,33.0,24.09,8.38,0.0,1,37.55,94.92,1.35,14.18,475.12
2020-05-26 01:45:00,480.96,33.0,24.02,8.38,0.0,1,42.55,99.92,6.35,19.18,480.12
2020-05-26 01:50:00,480.96,33.0,24.02,8.48,0.0,1,47.55,104.92,11.35,3.22,485.12
2020-05-26 01:55:00,480.96,33.0,23.94,8.5,0.0,1,52.55,109.92,3.17,8.22,490.12
2020-05-26 02:00:00,480.96,33.0,23.92,8.52,0.0,1,57.55,114.92,8.17,0.85,495.12
2020-05-26 02:05:00,474.24,33.0,23.92,8.6,0.0,1,2.52,119.92,13.17,5.85,500.12
2020-05-26 02:10:00,469.76,33.0,23.88,8.72,0.0,1,7.52,124.92,1.17,4.65,505.12
2020-05-26 02:15:00,469.76,33.0,23.82,8.72,0.0,1,12.52,129.92,6.17,9.65,510.12
2020-05-26 02:20:00,469.76,33.0,23.82,8.72,0.0,1,17.52,134.92,11.17,14.65,515.12
2020-05-26 02:25:00,472.19,33.0,23.82,8.72,0.0,1,0.5,139.92,16.17,19.65,520.12
2020-05-26 02:30:00,481.92,33.0,23.82,8.93,0.0,1,5.5,144.92,21.17,0.63,525.12
2020-05-26 02:35:00,481.92,33.0,23.82,9.37,0.0,1,10.5,149.92,26.17,0.93,530.12
2020-05-26 02:40:00,481.92,33.0,23.82,9.62,0.0,1,15.5,154.92,31.17,3.68,535.12
2020-05-26 02:45:00,481.92,33.0,23.82,9.64,0.0,1,20.5,159.92,36.17,8.68,540.12
2020-05-26 02:50:00,481.92,33.0,23.82,9.69,0.0,1,25.5,164.92,41.17,1.97,545.12
2020-05-26 02:55:00,481.92,33.0,23.82,9.78,0.0,1,30.5,169.92,46.17,0.67,550.12
2020-05-26 03:00:00,474.62,33.0,23.82,9.93,0.0,1,2.48,174.92,51.17,1.3,555.12
2020-05-26 03:05:00,488.83,34.2,23.7,10.07,0.0,1,0.47,2.47,0.63,2.85,560.12
2020-05-26 03:10:00,556.1,35.0,23.4,10.19,0.0,0,2.47,7.47,0.97,2.65,565.12
2020-05-26 03:15:00,545.09,34.2,23.34,10.36,0.0,0,0.47,3.47,1.95,4.27,570.12
2020-05-26 03:20:00,528.0,34.0,23.52,10.48,0.0,0,5.47,8.47,3.95,4.68,575.12
2020-05-26 03:25:00,496.9,34.0,23.65,10.6,0.0,0,2.45,13.47,3.95,4.07,580.12
2020-05-26 03:30:00,490.88,34.0,23.68,10.6,0.0,0,7.45,18.47,8.95,9.07,585.12
2020-05-26 03:35:00,490.88,34.0,23.68,10.7,0.0,1,12.45,23.47,13.95,3.8,590.12
2020-05-26 03:40:00,482.18,34.0,23.68,10.79,0.0,1,3.62,28.47,18.95,2.83,595.12
2020-05-26 03:45:00,480.0,34.0,23.68,10.96,0.0,1,8.62,33.47,23.95,0.45,600.12
2020-05-26 03:50:00,480.0,34.0,23.68,11.15,0.0,1,13.62,38.47,28.95,2.58,605.12
2020-05-26 03:55:00,480.0,34.0,23.68,11.2,0.0,1,18.62,43.47,33.95,7.58,610.12
2020-05-26 04:00:00,480.0,34.0,23.68,11.27,0.0,1,23.62,48.47,38.95,2.48,615.12
2020-05-26 04:05:00,480.0,34.0,23.6,11.46,0.0,1,28.62,53.47,3.93,0.93,620.12
2020-05-26 04:10:00,480.0,34.0,23.58,11.8,0.0,1,33.62,58.47,8.93,1.1,625.12
2020-05-26 04:15:00,480.0,34.0,23.58,12.11,34.2,1,38.62,63.47,13.93,0.17,0.72
2020-05-26 04:20:00,480.0,34.0,23.58,12.4,68.2,1,43.62,68.47,18.93,0.93,1.72
2020-05-26 04:25:00,480.0,34.0,23.58,12.47,90.0,1,48.62,73.47,23.93,1.13,0.72
2020-05-26 04:30:00,480.0,34.0,23.58,12.61,102.0,1,53.62,78.47,28.93,0.1,1.7
2020-05-26 04:35:00,480.0,34.0,23.58,12.89,114.0,1,58.62,83.47,33.93,1.22,2.2
2020-05-26 04:40:00,480.0,34.0,23.58,13.01,122.0,1,63.62,88.47,38.93,0.78,0.2
2020-05-26 04:45:00,480.0,34.0,23.58,13.27,118.0,1,68.62,93.47,43.93,2.07,5.2
2020-05-26 04:50:00,480.0,34.0,23.66,13.44,118.0,1,73.62,98.47,3.9,0.23,10.2
2020-05-26 04:55:00,480.0,34.0,23.76,13.46,118.0,1,78.62,103.47,3.9,0.52,15.2
2020-05-26 05:00:00,480.0,34.0,23.78,13.68,112.0,1,83.62,108.47,8.9,3.32,2.18
2020-05-26 05:05:00,480.0,33.2,23.9,13.93,108.0,1,88.62,0.73,4.9,1.75,7.18
2020-05-26 05:10:00,480.0,33.0,23.92,14.19,106.0,1,93.62,4.73,0.38,0.98,0.18
2020-05-26 05:15:00,480.0,33.0,24.0,14.21,98.0,1,98.62,9.73,5.38,2.93,5.18
2020-05-26 05:20:00,480.0,33.0,24.0,14.17,98.0,1,103.62,14.73,10.38,7.93,10.18
2020-05-26 05:25:00,480.0,33.0,24.02,14.35,88.0,1,108.62,19.73,0.38,2.83,4.17
2020-05-26 05:30:00,480.0,33.0,24.1,14.66,88.0,0,113.62,24.73,5.38,0.33,9.17
2020-05-26 05:35:00,477.95,33.0,24.16,14.96,84.0,0,0.55,29.73,2.38,0.75,1.67
2020-05-26 05:40:00,469.76,33.0,24.2,15.15,78.0,0,5.55,34.73,7.38,1.98,6.67
2020-05-26 05:45:00,469.76,33.0,24.3,15.29,78.0,0,10.55,39.73,3.37,0.47,11.67
2020-05-26 05:50:00,469.76,32.6,24.32,15.5,78.0,0,15.55,0.7,8.37,1.93,16.67
2020-05-26 05:55:00,469.76,33.0,24.4,15.5,74.0,0,20.55,5.7,3.37,0.6,1.15
2020-05-26 06:00:00,469.76,31.8,24.46,15.43,68.0,0,25.55,2.7,1.37,0.22,6.15
2020-05-26 06:05:00,469.76,31.0,24.54,15.64,68.0,0,30.55,7.7,0.18,0.52,11.15
2020-05-26 06:10:00,469.76,31.0,24.62,15.85,68.0,0,35.55,12.7,5.18,2.1,16.15
2020-05-26 06:15:00,469.76,31.0,24.69,15.8,68.0,0,40.55,17.7,2.18,7.1,21.15
2020-05-26 06:20:00,465.02,31.0,24.78,15.82,62.0,0,1.52,22.7,1.18,0.27,2.3
2020-05-26 06:25:00,457.92,31.0,24.88,16.29,58.0,0,6.52,27.7,1.18,0.72,7.3
2020-05-26 06:30:00,460.1,31.0,24.94,16.22,58.0,0,0.52,32.7,6.18,2.5,12.3
2020-05-26 06:35:00,468.8,31.0,25.04,16.15,58.0,0,5.52,37.7,4.33,7.5,17.3
2020-05-26 06:40:00,468.8,31.0,25.11,16.34,58.0,0,10.52,42.7,2.33,0.13,22.3
2020-05-26 06:45:00,468.8,31.0,25.16,16.68,1127.38,1,15.52,47.7,7.33,3.13,1.8
2020-05-26 06:50:00,468.8,30.8,25.08,16.8,1560.06,1,20.52,0.67,3.32,0.53,0.78
2020-05-26 06:55:00,460.1,32.6,24.9,17.08,1599.49,1,3.5,1.15,1.65,4.52,1.28
2020-05-26 07:00:00,457.92,31.0,24.84,17.03,1602.82,1,8.5,4.48,6.65,1.0,1.28
2020-05-26 07:05:00,457.92,31.0,25.02,16.98,1563.14,1,13.5,9.48,2.65,0.88,0.28
2020-05-26 07:10:00,457.92,31.0,25.1,17.29,1498.37,1,18.5,14.48,1.65,3.25,0.27
2020-05-26 07:15:00,457.92,31.0,25.16,17.19,1430.78,1,23.5,19.48,6.65,0.67,0.27
2020-05-26 07:20:00,457.92,30.8,25.16,17.03,1367.3,1,28.5,1.47,11.65,2.08,0.27
2020-05-26 07:25:00,457.92,31.0,25.06,17.21,1253.63,1,33.5,6.47,4.8,0.85,0.27
2020-05-26 07:30:00,457.92,31.0,25.06,17.38,1187.58,1,38.5,11.47,9.8,2.03,0.27
2020-05-26 07:35:00,457.92,31.0,24.96,17.42,1165.57,1,43.5,16.47,3.97,7.03,3.77
2020-05-26 07:40:00,457.92,30.4,24.94,17.44,1170.43,1,48.5,0.63,8.97,0.22,0.25
2020-05-26 07:45:00,457.92,31.0,24.99,17.77,1158.78,1,53.5,5.63,1.95,1.83,2.75
2020-05-26 07:50:00,457.92,30.6,25.17,17.93,1157.25,1,58.5,1.45,3.95,1.48,1.25
2020-05-26 07:55:00,457.92,30.8,25.1,17.84,1131.26,1,63.5,0.45,4.95,0.37,3.75
2020-05-26 08:00:00,457.92,30.0,25.1,17.65,1191.17,1,68.5,4.45,9.95,0.48,0.4
2020-05-26 08:05:00,457.92,30.0,25.16,17.7,1394.69,1,73.5,9.45,2.95,0.22,0.4
2020-05-26 08:10:00,457.92,30.0,25.2,18.0,1353.22,1,78.5,14.45,7.95,4.18,1.4
2020-05-26 08:15:00,457.92,30.0,25.42,18.0,1314.3,1,83.5,19.45,0.1,9.18,0.9
2020-05-26 08:20:00,457.92,29.8,25.52,18.16,1277.44,1,88.5,3.77,5.1,2.83,0.4
2020-05-26 08:25:00,457.92,29.8,25.52,18.23,1228.29,1,93.5,0.77,10.1,7.83,0.38
2020-05-26 08:30:00,464.45,30.0,25.62,18.41,1424.26,1,2.6,4.77,3.43,0.33,0.38
2020-05-26 08:35:00,468.8,29.0,25.71,18.67,1309.31,1,7.6,4.77,2.43,3.68,1.88
2020-05-26 08:40:00,468.8,29.0,25.9,18.69,1334.78,1,12.6,9.77,4.92,8.68,1.88
2020-05-26 08:45:00,458.56,28.6,26.0,18.69,1332.99,1,3.58,0.92,4.58,13.68,2.38
2020-05-26 08:50:00,456.0,29.0,26.0,18.64,1332.99,1,8.58,5.92,9.58,0.25,0.37
2020-05-26 08:55:00,456.0,29.0,26.0,18.39,1361.41,1,13.58,10.92,14.58,1.3,1.37
2020-05-26 09:00:00,456.0,29.0,26.0,18.67,1579.26,1,18.58,15.92,19.58,3.72,1.87
2020-05-26 09:05:00,456.0,28.6,25.96,18.64,1534.98,1,23.58,3.73,1.57,1.53,1.87
2020-05-26 09:10:00,456.0,29.0,25.96,18.85,1441.28,1,28.58,8.73,2.57,0.02,4.37
2020-05-26 09:15:00,456.0,28.4,26.18,19.08,1533.44,1,33.58,2.73,3.07,2.4,1.87
2020-05-26 09:20:00,456.0,28.0,26.22,19.08,1435.14,1,38.58,7.73,0.07,1.6,2.85
2020-05-26 09:25:00,449.86,27.8,26.32,19.17,1405.44,1,2.57,1.73,5.07,0.3,0.35
2020-05-26 09:30:00,450.62,27.8,26.32,19.31,1401.34,1,1.57,3.23,10.07,1.43,1.35
2020-05-26 09:35:00,457.92,28.0,26.28,19.24,1393.15,1,6.57,8.23,1.05,0.33,0.85
2020-05-26 09:40:00,457.92,27.4,26.22,19.35,1362.18,1,11.57,0.22,6.05,1.37,1.85
2020-05-26 09:45:00,457.92,27.4,26.22,19.51,1348.86,1,16.57,0.22,11.05,0.8,0.33
2020-05-26 09:50:00,457.92,27.4,26.3,19.36,321.66,1,21.57,0.37,0.03,0.78,0.33
2020-05-26 09:55:00,457.92,27.8,26.24,19.29,1250.94,1,26.57,0.37,5.03,0.23,0.0
2020-05-26 10:00:00,457.92,27.0,26.24,19.51,1309.18,1,31.57,5.37,10.03,0.75,0.5
2020-05-26 10:05:00,457.92,27.0,26.24,19.51,1261.57,1,36.57,10.37,15.03,3.17,0.0
2020-05-26 10:10:00,457.92,26.6,26.22,19.49,1223.3,1,41.57,1.7,0.18,0.47,1.98
2020-05-26 10:15:00,457.92,27.0,26.14,19.33,781.18,1,46.57,6.7,5.18,0.17,2.98
2020-05-26 10:20:00,457.92,26.6,26.36,19.45,507.65,1,51.57,0.52,2.18,0.92,0.48
2020-05-26 10:25:00,457.92,26.2,26.61,19.65,492.8,1,56.57,0.02,1.18,0.43,0.48
2020-05-26 10:30:00,457.92,25.0,26.76,19.61,472.9,1,61.57,3.52,3.18,5.43,2.48
2020-05-26 10:35:00,457.92,25.0,26.83,19.56,453.18,1,66.57,8.52,1.17,2.75,1.97
2020-05-26 10:40:00,457.92,25.0,26.9,19.79,446.08,1,71.57,13.52,6.17,3.27,6.97
2020-05-26 10:45:00,457.92,25.0,26.98,19.86,446.08,1,76.57,18.52,3.17,0.88,11.97
2020-05-26 10:50:00,457.92,25.0,27.0,20.07,441.6,1,81.57,23.52,8.17,4.63,1.97
2020-05-26 10:55:00,457.92,25.0,27.06,20.3,426.18,1,86.57,28.52,2.83,1.12,3.47
2020-05-26 11:00:00,457.92,25.0,27.1,20.74,402.43,1,91.57,33.52,7.83,3.53,3.45
2020-05-26 11:05:00,457.92,25.0,27.14,20.43,400.0,1,96.57,38.52,1.82,3.3,8.45
2020-05-26 11:10:00,457.92,25.0,27.2,20.82,395.26,1,101.57,43.52,6.82,0.73,1.45
2020-05-26 11:15:00,457.92,25.0,27.2,20.96,369.41,1,106.57,48.52,11.82,0.08,1.45
2020-05-26 11:20:00,457.92,25.0,27.2,20.57,354.43,1,111.57,53.52,16.82,0.77,2.95
2020-05-26 11:25:00,457.92,27.0,27.2,20.85,330.98,1,116.57,1.48,21.82,0.97,0.43
2020-05-26 11:30:00,457.92,27.0,27.25,21.56,307.97,1,121.57,4.15,1.63,0.32,1.43
2020-05-26 11:35:00,457.92,27.0,27.32,21.08,282.62,1,126.57,2.65,6.63,0.82,3.43
2020-05-26 11:40:00,457.92,27.0,27.32,20.92,268.96,1,131.57,0.47,11.63,0.75,4.43
2020-05-26 11:45:00,457.92,27.0,27.32,21.21,254.05,1,136.57,5.47,16.63,0.82,1.93
2020-05-26 11:50:00,457.92,27.0,27.32,20.8,248.0,1,141.57,10.47,21.63,0.23,6.93
2020-05-26 11:55:00,457.92,26.6,27.32,21.17,235.04,1,146.57,0.47,26.63,0.82,0.58
2020-05-26 12:00:00,457.92,27.0,27.32,21.49,222.08,1,151.57,5.47,31.63,0.9,5.58
2020-05-26 12:05:00,460.1,27.0,27.32,21.76,217.66,1,0.47,10.47,36.63,0.07,1.08
2020-05-26 12:10:00,475.52,27.0,27.32,21.26,202.98,1,2.45,15.47,41.63,0.37,3.08
2020-05-26 12:15:00,482.18,27.4,27.32,21.49,198.56,1,0.45,1.45,46.63,0.17,0.07
2020-05-26 12:20:00,490.88,27.0,27.32,20.91,161.57,1,5.45,4.45,51.63,0.48,0.07
2020-05-26 12:25:00,488.64,27.4,27.3,21.03,0.0,1,0.45,1.45,0.6,0.05,4.57
2020-05-26 12:30:00,524.74,28.0,27.18,21.03,0.0,1,0.45,6.45,0.6,0.05,9.57
2020-05-26 12:35:00,549.12,28.0,27.1,21.65,0.0,1,1.45,11.45,5.6,0.88,14.57
2020-05-26 12:40:00,556.8,28.0,27.0,22.34,0.0,1,6.45,16.45,3.6,0.08,19.57
2020-05-26 12:45:00,552.06,28.0,26.98,21.03,0.0,1,1.43,21.45,8.6,0.72,24.57
2020-05-26 12:50:00,544.96,28.0,26.98,21.35,0.0,1,6.43,26.45,13.6,0.02,29.57
2020-05-26 12:55:00,544.96,28.0,26.98,20.78,0.0,0,11.43,31.45,18.6,0.02,34.57
2020-05-26 13:00:00,551.49,28.0,26.9,21.05,0.0,0,2.43,36.45,3.58,0.38,39.57
2020-05-26 13:05:00,555.84,28.0,26.88,20.11,0.0,0,7.43,41.45,8.58,0.03,44.57
2020-05-26 13:10:00,568.19,28.0,26.88,19.7,0.0,1,0.58,46.45,13.58,0.68,49.57
2020-05-26 13:15:00,584.96,28.0,26.88,19.98,0.0,1,5.58,51.45,18.58,1.08,54.57
2020-05-26 13:20:00,584.96,27.8,26.88,19.77,0.0,1,10.58,0.42,23.58,0.75,59.57
2020-05-26 13:25:00,584.96,28.0,26.88,20.16,0.0,1,15.58,4.42,28.58,0.07,64.57
2020-05-26 13:30:00,584.96,28.0,26.88,20.02,0.0,1,20.58,9.42,33.58,1.2,69.57
2020-05-26 13:35:00,557.89,28.0,27.0,20.23,0.0,1,0.23,14.42,4.57,1.28,74.57
2020-05-26 13:40:00,493.82,27.4,27.0,20.48,0.0,1,1.73,2.4,9.57,1.37,79.57
2020-05-26 13:45:00,478.27,27.0,27.0,20.64,0.0,1,2.73,7.4,14.57,0.33,84.57
2020-05-26 13:50:00,462.72,27.0,27.0,20.76,0.0,1,4.73,12.4,19.57,2.38,89.57
2020-05-26 13:55:00,462.72,27.0,27.0,21.1,0.0,0,9.73,17.4,24.57,0.05,94.57
2020-05-26 14:00:00,462.72,27.0,27.0,20.78,0.0,0,14.73,22.4,29.57,0.27,99.57
2020-05-26 14:05:00,448.0,27.0,26.98,21.28,14.4,1,4.72,27.4,0.37,0.67,2.17
2020-05-26 14:10:00,448.0,27.0,26.9,21.07,24.0,1,9.72,32.4,5.37,0.07,7.17
2020-05-26 14:15:00,439.55,27.2,26.9,21.37,24.0,1,2.72,0.37,10.37,0.02,12.17
2020-05-26 14:20:00,448.64,28.0,26.8,20.87,30.4,1,1.7,5.37,4.53,0.22,0.17
2020-05-26 14:25:00,484.42,28.6,26.68,20.55,56.0,1,2.7,2.7,4.53,1.18,5.17
2020-05-26 14:30:00,511.62,29.0,26.68,20.3,62.0,1,1.7,7.7,9.53,2.13,2.65
2020-05-26 14:35:00,536.0,29.0,26.68,20.12,62.2,1,1.7,12.7,14.53,0.13,2.65
2020-05-26 14:40:00,545.92,29.0,26.68,20.16,67.0,1,6.7,17.7,19.53,0.97,7.65
2020-05-26 14:45:00,562.88,29.0,26.68,19.98,67.0,1,4.7,22.7,24.53,0.63,12.65
2020-05-26 14:50:00,569.41,29.0,26.68,19.77,67.0,1,2.68,27.7,29.53,2.48,17.65
2020-05-26 14:55:00,584.96,29.0,26.68,19.86,69.0,1,4.18,32.7,34.53,0.0,0.63
2020-05-26 15:00:00,555.9,28.0,26.76,19.54,92.2,1,0.18,4.68,3.67,2.57,3.63
2020-05-26 15:05:00,484.29,28.2,26.6,19.65,68.4,1,3.02,0.68,0.67,2.92,2.13
2020-05-26 15:10:00,481.92,28.0,26.48,19.56,50.0,1,8.02,4.68,5.67,0.68,7.13
2020-05-26 15:15:00,481.92,28.0,26.48,19.54,50.0,1,13.02,9.68,10.67,0.55,12.13
2020-05-26 15:20:00,481.92,28.0,26.48,19.61,50.0,1,18.02,14.68,15.67,1.1,17.13
2020-05-26 15:25:00,481.92,28.0,26.48,19.56,50.0,1,23.02,19.68,20.67,0.18,22.13
2020-05-26 15:30:00,481.92,28.0,26.48,19.59,50.0,1,28.02,24.68,25.67,3.58,27.13
2020-05-26 15:35:00,466.88,28.0,26.48,19.72,50.0,0,4.0,29.68,30.67,0.42,32.13
2020-05-26 15:40:00,466.88,28.0,26.48,19.58,50.0,0,9.0,34.68,35.67,1.45,37.13
2020-05-26 15:45:00,466.88,28.0,26.46,19.51,50.0,0,14.0,39.68,0.15,3.08,42.13
2020-05-26 15:50:00,466.88,28.0,26.38,19.52,46.0,0,19.0,44.68,5.15,0.17,1.27
2020-05-26 15:55:00,456.0,28.0,26.38,19.26,40.0,0,4.98,49.68,10.15,4.15,6.27
2020-05-26 16:00:00,456.0,28.0,26.38,19.26,38.0,0,9.98,54.68,15.15,9.15,0.27
2020-05-26 16:05:00,456.0,28.0,26.38,19.26,30.0,0,14.98,59.68,20.15,4.2,5.27
2020-05-26 16:10:00,456.0,28.0,26.38,19.19,30.0,0,19.98,64.68,25.15,2.77,10.27
2020-05-26 16:15:00,456.0,28.0,26.38,19.06,30.0,0,24.98,69.68,30.15,0.3,15.27
2020-05-26 16:20:00,456.0,28.0,26.38,18.83,30.0,0,29.98,74.68,35.15,0.75,20.27
2020-05-26 16:25:00,456.0,28.0,26.28,18.8,30.0,0,34.98,79.68,3.12,4.55,25.27
2020-05-26 16:30:00,456.0,28.0,26.26,18.76,30.0,0,39.98,84.68,8.12,2.68,30.27
2020-05-26 16:35:00,456.0,28.0,26.26,18.69,30.0,0,44.98,89.68,13.12,7.68,35.27
2020-05-26 16:40:00,456.0,28.0,26.26,18.67,30.0,0,49.98,94.68,18.12,0.78,40.27
2020-05-26 16:45:00,456.0,28.0,26.26,18.37,20.0,0,54.98,99.68,23.12,0.53,4.73
2020-05-26 16:50:00,456.0,28.0,26.2,18.11,20.0,0,59.98,104.68,2.77,0.78,9.73
2020-05-26 16:55:00,456.0,28.0,26.16,18.04,20.0,0,64.98,109.68,7.77,1.52,14.73
2020-05-26 17:00:00,456.0,28.0,26.16,17.7,20.0,0,69.98,114.68,12.77,0.93,19.73
2020-05-26 17:05:00,456.0,28.0,26.16,17.42,20.0,0,74.98,119.68,17.77,1.57,24.73
2020-05-26 17:10:00,456.0,28.0,26.14,17.15,20.0,0,79.98,124.68,0.92,1.2,29.73
2020-05-26 17:15:00,456.0,28.0,26.06,16.91,12.0,0,84.98,129.68,5.92,2.03,3.22
2020-05-26 17:20:00,456.0,28.0,26.06,16.73,0.0,0,89.98,134.68,10.92,4.93,4.72
2020-05-26 17:25:00,456.0,28.0,26.06,16.66,0.0,0,94.98,139.68,15.92,2.53,9.72
2020-05-26 17:30:00,456.0,28.0,26.06,16.57,0.0,0,99.98,144.68,20.92,1.33,14.72
2020-05-26 17:35:00,456.0,28.2,25.98,16.5,0.0,0,104.98,0.75,3.07,6.33,19.72
2020-05-26 17:40:00,456.0,28.2,25.96,16.5,0.0,0,109.98,0.73,8.07,11.33,24.72
2020-05-26 17:45:00,456.0,28.2,25.98,16.43,0.0,0,114.98,1.73,0.07,2.42,29.72
2020-05-26 17:50:00,456.0,28.0,26.06,16.31,0.0,1,119.98,6.73,5.07,2.07,34.72
2020-05-26 17:55:00,456.0,28.0,26.06,16.17,0.0,1,124.98,11.73,10.07,3.18,39.72
2020-05-26 18:00:00,456.0,28.0,26.16,16.15,0.0,1,129.98,16.73,4.05,8.18,44.72
2020-05-26 18:05:00,456.0,28.0,26.16,16.03,0.0,1,134.98,21.73,9.05,4.03,49.72
2020-05-26 18:10:00,456.0,28.0,26.16,16.03,0.0,1,139.98,26.73,14.05,9.03,54.72
2020-05-26 18:15:00,456.0,28.0,26.16,15.89,0.0,1,144.98,31.73,19.05,1.72,59.72
2020-05-26 18:20:00,456.0,28.0,26.16,15.8,0.0,1,149.98,36.73,24.05,6.72,64.72
2020-05-26 18:25:00,456.0,28.0,26.08,15.8,0.0,1,154.98,41.73,3.03,11.72,69.72
2020-05-26 18:30:00,456.0,28.0,26.06,15.68,0.0,1,159.98,46.73,8.03,4.77,74.72
2020-05-26 18:35:00,456.0,28.0,26.06,15.57,0.0,1,164.98,51.73,13.03,4.75,79.72
2020-05-26 18:40:00,456.0,28.0,26.06,15.52,0.0,1,169.98,56.73,18.03,1.03,84.72
2020-05-26 18:45:00,456.0,28.0,25.96,15.45,0.0,1,174.98,61.73,4.02,6.03,89.72
2020-05-26 18:50:00,478.21,29.0,25.88,15.36,0.0,1,0.03,4.7,2.02,3.3,94.72
2020-05-26 18:55:00,520.7,29.2,25.82,15.34,0.0,1,3.03,0.68,7.02,8.3,99.72
2020-05-26 19:00:00,522.88,30.0,25.82,15.27,0.0,1,8.03,5.68,12.02,2.1,104.72
2020-05-26 19:05:00,522.88,30.0,25.82,15.22,0.0,1,13.03,10.68,17.02,7.1,109.72
2020-05-26 19:10:00,531.71,30.0,25.8,15.12,0.0,1,1.02,15.68,0.83,3.58,114.72
2020-05-26 19:15:00,560.96,30.0,25.72,15.1,0.0,1,4.02,20.68,5.83,8.58,119.72
2020-05-26 19:20:00,536.0,30.0,25.72,15.01,0.0,1,0.02,25.68,10.83,3.62,124.72
2020-05-26 19:25:00,517.95,30.0,25.72,14.99,0.0,1,0.0,30.68,15.83,8.62,129.72
2020-05-26 19:30:00,520.96,30.0,25.72,15.08,0.0,1,4.0,35.68,20.83,3.73,134.72
2020-05-26 19:35:00,520.96,30.0,25.72,14.99,0.0,1,9.0,40.68,25.83,4.47,139.72
2020-05-26 19:40:00,520.96,30.0,25.62,14.99,0.0,1,14.0,45.68,3.65,9.47,144.72
2020-05-26 19:45:00,508.93,30.0,25.6,14.99,0.0,1,3.0,50.68,8.65,14.47,149.72
2020-05-26 19:50:00,505.92,29.8,25.6,14.99,0.0,1,8.0,0.65,13.65,19.47,154.72
2020-05-26 19:55:00,505.92,30.0,25.56,14.99,0.0,1,13.0,4.65,1.63,24.47,159.72
2020-05-26 20:00:00,508.29,30.0,25.48,14.87,0.0,1,0.98,9.65,0.13,4.73,164.72
2020-05-26 20:05:00,526.72,30.0,25.4,14.77,0.0,1,3.98,14.65,5.13,3.28,169.72
2020-05-26 20:10:00,518.46,30.0,25.4,14.68,0.0,1,3.98,19.65,10.13,2.2,174.72
2020-05-26 20:15:00,515.84,30.0,25.4,14.63,0.0,1,8.98,24.65,15.13,7.2,179.72
2020-05-26 20:20:00,515.84,30.4,25.4,14.61,0.0,1,13.98,0.97,20.13,0.77,184.72
2020-05-26 20:25:00,546.37,29.8,25.37,14.52,0.0,1,2.97,0.97,0.12,5.77,189.72
2020-05-26 20:30:00,526.98,29.0,25.14,14.52,0.0,1,2.97,5.97,0.78,10.77,194.72
2020-05-26 20:35:00,489.86,29.0,24.94,14.42,0.0,1,2.97,10.97,0.28,3.4,199.72
2020-05-26 20:40:00,472.58,30.0,24.68,14.4,0.0,1,3.97,4.95,1.12,8.4,204.72
2020-05-26 20:45:00,469.76,30.4,24.46,14.4,0.0,1,8.97,1.62,1.27,13.4,209.72
2020-05-26 20:50:00,469.76,32.6,24.24,14.4,0.0,1,13.97,3.95,4.27,18.4,214.72
2020-05-26 20:55:00,479.49,33.0,24.24,14.4,0.0,1,3.95,8.95,9.27,23.4,219.72
2020-05-26 21:00:00,511.94,33.0,24.26,14.28,0.0,1,2.95,13.95,0.27,4.6,224.72
2020-05-26 21:05:00,536.96,33.0,24.34,14.33,0.0,1,4.95,18.95,5.27,1.83,229.72
2020-05-26 21:10:00,543.49,33.0,24.38,14.4,0.0,1,2.93,23.95,1.25,6.83,234.72
2020-05-26 21:15:00,547.84,33.0,24.44,14.52,0.0,1,7.93,28.95,6.25,4.13,239.72
2020-05-26 21:20:00,547.84,33.0,24.44,14.52,0.0,1,12.93,33.95,11.25,9.13,244.72
2020-05-26 21:25:00,561.92,33.0,24.44,14.56,0.0,1,4.93,38.95,16.25,1.23,249.72
2020-05-26 21:30:00,572.8,33.0,24.44,14.73,0.0,1,4.92,43.95,21.25,3.78,254.72
2020-05-26 21:35:00,572.8,33.0,24.44,14.75,0.0,1,9.92,48.95,26.25,8.78,259.72
2020-05-26 21:40:00,572.8,33.0,24.44,14.75,0.0,1,14.92,53.95,31.25,13.78,264.72
2020-05-26 21:45:00,572.8,33.0,24.44,14.75,0.0,1,19.92,58.95,36.25,18.78,269.72
2020-05-26 21:50:00,578.82,33.0,24.44,14.63,0.0,1,1.23,63.95,41.25,0.23,274.72
2020-05-26 21:55:00,584.26,31.6,24.48,14.47,0.0,1,0.23,0.4,1.38,1.47,279.72
2020-05-26 22:00:00,537.86,30.0,24.64,14.4,0.0,1,0.23,5.4,3.88,6.47,284.72
2020-05-26 22:05:00,488.64,30.0,24.66,14.4,0.0,1,1.73,10.4,8.88,11.47,289.72
2020-05-26 22:10:00,480.96,30.0,24.66,14.3,0.0,1,6.73,15.4,13.88,3.22,294.72
2020-05-26 22:15:00,480.96,30.0,24.66,14.19,0.0,1,11.73,20.4,18.88,3.75,299.72
2020-05-26 22:20:00,480.96,30.0,24.66,14.15,0.0,1,16.73,25.4,23.88,0.2,304.72
2020-05-26 22:25:00,480.96,30.0,24.66,14.05,0.0,1,21.73,30.4,28.88,5.2,309.72
2020-05-26 22:30:00,480.96,30.0,24.68,14.0,0.0,1,26.73,35.4,0.87,1.67,314.72
2020-05-26 22:35:00,469.76,30.0,24.76,13.93,0.0,1,4.72,40.4,5.87,6.67,319.72
2020-05-26 22:40:00,469.76,30.0,24.76,13.93,0.0,1,9.72,45.4,10.87,11.67,324.72
2020-05-26 22:45:00,469.76,30.0,24.76,13.81,0.0,1,14.72,50.4,15.87,4.42,329.72
2020-05-26 22:50:00,480.0,30.0,24.76,13.81,0.0,1,4.7,55.4,20.87,9.42,334.72
2020-05-26 22:55:00,480.0,30.0,24.74,13.81,0.0,1,9.7,60.4,0.85,14.42,339.72
2020-05-26 23:00:00,480.0,30.0,24.64,13.65,0.0,1,14.7,65.4,5.85,1.38,344.72
2020-05-26 23:05:00,480.0,30.0,24.64,13.58,0.0,1,19.7,70.4,10.85,6.38,349.72
2020-05-26 23:10:00,468.8,30.0,24.64,13.58,0.0,1,4.7,75.4,15.85,11.38,354.72
2020-05-26 23:15:00,468.8,30.0,24.64,13.48,0.0,1,9.7,80.4,20.85,3.62,359.72
2020-05-26 23:20:00,468.8,30.0,24.62,13.36,0.0,1,14.7,85.4,0.83,3.07,364.72
2020-05-26 23:25:00,475.52,30.0,24.52,13.32,0.0,1,2.68,90.4,5.83,0.28,369.72
2020-05-26 23:30:00,480.0,30.0,24.52,13.23,0.0,0,7.68,95.4,10.83,5.28,374.72
2020-05-26 23:35:00,475.52,30.0,24.52,13.21,0.0,0,1.68,100.4,15.83,0.83,379.72
2020-05-26 23:40:00,468.8,30.0,24.52,13.04,0.0,1,6.68,105.4,20.83,2.32,384.72
2020-05-26 23:45:00,468.8,30.0,24.44,12.92,0.0,1,11.68,110.4,3.82,2.18,389.72
2020-05-26 23:50:00,468.8,30.2,24.42,12.87,0.0,1,16.68,1.33,8.82,7.18,394.72
2020-05-26 23:55:00,468.8,30.0,24.42,12.82,0.0,1,21.68,6.33,13.82,1.58,399.72
2020-05-27 00:00:00,468.8,30.0,24.42,12.68,0.0,1,26.68,11.33,18.82,2.32,404.72
2020-05-27 00:05:00,468.8,30.0,24.42,12.56,0.0,1,31.68,16.33,23.82,2.75,409.72
2020-05-27 00:10:00,468.8,30.0,24.42,12.47,0.0,1,36.68,21.33,28.82,1.32,414.72
2020-05-27 00:15:00,468.8,30.2,24.4,12.4,0.0,1,41.68,2.32,0.3,6.32,419.72
2020-05-27 00:20:00,468.8,30.0,24.32,12.35,0.0,1,46.68,7.32,5.3,1.77,424.72
2020-05-27 00:25:00,468.8,30.0,24.32,12.28,0.0,1,51.68,12.32,10.3,6.77,429.72
2020-05-27 00:30:00,468.8,30.0,24.32,12.16,0.0,1,56.68,17.32,15.3,4.27,434.72
2020-05-27 00:35:00,468.8,30.0,24.32,12.11,0.0,1,61.68,22.32,20.3,1.5,439.72
2020-05-27 00:40:00,468.8,30.2,24.32,11.99,0.0,1,66.68,0.47,25.3,1.38,444.72
2020-05-27 00:45:00,468.8,30.2,24.32,11.92,0.0,1,71.68,3.47,30.3,6.38,449.72
2020-05-27 00:50:00,468.8,30.0,24.32,11.85,0.0,1,76.68,8.47,35.3,2.2,454.72
2020-05-27 00:55:00,468.8,30.2,24.32,11.8,0.0,1,81.68,2.45,40.3,7.2,459.72
2020-05-27 01:00:00,468.8,30.2,24.3,11.73,0.0,1,86.68,2.45,0.27,2.2,464.72
2020-05-27 01:05:00,468.8,30.0,24.22,11.68,0.0,1,91.68,7.45,5.27,7.2,469.72
2020-05-27 01:10:00,468.8,30.2,24.22,11.68,0.0,1,96.68,2.45,10.27,12.2,474.72
2020-05-27 01:15:00,468.8,30.2,24.22,11.68,0.0,1,101.68,0.45,15.27,17.2,479.72
2020-05-27 01:20:00,468.8,30.2,24.32,11.68,0.0,1,106.68,1.43,4.27,22.2,484.72
2020-05-27 01:25:00,468.8,30.0,24.32,11.68,0.0,1,111.68,6.43,9.27,27.2,489.72
2020-05-27 01:30:00,468.8,30.2,24.4,11.68,0.0,1,116.68,0.43,3.27,32.2,494.72
2020-05-27 01:35:00,468.8,30.4,24.42,11.61,0.0,1,121.68,0.43,8.27,0.98,499.72
2020-05-27 01:40:00,468.8,30.0,24.42,11.68,0.0,1,126.68,5.43,13.27,5.98,504.72
2020-05-27 01:45:00,468.8,30.2,24.42,11.68,0.0,1,131.68,2.42,18.27,10.98,509.72
2020-05-27 01:50:00,468.8,30.2,24.32,11.75,0.0,1,136.68,0.42,4.25,2.5,514.72
2020-05-27 01:55:00,468.8,30.2,24.32,11.8,0.0,1,141.68,0.42,9.25,7.5,519.72
2020-05-27 02:00:00,468.8,31.0,24.32,11.8,0.0,1,146.68,5.42,14.25,12.5,524.72
2020-05-27 02:05:00,468.8,31.0,24.28,11.8,0.0,1,151.68,10.42,1.23,17.5,529.72
2020-05-27 02:10:00,468.8,31.0,24.22,11.8,0.0,0,156.68,15.42,6.23,22.5,534.72
2020-05-27 02:15:00,459.33,31.0,24.22,11.8,0.0,1,3.73,20.42,11.23,27.5,539.72
2020-05-27 02:20:00,465.66,31.0,24.22,11.9,0.0,1,3.73,25.42,16.23,3.33,544.72
2020-05-27 02:25:00,467.84,31.0,24.22,11.92,0.0,1,8.73,30.42,21.23,8.33,549.72
2020-05-27 02:30:00,467.84,31.0,24.22,11.99,0.0,1,13.73,35.42,26.23,2.87,554.72
2020-05-27 02:35:00,467.84,31.0,24.22,12.04,0.0,1,18.73,40.42,31.23,7.87,559.72
2020-05-27 02:40:00,467.84,31.0,24.22,12.04,0.0,1,23.73,45.42,36.23,12.87,564.72
2020-05-27 02:45:00,467.84,31.0,24.22,12.04,0.0,1,28.73,50.42,41.23,17.87,569.72
2020-05-27 02:50:00,467.84,31.4,24.22,11.97,0.0,1,33.73,1.88,46.23,2.25,574.72
2020-05-27 02:55:00,467.84,31.0,24.22,11.92,0.0,1,38.73,6.88,51.23,7.25,579.72
2020-05-27 03:00:00,467.84,31.0,24.22,11.92,0.0,1,43.73,2.03,56.23,12.25,584.72
2020-05-27 03:05:00,467.84,31.0,24.22,11.92,0.0,1,48.73,2.53,61.23,17.25,589.72
2020-05-27 03:10:00,467.84,31.0,24.15,11.92,0.0,1,53.73,7.53,2.37,22.25,594.72
2020-05-27 03:15:00,467.84,31.8,24.1,11.92,0.0,1,58.73,0.2,7.37,27.25,599.72
2020-05-27 03:20:00,475.71,31.0,24.1,11.92,0.0,0,2.7,3.7,12.37,32.25,604.72
2020-05-27 03:25:00,480.96,31.4,24.06,11.92,0.0,1,7.7,0.2,1.35,37.25,609.72
2020-05-27 03:30:00,480.96,31.0,24.0,11.92,0.0,1,12.7,0.68,6.35,42.25,614.72
2020-05-27 03:35:00,480.96,31.4,24.0,11.92,0.0,1,17.7,0.68,11.35,47.25,619.72
2020-05-27 03:40:00,480.96,31.4,24.0,11.92,0.0,1,22.7,2.68,16.35,52.25,624.72
2020-05-27 03:45:00,476.48,31.0,24.0,11.97,0.0,1,1.68,0.68,21.35,1.22,629.72
2020-05-27 03:50:00,469.76,31.0,24.0,12.04,0.0,1,6.68,5.68,26.35,6.22,634.72
2020-05-27 03:55:00,469.76,31.4,24.0,11.97,0.0,1,11.68,0.68,31.35,2.52,639.72
2020-05-27 04:00:00,469.76,31.0,24.0,11.99,0.0,1,16.68,5.68,36.35,2.25,644.72
2020-05-27 04:05:00,469.76,31.0,24.0,12.11,0.0,1,21.68,10.68,41.35,1.58,649.72
2020-05-27 04:10:00,469.76,31.4,24.0,11.92,0.0,1,26.68,3.67,46.35,4.58,654.72
2020-05-27 04:15:00,477.06,31.4,24.0,12.02,0.0,1,2.67,0.17,51.35,3.13,659.72
2020-05-27 04:20:00,474.05,31.0,24.0,12.04,0.0,1,2.67,1.67,56.35,8.13,664.72
2020-05-27 04:25:00,468.8,31.0,24.04,12.02,0.0,1,7.67,4.17,1.82,0.55,669.72
2020-05-27 04:30:00,468.8,31.0,24.1,11.97,0.0,1,12.67,9.17,6.82,1.7,674.72
2020-05-27 04:35:00,468.8,31.0,24.1,12.04,0.0,1,17.67,14.17,11.82,6.7,679.72
2020-05-27 04:40:00,468.8,31.4,24.1,12.04,0.0,1,22.67,3.65,16.82,11.7,684.72
2020-05-27 04:45:00,468.8,32.2,24.1,12.04,0.0,1,27.67,1.15,21.82,16.7,689.72
2020-05-27 04:50:00,476.67,32.2,24.1,12.16,0.0,1,2.65,0.15,26.82,0.25,694.72
2020-05-27 04:55:00,481.92,31.0,24.1,12.21,0.0,1,7.65,3.15,31.82,0.03,699.72
2020-05-27 05:00:00,481.92,31.4,24.1,12.26,0.0,1,12.65,0.8,36.82,3.57,704.72
2020-05-27 05:05:00,481.92,32.0,24.1,12.4,0.0,1,17.65,0.3,41.82,1.18,709.72
2020-05-27 05:10:00,481.92,31.8,24.1,12.45,0.0,1,22.65,0.8,46.82,1.13,714.72
2020-05-27 05:15:00,486.66,33.2,24.1,12.54,0.0,1,1.63,0.63,51.82,2.3,719.72
2020-05-27 05:20:00,488.26,33.2,24.1,12.52,14.4,1,1.63,2.3,56.82,7.3,1.42
2020-05-27 05:25:00,480.0,33.0,24.1,12.52,44.0,1,6.63,7.3,61.82,12.3,1.92
2020-05-27 05:30:00,468.74,33.0,24.1,12.68,111.42,1,3.62,12.3,66.82,0.58,0.42
2020-05-27 05:35:00,465.92,33.0,24.16,12.82,87.22,1,8.62,17.3,2.27,1.17,0.42
2020-05-27 05:40:00,465.92,33.0,24.2,12.8,47.0,1,13.62,22.3,7.27,0.42,1.4
2020-05-27 05:45:00,465.92,33.0,24.2,12.8,75.81,1,18.62,27.3,12.27,1.33,1.9
2020-05-27 05:50:00,465.92,33.0,24.2,13.06,144.6,1,23.62,32.3,17.27,0.1,0.4
2020-05-27 05:55:00,465.92,33.0,24.2,13.46,139.22,1,28.62,37.3,22.27,1.18,0.4
2020-05-27 06:00:00,465.92,33.0,24.2,13.74,76.2,1,33.62,42.3,27.27,2.93,0.4
2020-05-27 06:05:00,465.92,33.4,24.2,13.72,52.2,1,38.62,0.1,32.27,3.53,0.4
2020-05-27 06:10:00,465.92,33.2,24.2,13.53,73.01,1,43.62,0.1,37.27,1.88,0.38
2020-05-27 06:15:00,465.92,33.6,24.2,13.46,68.01,1,48.62,0.08,42.27,6.88,0.38
2020-05-27 06:20:00,465.92,33.4,24.32,13.48,71.8,1,53.62,1.08,4.25,0.18,1.88
2020-05-27 06:25:00,465.92,33.0,24.32,13.7,81.21,1,58.62,4.08,9.25,1.38,0.88
2020-05-27 06:30:00,465.92,33.4,24.32,13.81,60.6,1,63.62,0.08,14.25,1.53,1.88
2020-05-27 06:35:00,465.92,33.0,24.32,13.91,62.8,1,68.62,0.42,19.25,3.47,1.37
2020-05-27 06:40:00,465.92,33.4,24.38,14.21,64.2,1,73.62,3.58,2.73,1.1,2.37
2020-05-27 06:45:00,465.92,33.6,24.42,14.4,53.0,1,78.62,0.57,7.73,6.1,3.37
2020-05-27 06:50:00,465.92,33.2,24.42,14.42,45.0,1,83.62,1.07,12.73,0.53,2.87
2020-05-27 06:55:00,465.92,33.4,24.46,14.7,74.8,0,88.62,0.07,1.72,2.82,1.87
2020-05-27 07:00:00,465.92,33.0,24.52,14.77,62.0,0,93.62,5.07,6.72,2.13,0.85
2020-05-27 07:05:00,465.92,33.4,24.52,14.89,70.6,0,98.62,1.07,11.72,1.37,0.85
2020-05-27 07:10:00,465.92,34.0,24.6,14.8,57.0,0,103.62,2.9,3.72,2.82,1.02
2020-05-27 07:15:00,465.92,34.0,24.62,14.87,54.4,0,108.62,7.9,8.72,0.77,0.02
2020-05-27 07:20:00,465.92,33.6,24.62,15.27,93.82,0,113.62,1.88,13.72,0.37,0.02
2020-05-27 07:25:00,459.2,34.0,24.69,15.43,70.6,1,2.72,6.88,2.7,0.62,0.02
2020-05-27 07:30:00,454.72,33.4,24.74,15.24,52.2,1,7.72,1.88,7.7,2.77,1.5
2020-05-27 07:35:00,454.72,34.2,24.74,15.36,55.0,1,12.72,2.37,12.7,1.45,6.5
2020-05-27 07:40:00,454.72,34.0,24.8,15.2,55.0,1,17.72,7.37,2.53,0.85,11.5
2020-05-27 07:45:00,454.72,34.0,24.84,15.36,55.0,1,22.72,12.37,7.53,1.13,16.5
2020-05-27 07:50:00,454.72,34.0,24.84,15.47,55.0,1,27.72,17.37,12.53,0.13,21.5
2020-05-27 07:55:00,454.72,34.2,24.84,15.48,55.0,1,32.72,3.37,17.53,0.17,26.5
2020-05-27 08:00:00,454.72,34.0,24.84,15.73,55.0,1,37.72,8.37,22.53,0.23,31.5
2020-05-27 08:05:00,460.86,34.0,24.92,16.1,63.6,0,2.68,13.37,3.52,2.02,3.48
2020-05-27 08:10:00,464.96,34.2,24.94,15.96,52.0,0,7.68,2.35,8.52,0.87,3.48
2020-05-27 08:15:00,464.96,34.2,24.96,16.18,91.2,0,12.68,3.35,0.5,3.12,1.47
2020-05-27 08:20:00,464.96,34.2,25.04,16.36,101.01,1,17.68,0.35,5.5,2.07,0.47
2020-05-27 08:25:00,454.72,34.0,25.04,16.38,80.41,1,4.68,4.35,10.5,0.47,0.47
2020-05-27 08:30:00,454.72,34.0,25.11,16.34,62.8,1,9.68,9.35,2.5,0.4,0.47
2020-05-27 08:35:00,464.96,34.6,25.16,16.2,81.21,1,4.67,2.33,7.5,2.8,0.45
2020-05-27 08:40:00,464.96,34.0,25.16,16.27,78.02,1,9.67,4.33,12.5,1.05,0.95
2020-05-27 08:45:00,464.96,34.0,25.22,16.5,99.04,1,14.67,9.33,2.98,1.57,0.95
2020-05-27 08:50:00,456.77,34.0,25.26,16.73,91.04,1,3.65,14.33,7.98,0.77,5.95
2020-05-27 08:55:00,454.72,34.0,25.26,16.91,78.21,1,8.65,19.33,12.98,0.6,1.95
2020-05-27 09:00:00,458.82,34.0,25.26,16.48,83.04,1,1.65,24.33,17.98,3.05,4.45
2020-05-27 09:05:00,464.96,34.0,25.34,16.82,83.04,1,6.65,29.33,3.97,0.53,9.45
2020-05-27 09:10:00,464.96,34.0,25.36,16.89,83.04,1,11.65,34.33,8.97,1.43,14.45
2020-05-27 09:15:00,464.96,34.0,25.36,17.06,83.04,1,16.65,39.33,13.97,0.5,19.45
2020-05-27 09:20:00,464.96,34.0,25.38,17.17,74.21,1,21.65,44.33,0.8,0.25,3.6
2020-05-27 09:25:00,464.96,34.0,25.48,17.7,57.4,1,26.65,49.33,5.8,2.8,0.6
2020-05-27 09:30:00,464.96,34.0,25.48,17.74,66.2,1,31.65,54.33,10.8,0.95,0.6
2020-05-27 09:35:00,464.96,34.0,25.5,17.88,39.2,1,36.65,59.33,0.78,2.27,0.08
2020-05-27 09:40:00,464.96,34.0,25.58,17.79,21.0,1,41.65,64.33,5.78,2.27,0.08
2020-05-27 09:45:00,456.77,34.0,25.58,17.77,31.4,1,3.62,69.33,10.78,7.27,0.58
2020-05-27 09:50:00,454.72,34.0,25.58,17.88,48.8,0,8.62,74.33,15.78,0.6,0.08
2020-05-27 09:55:00,454.72,34.0,25.58,17.63,32.6,0,13.62,79.33,20.78,1.53,1.08
2020-05-27 10:00:00,454.72,34.0,25.58,17.65,47.0,0,18.62,84.33,25.78,0.38,6.08
2020-05-27 10:05:00,454.72,34.0,25.58,18.07,47.0,0,23.62,89.33,30.78,1.3,11.08
2020-05-27 10:10:00,454.72,34.0,25.58,18.32,47.0,0,28.62,94.33,35.78,1.58,16.08
2020-05-27 10:15:00,454.72,33.0,25.68,18.09,47.0,0,33.62,4.6,4.92,1.23,21.08
2020-05-27 10:20:00,454.72,33.0,25.68,18.0,43.0,0,38.62,9.6,9.92,0.18,3.07
2020-05-27 10:25:00,454.72,33.0,25.68,18.16,38.0,0,43.62,14.6,14.92,1.1,1.07
2020-05-27 10:30:00,454.72,33.0,25.68,18.36,33.4,0,48.62,19.6,19.92,0.22,3.05
2020-05-27 10:35:00,454.72,33.0,25.68,18.11,44.0,0,53.62,24.6,24.92,0.63,4.55
2020-05-27 10:40:00,454.72,33.0,25.68,18.21,44.0,0,58.62,29.6,29.92,0.02,9.55
2020-05-27 10:45:00,454.72,33.0,25.68,18.07,44.0,0,63.62,34.6,34.92,0.4,14.55
2020-05-27 10:50:00,454.72,33.0,25.68,18.57,44.0,0,68.62,39.6,39.92,1.68,19.55
2020-05-27 10:55:00,454.72,33.0,25.68,18.83,40.0,0,73.62,44.6,44.92,1.92,1.53
2020-05-27 11:00:00,454.72,32.6,25.68,18.96,34.0,0,78.62,0.08,49.92,0.12,6.53
2020-05-27 11:05:00,454.72,32.6,25.68,18.66,34.0,0,83.62,2.9,54.92,2.13,11.53
2020-05-27 11:10:00,454.72,33.0,25.68,18.96,34.0,0,88.62,7.9,59.92,2.42,16.53
2020-05-27 11:15:00,454.72,32.6,25.68,19.03,34.0,0,93.62,0.57,64.92,7.42,21.53
2020-05-27 11:20:00,454.72,31.0,25.68,19.17,34.0,0,98.62,5.57,69.92,2.72,26.53
2020-05-27 11:25:00,454.72,31.8,25.68,19.45,34.0,0,103.62,1.9,74.92,0.18,31.53
2020-05-27 11:30:00,454.72,31.8,25.68,19.84,34.0,0,108.62,0.38,79.92,1.58,36.53
2020-05-27 11:35:00,454.72,31.8,25.68,19.95,34.0,0,113.62,2.55,84.92,0.25,41.53
2020-05-27 11:40:00,448.19,31.0,25.68,19.38,34.0,0,2.72,7.55,89.92,1.42,46.53
2020-05-27 11:45:00,449.09,31.0,25.68,19.63,34.0,0,1.72,12.55,94.92,0.67,51.53
2020-05-27 11:50:00,456.96,31.0,25.68,19.19,34.0,0,6.72,17.55,99.92,1.25,56.53
2020-05-27 11:55:00,456.96,31.0,25.76,19.1,34.0,0,11.72,22.55,3.03,0.87,61.53
2020-05-27 12:00:00,456.96,31.0,25.78,19.22,34.0,0,16.72,27.55,8.03,0.12,66.53
2020-05-27 12:05:00,456.96,31.0,25.78,19.47,34.0,0,21.72,32.55,13.03,0.07,71.53
2020-05-27 12:10:00,461.31,31.0,25.78,19.26,34.0,0,1.7,37.55,18.03,0.45,76.53
2020-05-27 12:15:00,467.84,31.0,25.76,19.54,31.4,0,6.7,42.55,0.02,0.0,0.15
2020-05-27 12:20:00,460.74,31.0,25.68,19.22,21.0,0,2.7,47.55,5.02,0.52,5.15
2020-05-27 12:25:00,449.86,31.0,25.68,18.94,21.0,0,2.7,52.55,10.02,0.73,10.15
2020-05-27 12:30:00,445.76,31.4,25.68,18.48,21.0,0,7.7,2.35,15.02,3.08,15.15
2020-05-27 12:35:00,454.72,31.8,25.68,18.32,21.0,0,3.68,1.52,20.02,0.55,20.15
2020-05-27 12:40:00,456.96,33.0,25.68,18.11,21.0,0,8.68,6.52,25.02,0.55,25.15
2020-05-27 12:45:00,444.8,33.0,25.71,18.04,21.0,0,4.68,11.52,2.0,0.42,30.15
2020-05-27 12:50:00,444.8,33.0,25.66,17.86,21.0,0,9.68,16.52,7.0,0.53,35.15
2020-05-27 12:55:00,444.8,33.0,25.66,17.49,21.0,0,14.68,21.52,12.0,1.92,40.15
2020-05-27 13:00:00,444.8,33.2,25.66,17.28,21.0,0,19.68,1.5,17.0,1.07,45.15
2020-05-27 13:05:00,444.8,33.0,25.66,17.29,15.0,0,24.68,6.5,22.0,0.55,2.78
2020-05-27 13:10:00,444.8,33.4,25.66,17.08,0.0,0,29.68,1.5,27.0,4.88,4.78
2020-05-27 13:15:00,444.8,34.0,25.6,16.96,0.0,0,34.68,6.5,2.98,0.45,9.78
2020-05-27 13:20:00,444.8,34.0,25.38,16.45,0.0,0,39.68,3.15,2.47,0.73,14.78
2020-05-27 13:25:00,444.8,34.2,25.44,16.08,0.0,0,44.68,0.15,3.47,0.03,19.78
2020-05-27 13:30:00,444.8,34.0,25.46,12.99,0.0,0,49.68,5.15,8.47,1.2,24.78
2020-05-27 13:35:00,444.8,34.0,25.46,11.8,0.0,0,54.68,10.15,13.47,0.73,29.78
2020-05-27 13:40:00,444.8,34.0,25.46,11.34,0.0,0,59.68,15.15,18.47,3.67,34.78
2020-05-27 13:45:00,458.88,34.0,25.46,11.27,0.0,0,4.63,20.15,23.47,1.85,39.78
2020-05-27 13:50:00,458.88,34.0,25.46,10.94,0.0,0,9.63,25.15,28.47,1.6,44.78
2020-05-27 13:55:00,458.88,34.4,25.46,10.72,0.0,1,14.63,1.13,33.47,1.38,49.78
2020-05-27 14:00:00,458.88,35.2,25.39,10.36,7.8,1,19.63,0.78,2.45,1.75,2.25
2020-05-27 14:05:00,458.88,34.2,25.34,10.14,21.0,1,24.63,3.78,7.45,3.93,3.25
2020-05-27 14:10:00,465.02,34.4,25.34,10.12,40.2,1,1.62,0.78,12.45,8.93,2.25
2020-05-27 14:15:00,457.92,34.0,25.34,10.19,62.6,1,6.62,4.78,17.45,2.25,2.75
2020-05-27 14:20:00,457.92,34.0,25.34,10.34,83.6,1,11.62,9.78,22.45,0.67,2.25
2020-05-27 14:25:00,457.92,34.8,25.34,10.53,94.0,1,16.62,0.78,27.45,1.6,2.73
2020-05-27 14:30:00,457.92,34.8,25.34,10.62,98.0,1,21.62,0.6,32.45,0.3,7.73
2020-05-27 14:35:00,466.94,34.8,25.34,10.74,87.04,1,2.6,1.6,37.45,0.92,4.73
2020-05-27 14:40:00,472.96,35.2,25.34,10.94,89.04,1,7.6,0.1,42.45,3.42,0.23
2020-05-27 14:45:00,472.96,34.6,25.34,10.96,97.04,1,12.6,0.27,47.45,8.42,5.23
2020-05-27 14:50:00,463.94,34.4,25.34,10.89,89.62,1,2.6,0.25,52.45,2.78,0.22
2020-05-27 14:55:00,463.94,36.2,25.34,10.82,56.8,1,1.6,2.08,57.45,0.27,0.38
2020-05-27 15:00:00,477.7,37.0,25.34,10.67,38.0,1,1.58,0.08,62.45,1.25,5.38
2020-05-27 15:05:00,484.8,37.8,25.34,10.53,38.0,1,6.58,0.08,67.45,1.53,10.38
2020-05-27 15:10:00,473.92,36.4,25.34,10.36,32.0,1,4.58,0.08,72.45,4.02,2.88
2020-05-27 15:15:00,473.92,36.6,25.34,10.36,28.0,1,9.58,1.08,77.45,9.02,7.88
2020-05-27 15:20:00,473.92,37.6,25.34,10.36,28.0,1,14.58,0.23,82.45,14.02,12.88
2020-05-27 15:25:00,473.92,35.4,25.34,10.36,28.0,1,19.58,2.07,87.45,19.02,17.88
2020-05-27 15:30:00,467.2,36.2,25.34,10.29,28.0,1,2.57,0.07,92.45,0.3,22.88
2020-05-27 15:35:00,471.68,37.4,25.34,10.36,36.8,1,3.57,1.23,97.45,5.3,3.37
2020-05-27 15:40:00,484.8,37.4,25.34,10.36,39.0,1,4.57,1.4,102.45,10.3,8.37
2020-05-27 15:45:00,490.82,38.0,25.34,10.48,39.0,1,1.57,6.4,107.45,4.68,13.37
2020-05-27 15:50:00,499.84,37.6,25.34,10.36,39.0,1,6.57,1.38,112.45,0.57,18.37
2020-05-27 15:55:00,499.84,37.2,25.34,10.29,39.0,1,11.57,2.38,117.45,1.52,23.37
2020-05-27 16:00:00,499.84,36.4,25.34,10.36,41.0,1,16.57,0.88,122.45,6.52,0.35
2020-05-27 16:05:00,499.84,36.6,25.34,10.36,49.0,1,21.57,0.88,127.45,11.52,5.35
2020-05-27 16:10:00,499.84,36.8,25.34,10.36,49.0,1,26.57,1.88,132.45,16.52,10.35
2020-05-27 16:15:00,499.84,37.0,25.34,10.24,49.0,1,31.57,6.88,137.45,4.37,15.35
2020-05-27 16:20:00,499.84,35.4,25.34,10.24,49.0,1,36.57,1.87,142.45,9.37,20.35
2020-05-27 16:25:00,499.84,35.2,25.34,10.12,49.0,1,41.57,0.87,147.45,4.23,25.35
2020-05-27 16:30:00,489.34,35.0,25.24,10.17,49.0,1,3.7,4.87,4.52,1.15,30.35
2020-05-27 16:35:00,486.72,35.0,25.24,10.24,59.0,1,8.7,9.87,9.52,1.22,4.82
2020-05-27 16:40:00,486.72,35.0,25.14,10.24,49.0,1,13.7,14.87,4.68,6.22,4.82
2020-05-27 16:45:00,486.72,35.2,25.14,10.24,49.0,1,18.7,2.85,9.68,11.22,9.82
2020-05-27 16:50:00,486.72,35.0,25.14,10.24,49.0,1,23.7,7.85,14.68,16.22,14.82
2020-05-27 16:55:00,486.72,35.0,25.14,10.24,49.0,1,28.7,12.85,19.68,21.22,19.82
2020-05-27 17:00:00,486.72,35.0,25.09,10.24,49.0,1,33.7,17.85,1.67,26.22,24.82
2020-05-27 17:05:00,486.72,35.0,25.02,10.31,45.0,1,38.7,22.85,6.67,2.48,1.47
2020-05-27 17:10:00,486.72,35.0,25.02,10.36,39.0,1,43.7,27.85,11.67,7.48,6.47
2020-05-27 17:15:00,486.72,35.2,25.02,10.29,31.0,1,48.7,2.83,16.67,2.72,3.97
2020-05-27 17:20:00,478.46,35.0,25.02,10.24,25.0,1,2.67,7.83,21.67,7.72,1.47
2020-05-27 17:25:00,472.96,35.0,25.02,10.24,19.0,1,7.67,12.83,26.67,12.72,6.47
2020-05-27 17:30:00,481.66,35.4,25.02,10.22,19.0,1,3.67,1.82,31.67,0.13,11.47
2020-05-27 17:35:00,489.09,35.4,25.02,10.12,19.0,1,1.65,0.82,36.67,5.13,16.47
2020-05-27 17:40:00,496.96,35.4,25.02,10.12,19.0,1,6.65,1.82,41.67,10.13,21.47
2020-05-27 17:45:00,496.96,35.8,24.94,10.05,19.0,1,11.65,2.82,3.13,2.83,26.47
2020-05-27 17:50:00,496.96,35.8,24.92,9.95,19.0,1,16.65,0.82,8.13,1.32,31.47
2020-05-27 17:55:00,485.76,35.6,24.92,9.88,19.0,1,4.65,1.8,13.13,6.32,36.47
2020-05-27 18:00:00,485.76,35.8,24.92,9.88,19.0,1,9.65,1.8,18.13,11.32,41.47
2020-05-27 18:05:00,485.76,35.8,24.92,9.83,19.0,1,14.65,1.8,23.13,1.32,46.47
2020-05-27 18:10:00,494.21,35.8,24.92,9.74,11.4,1,2.63,3.8,28.13,0.7,0.43
2020-05-27 18:15:00,499.84,35.8,24.92,9.64,0.0,1,7.63,0.8,33.13,5.7,3.43
2020-05-27 18:20:00,488.58,35.4,24.92,9.56,0.0,1,3.63,2.8,38.13,3.23,8.43
2020-05-27 18:25:00,485.76,35.4,24.92,9.49,0.0,1,8.63,0.78,43.13,1.42,13.43
2020-05-27 18:30:00,485.76,35.8,24.92,9.42,0.0,1,13.63,0.78,48.13,6.42,18.43
2020-05-27 18:35:00,485.76,35.8,24.92,9.42,0.0,1,18.63,3.78,53.13,11.42,23.43
2020-05-27 18:40:00,485.76,35.8,24.92,9.4,0.0,1,23.63,0.78,58.13,0.53,28.43
2020-05-27 18:45:00,485.76,36.0,24.92,9.3,0.0,1,28.63,5.78,63.13,5.53,33.43
2020-05-27 18:50:00,485.76,36.0,24.92,9.3,0.0,1,33.63,10.78,68.13,10.53,38.43
2020-05-27 18:55:00,491.78,36.0,24.92,9.32,0.0,1,1.6,15.78,73.13,0.72,43.43
2020-05-27 19:00:00,500.8,36.0,24.92,9.42,0.0,1,6.6,20.78,78.13,5.72,48.43
2020-05-27 19:05:00,500.8,36.0,24.84,9.32,0.0,1,11.6,25.78,3.25,3.23,53.43
2020-05-27 19:10:00,488.0,36.0,24.82,9.28,0.0,1,3.6,30.78,8.25,0.8,58.43
2020-05-27 19:15:00,491.52,36.0,24.82,9.18,0.0,1,2.6,35.78,13.25,5.8,63.43
2020-05-27 19:20:00,496.0,36.0,24.82,9.28,0.0,1,7.6,40.78,18.25,3.75,68.43
2020-05-27 19:25:00,496.0,36.0,24.82,9.3,0.0,1,12.6,45.78,23.25,8.75,73.43
2020-05-27 19:30:00,496.0,36.0,24.82,9.4,0.0,1,17.6,50.78,28.25,3.12,78.43
2020-05-27 19:35:00,507.84,36.0,24.82,9.54,0.0,1,4.58,55.78,33.25,4.4,83.43
2020-05-27 19:40:00,495.81,36.0,24.82,9.54,0.0,1,3.58,60.78,38.25,9.4,88.43
2020-05-27 19:45:00,492.8,36.0,24.82,9.54,0.0,0,8.58,65.78,43.25,14.4,93.43
2020-05-27 19:50:00,492.8,36.0,24.72,9.56,0.0,0,13.58,70.78,4.4,0.37,98.43
2020-05-27 19:55:00,492.8,36.0,24.72,9.64,0.0,0,18.58,75.78,9.4,5.37,103.43
2020-05-27 20:00:00,492.8,36.0,24.67,9.64,0.0,1,23.58,80.78,1.88,10.37,108.43
2020-05-27 20:05:00,492.8,36.0,24.6,9.62,0.0,1,28.58,85.78,6.88,0.3,113.43
2020-05-27 20:10:00,492.8,36.0,24.5,9.54,0.0,1,33.58,90.78,4.88,5.3,118.43
2020-05-27 20:15:00,486.27,36.0,24.46,9.54,0.0,1,2.55,95.78,1.88,10.3,123.43
2020-05-27 20:20:00,488.7,36.0,24.4,9.54,0.0,1,1.55,100.78,6.88,15.3,128.43
2020-05-27 20:25:00,498.88,36.0,24.4,9.54,0.0,0,6.55,105.78,11.88,20.3,133.43
2020-05-27 20:30:00,498.88,36.0,24.3,9.44,0.0,0,11.55,110.78,4.7,3.12,138.43
2020-05-27 20:35:00,498.88,36.0,24.3,9.42,0.0,0,16.55,115.78,9.7,8.12,143.43
2020-05-27 20:40:00,490.18,36.0,24.28,9.3,0.0,0,3.55,120.78,0.53,4.27,148.43
2020-05-27 20:45:00,488.0,36.0,24.18,9.3,0.0,0,8.55,125.78,5.53,9.27,153.43
2020-05-27 20:50:00,492.35,36.0,24.1,9.28,0.0,1,1.53,130.78,3.53,0.82,158.43
2020-05-27 20:55:00,498.88,36.0,24.08,9.18,0.0,1,6.53,135.78,8.53,5.82,163.43
2020-05-27 21:00:00,492.35,36.0,24.08,9.18,0.0,1,2.53,140.78,13.53,10.82,168.43
2020-05-27 21:05:00,488.0,36.0,24.08,9.18,0.0,1,7.53,145.78,18.53,15.82,173.43
2020-05-27 21:10:00,488.0,36.0,24.06,9.18,0.0,1,12.53,150.78,0.68,20.82,178.43
2020-05-27 21:15:00,493.12,36.0,23.98,9.18,0.0,1,1.52,155.78,5.68,25.82,183.43
2020-05-27 21:20:00,500.8,36.0,23.98,9.16,0.0,1,6.52,160.78,10.68,0.67,188.43
2020-05-27 21:25:00,489.92,36.0,23.88,9.06,0.0,0,4.68,165.78,4.67,5.67,193.43
2020-05-27 21:30:00,499.39,36.0,23.88,9.11,0.0,1,3.68,170.78,9.67,1.77,198.43
2020-05-27 21:35:00,486.72,36.0,23.88,9.18,0.0,1,4.68,175.78,14.67,6.77,203.43
2020-05-27 21:40:00,497.22,36.0,23.88,9.18,0.0,1,3.67,180.78,19.67,11.77,208.43
2020-05-27 21:45:00,492.74,36.0,23.88,9.04,0.0,1,2.67,185.78,24.67,0.03,213.43
2020-05-27 21:50:00,488.0,36.0,23.78,8.96,0.0,1,7.67,190.78,3.15,5.03,218.43
2020-05-27 21:55:00,488.0,36.0,23.76,8.96,0.0,1,12.67,195.78,8.15,10.03,223.43
2020-05-27 22:00:00,488.0,36.0,23.76,8.96,0.0,1,17.67,200.78,13.15,15.03,228.43
2020-05-27 22:05:00,488.0,36.0,23.76,8.96,0.0,1,22.67,205.78,18.15,20.03,233.43
2020-05-27 22:10:00,494.53,36.0,23.76,8.96,0.0,1,2.65,210.78,23.15,25.03,238.43
2020-05-27 22:15:00,503.62,36.0,23.76,8.96,0.0,1,1.65,215.78,28.15,30.03,243.43
2020-05-27 22:20:00,510.72,36.2,23.76,8.96,0.0,1,6.65,3.82,33.15,35.03,248.43
2020-05-27 22:25:00,510.72,36.0,23.76,9.0,0.0,1,11.65,8.82,38.15,1.0,253.43
2020-05-27 22:30:00,510.72,36.2,23.86,9.0,0.0,1,16.65,0.8,3.13,1.0,258.43
2020-05-27 22:35:00,536.32,37.0,23.88,9.0,0.0,1,1.63,5.8,8.13,2.02,263.43
2020-05-27 22:40:00,565.12,37.0,23.88,8.96,0.0,1,1.63,10.8,13.13,7.02,268.43
2020-05-27 22:45:00,579.84,37.0,23.86,8.91,0.0,1,6.63,15.8,0.12,1.77,273.43
2020-05-27 22:50:00,589.57,37.0,23.76,8.84,0.0,1,3.28,20.8,5.12,6.77,278.43
2020-05-27 22:55:00,579.97,37.0,23.76,8.74,0.0,1,3.28,25.8,10.12,3.02,283.43
2020-05-27 23:00:00,576.96,37.0,23.76,8.72,0.0,1,8.28,30.8,15.12,8.02,288.43
2020-05-27 23:05:00,576.96,37.0,23.76,8.72,0.0,1,13.28,35.8,20.12,13.02,293.43
2020-05-27 23:10:00,574.91,37.0,23.74,8.65,0.0,1,0.27,40.8,0.27,2.1,298.43
2020-05-27 23:15:00,566.72,37.0,23.66,8.6,0.0,0,5.27,45.8,5.27,7.1,303.43
2020-05-27 23:20:00,566.72,37.0,23.66,8.52,0.0,0,10.27,50.8,10.27,3.98,308.43
2020-05-27 23:25:00,559.55,37.0,23.66,8.5,0.0,0,1.27,55.8,15.27,8.98,313.43
2020-05-27 23:30:00,557.76,37.0,23.66,8.56,0.0,0,3.27,60.8,20.27,2.85,318.43
2020-05-27 23:35:00,560.0,37.0,23.66,8.5,0.0,0,8.27,65.8,25.27,4.83,323.43
2020-05-27 23:40:00,560.0,37.0,23.66,8.5,0.0,0,13.27,70.8,30.27,9.83,328.43
2020-05-27 23:45:00,560.0,37.0,23.66,8.43,0.0,1,18.27,75.8,35.27,2.05,333.43
2020-05-27 23:50:00,560.0,37.0,23.66,8.38,0.0,1,23.27,80.8,40.27,7.05,338.43
2020-05-27 23:55:00,560.0,37.0,23.66,8.38,0.0,1,28.27,85.8,45.27,12.05,343.43
2020-05-28 00:00:00,560.0,36.8,23.66,8.31,0.0,1,33.27,0.73,50.27,2.9,348.43
2020-05-28 00:05:00,562.37,36.8,23.66,8.26,0.0,1,0.42,3.73,55.27,7.9,353.43
2020-05-28 00:10:00,569.66,36.0,23.66,8.26,0.0,1,0.4,4.73,60.27,12.9,358.43
2020-05-28 00:15:00,560.96,36.0,23.66,8.36,0.0,1,5.4,9.73,65.27,3.23,363.43
2020-05-28 00:20:00,566.08,36.0,23.62,8.36,0.0,1,1.4,14.73,1.88,0.62,368.43
2020-05-28 00:25:00,578.62,36.0,23.56,8.26,0.0,1,1.4,19.73,6.88,5.62,373.43
2020-05-28 00:30:00,581.44,36.0,23.56,8.11,0.0,1,1.4,24.73,11.88,0.03,378.43
2020-05-28 00:35:00,574.72,36.0,23.56,8.01,0.0,1,6.4,29.73,16.88,5.03,383.43
2020-05-28 00:40:00,568.19,36.0,23.56,7.89,0.0,1,2.38,34.73,21.88,4.73,388.43
2020-05-28 00:45:00,563.84,36.0,23.56,7.79,0.0,1,7.38,39.73,26.88,3.52,393.43
2020-05-28 00:50:00,563.84,35.0,23.56,7.76,0.0,1,12.38,4.72,31.88,8.52,398.43
2020-05-28 00:55:00,557.31,35.0,23.56,7.74,0.0,1,2.38,9.72,36.88,0.65,403.43
2020-05-28 01:00:00,559.94,35.0,23.56,7.62,0.0,1,0.37,14.72,41.88,0.05,408.43
2020-05-28 01:05:00,585.92,35.0,23.56,7.52,0.0,1,0.37,19.72,46.88,5.05,413.43
2020-05-28 01:10:00,619.84,35.2,23.56,7.52,0.0,1,1.37,0.7,51.88,10.05,418.43
2020-05-28 01:15:00,634.56,35.2,23.64,7.52,0.0,1,0.37,0.68,3.02,15.05,423.43
2020-05-28 01:20:00,672.58,36.0,23.66,7.52,0.0,1,1.53,5.68,8.02,20.05,428.43
2020-05-28 01:25:00,707.46,36.0,23.66,7.47,0.0,1,1.52,10.68,13.02,1.37,433.43
2020-05-28 01:30:00,701.44,34.6,23.68,7.39,0.0,1,1.52,2.35,0.02,6.37,438.43
2020-05-28 01:35:00,611.84,34.0,23.76,7.39,0.0,1,1.52,7.35,5.02,11.37,443.43
2020-05-28 01:40:00,576.0,34.0,23.76,7.39,0.0,1,4.52,12.35,10.02,16.37,448.43
2020-05-28 01:45:00,581.12,34.0,23.76,7.39,0.0,1,1.52,17.35,15.02,21.37,453.43
2020-05-28 01:50:00,600.96,33.8,23.76,7.39,0.0,1,4.52,2.33,20.02,26.37,458.43
2020-05-28 01:55:00,580.86,34.0,23.76,7.39,0.0,1,2.5,7.33,25.02,31.37,463.43
2020-05-28 02:00:00,572.8,34.0,23.76,7.39,0.0,1,7.5,12.33,30.02,36.37,468.43
2020-05-28 02:05:00,586.88,33.4,23.76,7.39,0.0,1,4.5,2.33,35.02,41.37,473.43
2020-05-28 02:10:00,580.35,33.0,23.76,7.44,0.0,1,2.5,7.33,40.02,1.25,478.43
2020-05-28 02:15:00,581.89,33.0,23.76,7.52,0.0,1,1.67,12.33,45.02,6.25,483.43
2020-05-28 02:20:00,590.72,33.0,23.76,7.64,0.0,1,6.67,17.33,50.02,4.57,488.43
2020-05-28 02:25:00,579.84,33.0,23.76,7.74,0.0,1,4.65,22.33,55.02,3.93,493.43
2020-05-28 02:30:00,579.84,33.0,23.76,7.86,0.0,1,9.65,27.33,60.02,3.38,498.43
2020-05-28 02:35:00,579.84,33.0,23.76,7.96,0.0,1,14.65,32.33,65.02,2.62,503.43
2020-05-28 02:40:00,579.84,33.0,23.76,8.06,0.0,1,19.65,37.33,70.02,1.95,508.43
2020-05-28 02:45:00,579.84,33.0,23.76,8.13,0.0,1,24.65,42.33,75.02,6.95,513.43
2020-05-28 02:50:00,572.74,33.0,23.76,8.21,0.0,1,2.63,47.33,80.02,2.15,518.43
2020-05-28 02:55:00,568.0,33.0,23.76,8.36,0.0,1,7.63,52.33,85.02,3.25,523.43
2020-05-28 03:00:00,563.52,33.0,23.76,8.45,0.0,1,1.63,57.33,90.02,2.55,528.43
2020-05-28 03:05:00,556.8,33.0,23.7,8.58,0.0,1,6.63,62.33,2.12,3.75,533.43
2020-05-28 03:10:00,556.8,33.0,23.66,8.6,0.0,1,11.63,67.33,7.12,8.75,538.43
2020-05-28 03:15:00,549.12,33.0,23.66,8.6,0.0,0,2.62,72.33,12.12,13.75,543.43
2020-05-28 03:20:00,544.0,32.2,23.66,8.72,0.0,0,7.62,0.28,17.12,4.85,548.43
2020-05-28 03:25:00,544.0,31.8,23.66,8.77,0.0,0,12.62,0.77,22.12,1.52,553.43
2020-05-28 03:30:00,544.0,32.2,23.66,8.84,0.0,0,17.62,0.43,27.12,6.52,558.43
2020-05-28 03:35:00,553.47,31.0,23.66,8.89,0.0,0,3.62,1.43,32.12,1.12,563.43
2020-05-28 03:40:00,555.84,31.4,23.66,9.06,0.0,0,8.62,0.27,37.12,0.55,568.43
2020-05-28 03:45:00,555.84,31.0,23.56,9.13,0.0,1,13.62,1.77,4.93,1.12,573.43
2020-05-28 03:50:00,564.54,31.0,23.56,8.93,0.0,1,3.6,6.77,9.93,1.17,578.43
2020-05-28 03:55:00,559.62,31.0,23.56,9.04,0.0,1,2.6,11.77,14.93,0.48,583.43
2020-05-28 04:00:00,554.88,31.0,23.56,9.25,0.0,1,7.6,16.77,19.93,2.82,588.43
2020-05-28 04:05:00,554.88,31.0,23.56,9.18,0.0,1,12.6,21.77,24.93,4.97,593.43
2020-05-28 04:10:00,554.88,31.0,23.56,9.3,0.0,1,17.6,26.77,29.93,4.77,598.43
2020-05-28 04:15:00,554.88,31.0,23.56,9.4,0.0,1,22.6,31.77,34.93,3.53,603.43
2020-05-28 04:20:00,554.88,31.0,23.56,9.42,0.0,1,27.6,36.77,39.93,8.53,608.43
2020-05-28 04:25:00,554.88,31.0,23.56,9.6,0.0,1,32.6,41.77,44.93,1.18,613.43
2020-05-28 04:30:00,554.88,31.0,23.56,9.83,0.0,1,37.6,46.77,49.93,2.15,618.43
2020-05-28 04:35:00,548.35,31.0,23.56,9.71,0.0,1,2.57,51.77,54.93,2.85,623.43
2020-05-28 04:40:00,544.0,30.8,23.56,9.88,0.0,1,7.57,0.73,59.93,1.88,628.43
2020-05-28 04:45:00,544.0,30.0,23.56,9.81,0.0,0,12.57,5.73,64.93,0.43,633.43
2020-05-28 04:50:00,544.0,30.0,23.56,10.0,0.0,0,17.57,10.73,69.93,1.62,638.43
2020-05-28 04:55:00,544.0,30.0,23.56,9.93,0.0,0,22.57,15.73,74.93,1.0,643.43
2020-05-28 05:00:00,544.0,30.0,23.56,10.17,0.0,0,27.57,20.73,79.93,2.22,648.43
2020-05-28 05:05:00,551.68,30.0,23.56,10.1,0.0,0,2.55,25.73,84.93,1.5,653.43
2020-05-28 05:10:00,556.8,30.0,23.64,10.22,0.0,0,7.55,30.73,3.87,3.13,658.43
2020-05-28 05:15:00,564.67,30.0,23.66,10.43,0.0,1,2.55,35.73,8.87,1.53,663.43
2020-05-28 05:20:00,580.16,30.0,23.72,10.48,0.0,1,3.55,40.73,2.87,6.53,668.43
2020-05-28 05:25:00,582.72,30.2,23.78,10.58,0.0,1,8.55,1.7,0.2,0.77,673.43
2020-05-28 05:30:00,582.72,30.2,23.86,10.74,0.0,1,13.55,0.7,5.2,0.42,678.43
2020-05-28 05:35:00,593.92,30.0,23.92,10.91,0.0,1,4.53,5.7,1.18,2.27,683.43
2020-05-28 05:40:00,593.92,30.0,24.0,10.86,0.0,1,9.53,10.7,6.18,0.73,688.43
2020-05-28 05:45:00,593.92,30.0,24.04,10.94,6.2,1,14.53,15.7,1.18,3.5,0.98
2020-05-28 05:50:00,593.92,30.0,24.16,10.94,31.0,1,19.53,20.7,2.18,1.43,5.98
2020-05-28 05:55:00,593.92,30.0,24.27,10.77,31.0,1,24.53,25.7,2.18,2.82,10.98
2020-05-28 06:00:00,593.92,30.0,24.4,10.98,31.0,1,29.53,30.7,3.67,1.17,15.98
2020-05-28 06:05:00,586.62,29.4,24.52,11.25,31.0,1,2.52,1.0,4.67,2.6,20.98
2020-05-28 06:10:00,581.76,29.0,24.64,11.39,31.0,1,7.52,6.0,0.0,2.02,25.98
2020-05-28 06:15:00,581.76,29.0,24.74,11.51,31.0,1,12.52,11.0,5.0,2.87,30.98
2020-05-28 06:20:00,581.76,29.0,24.84,11.61,31.0,1,17.52,16.0,4.5,1.83,35.98
2020-05-28 06:25:00,581.76,29.0,24.9,11.73,31.0,1,22.52,21.0,2.48,1.22,40.98
2020-05-28 06:30:00,581.76,29.0,25.0,11.85,31.0,1,27.52,26.0,2.65,2.23,45.98
2020-05-28 06:35:00,581.76,29.0,25.11,11.8,31.0,1,32.52,31.0,2.65,1.38,50.98
2020-05-28 06:40:00,581.76,29.0,25.22,11.92,35.0,1,37.52,36.0,2.48,6.38,1.12
2020-05-28 06:45:00,575.23,29.0,25.32,11.92,41.0,1,2.48,41.0,2.48,0.33,6.12
2020-05-28 06:50:00,570.88,29.0,25.36,11.92,41.0,1,7.48,46.0,7.48,1.35,11.12
2020-05-28 06:55:00,570.88,28.0,25.46,11.97,41.0,1,12.48,4.98,3.47,2.42,16.12
2020-05-28 07:00:00,570.88,28.2,25.48,11.87,22.6,1,17.48,0.97,8.47,1.93,3.1
2020-05-28 07:05:00,623.04,29.0,25.58,12.14,18.0,1,1.48,5.97,4.47,1.07,8.1
2020-05-28 07:10:00,694.66,29.4,25.64,12.16,18.0,1,1.98,1.97,2.13,6.07,13.1
2020-05-28 07:15:00,693.31,30.0,25.78,12.3,98.03,1,0.13,6.97,3.13,1.3,0.58
2020-05-28 07:20:00,577.15,28.8,25.73,12.23,113.01,1,0.8,0.8,1.62,1.5,0.08
2020-05-28 07:25:00,506.24,27.6,25.26,12.35,125.22,1,0.8,0.95,1.12,1.12,0.08
2020-05-28 07:30:00,496.0,28.2,24.98,12.47,110.61,1,5.8,0.95,4.62,0.1,2.08
2020-05-28 07:35:00,496.0,28.8,24.98,12.61,97.02,1,10.8,0.95,9.62,0.38,0.58
2020-05-28 07:40:00,493.76,29.0,25.17,12.49,95.81,1,0.78,0.28,2.12,1.42,0.08
2020-05-28 07:45:00,478.27,28.8,25.24,12.54,111.04,1,2.78,1.45,0.1,0.25,5.08
2020-05-28 07:50:00,464.19,29.0,25.32,12.23,103.84,1,3.28,6.45,5.1,1.33,2.07
2020-05-28 07:55:00,461.76,28.6,25.32,12.54,117.04,1,8.28,3.77,10.1,0.35,2.57
2020-05-28 08:00:00,461.76,29.0,25.42,12.7,121.04,1,13.28,8.77,4.43,0.47,7.57
2020-05-28 08:05:00,461.76,28.4,25.42,12.59,343.86,1,18.28,1.43,9.43,0.6,0.07
2020-05-28 08:10:00,455.23,28.8,25.42,12.7,747.01,1,2.27,0.43,14.43,1.77,0.07
2020-05-28 08:15:00,450.88,28.8,25.46,12.87,673.15,1,7.27,2.42,1.42,6.77,0.05
2020-05-28 08:20:00,455.62,28.4,25.52,13.11,638.34,1,1.27,0.75,6.42,0.68,0.22
2020-05-28 08:25:00,462.72,28.6,25.56,13.06,569.54,1,6.27,1.75,1.08,1.48,0.72
2020-05-28 08:30:00,462.72,28.6,25.62,12.99,539.2,1,11.27,0.75,6.08,0.62,0.22
2020-05-28 08:35:00,462.72,29.0,25.64,13.25,550.85,1,16.27,5.75,0.07,2.13,0.72
2020-05-28 08:40:00,462.72,28.2,25.74,13.51,481.28,1,21.27,0.92,5.07,2.57,0.22
2020-05-28 08:45:00,462.72,28.4,25.74,13.56,470.85,1,26.27,1.73,10.07,0.38,0.2
2020-05-28 08:50:00,460.54,28.0,25.74,13.39,536.64,1,0.25,6.73,15.07,0.8,0.7
2020-05-28 08:55:00,451.84,27.6,25.74,13.7,574.34,1,5.25,1.57,20.07,0.02,0.2
2020-05-28 09:00:00,451.84,27.8,25.74,13.37,440.26,1,10.25,0.57,25.07,1.05,0.7
2020-05-28 09:05:00,451.84,27.8,25.74,13.58,496.58,1,15.25,2.55,30.07,1.65,0.2
2020-05-28 09:10:00,451.84,27.0,25.64,13.93,620.32,0,20.25,1.22,3.22,0.2,1.18
2020-05-28 09:15:00,451.84,24.8,25.62,14.17,651.01,0,25.25,0.05,8.22,2.68,0.68
2020-05-28 09:20:00,451.84,27.6,25.5,13.84,584.19,1,30.25,2.05,4.22,1.07,0.18
2020-05-28 09:25:00,451.84,27.4,25.6,14.07,569.66,1,35.25,0.05,4.22,0.65,0.18
2020-05-28 09:30:00,451.84,26.2,25.6,13.79,534.08,1,40.25,0.2,9.22,0.52,0.18
2020-05-28 09:35:00,451.84,25.6,25.6,14.26,555.2,1,45.25,0.7,14.22,0.3,0.18
2020-05-28 09:40:00,451.84,24.8,25.6,14.26,502.34,1,50.25,0.53,19.22,3.13,2.17
2020-05-28 09:45:00,451.84,26.2,25.6,14.47,466.11,0,55.25,0.53,24.22,0.82,0.67
2020-05-28 09:50:00,451.84,26.4,25.6,14.35,426.21,0,60.25,1.7,29.22,2.08,0.17
2020-05-28 09:55:00,451.84,26.0,25.6,14.33,473.79,0,65.25,0.7,34.22,1.2,0.67
2020-05-28 10:00:00,451.84,26.0,25.6,14.24,272.64,0,70.25,1.02,39.22,0.23,0.17
2020-05-28 10:05:00,451.84,26.6,25.6,14.24,354.62,0,75.25,0.02,44.22,2.22,0.65
2020-05-28 10:10:00,451.84,26.6,25.6,14.42,321.63,0,80.25,2.68,49.22,0.82,0.65
2020-05-28 10:15:00,451.84,26.2,25.6,14.31,200.02,0,85.25,0.18,54.22,0.73,0.32
2020-05-28 10:20:00,451.84,26.6,25.6,14.15,269.25,0,90.25,0.52,59.22,0.83,0.32
2020-05-28 10:25:00,451.84,27.0,25.6,14.21,180.42,0,95.25,1.18,64.22,2.1,0.82
2020-05-28 10:30:00,458.24,25.8,25.58,14.35,144.21,0,1.35,1.17,0.17,1.3,3.3
2020-05-28 10:35:00,465.47,27.0,25.5,14.24,150.02,0,0.35,0.0,5.17,0.85,0.3
2020-05-28 10:40:00,456.0,25.8,25.5,14.38,203.62,0,5.35,0.17,10.17,0.75,0.3
2020-05-28 10:45:00,456.0,25.0,25.5,14.42,171.98,0,10.35,4.0,15.17,0.73,0.3
2020-05-28 10:50:00,456.0,25.0,25.4,14.54,145.79,0,15.35,0.48,4.15,0.03,1.3
2020-05-28 10:55:00,456.0,25.2,25.4,14.5,270.4,0,20.35,0.98,9.15,3.23,0.78
2020-05-28 11:00:00,460.35,25.4,25.38,14.75,272.48,1,1.33,1.15,0.65,0.23,1.78
2020-05-28 11:05:00,466.88,24.2,25.2,15.01,395.26,1,6.33,0.15,3.15,0.12,0.78
2020-05-28 11:10:00,466.88,25.2,25.18,15.45,236.21,1,11.33,0.15,8.15,4.37,0.28
2020-05-28 11:15:00,466.88,24.6,25.18,15.34,246.21,1,16.33,1.65,13.15,4.18,1.28
2020-05-28 11:20:00,466.88,24.2,25.16,15.31,272.22,1,21.33,0.3,0.13,0.45,0.27
2020-05-28 11:25:00,466.88,25.0,25.06,15.22,171.42,1,26.33,0.3,5.13,0.95,0.27
2020-05-28 11:30:00,466.88,24.0,25.06,15.08,221.06,1,31.33,3.8,10.13,0.28,0.77
2020-05-28 11:35:00,466.88,23.6,25.06,15.52,291.87,1,36.33,0.3,15.13,0.5,0.27
2020-05-28 11:40:00,466.88,26.2,25.06,15.36,175.42,1,41.33,0.3,20.13,0.08,1.27
2020-05-28 11:45:00,466.88,25.8,25.08,14.82,146.02,1,46.33,0.45,0.12,0.9,1.75
2020-05-28 11:50:00,466.88,25.0,25.16,14.59,139.81,1,51.33,4.45,5.12,1.67,0.25
2020-05-28 11:55:00,466.88,25.0,25.08,14.75,164.4,1,56.33,9.45,3.12,0.88,0.75
2020-05-28 12:00:00,477.38,24.8,25.06,15.06,170.64,1,3.28,0.45,8.12,1.6,0.25
2020-05-28 12:05:00,475.9,24.8,25.0,15.2,165.23,0,1.28,1.45,2.43,0.67,0.25
2020-05-28 12:10:00,469.76,25.0,24.96,15.29,166.64,0,6.28,6.45,7.43,0.18,0.25
2020-05-28 12:15:00,469.76,24.6,24.91,15.17,147.01,0,11.28,1.43,1.43,1.3,1.9
2020-05-28 12:20:00,469.76,24.6,24.84,15.31,154.0,0,16.28,0.43,6.43,0.0,0.9
2020-05-28 12:25:00,469.76,24.6,24.84,14.82,132.22,0,21.28,1.43,11.43,0.0,2.4
2020-05-28 12:30:00,469.76,24.8,24.84,15.13,146.0,0,26.28,0.43,16.43,0.2,1.9
2020-05-28 12:35:00,469.76,25.0,24.84,15.41,137.02,0,31.28,4.43,21.43,1.73,0.4
2020-05-28 12:40:00,469.76,25.0,24.84,15.54,110.0,0,36.28,9.43,26.43,0.7,5.4
2020-05-28 12:45:00,469.76,25.0,24.74,15.57,141.04,0,41.28,14.43,4.42,0.45,1.88
2020-05-28 12:50:00,469.76,24.8,24.74,15.45,137.62,0,46.28,0.42,9.42,1.47,2.88
2020-05-28 12:55:00,469.76,24.2,24.74,15.08,130.0,0,51.28,0.42,14.42,0.52,7.88
2020-05-28 13:00:00,469.76,24.4,24.74,15.52,148.0,0,56.28,1.4,19.42,1.1,4.38
2020-05-28 13:05:00,469.76,24.8,24.62,15.87,144.02,0,61.28,3.4,4.4,0.83,1.88
2020-05-28 13:10:00,469.76,25.0,24.62,15.43,121.01,0,66.28,8.4,9.4,0.92,3.37
2020-05-28 13:15:00,469.76,25.0,24.62,14.92,107.42,0,71.28,13.4,14.4,0.62,2.37
2020-05-28 13:20:00,469.76,24.4,24.62,15.08,95.84,0,76.28,0.9,19.4,0.02,0.87
2020-05-28 13:25:00,469.76,24.2,24.52,15.31,115.23,0,81.28,0.9,2.22,0.52,0.37
2020-05-28 13:30:00,469.76,25.0,24.46,15.78,134.0,0,86.28,4.9,7.22,1.2,5.37
2020-05-28 13:35:00,469.76,24.8,24.56,15.71,134.0,0,91.28,0.05,4.22,0.43,10.37
2020-05-28 13:40:00,469.76,24.6,24.56,16.38,130.8,1,96.28,2.05,9.22,0.92,0.85
2020-05-28 13:45:00,469.76,25.0,24.56,16.59,112.0,1,101.28,7.05,14.22,0.4,2.35
2020-05-28 13:50:00,469.76,25.0,24.56,15.73,97.41,1,106.28,12.05,19.22,1.93,0.35
2020-05-28 13:55:00,475.9,24.8,24.56,15.34,85.04,1,2.22,0.03,24.22,0.77,5.35
2020-05-28 14:00:00,477.76,25.0,24.56,15.2,79.02,1,0.22,5.03,29.22,0.55,2.83
2020-05-28 14:05:00,468.8,25.0,24.56,14.94,77.81,1,5.22,10.03,34.22,2.73,0.33
2020-05-28 14:10:00,468.8,25.0,24.56,14.96,79.0,1,10.22,15.03,39.22,0.33,4.83
2020-05-28 14:15:00,468.8,25.0,24.56,14.99,84.62,1,15.22,20.03,44.22,4.13,1.0
2020-05-28 14:20:00,462.27,24.8,24.56,14.99,87.63,0,2.2,0.02,49.22,9.13,0.5
2020-05-28 14:25:00,457.92,24.6,24.48,14.92,86.0,0,7.2,1.02,3.18,2.83,4.5
2020-05-28 14:30:00,457.92,24.8,24.46,14.99,80.0,0,12.2,0.02,8.18,1.15,2.98
2020-05-28 14:35:00,457.92,25.0,24.46,14.82,68.0,0,17.2,4.02,13.18,2.02,3.48
2020-05-28 14:40:00,462.66,24.2,24.39,14.65,66.0,0,1.35,0.0,2.33,3.38,8.48
2020-05-28 14:45:00,469.76,24.4,24.34,14.73,66.0,0,6.35,2.0,7.33,3.38,13.48
2020-05-28 14:50:00,467.58,24.4,24.26,14.82,66.0,0,0.35,0.0,3.33,0.3,18.48
2020-05-28 14:55:00,458.88,24.6,24.24,14.8,66.0,0,5.35,0.0,8.33,0.0,23.48
2020-05-28 15:00:00,458.88,24.8,24.24,14.75,66.0,1,10.35,0.0,13.33,5.0,28.48
2020-05-28 15:05:00,461.25,25.0,24.24,14.99,56.0,1,0.33,5.0,18.33,0.85,4.47
2020-05-28 15:10:00,470.72,24.8,24.24,14.96,56.0,1,5.33,0.98,23.33,1.8,9.47
2020-05-28 15:15:00,470.72,25.0,24.24,14.82,56.0,1,10.33,2.48,28.33,1.35,14.47
2020-05-28 15:20:00,466.37,24.6,24.24,14.82,56.0,1,1.32,2.48,33.33,0.02,19.47
2020-05-28 15:25:00,459.84,24.0,24.24,14.87,56.0,0,6.32,4.48,38.33,5.02,24.47
2020-05-28 15:30:00,459.84,24.8,24.24,14.89,56.0,0,11.32,2.47,43.33,0.15,29.47
2020-05-28 15:35:00,459.84,24.0,24.18,15.08,52.0,0,16.32,0.63,2.63,3.95,1.43
2020-05-28 15:40:00,459.84,24.4,24.14,15.06,46.0,0,21.32,0.13,7.63,1.92,6.43
2020-05-28 15:45:00,459.84,24.2,24.14,14.89,46.0,0,26.32,1.13,12.63,3.77,11.43
2020-05-28 15:50:00,459.84,24.0,24.14,14.87,46.0,0,31.32,6.13,17.63,8.77,16.43
2020-05-28 15:55:00,459.84,24.0,24.14,14.99,46.0,0,36.32,11.13,22.63,4.1,21.43
2020-05-28 16:00:00,459.84,24.0,24.14,14.92,46.0,0,41.32,16.13,27.63,2.57,26.43
2020-05-28 16:05:00,459.84,24.0,24.04,14.8,46.0,0,46.32,21.13,3.62,1.2,31.43
2020-05-28 16:10:00,459.84,24.0,24.02,14.75,46.0,0,51.32,26.13,8.62,0.92,36.43
2020-05-28 16:15:00,459.84,24.0,24.02,14.63,46.0,0,56.32,31.13,13.62,5.92,41.43
2020-05-28 16:20:00,459.84,24.0,24.02,14.63,46.0,0,61.32,36.13,18.62,10.92,46.43
2020-05-28 16:25:00,451.14,24.0,23.96,14.63,46.0,0,3.28,41.13,2.6,15.92,51.43
2020-05-28 16:30:00,448.96,24.0,23.92,14.63,44.0,0,8.28,46.13,7.6,20.92,0.57
2020-05-28 16:35:00,448.96,24.2,23.92,14.52,36.0,1,13.28,0.27,12.6,4.65,5.57
2020-05-28 16:40:00,448.96,25.0,23.92,14.52,36.0,1,18.28,5.27,17.6,9.65,10.57
2020-05-28 16:45:00,448.96,25.0,23.92,14.52,36.0,1,23.28,10.27,22.6,14.65,15.57
2020-05-28 16:50:00,448.96,25.0,23.92,14.52,36.0,1,28.28,15.27,27.6,19.65,20.57
2020-05-28 16:55:00,448.96,25.0,23.98,14.4,36.0,1,33.28,20.27,2.58,4.65,25.57
2020-05-28 17:00:00,453.31,25.0,24.02,14.4,32.0,1,1.25,25.27,7.58,9.65,1.05
2020-05-28 17:05:00,459.84,25.0,24.02,14.4,26.0,1,6.25,30.27,12.58,14.65,6.05
2020-05-28 17:10:00,463.87,25.0,24.02,14.14,26.0,1,0.25,35.27,17.58,0.15,11.05
2020-05-28 17:15:00,480.0,25.0,24.02,13.46,26.0,1,5.25,40.27,22.58,1.62,16.05
2020-05-28 17:20:00,471.04,25.4,24.02,13.34,26.0,1,3.25,0.4,27.58,6.62,21.05
2020-05-28 17:25:00,468.8,26.6,23.92,13.23,26.0,1,8.25,0.73,4.57,1.7,26.05
2020-05-28 17:30:00,486.34,28.0,23.79,12.87,24.0,1,0.23,4.73,0.55,0.25,0.03
2020-05-28 17:35:00,498.88,28.0,23.68,12.66,16.0,1,5.23,9.73,5.55,1.4,5.03
2020-05-28 17:40:00,498.88,28.6,23.65,12.49,16.0,1,10.23,2.38,0.38,0.35,10.03
2020-05-28 17:45:00,498.88,29.0,23.46,12.61,16.0,1,15.23,7.38,2.38,0.13,15.03
2020-05-28 17:50:00,489.15,28.2,23.44,11.9,16.0,1,3.23,3.38,1.37,1.35,20.03
2020-05-28 17:55:00,486.72,28.8,23.5,11.7,9.6,1,8.23,1.38,6.37,0.9,1.52
2020-05-28 18:00:00,486.72,29.0,23.46,11.94,0.0,1,13.23,6.38,1.37,0.97,6.52
2020-05-28 18:05:00,486.72,29.8,23.4,11.94,0.0,1,18.23,3.37,6.37,0.82,11.52
2020-05-28 18:10:00,489.34,30.0,23.4,11.61,0.0,1,0.22,8.37,11.37,2.75,16.52
2020-05-28 18:15:00,499.84,29.2,23.4,11.18,0.0,1,5.22,0.37,16.37,1.88,21.52
2020-05-28 18:20:00,499.84,28.8,23.52,11.03,0.0,1,10.22,3.37,4.35,1.57,26.52
2020-05-28 18:25:00,499.84,30.0,23.48,11.13,0.0,1,15.22,4.53,1.35,2.67,31.52
2020-05-28 18:30:00,499.84,29.8,23.42,11.2,0.0,1,20.22,1.53,6.35,1.33,36.52
2020-05-28 18:35:00,499.84,29.6,23.42,10.79,0.0,1,25.22,1.52,11.35,2.07,41.52
2020-05-28 18:40:00,499.84,28.6,23.42,10.6,0.0,1,30.22,0.52,16.35,4.52,46.52
2020-05-28 18:45:00,494.59,28.0,23.46,10.48,0.0,1,1.18,1.52,1.33,4.12,51.52
2020-05-28 18:50:00,479.62,27.0,23.52,10.48,0.0,1,2.18,4.52,6.33,9.12,56.52
2020-05-28 18:55:00,474.88,27.0,23.52,10.48,0.0,1,7.18,9.52,11.33,14.12,61.52
2020-05-28 19:00:00,474.88,27.6,23.52,10.31,0.0,1,12.18,2.5,16.33,1.45,66.52
2020-05-28 19:05:00,474.88,28.0,23.46,10.24,0.0,1,17.18,7.5,2.17,6.45,71.52
2020-05-28 19:10:00,478.85,29.6,23.4,10.22,0.0,1,0.17,2.67,0.65,0.72,76.52
2020-05-28 19:15:00,527.81,30.8,23.32,10.07,0.0,1,0.33,3.5,5.65,1.02,81.52
2020-05-28 19:20:00,610.94,32.2,23.32,10.0,0.0,1,0.0,0.17,10.65,6.02,86.52
2020-05-28 19:25:00,689.41,34.6,23.42,9.93,0.0,1,0.83,1.15,4.65,2.8,91.52
2020-05-28 19:30:00,703.62,34.0,23.42,9.88,0.0,1,0.83,6.15,9.65,7.8,96.52
2020-05-28 19:35:00,651.01,33.0,23.42,9.88,0.0,1,2.83,4.65,14.65,12.8,101.52
2020-05-28 19:40:00,602.62,33.0,23.42,9.88,0.0,1,0.82,9.65,19.65,17.8,106.52
2020-05-28 19:45:00,569.92,33.0,23.42,9.88,0.0,1,3.82,14.65,24.65,22.8,111.52
2020-05-28 19:50:00,599.1,45.2,23.45,9.88,0.0,1,0.32,0.63,0.8,27.8,116.52
2020-05-28 19:55:00,794.88,46.2,23.6,9.81,0.0,1,0.82,0.13,1.8,2.67,121.52
2020-05-28 20:00:00,733.95,31.0,23.78,9.74,0.0,1,1.48,1.63,0.63,0.73,126.52
2020-05-28 20:05:00,564.74,29.8,23.86,9.54,0.0,1,0.97,0.13,5.63,0.17,131.52
2020-05-28 20:10:00,501.76,29.2,23.78,9.42,0.0,1,4.97,0.13,3.62,5.17,136.52
2020-05-28 20:15:00,511.81,34.6,23.66,9.52,0.0,1,0.97,2.47,2.62,3.97,141.52
2020-05-28 20:20:00,611.65,36.2,23.5,9.58,0.0,1,0.97,2.95,4.12,0.8,146.52
2020-05-28 20:25:00,680.96,36.8,23.52,9.56,0.0,1,0.97,0.95,0.12,0.73,151.52
2020-05-28 20:30:00,733.95,36.2,23.6,9.64,0.0,1,1.97,3.95,5.12,5.73,156.52
2020-05-28 20:35:00,761.22,36.0,23.6,9.54,0.0,1,3.95,8.95,10.12,4.38,161.52
2020-05-28 20:40:00,776.06,35.6,23.68,9.54,0.0,1,3.95,1.95,3.1,9.38,166.52
2020-05-28 20:45:00,768.64,35.4,23.7,9.54,0.0,1,4.95,1.93,8.1,14.38,171.52
2020-05-28 20:50:00,768.64,35.0,23.72,9.54,0.0,1,9.95,6.93,0.6,19.38,176.52
2020-05-28 20:55:00,760.7,37.0,23.84,9.42,0.0,1,0.95,1.77,0.6,4.75,181.52
2020-05-28 21:00:00,767.62,36.4,23.92,9.32,0.0,1,0.95,2.77,5.6,3.27,186.52
2020-05-28 21:05:00,758.4,36.2,23.92,9.32,0.0,1,5.95,3.77,10.6,0.28,191.52
2020-05-28 21:10:00,748.16,35.4,23.92,9.35,0.0,1,3.93,2.43,15.6,2.52,196.52
2020-05-28 21:15:00,717.95,35.0,23.9,9.18,0.0,1,3.93,7.43,0.92,4.0,201.52
2020-05-28 21:20:00,697.73,35.0,23.8,9.18,0.0,1,0.93,12.43,5.92,9.0,206.52
2020-05-28 21:25:00,664.96,35.0,23.8,9.16,0.0,1,3.93,17.43,10.92,0.3,211.52
2020-05-28 21:30:00,660.48,35.0,23.8,9.06,0.0,1,8.93,22.43,15.92,5.3,216.52
2020-05-28 21:35:00,654.21,35.0,23.7,9.06,0.0,1,1.92,27.43,3.57,10.3,221.52
2020-05-28 21:40:00,635.33,34.6,23.68,9.02,0.0,0,3.92,0.4,8.57,1.9,226.52
2020-05-28 21:45:00,632.96,34.2,23.68,8.77,0.0,0,8.92,3.4,13.57,2.02,231.52
2020-05-28 21:50:00,626.18,34.0,23.68,8.6,0.0,0,1.08,8.4,18.57,4.22,236.52
2020-05-28 21:55:00,616.0,34.2,23.6,8.5,0.0,0,6.08,1.4,3.55,4.93,241.52
2020-05-28 22:00:00,611.78,34.0,23.58,8.5,0.0,1,0.07,6.4,8.55,9.93,246.52
2020-05-28 22:05:00,592.7,34.0,23.58,8.63,0.0,1,0.07,11.4,13.55,1.52,251.52
2020-05-28 22:10:00,584.0,34.0,23.58,8.84,0.0,1,5.07,16.4,18.55,0.23,256.52
2020-05-28 22:15:00,584.0,34.0,23.58,8.96,0.0,1,10.07,21.4,23.55,5.23,261.52
2020-05-28 22:20:00,592.83,34.0,23.58,9.04,0.0,1,2.07,26.4,28.55,3.67,266.52
2020-05-28 22:25:00,598.72,34.2,23.58,9.06,0.0,1,7.07,0.38,33.55,8.67,271.52
2020-05-28 22:30:00,598.72,34.2,23.58,9.06,0.0,1,12.07,0.38,38.55,13.67,276.52
2020-05-28 22:35:00,598.72,35.0,23.6,9.13,0.0,1,17.07,4.38,0.53,2.45,281.52
2020-05-28 22:40:00,598.72,35.0,23.68,9.08,0.0,1,22.07,9.38,5.53,3.55,286.52
2020-05-28 22:45:00,622.78,35.0,23.68,9.06,0.0,0,1.05,14.38,10.53,8.55,291.52
2020-05-28 22:50:00,632.96,35.0,23.7,9.16,0.0,0,6.05,19.38,0.52,3.95,296.52
2020-05-28 22:55:00,632.96,35.0,23.78,9.18,0.0,0,11.05,24.38,5.52,8.95,301.52
2020-05-28 23:00:00,632.96,35.0,23.78,9.18,0.0,0,16.05,29.38,10.52,13.95,306.52
2020-05-28 23:05:00,628.1,35.0,23.78,9.18,0.0,0,1.03,34.38,15.52,18.95,311.52
2020-05-28 23:10:00,606.72,35.0,23.78,9.18,0.0,1,4.03,39.38,20.52,23.95,316.52
2020-05-28 23:15:00,606.72,35.2,23.83,9.18,0.0,1,9.03,3.35,1.68,28.95,321.52
2020-05-28 23:20:00,611.2,35.0,23.9,9.18,0.0,1,1.02,8.35,6.68,33.95,326.52
2020-05-28 23:25:00,611.52,35.0,23.9,9.28,0.0,1,1.02,13.35,11.68,3.02,331.52
2020-05-28 23:30:00,586.88,35.0,23.9,9.3,0.0,1,4.02,18.35,16.68,8.02,336.52
2020-05-28 23:35:00,589.06,35.0,23.9,9.23,0.0,1,0.02,23.35,21.68,2.67,341.52
2020-05-28 23:40:00,597.76,35.0,23.9,9.04,0.0,1,5.02,28.35,26.68,1.08,346.52
2020-05-28 23:45:00,597.76,35.0,23.9,8.89,0.0,1,10.02,33.35,31.68,2.3,351.52
2020-05-28 23:50:00,587.58,35.0,23.9,8.84,0.0,1,2.0,38.35,36.68,7.3,356.52
2020-05-28 23:55:00,580.8,35.0,23.9,8.84,0.0,1,7.0,43.35,41.68,12.3,361.52
2020-05-29 00:00:00,580.8,34.8,23.9,8.86,0.0,1,12.0,3.48,46.68,0.23,366.52
2020-05-29 00:05:00,566.46,35.0,23.84,8.96,0.0,1,1.5,8.48,2.65,5.23,371.52
2020-05-29 00:10:00,557.76,35.0,23.8,8.84,0.0,1,6.5,13.48,7.65,0.25,376.52
2020-05-29 00:15:00,562.24,35.0,23.8,8.65,0.0,0,1.48,18.48,12.65,2.98,381.52
2020-05-29 00:20:00,568.96,35.0,23.8,8.52,0.0,0,6.48,23.48,17.65,3.23,386.52
2020-05-29 00:25:00,568.96,35.0,23.8,8.38,0.0,0,11.48,28.48,22.65,0.37,391.52
2020-05-29 00:30:00,559.23,35.0,23.8,8.26,0.0,0,3.48,33.48,27.65,5.37,396.52
2020-05-29 00:35:00,556.8,35.0,23.7,8.26,0.0,0,8.48,38.48,3.63,10.37,401.52
2020-05-29 00:40:00,556.8,35.0,23.68,8.16,0.0,1,13.48,43.48,8.63,3.68,406.52
2020-05-29 00:45:00,556.8,35.0,23.68,7.96,0.0,1,18.48,48.48,13.63,1.97,411.52
2020-05-29 00:50:00,563.52,35.0,23.68,7.86,0.0,1,2.47,53.48,18.63,0.95,416.52
2020-05-29 00:55:00,579.01,35.0,23.68,7.76,0.0,1,3.47,58.48,23.63,5.95,421.52
2020-05-29 01:00:00,569.92,35.0,23.68,7.76,0.0,1,4.47,63.48,28.63,10.95,426.52
2020-05-29 01:05:00,569.92,35.0,23.68,7.76,0.0,1,9.47,68.48,33.63,15.95,431.52
2020-05-29 01:10:00,569.92,35.0,23.68,7.76,0.0,1,14.47,73.48,38.63,20.95,436.52
2020-05-29 01:15:00,569.92,35.0,23.68,7.71,0.0,1,19.47,78.48,43.63,1.47,441.52
2020-05-29 01:20:00,569.92,35.0,23.68,7.62,0.0,1,24.47,83.48,48.63,0.35,446.52
2020-05-29 01:25:00,574.27,35.0,23.68,7.52,0.0,1,1.43,88.48,53.63,5.35,451.52
2020-05-29 01:30:00,576.45,34.6,23.68,7.52,0.0,1,1.43,1.43,58.63,10.35,456.52
2020-05-29 01:35:00,576.32,34.0,23.68,7.52,0.0,1,1.43,6.43,63.63,15.35,461.52
2020-05-29 01:40:00,585.92,34.0,23.68,7.52,0.0,1,6.43,11.43,68.63,20.35,466.52
2020-05-29 01:45:00,585.92,34.0,23.58,7.52,0.0,1,11.43,16.43,4.58,25.35,471.52
2020-05-29 01:50:00,585.92,34.0,23.58,7.42,0.0,1,16.43,21.43,9.58,3.45,476.52
2020-05-29 01:55:00,573.76,34.0,23.58,7.39,0.0,1,4.42,26.43,14.58,8.45,481.52
2020-05-29 02:00:00,586.88,34.0,23.58,7.39,0.0,1,4.42,31.43,19.58,13.45,486.52
2020-05-29 02:05:00,579.58,34.0,23.58,7.39,0.0,1,2.42,36.43,24.58,18.45,491.52
2020-05-29 02:10:00,595.2,34.0,23.58,7.47,0.0,1,1.42,41.43,29.58,2.02,496.52
2020-05-29 02:15:00,643.97,34.4,23.64,7.59,0.0,1,0.23,1.4,2.57,2.58,501.52
2020-05-29 02:20:00,712.58,35.0,23.68,7.66,0.0,0,1.23,6.4,7.57,0.53,506.52
2020-05-29 02:25:00,727.42,34.8,23.68,7.76,0.0,0,2.23,2.38,12.57,5.53,511.52
2020-05-29 02:30:00,712.06,34.4,23.68,7.94,0.0,1,0.23,2.38,17.57,1.75,516.52
2020-05-29 02:35:00,667.78,34.0,23.68,8.01,0.0,1,2.23,0.38,22.57,6.75,521.52
2020-05-29 02:40:00,654.85,33.6,23.68,8.01,0.0,1,0.22,1.38,27.57,11.75,526.52
2020-05-29 02:45:00,618.05,33.0,23.68,8.11,0.0,1,2.22,6.38,32.57,3.42,531.52
2020-05-29 02:50:00,603.01,33.0,23.68,8.13,0.0,1,2.22,11.38,37.57,8.42,536.52
2020-05-29 02:55:00,593.98,33.0,23.68,8.13,0.0,1,0.22,16.38,42.57,13.42,541.52
2020-05-29 03:00:00,574.53,33.0,23.68,8.26,0.0,1,1.22,1.37,47.57,4.68,546.52
2020-05-29 03:05:00,573.12,33.0,23.68,8.26,0.0,1,1.22,4.2,52.57,9.68,551.52
2020-05-29 03:10:00,586.82,33.0,23.68,8.31,0.0,1,1.22,9.2,57.57,1.92,556.52
2020-05-29 03:15:00,607.94,33.0,23.68,8.5,0.0,1,2.2,14.2,62.57,0.4,561.52
2020-05-29 03:20:00,610.75,33.0,23.68,8.67,0.0,1,1.2,0.2,67.57,2.48,566.52
2020-05-29 03:25:00,590.85,31.8,23.68,8.91,0.0,1,3.2,0.18,72.57,2.32,571.52
2020-05-29 03:30:00,587.84,31.0,23.68,8.96,0.0,1,8.2,5.18,77.57,7.32,576.52
2020-05-29 03:35:00,585.47,31.0,23.68,8.84,0.0,1,0.18,10.18,82.57,4.55,581.52
2020-05-29 03:40:00,576.0,31.0,23.64,8.86,13.0,1,5.18,15.18,1.5,0.88,4.48
2020-05-29 03:45:00,576.0,31.0,23.58,8.91,13.0,1,10.18,20.18,6.5,0.57,9.48
2020-05-29 03:50:00,576.0,31.0,23.58,9.02,13.0,1,15.18,25.18,11.5,2.95,14.48
2020-05-29 03:55:00,576.0,31.0,23.58,9.06,17.0,1,20.18,30.18,16.5,7.95,1.65
2020-05-29 04:00:00,576.0,31.0,23.58,9.06,13.4,1,25.18,35.18,21.5,12.95,3.63
2020-05-29 04:05:00,570.05,33.0,23.58,9.06,20.0,1,1.17,4.67,26.5,17.95,1.13
2020-05-29 04:10:00,587.39,33.0,23.58,9.16,43.0,1,3.17,9.67,31.5,0.48,1.63
2020-05-29 04:15:00,594.62,33.0,23.58,9.37,61.0,1,1.17,14.67,36.5,2.07,4.13
2020-05-29 04:20:00,607.04,33.0,23.68,9.42,75.6,1,1.17,19.67,3.65,7.07,0.13
2020-05-29 04:25:00,626.56,33.0,23.7,9.58,141.23,1,1.17,24.67,8.65,1.6,0.62
2020-05-29 04:30:00,638.72,33.0,23.7,9.83,262.24,1,6.17,29.67,13.65,0.48,0.12
2020-05-29 04:35:00,638.72,33.0,23.72,10.17,286.78,1,11.17,34.67,0.63,1.13,3.12
2020-05-29 04:40:00,638.72,32.2,23.82,10.38,288.96,1,16.17,0.65,5.63,1.43,8.12
2020-05-29 04:45:00,622.14,31.0,23.86,10.7,288.96,1,0.15,3.47,1.63,0.52,13.12
2020-05-29 04:50:00,599.62,31.0,23.92,10.77,297.02,1,2.15,8.47,6.63,0.42,3.62
2020-05-29 04:55:00,581.95,31.0,23.92,10.6,315.46,1,0.13,13.47,11.63,1.58,1.1
2020-05-29 05:00:00,558.98,30.0,24.02,10.94,298.69,1,0.13,4.47,4.63,3.85,0.1
2020-05-29 05:05:00,529.79,30.0,24.08,10.98,296.99,1,1.13,9.47,2.62,0.65,0.1
2020-05-29 05:10:00,511.74,30.0,24.12,11.06,183.41,1,1.13,14.47,7.62,0.67,0.1
2020-05-29 05:15:00,502.72,30.0,24.12,11.1,189.86,1,6.13,19.47,12.62,0.73,0.1
2020-05-29 05:20:00,502.72,29.4,24.24,11.61,351.78,1,11.13,1.62,4.78,0.72,0.08
2020-05-29 05:25:00,500.35,29.0,24.3,11.75,314.56,1,0.28,6.62,2.77,1.92,0.08
2020-05-29 05:30:00,484.35,29.0,24.42,11.8,289.98,1,2.28,11.62,3.1,1.28,0.08
2020-05-29 05:35:00,480.0,29.0,24.51,11.94,164.83,1,7.28,16.62,2.1,1.53,1.08
2020-05-29 05:40:00,480.0,29.0,24.56,11.82,172.19,1,12.28,21.62,7.1,0.68,0.23
2020-05-29 05:45:00,480.0,29.0,24.6,11.92,192.03,0,17.28,26.62,1.08,1.0,0.23
2020-05-29 05:50:00,480.0,28.6,24.66,12.14,201.22,0,22.28,1.6,6.08,0.02,0.23
2020-05-29 05:55:00,469.76,28.0,24.76,12.42,124.42,0,4.93,6.6,4.08,0.55,1.23
2020-05-29 06:00:00,469.76,28.0,24.76,12.11,95.84,0,9.93,11.6,9.08,1.38,1.73
2020-05-29 06:05:00,458.88,28.0,24.86,12.33,94.21,0,4.93,16.6,4.08,1.32,3.23
2020-05-29 06:10:00,458.88,28.0,24.86,12.52,114.82,0,9.93,21.6,9.08,2.2,0.22
2020-05-29 06:15:00,458.88,28.0,24.86,12.63,106.64,0,14.93,26.6,14.08,0.52,0.22
2020-05-29 06:20:00,458.88,28.0,24.86,12.54,77.01,0,19.93,31.6,19.08,0.67,3.22
2020-05-29 06:25:00,458.88,28.0,24.98,12.38,86.0,0,24.93,36.6,4.73,0.02,4.22
2020-05-29 06:30:00,458.88,28.0,24.98,12.68,102.22,0,29.93,41.6,9.73,1.65,0.22
2020-05-29 06:35:00,448.0,27.2,24.98,12.68,125.41,0,4.92,2.07,14.73,2.45,0.2
2020-05-29 06:40:00,448.0,27.0,25.06,12.66,144.24,0,9.92,7.07,3.73,1.22,1.2
2020-05-29 06:45:00,448.0,27.0,25.14,12.77,117.42,0,14.92,12.07,2.38,0.37,0.2
2020-05-29 06:50:00,458.88,27.0,25.18,12.75,100.62,0,4.9,17.07,7.38,1.4,2.2
2020-05-29 06:55:00,458.88,27.0,25.2,12.7,96.43,0,9.9,22.07,0.38,2.48,0.2
2020-05-29 07:00:00,458.88,27.0,25.28,12.82,106.42,0,14.9,27.07,5.38,0.42,2.18
2020-05-29 07:05:00,458.88,27.0,25.28,13.01,95.41,0,19.9,32.07,10.38,0.88,0.18
2020-05-29 07:10:00,458.88,27.0,25.28,13.3,85.04,0,24.9,37.07,15.38,1.38,5.18
2020-05-29 07:15:00,458.88,27.0,25.3,13.04,79.02,0,29.9,42.07,0.87,3.1,2.18
2020-05-29 07:20:00,458.88,27.0,25.4,12.92,67.0,0,34.9,47.07,5.87,2.77,3.68
2020-05-29 07:25:00,458.88,27.0,25.4,12.82,65.0,0,39.9,52.07,10.87,1.88,8.68
2020-05-29 07:30:00,458.88,27.0,25.4,12.73,74.6,0,44.9,57.07,15.87,0.7,3.67
2020-05-29 07:35:00,458.88,27.0,25.4,12.94,79.01,0,49.9,62.07,20.87,0.65,0.83
2020-05-29 07:40:00,458.88,27.0,25.46,12.94,123.82,0,54.9,67.07,2.85,1.67,0.33
2020-05-29 07:45:00,458.88,27.0,25.5,13.04,146.83,0,59.9,72.07,7.85,1.83,1.82
2020-05-29 07:50:00,458.88,27.0,25.54,13.27,156.4,0,64.9,77.07,1.85,0.62,0.32
2020-05-29 07:55:00,458.88,27.0,25.62,13.44,151.6,0,69.9,82.07,0.85,0.22,2.82
2020-05-29 08:00:00,458.88,27.0,25.7,13.7,150.0,0,74.9,87.07,5.85,0.25,4.82
2020-05-29 08:05:00,458.88,27.0,25.77,13.91,142.0,0,79.9,0.68,2.83,0.9,3.82
2020-05-29 08:10:00,458.88,25.0,25.82,13.95,89.62,0,84.9,4.68,7.83,0.67,2.32
2020-05-29 08:15:00,458.88,25.0,25.86,13.86,90.42,0,89.9,9.68,1.83,0.87,0.8
2020-05-29 08:20:00,458.88,25.0,25.92,13.81,90.43,0,94.9,14.68,6.83,4.95,2.3
2020-05-29 08:25:00,454.53,25.0,25.92,13.67,80.62,0,1.02,19.68,11.83,0.2,0.8
2020-05-29 08:30:00,448.0,25.0,25.92,14.07,106.43,0,6.02,24.68,16.83,0.0,0.8
2020-05-29 08:35:00,448.0,25.0,26.02,14.52,114.24,1,11.02,29.68,4.82,1.38,0.8
2020-05-29 08:40:00,455.68,25.0,26.02,14.38,83.42,1,2.0,34.68,9.82,0.67,0.78
2020-05-29 08:45:00,487.36,25.0,26.02,14.21,119.62,1,1.0,3.32,14.82,1.35,0.28
2020-05-29 08:50:00,518.27,25.4,26.02,14.45,139.01,1,1.0,2.32,19.82,2.3,0.78
2020-05-29 08:55:00,524.8,25.0,26.06,14.7,97.62,1,6.0,7.32,1.8,2.48,1.28
2020-05-29 09:00:00,511.49,25.0,26.12,14.89,115.04,1,0.98,12.32,6.8,0.45,1.28
2020-05-29 09:05:00,499.58,25.0,26.12,14.94,109.04,1,0.98,17.32,11.8,1.28,1.27
2020-05-29 09:10:00,490.88,25.0,26.12,14.75,72.4,0,5.98,22.32,16.8,2.42,1.27
2020-05-29 09:15:00,488.06,25.0,26.12,14.4,64.0,0,0.98,27.32,21.8,0.73,6.27
2020-05-29 09:20:00,476.8,25.0,26.12,14.54,97.42,0,5.98,32.32,26.8,1.43,0.27
2020-05-29 09:25:00,476.8,25.0,26.12,14.82,69.0,0,10.98,37.32,31.8,2.72,4.27
2020-05-29 09:30:00,476.8,25.0,26.12,14.87,80.8,0,15.98,42.32,36.8,0.53,0.43
2020-05-29 09:35:00,473.79,24.4,26.14,14.87,66.4,0,0.97,0.45,0.28,1.43,1.92
2020-05-29 09:40:00,461.76,25.0,26.24,14.96,53.6,0,5.97,4.45,5.28,1.12,1.92
2020-05-29 09:45:00,461.76,24.8,26.24,14.63,47.0,0,10.97,1.45,10.28,4.93,6.92
2020-05-29 09:50:00,461.76,24.8,26.24,14.91,47.0,0,15.97,3.45,15.28,1.5,11.92
2020-05-29 09:55:00,461.76,25.0,26.24,15.13,47.0,0,20.97,8.45,20.28,0.4,16.92
2020-05-29 10:00:00,461.76,25.0,26.24,15.15,47.0,0,25.97,13.45,25.28,0.12,21.92
2020-05-29 10:05:00,461.76,25.0,26.24,15.24,47.0,0,30.97,18.45,30.28,3.62,26.92
2020-05-29 10:10:00,461.76,24.8,26.24,15.45,47.0,0,35.97,2.43,35.28,0.38,31.92
2020-05-29 10:15:00,461.76,25.0,26.18,15.59,47.0,0,40.97,7.43,2.25,0.4,36.92
2020-05-29 10:20:00,459.58,25.0,26.18,15.1,47.0,0,0.93,12.43,1.25,0.03,41.92
2020-05-29 10:25:00,450.88,24.6,26.24,15.17,47.0,1,5.93,1.42,6.25,1.22,46.92
2020-05-29 10:30:00,450.88,24.6,26.24,15.17,47.0,1,10.93,1.08,11.25,0.2,51.92
2020-05-29 10:35:00,450.88,25.2,26.24,15.06,47.0,1,15.93,0.08,16.25,0.87,56.92
2020-05-29 10:40:00,453.5,24.6,26.24,15.34,47.0,1,0.92,0.42,21.25,1.03,61.92
2020-05-29 10:45:00,464.0,24.4,26.24,15.06,47.0,1,5.92,0.42,26.25,1.83,66.92
2020-05-29 10:50:00,464.0,25.6,26.24,15.15,47.0,1,10.92,0.58,31.25,2.55,71.92
2020-05-29 10:55:00,464.0,24.4,26.24,15.45,47.0,0,15.92,1.57,36.25,2.18,76.92
2020-05-29 11:00:00,466.56,24.6,26.24,15.38,47.0,1,0.92,0.57,41.25,0.88,81.92
2020-05-29 11:05:00,476.8,26.2,26.24,15.45,47.0,1,5.92,1.07,46.25,4.72,86.92
2020-05-29 11:10:00,476.8,26.6,26.24,15.52,47.0,1,10.92,1.9,51.25,0.08,91.92
2020-05-29 11:15:00,465.92,27.0,26.24,15.45,40.8,1,4.9,1.07,56.25,1.4,0.35
2020-05-29 11:20:00,465.92,26.0,26.22,15.54,38.0,1,9.9,0.88,0.22,0.92,5.35
2020-05-29 11:25:00,465.92,25.2,26.12,15.85,62.0,1,14.9,0.55,5.22,0.62,3.85
2020-05-29 11:30:00,465.92,26.2,26.04,15.92,47.4,1,19.9,0.38,3.22,0.45,1.52
2020-05-29 11:35:00,465.92,26.2,26.0,15.87,47.0,1,24.9,0.55,0.7,0.2,3.52
2020-05-29 11:40:00,465.92,27.2,25.9,16.11,45.0,1,29.9,0.38,5.7,1.85,8.52
2020-05-29 11:45:00,456.96,26.8,25.9,16.22,40.0,1,0.88,2.88,10.7,0.27,0.0
2020-05-29 11:50:00,465.92,27.0,25.9,16.48,41.0,1,5.88,7.88,15.7,0.03,2.5
2020-05-29 11:55:00,465.92,27.0,25.9,16.48,43.4,1,10.88,12.88,20.7,0.53,1.5
2020-05-29 12:00:00,465.92,26.6,25.9,16.8,40.4,1,15.88,0.03,25.7,0.05,0.0
2020-05-29 12:05:00,465.92,27.0,25.9,16.59,44.6,1,20.88,0.37,30.7,0.65,3.0
2020-05-29 12:10:00,456.96,26.6,25.9,16.48,49.6,1,3.87,2.87,35.7,0.48,1.48
2020-05-29 12:15:00,459.58,27.0,25.9,16.94,49.0,1,1.87,1.18,40.7,0.6,6.48
2020-05-29 12:20:00,466.88,24.2,25.8,17.12,49.0,1,6.87,3.18,0.35,2.73,11.48
2020-05-29 12:25:00,477.76,24.0,25.68,16.7,35.6,1,4.87,8.18,5.35,0.05,0.48
2020-05-29 12:30:00,477.76,24.0,25.56,16.4,27.2,1,9.87,13.18,4.5,0.85,2.97
2020-05-29 12:35:00,477.76,24.0,25.56,17.31,32.2,1,14.87,18.18,9.5,0.77,1.97
2020-05-29 12:40:00,477.76,24.0,25.46,17.79,35.0,1,19.87,23.18,4.5,0.37,6.97
2020-05-29 12:45:00,477.76,24.0,25.46,17.58,31.8,0,24.87,28.18,9.5,0.33,0.97
2020-05-29 12:50:00,473.02,24.0,25.46,17.4,30.8,0,1.85,33.18,14.5,0.43,0.97
2020-05-29 12:55:00,465.92,24.0,25.46,17.54,33.0,0,6.85,38.18,19.5,0.28,4.97
2020-05-29 13:00:00,465.92,24.0,25.46,18.32,33.0,0,11.85,43.18,24.5,0.08,9.97
2020-05-29 13:05:00,465.92,24.2,25.46,17.49,33.0,0,16.85,3.15,29.5,0.53,14.97
2020-05-29 13:10:00,465.92,24.0,25.46,17.12,30.2,0,21.85,8.15,34.5,0.8,0.95
2020-05-29 13:15:00,451.84,24.0,25.46,17.86,32.0,0,4.0,13.15,39.5,0.4,4.45
2020-05-29 13:20:00,451.84,24.0,25.46,18.39,28.2,0,9.0,18.15,44.5,0.67,0.1
2020-05-29 13:25:00,451.84,24.4,25.46,17.54,23.4,0,14.0,1.15,49.5,0.42,3.6
2020-05-29 13:30:00,451.84,25.0,25.44,16.77,24.2,0,19.0,6.15,0.47,0.62,0.6
2020-05-29 13:35:00,451.84,25.4,25.34,16.82,48.4,1,24.0,0.13,5.47,0.08,0.6
2020-05-29 13:40:00,456.19,26.2,25.27,17.51,22.8,1,1.98,1.8,2.47,1.1,2.08
2020-05-29 13:45:00,470.02,25.8,25.22,17.74,0.0,1,1.97,0.8,7.47,2.38,7.08
2020-05-29 13:50:00,491.39,27.0,25.22,17.17,0.0,1,0.97,5.8,12.47,0.35,12.08
2020-05-29 13:55:00,469.89,26.6,25.22,16.63,0.0,1,3.97,0.12,17.47,0.4,17.08
2020-05-29 14:00:00,473.66,25.8,25.16,17.14,0.0,1,1.97,1.78,1.95,1.75,22.08
2020-05-29 14:05:00,496.0,25.8,24.97,17.4,3.0,1,4.97,2.62,0.28,0.17,1.58
2020-05-29 14:10:00,480.96,26.2,24.52,17.31,0.0,1,4.95,1.62,3.28,0.15,6.58
2020-05-29 14:15:00,480.96,25.8,24.54,16.41,0.0,1,9.95,2.28,1.27,0.53,11.58
2020-05-29 14:20:00,480.96,25.0,24.68,16.68,0.0,1,14.95,7.28,3.1,2.95,16.58
2020-05-29 14:25:00,480.96,25.0,24.7,16.7,0.0,1,19.95,12.28,8.1,0.47,21.58
2020-05-29 14:30:00,480.96,25.4,24.78,16.91,0.0,1,24.95,1.93,2.08,0.62,26.58
2020-05-29 14:35:00,480.96,26.2,24.84,16.66,0.0,1,29.95,2.1,7.08,0.53,31.58
2020-05-29 14:40:00,484.54,27.0,24.84,16.29,0.0,1,0.93,7.1,12.08,0.5,36.58
2020-05-29 14:45:00,531.26,27.0,24.84,16.43,0.0,1,0.93,12.1,17.08,0.53,41.58
2020-05-29 14:50:00,554.05,27.0,24.84,16.66,0.0,1,1.93,17.1,22.08,0.13,46.58
2020-05-29 14:55:00,561.92,27.0,24.84,16.64,0.0,1,6.93,22.1,27.08,0.77,51.58
2020-05-29 15:00:00,561.92,27.0,24.88,16.36,0.0,1,11.93,27.1,1.73,1.58,56.58
2020-05-29 15:05:00,561.92,27.0,24.94,16.36,0.0,1,16.93,32.1,6.73,3.73,61.58
2020-05-29 15:10:00,564.1,27.0,24.94,16.31,0.0,1,0.92,37.1,11.73,0.23,66.58
2020-05-29 15:15:00,572.8,27.0,24.94,16.15,0.0,1,5.92,42.1,16.73,5.23,71.58
2020-05-29 15:20:00,568.45,27.0,24.94,16.27,0.0,1,1.92,47.1,21.73,4.67,76.58
2020-05-29 15:25:00,561.92,27.0,25.0,16.27,0.0,1,6.92,52.1,2.73,9.67,81.58
2020-05-29 15:30:00,551.68,27.0,25.09,16.36,0.0,1,0.9,57.1,1.72,0.63,86.58
2020-05-29 15:35:00,510.59,25.0,25.12,16.15,0.0,1,1.9,4.9,1.72,4.0,91.58
2020-05-29 15:40:00,515.14,25.0,25.04,16.15,0.0,1,0.9,9.9,0.72,9.0,96.58
2020-05-29 15:45:00,523.84,25.0,24.96,16.15,0.0,1,5.9,1.05,5.72,14.0,101.58
2020-05-29 15:50:00,515.14,25.0,24.96,16.13,0.0,1,3.88,6.05,10.72,0.92,106.58
2020-05-29 15:55:00,501.76,25.0,24.94,16.03,0.0,1,4.88,11.05,0.03,5.92,111.58
2020-05-29 16:00:00,501.76,25.0,24.84,16.03,0.0,0,9.88,16.05,5.03,10.92,116.58
2020-05-29 16:05:00,491.52,25.0,24.84,15.94,0.0,0,3.88,21.05,10.03,0.15,121.58
2020-05-29 16:10:00,484.1,25.0,24.84,15.8,0.0,0,1.87,26.05,15.03,5.15,126.58
2020-05-29 16:15:00,476.8,25.0,24.84,15.9,0.0,0,6.87,31.05,20.03,3.1,131.58
2020-05-29 16:20:00,476.8,25.0,24.8,15.9,0.0,0,11.87,36.05,1.02,0.05,136.58
2020-05-29 16:25:00,476.8,25.0,24.74,15.8,0.0,0,16.87,41.05,6.02,5.05,141.58
2020-05-29 16:30:00,467.33,25.0,24.74,15.8,0.0,1,3.87,46.05,11.02,10.05,146.58
2020-05-29 16:35:00,464.96,25.0,24.74,15.8,0.0,1,8.87,51.05,16.02,15.05,151.58
2020-05-29 16:40:00,464.96,25.0,24.74,15.66,0.0,1,13.87,56.05,21.02,1.5,156.58
2020-05-29 16:45:00,464.96,25.0,24.72,15.57,0.0,1,18.87,61.05,0.0,6.5,161.58
2020-05-29 16:50:00,464.96,25.0,24.64,15.57,0.0,1,23.87,66.05,5.0,11.5,166.58
2020-05-29 16:55:00,464.96,25.0,24.64,15.55,0.0,0,28.87,71.05,10.0,0.68,171.58
2020-05-29 17:00:00,464.96,25.0,24.64,15.45,0.0,0,33.87,76.05,15.0,5.68,176.58
2020-05-29 17:05:00,462.72,26.6,24.64,15.45,0.0,0,0.83,3.67,20.0,10.68,181.58
2020-05-29 17:10:00,453.76,27.0,24.64,15.43,0.0,0,5.83,8.67,25.0,0.6,186.58
2020-05-29 17:15:00,453.76,27.0,24.64,15.34,0.0,0,10.83,13.67,30.0,5.6,191.58
2020-05-29 17:20:00,453.76,27.0,24.64,15.36,0.0,0,15.83,18.67,35.0,0.28,196.58
2020-05-29 17:25:00,453.76,27.0,24.52,15.41,0.0,0,20.83,23.67,4.98,1.47,201.58
2020-05-29 17:30:00,453.76,27.0,24.52,15.34,0.0,0,25.83,28.67,9.98,6.47,206.58
2020-05-29 17:35:00,453.76,27.0,24.52,15.32,0.0,0,30.83,33.67,14.98,0.45,211.58
2020-05-29 17:40:00,453.76,27.0,24.52,15.22,0.0,0,35.83,38.67,19.98,5.45,216.58
2020-05-29 17:45:00,453.76,27.0,24.52,15.2,0.0,0,40.83,43.67,24.98,0.82,221.58
2020-05-29 17:50:00,453.76,27.0,24.52,15.1,0.0,0,45.83,48.67,29.98,5.82,226.58
2020-05-29 17:55:00,451.58,27.0,24.52,15.06,0.0,0,0.97,53.67,34.98,1.2,231.58
2020-05-29 18:00:00,442.88,27.0,24.42,14.99,0.0,0,5.97,58.67,4.47,6.2,236.58
2020-05-29 18:05:00,442.88,27.0,24.42,14.92,0.0,0,10.97,63.67,9.47,2.58,241.58
2020-05-29 18:10:00,442.88,27.0,24.42,14.75,0.0,0,15.97,68.67,14.47,4.77,246.58
2020-05-29 18:15:00,442.88,27.0,24.42,14.65,0.0,0,20.97,73.67,19.47,3.98,251.58
2020-05-29 18:20:00,453.76,27.0,24.42,14.54,0.0,0,4.97,78.67,24.47,0.05,256.58
2020-05-29 18:25:00,453.76,27.0,24.42,14.28,0.0,0,9.97,83.67,29.47,0.8,261.58
2020-05-29 18:30:00,444.29,28.0,24.36,13.95,0.0,0,3.95,4.62,2.43,0.77,266.58
2020-05-29 18:35:00,446.66,28.0,24.32,13.74,0.0,0,1.95,9.62,7.43,2.97,271.58
2020-05-29 18:40:00,451.01,28.0,24.32,13.51,0.0,0,0.95,14.62,12.43,2.03,276.58
2020-05-29 18:45:00,440.0,28.0,24.32,13.41,0.0,1,5.95,19.62,17.43,1.28,281.58
2020-05-29 18:50:00,451.84,28.2,24.42,13.34,0.0,1,4.93,0.6,4.27,6.28,286.58
2020-05-29 18:55:00,456.7,29.0,24.42,13.25,0.0,1,1.93,5.6,9.27,3.78,291.58
2020-05-29 19:00:00,468.74,29.0,24.34,13.23,0.0,1,1.93,10.6,3.25,8.78,296.58
2020-05-29 19:05:00,473.47,29.0,24.32,13.18,0.0,1,0.93,15.6,8.25,0.08,301.58
2020-05-29 19:10:00,464.0,29.0,24.32,12.82,0.0,1,5.93,20.6,13.25,2.05,306.58
2020-05-29 19:15:00,464.0,29.4,24.22,12.75,0.0,1,10.93,1.58,4.25,7.05,311.58
2020-05-29 19:20:00,464.0,30.0,24.22,12.85,0.0,0,15.93,6.58,9.25,3.02,316.58
2020-05-29 19:25:00,464.0,30.0,24.22,12.75,0.0,0,20.93,11.58,14.25,4.57,321.58
2020-05-29 19:30:00,464.0,30.0,24.22,12.75,0.0,0,25.93,16.58,19.25,9.57,326.58
2020-05-29 19:35:00,464.0,30.0,24.22,12.75,0.0,0,30.93,21.58,24.25,14.57,331.58
2020-05-29 19:40:00,461.95,30.0,24.12,12.73,0.0,0,0.9,26.58,3.22,0.5,336.58
2020-05-29 19:45:00,453.76,30.0,24.1,12.63,0.0,0,5.9,31.58,8.22,5.5,341.58
2020-05-29 19:50:00,453.76,30.0,24.1,12.63,0.0,0,10.9,36.58,13.22,10.5,346.58
2020-05-29 19:55:00,453.76,30.0,24.1,12.63,0.0,0,15.9,41.58,18.22,15.5,351.58
2020-05-29 20:00:00,453.76,30.0,24.0,12.52,0.0,0,20.9,46.58,4.22,4.05,356.58
2020-05-29 20:05:00,453.76,30.0,24.0,12.42,0.0,0,25.9,51.58,9.22,3.6,361.58
2020-05-29 20:10:00,464.0,30.0,24.0,12.38,0.0,0,4.88,56.58,14.22,0.48,366.58
2020-05-29 20:15:00,454.27,30.0,23.9,12.28,0.0,0,3.88,61.58,4.53,5.48,371.58
2020-05-29 20:20:00,451.84,30.6,23.9,12.21,0.0,0,8.88,2.87,9.53,0.8,376.58
2020-05-29 20:25:00,451.84,31.0,23.9,12.21,0.0,0,13.88,7.87,14.53,2.52,381.58
2020-05-29 20:30:00,451.84,31.0,23.9,12.06,0.0,0,18.88,12.87,19.53,3.55,386.58
2020-05-29 20:35:00,451.84,31.0,23.9,11.99,0.0,0,23.88,17.87,24.53,1.58,391.58
2020-05-29 20:40:00,451.84,31.0,23.84,11.8,0.0,0,28.88,22.87,2.52,1.37,396.58
2020-05-29 20:45:00,454.27,31.0,23.8,11.58,0.0,1,0.87,27.87,7.52,3.33,401.58
2020-05-29 20:50:00,467.39,31.8,23.8,11.51,0.0,1,0.87,1.52,12.52,1.07,406.58
2020-05-29 20:55:00,496.64,32.6,23.87,11.42,0.0,1,0.85,1.02,2.5,0.03,411.58
2020-05-29 21:00:00,519.23,33.0,23.92,11.32,0.0,1,0.85,6.02,7.5,5.03,416.58
2020-05-29 21:05:00,561.22,33.0,23.92,11.22,0.0,1,1.35,11.02,12.5,3.58,421.58
2020-05-29 21:10:00,587.52,33.0,23.9,11.2,0.0,1,2.35,16.02,0.5,8.58,426.58
2020-05-29 21:15:00,598.53,33.0,23.82,11.1,0.0,1,2.35,21.02,5.5,3.78,431.58
2020-05-29 21:20:00,602.88,33.0,23.82,11.03,0.0,1,7.35,26.02,10.5,1.22,436.58
2020-05-29 21:25:00,595.01,33.0,23.82,10.96,0.0,1,2.33,31.02,15.5,6.22,441.58
2020-05-29 21:30:00,585.41,33.0,23.82,10.84,0.0,1,1.33,36.02,20.5,4.47,446.58
2020-05-29 21:35:00,578.88,33.0,23.82,10.84,0.0,1,6.33,41.02,25.5,9.47,451.58
2020-05-29 21:40:00,578.88,33.0,23.82,10.84,0.0,1,11.33,46.02,30.5,14.47,456.58
2020-05-29 21:45:00,578.88,33.0,23.82,10.72,0.0,0,16.33,51.02,35.5,4.92,461.58
2020-05-29 21:50:00,573.63,33.0,23.82,10.72,0.0,0,1.32,56.02,40.5,9.92,466.58
2020-05-29 21:55:00,565.76,33.0,23.82,10.7,0.0,0,6.32,61.02,45.5,0.72,471.58
2020-05-29 22:00:00,565.76,33.0,23.82,10.6,0.0,1,11.32,66.02,50.5,5.72,476.58
2020-05-29 22:05:00,573.95,34.0,23.82,10.6,0.0,1,3.32,4.13,55.5,10.72,481.58
2020-05-29 22:10:00,576.0,33.6,23.82,10.53,0.0,1,8.32,2.13,60.5,2.47,486.58
2020-05-29 22:15:00,576.0,34.0,23.82,10.48,0.0,1,13.32,7.13,65.5,7.47,491.58
2020-05-29 22:20:00,576.0,34.0,23.82,10.38,0.0,1,18.32,12.13,70.5,3.8,496.58
2020-05-29 22:25:00,576.0,34.0,23.82,10.36,0.0,1,23.32,17.13,75.5,8.8,501.58
2020-05-29 22:30:00,565.5,34.0,23.82,10.36,0.0,1,3.47,22.13,80.5,13.8,506.58
2020-05-29 22:35:00,569.98,34.0,23.9,10.29,0.0,0,2.47,27.13,3.45,2.97,511.58
2020-05-29 22:40:00,574.72,34.0,23.92,10.19,0.0,0,7.47,32.13,8.45,1.67,516.58
2020-05-29 22:45:00,574.72,34.0,23.92,10.12,0.0,0,12.47,37.13,13.45,6.67,521.58
2020-05-29 22:50:00,574.72,34.0,24.02,10.12,0.0,0,17.47,42.13,4.43,11.67,526.58
2020-05-29 22:55:00,574.72,34.0,24.02,10.12,0.0,0,22.47,47.13,9.43,16.67,531.58
2020-05-29 23:00:00,574.72,34.0,24.02,10.12,0.0,0,27.47,52.13,14.43,21.67,536.58
2020-05-29 23:05:00,574.72,34.2,24.02,10.12,0.0,0,32.47,0.27,19.43,26.67,541.58
2020-05-29 23:10:00,582.02,35.0,24.02,10.05,0.0,1,1.43,5.27,24.43,2.37,546.58
2020-05-29 23:15:00,604.99,35.0,24.02,10.0,0.0,1,3.43,10.27,29.43,7.37,551.58
2020-05-29 23:20:00,608.0,35.0,24.02,10.0,0.0,1,8.43,15.27,34.43,12.37,556.58
2020-05-29 23:25:00,596.74,35.0,24.02,9.9,0.0,1,3.43,20.27,39.43,3.53,561.58
2020-05-29 23:30:00,606.72,35.2,24.02,9.88,0.0,1,4.43,0.25,44.43,8.53,566.58
2020-05-29 23:35:00,606.72,35.8,24.02,9.62,0.0,1,9.43,0.25,49.43,1.87,571.58
2020-05-29 23:40:00,597.12,35.0,24.02,9.47,0.0,1,2.42,5.25,54.43,2.87,576.58
2020-05-29 23:45:00,590.72,35.8,24.02,9.52,0.0,1,7.42,3.23,59.43,0.9,581.58
2020-05-29 23:50:00,603.84,35.0,24.02,9.42,0.0,1,4.42,4.23,64.43,5.9,586.58
2020-05-29 23:55:00,606.66,35.8,24.02,9.3,0.0,1,0.4,0.23,69.43,4.82,591.58
2020-05-30 00:00:00,627.52,35.8,23.96,9.25,0.0,1,1.4,0.23,2.72,1.52,596.58
2020-05-30 00:05:00,617.28,35.0,23.92,9.23,0.0,1,2.4,5.23,7.72,1.17,601.58
2020-05-30 00:10:00,603.33,35.0,23.92,9.3,0.0,1,3.4,10.23,12.72,6.17,606.58
2020-05-30 00:15:00,595.78,36.0,23.92,9.3,0.0,1,1.4,4.38,17.72,11.17,611.58
2020-05-30 00:20:00,610.43,36.0,23.92,9.3,0.0,1,1.38,9.38,22.72,16.17,616.58
2020-05-30 00:25:00,632.06,36.0,23.92,9.3,0.0,1,1.38,14.38,27.72,21.17,621.58
2020-05-30 00:30:00,625.92,35.4,23.92,9.3,0.0,1,0.38,0.38,32.72,26.17,626.58
2020-05-30 00:35:00,609.41,35.0,23.92,9.35,0.0,1,1.38,5.38,37.72,1.83,631.58
2020-05-30 00:40:00,602.88,35.2,23.82,9.47,0.0,1,6.38,3.37,4.53,1.58,636.58
2020-05-30 00:45:00,616.96,35.0,23.82,9.58,0.0,1,4.38,8.37,9.53,1.42,641.58
2020-05-30 00:50:00,624.9,34.8,23.82,9.58,0.0,1,1.37,0.37,14.53,2.58,646.58
2020-05-30 00:55:00,621.76,35.0,23.82,9.54,0.0,1,6.37,5.37,19.53,7.58,651.58
2020-05-30 01:00:00,621.76,34.6,23.82,9.54,0.0,1,11.37,1.35,24.53,12.58,656.58
2020-05-30 01:05:00,621.76,34.0,23.82,9.44,0.0,1,16.37,6.35,29.53,3.7,661.58
2020-05-30 01:10:00,605.76,33.8,23.82,9.42,0.0,1,4.37,0.85,34.53,8.7,666.58
2020-05-30 01:15:00,598.66,33.0,23.82,9.42,0.0,1,2.35,5.85,39.53,13.7,671.58
2020-05-30 01:20:00,577.92,33.0,23.82,9.3,0.0,1,4.35,10.85,44.53,4.77,676.58
2020-05-30 01:25:00,577.92,33.0,23.82,9.3,0.0,1,9.35,15.85,49.53,9.77,681.58
2020-05-30 01:30:00,566.72,33.0,23.82,9.3,0.0,1,4.35,20.85,54.53,14.77,686.58
2020-05-30 01:35:00,573.44,33.0,23.82,9.3,0.0,1,2.35,25.85,59.53,19.77,691.58
2020-05-30 01:40:00,592.0,33.0,23.82,9.3,0.0,1,4.35,30.85,64.53,24.77,696.58
2020-05-30 01:45:00,592.0,31.0,23.82,9.3,0.0,1,9.35,4.33,69.53,29.77,701.58
2020-05-30 01:50:00,592.0,31.0,23.82,9.3,0.0,1,14.35,9.33,74.53,34.77,706.58
2020-05-30 01:55:00,592.0,31.0,23.92,9.3,0.0,1,19.35,14.33,4.48,39.77,711.58
2020-05-30 02:00:00,592.0,31.0,23.92,9.49,0.0,1,24.35,19.33,9.48,2.25,716.58
2020-05-30 02:05:00,581.76,31.0,23.92,9.6,0.0,1,4.33,24.33,14.48,2.08,721.58
2020-05-30 02:10:00,597.76,31.0,23.92,9.78,0.0,1,4.32,29.33,19.48,0.68,726.58
2020-05-30 02:15:00,597.76,31.0,23.92,10.0,0.0,1,9.32,34.33,24.48,0.77,731.58
2020-05-30 02:20:00,603.39,31.0,23.92,10.19,0.0,1,1.32,39.33,29.48,2.35,736.58
2020-05-30 02:25:00,588.74,31.0,23.92,10.34,0.0,1,2.32,44.33,34.48,3.17,741.58
2020-05-30 02:30:00,584.0,31.0,23.9,10.36,0.0,1,7.32,49.33,0.45,8.17,746.58
2020-05-30 02:35:00,579.14,31.0,23.82,10.29,0.0,1,1.3,54.33,5.45,2.73,751.58
2020-05-30 02:40:00,571.84,31.0,23.82,10.17,0.0,1,6.3,59.33,10.45,2.47,756.58
2020-05-30 02:45:00,588.86,31.0,23.82,10.12,0.0,1,2.3,64.33,15.45,7.47,761.58
2020-05-30 02:50:00,592.96,31.0,23.82,10.12,0.0,1,7.3,69.33,20.45,12.47,766.58
2020-05-30 02:55:00,592.96,31.0,23.78,10.24,0.0,1,12.3,74.33,1.45,4.83,771.58
2020-05-30 03:00:00,592.96,31.0,23.72,10.24,0.0,1,17.3,79.33,6.45,9.83,776.58
2020-05-30 03:05:00,592.96,31.0,23.72,10.24,0.0,1,22.3,84.33,11.45,14.83,781.58
2020-05-30 03:10:00,592.96,31.0,23.72,10.26,0.0,1,27.3,89.33,16.45,0.97,786.58
2020-05-30 03:15:00,577.92,31.0,23.72,10.36,0.0,1,4.28,94.33,21.45,5.97,791.58
2020-05-30 03:20:00,577.92,31.0,23.72,10.46,0.0,1,9.28,99.33,26.45,3.3,796.58
2020-05-30 03:25:00,577.92,31.0,23.72,10.48,0.0,0,14.28,104.33,31.45,8.3,801.58
2020-05-30 03:30:00,577.92,31.0,23.72,10.53,0.0,0,19.28,109.33,36.45,1.28,806.58
2020-05-30 03:35:00,577.92,31.0,23.72,10.48,0.0,0,24.28,114.33,41.45,6.28,811.58
2020-05-30 03:40:00,588.16,31.0,23.72,10.48,0.0,0,3.43,119.33,46.45,11.28,816.58
2020-05-30 03:45:00,579.71,31.0,23.72,10.48,0.0,1,3.43,124.33,51.45,16.28,821.58
2020-05-30 03:50:00,588.8,31.0,23.62,10.48,0.0,1,4.42,129.33,3.25,21.28,826.58
2020-05-30 03:55:00,574.72,33.0,23.6,10.53,0.0,1,4.42,4.75,8.25,1.13,831.58
2020-05-30 04:00:00,574.72,33.0,23.6,10.6,0.0,1,9.42,9.75,13.25,6.13,836.58
2020-05-30 04:05:00,592.64,33.0,23.6,10.6,0.0,1,2.42,14.75,18.25,11.13,841.58
2020-05-30 04:10:00,597.76,33.0,23.6,10.6,0.0,1,7.42,19.75,23.25,16.13,846.58
2020-05-30 04:15:00,597.76,33.0,23.6,10.6,0.0,1,12.42,24.75,28.25,21.13,851.58
2020-05-30 04:20:00,597.76,33.0,23.6,10.72,0.0,1,17.42,29.75,33.25,0.1,856.58
2020-05-30 04:25:00,597.76,33.0,23.54,10.86,0.0,1,22.42,34.75,2.23,0.95,861.58
2020-05-30 04:30:00,597.76,33.0,23.5,10.96,0.0,1,27.42,39.75,7.23,5.95,866.58
2020-05-30 04:35:00,591.36,33.0,23.5,11.01,0.0,1,1.4,44.75,12.23,0.52,871.58
2020-05-30 04:40:00,596.8,33.2,23.5,11.15,0.0,1,6.4,0.72,17.23,2.9,876.58
2020-05-30 04:45:00,596.8,33.2,23.5,11.2,0.0,1,11.4,0.72,22.23,7.9,881.58
2020-05-30 04:50:00,596.8,33.0,23.5,11.3,0.0,1,16.4,4.72,27.23,3.75,886.58
2020-05-30 04:55:00,585.22,33.0,23.5,11.37,0.0,1,1.38,9.72,32.23,1.78,891.58
2020-05-30 05:00:00,573.76,33.2,23.56,11.46,0.0,1,6.38,0.72,2.7,0.57,896.58
2020-05-30 05:05:00,592.96,34.0,23.6,11.61,0.0,1,4.38,5.72,7.7,1.0,901.58
2020-05-30 05:10:00,600.06,34.0,23.68,11.68,0.0,1,2.38,10.72,3.7,6.0,906.58
2020-05-30 05:15:00,604.8,34.0,23.7,11.68,0.0,1,7.38,15.72,8.7,11.0,911.58
2020-05-30 05:20:00,614.53,34.0,23.82,11.75,0.0,1,3.37,20.72,4.7,2.97,916.58
2020-05-30 05:25:00,616.96,34.0,23.84,11.92,14.0,1,8.37,25.72,0.18,4.18,4.83
2020-05-30 05:30:00,610.82,34.0,23.92,11.92,14.0,1,2.37,30.72,5.18,9.18,9.83
2020-05-30 05:35:00,579.78,33.8,23.92,11.92,14.0,1,2.37,0.85,10.18,14.18,14.83
2020-05-30 05:40:00,573.76,34.0,23.92,11.92,14.0,1,7.37,5.85,15.18,19.18,19.83
2020-05-30 05:45:00,552.64,33.0,23.92,12.06,14.0,1,1.35,4.85,20.18,0.98,24.83
2020-05-30 05:50:00,525.31,33.0,23.92,12.16,14.0,1,3.35,9.85,25.18,5.98,29.83
2020-05-30 05:55:00,511.42,33.2,23.92,12.16,14.0,1,3.35,1.85,30.18,10.98,34.83
2020-05-30 06:00:00,508.8,33.0,23.86,12.26,25.0,1,8.35,6.85,2.17,3.33,0.8
2020-05-30 06:05:00,508.8,33.8,23.82,12.33,75.0,1,13.35,0.83,7.17,1.1,2.3
2020-05-30 06:10:00,518.53,33.6,23.82,12.56,79.0,1,3.35,1.83,12.17,1.72,7.3
2020-05-30 06:15:00,520.96,34.2,23.82,12.63,87.03,1,8.35,0.5,17.17,6.72,3.8
2020-05-30 06:20:00,520.96,34.4,23.82,12.8,99.04,1,13.35,1.33,22.17,2.15,4.8
2020-05-30 06:25:00,528.64,35.0,23.82,12.99,109.04,1,2.33,6.33,27.17,1.23,4.78
2020-05-30 06:30:00,542.72,35.0,23.84,13.11,109.04,1,3.33,0.32,0.15,6.23,9.78
2020-05-30 06:35:00,544.96,34.8,23.92,13.11,118.64,1,8.33,0.98,5.15,11.23,0.78
2020-05-30 06:40:00,544.96,34.8,23.92,13.06,145.04,1,13.33,3.98,10.15,2.37,4.28
2020-05-30 06:45:00,549.7,34.8,23.92,13.3,135.04,1,1.32,2.98,15.15,0.13,4.78
2020-05-30 06:50:00,567.3,35.0,23.92,13.34,135.04,1,3.32,7.98,20.15,4.1,9.78
2020-05-30 06:55:00,569.92,35.0,23.92,13.44,135.04,1,8.32,12.98,25.15,3.4,14.78
2020-05-30 07:00:00,569.92,35.0,23.92,13.39,144.64,1,13.32,17.98,30.15,0.62,0.43
2020-05-30 07:05:00,560.19,34.4,23.92,13.74,184.06,1,3.3,0.97,35.15,2.03,0.43
2020-05-30 07:10:00,557.76,35.0,23.94,13.84,269.63,1,8.3,5.97,0.12,1.62,0.93
2020-05-30 07:15:00,547.58,34.6,24.02,13.88,247.01,1,2.3,2.97,5.12,2.42,1.43
2020-05-30 07:20:00,534.02,34.8,24.02,14.07,237.47,1,1.28,2.95,10.12,1.72,2.92
2020-05-30 07:25:00,508.61,35.0,23.92,14.26,218.02,1,1.28,7.95,4.12,3.52,3.92
2020-05-30 07:30:00,504.13,35.0,23.92,14.21,235.87,1,1.28,12.95,9.12,1.93,1.92
2020-05-30 07:35:00,517.89,35.6,23.92,14.38,218.02,1,1.28,2.95,14.12,1.38,3.92
2020-05-30 07:40:00,532.86,36.0,23.92,14.61,235.42,1,2.28,7.95,19.12,3.55,0.4
2020-05-30 07:45:00,536.96,36.0,23.92,14.75,434.56,1,7.28,12.95,24.12,0.6,0.4
2020-05-30 07:50:00,536.96,35.4,23.97,14.94,362.24,1,12.28,0.1,1.27,0.47,0.4
2020-05-30 07:55:00,536.96,33.4,24.14,15.08,477.12,1,17.28,0.27,3.43,0.2,0.4
2020-05-30 08:00:00,525.76,33.2,24.28,15.36,499.46,1,4.27,0.27,0.92,1.55,1.9
2020-05-30 08:05:00,509.5,33.0,24.36,15.29,372.62,1,1.27,4.27,5.92,0.45,0.38
2020-05-30 08:10:00,498.88,31.8,24.41,15.17,418.56,1,6.27,0.77,1.92,0.3,0.38
2020-05-30 08:15:00,485.95,31.4,24.48,15.29,343.46,1,0.6,2.75,6.92,0.25,0.38
2020-05-30 08:20:00,477.76,31.4,24.56,15.89,480.64,1,5.6,2.75,3.75,1.82,0.38
2020-05-30 08:25:00,477.76,31.0,24.58,15.47,153.6,1,10.6,3.58,8.75,1.18,1.38
2020-05-30 08:30:00,488.0,32.2,24.58,15.27,315.6,1,4.58,0.58,13.75,1.92,0.37
2020-05-30 08:35:00,475.2,31.0,24.58,15.57,135.2,1,3.58,4.08,18.75,4.13,0.37
2020-05-30 08:40:00,472.0,32.2,24.58,15.73,334.43,1,8.58,2.73,23.75,2.37,0.03
2020-05-30 08:45:00,478.53,33.4,24.58,16.13,201.22,1,2.58,1.73,28.75,1.83,1.53
2020-05-30 08:50:00,482.88,34.0,24.58,15.87,118.83,1,7.58,6.73,33.75,1.38,0.53
2020-05-30 08:55:00,482.88,34.8,24.58,15.68,349.63,1,12.58,2.23,38.75,0.13,1.53
2020-05-30 09:00:00,482.88,35.0,24.58,16.12,384.83,1,17.58,7.23,43.75,0.12,0.02
2020-05-30 09:05:00,472.7,35.0,24.58,16.45,214.21,0,2.57,12.23,48.75,0.15,0.02
2020-05-30 09:10:00,465.92,35.0,24.58,16.24,294.0,0,7.57,17.23,53.75,1.57,0.52
2020-05-30 09:15:00,465.92,35.0,24.62,16.64,333.02,0,12.57,22.23,1.72,0.27,0.02
2020-05-30 09:20:00,465.92,35.0,24.68,16.8,367.04,0,17.57,27.23,6.72,0.0,0.02
2020-05-30 09:25:00,465.92,35.0,24.68,16.94,270.02,0,22.57,32.23,11.72,0.38,0.5
2020-05-30 09:30:00,465.92,35.0,24.76,16.8,293.58,0,27.57,37.23,3.2,1.03,0.0
2020-05-30 09:35:00,465.92,34.4,24.78,16.61,142.21,0,32.57,0.2,8.2,1.55,0.0
2020-05-30 09:40:00,463.1,34.0,24.78,16.77,283.81,0,0.53,5.2,13.2,0.03,0.0
2020-05-30 09:45:00,451.84,34.4,24.78,17.03,272.24,0,5.53,0.2,18.2,0.62,0.5
2020-05-30 09:50:00,451.84,34.2,24.9,16.86,213.42,0,10.53,1.18,4.35,1.67,0.0
2020-05-30 09:55:00,451.84,34.0,24.9,16.91,230.8,0,15.53,6.18,9.35,0.1,0.48
2020-05-30 10:00:00,451.84,34.0,24.9,17.01,227.2,0,20.53,11.18,14.35,0.5,0.98
2020-05-30 10:05:00,451.84,34.0,24.9,16.89,249.02,0,25.53,16.18,19.35,2.25,0.48
2020-05-30 10:10:00,451.84,34.0,24.9,17.21,240.96,0,30.53,21.18,24.35,1.37,5.48
2020-05-30 10:15:00,451.84,34.0,24.94,17.38,234.43,0,35.53,26.18,1.5,0.57,2.48
2020-05-30 10:20:00,451.84,34.0,25.0,17.24,226.05,0,40.53,31.18,6.5,0.2,1.47
2020-05-30 10:25:00,451.84,33.8,25.0,17.33,220.64,0,45.53,0.0,11.5,0.28,1.47
2020-05-30 10:30:00,451.84,33.2,25.0,17.54,234.08,0,50.53,0.0,16.5,0.13,6.47
2020-05-30 10:35:00,451.84,33.0,25.0,17.58,212.48,0,55.53,5.0,21.5,2.28,3.47
2020-05-30 10:40:00,451.84,33.0,25.0,17.54,201.25,0,60.53,10.0,26.5,1.38,3.13
2020-05-30 10:45:00,451.84,33.0,25.0,17.38,199.04,0,65.53,15.0,31.5,0.38,8.13
2020-05-30 10:50:00,451.84,33.0,25.0,17.65,199.04,0,70.53,20.0,36.5,0.45,13.13
2020-05-30 10:55:00,451.84,33.0,25.0,17.58,199.04,0,75.53,25.0,41.5,1.68,18.13
2020-05-30 11:00:00,451.84,33.0,25.0,17.58,193.02,0,80.53,30.0,46.5,0.28,0.12
2020-05-30 11:05:00,451.84,33.0,25.0,17.52,190.08,0,85.53,35.0,51.5,3.02,4.62
2020-05-30 11:10:00,451.84,33.0,25.0,17.74,186.88,0,90.53,40.0,56.5,1.17,1.1
2020-05-30 11:15:00,451.84,33.0,25.0,17.79,168.22,0,95.53,45.0,61.5,0.0,0.1
2020-05-30 11:20:00,451.84,33.0,25.0,17.72,153.81,0,100.53,50.0,66.5,0.37,0.6
2020-05-30 11:25:00,451.84,33.0,25.0,17.9,143.04,0,105.53,55.0,71.5,0.48,0.6
2020-05-30 11:30:00,451.84,33.0,25.0,18.11,135.04,0,110.53,60.0,76.5,0.3,5.6
2020-05-30 11:35:00,451.84,33.0,25.06,18.16,130.62,1,115.53,65.0,2.45,0.78,1.6
2020-05-30 11:40:00,451.84,31.8,25.1,18.16,122.0,1,120.53,2.95,7.45,1.52,0.58
2020-05-30 11:45:00,454.02,31.0,25.1,17.97,114.0,1,0.62,7.95,12.45,0.25,5.58
2020-05-30 11:50:00,462.72,30.8,25.1,18.04,108.0,1,5.62,0.95,17.45,2.17,2.58
2020-05-30 11:55:00,466.37,30.6,25.03,18.13,88.0,1,0.62,1.93,2.43,3.5,4.08
2020-05-30 12:00:00,490.43,30.0,24.98,18.14,88.0,1,3.62,6.93,7.43,1.97,9.08
2020-05-30 12:05:00,492.8,30.4,24.98,18.11,88.0,1,8.62,1.93,12.43,0.93,14.08
2020-05-30 12:10:00,492.8,31.0,24.98,18.2,88.0,1,13.62,6.93,17.43,1.03,19.08
2020-05-30 12:15:00,480.96,31.0,24.94,18.32,82.0,1,4.6,11.93,1.58,1.37,2.57
2020-05-30 12:20:00,480.96,31.0,24.88,18.11,78.0,0,9.6,16.93,6.58,1.58,7.57
2020-05-30 12:25:00,470.72,31.0,24.88,18.07,78.0,0,4.6,21.93,11.58,0.18,12.57
2020-05-30 12:30:00,470.72,31.0,24.88,17.9,69.2,0,9.6,26.93,16.58,3.75,3.55
2020-05-30 12:35:00,470.72,31.0,24.88,18.25,67.0,0,14.6,31.93,21.58,0.73,8.55
2020-05-30 12:40:00,470.72,31.0,24.88,18.43,67.0,0,19.6,36.93,26.58,1.68,13.55
2020-05-30 12:45:00,470.72,31.4,24.88,18.07,67.0,0,24.6,3.73,31.58,0.27,18.55
2020-05-30 12:50:00,457.92,31.0,24.88,17.95,67.0,0,4.58,4.07,36.58,0.0,23.55
2020-05-30 12:55:00,457.92,31.0,24.88,18.04,67.0,0,9.58,9.07,41.58,0.02,28.55
2020-05-30 13:00:00,457.92,31.0,24.88,17.79,65.0,0,14.58,14.07,46.58,3.12,0.7
2020-05-30 13:05:00,457.92,31.0,24.88,17.9,57.0,0,19.58,19.07,51.58,0.35,5.7
2020-05-30 13:10:00,457.92,31.0,24.88,18.02,57.0,0,24.58,24.07,56.58,1.05,10.7
2020-05-30 13:15:00,457.92,31.0,24.88,17.88,57.0,0,29.58,29.07,61.58,0.28,15.7
2020-05-30 13:20:00,457.92,31.0,24.86,17.79,57.0,0,34.58,34.07,0.72,2.75,20.7
2020-05-30 13:25:00,457.92,31.0,24.76,17.84,57.0,0,39.58,39.07,5.72,0.37,25.7
2020-05-30 13:30:00,457.92,31.0,24.76,17.84,57.0,1,44.58,44.07,10.72,0.13,30.7
2020-05-30 13:35:00,460.74,31.0,24.76,18.04,57.0,1,0.55,49.07,15.72,0.93,35.7
2020-05-30 13:40:00,472.0,30.6,24.76,17.81,57.0,1,5.55,0.03,20.72,0.25,40.7
2020-05-30 13:45:00,472.0,30.2,24.82,17.65,55.0,1,10.55,0.03,2.7,2.75,0.67
2020-05-30 13:50:00,465.28,30.4,24.86,17.86,47.0,1,2.55,0.03,7.7,0.85,5.67
2020-05-30 13:55:00,460.8,30.0,24.86,17.81,47.0,1,7.55,4.03,12.7,0.12,10.67
2020-05-30 14:00:00,460.8,30.0,24.86,17.58,47.0,1,12.55,9.03,17.7,0.22,15.67
2020-05-30 14:05:00,460.8,30.4,24.86,17.4,47.0,1,17.55,0.02,22.7,0.35,20.67
2020-05-30 14:10:00,467.52,30.0,24.86,17.26,47.0,1,2.53,5.02,27.7,0.93,25.67
2020-05-30 14:15:00,472.0,30.0,24.86,17.26,47.0,1,7.53,10.02,32.7,1.73,30.67
2020-05-30 14:20:00,466.37,30.0,24.86,17.12,47.0,1,1.52,15.02,37.7,1.03,35.67
2020-05-30 14:25:00,457.92,30.0,24.86,17.24,43.0,1,6.52,20.02,42.7,2.17,1.65
2020-05-30 14:30:00,457.92,30.0,24.86,17.15,37.0,1,11.52,25.02,47.7,0.23,6.65
2020-05-30 14:35:00,457.92,30.0,24.84,16.84,37.0,1,16.52,30.02,0.67,1.1,11.65
2020-05-30 14:40:00,468.16,30.0,24.76,16.66,37.0,1,3.52,35.02,5.67,2.62,16.65
2020-05-30 14:45:00,470.72,30.0,24.76,16.45,37.0,1,8.52,40.02,10.67,1.7,21.65
2020-05-30 14:50:00,470.72,30.0,24.76,16.52,37.0,1,13.52,45.02,15.67,1.65,26.65
2020-05-30 14:55:00,470.72,30.0,24.76,16.31,37.0,1,18.52,50.02,20.67,1.87,31.65
2020-05-30 15:00:00,470.72,30.0,24.76,16.34,37.0,1,23.52,55.02,25.67,0.47,36.65
2020-05-30 15:05:00,470.72,30.0,24.76,16.24,37.0,1,28.52,60.02,30.67,2.38,41.65
2020-05-30 15:10:00,470.72,29.8,24.76,16.13,37.0,1,33.52,3.32,35.67,0.58,46.65
2020-05-30 15:15:00,475.2,30.0,24.76,15.99,37.0,1,2.48,8.32,40.67,1.05,51.65
2020-05-30 15:20:00,462.46,29.2,24.66,15.82,37.0,1,2.48,3.32,3.47,3.82,56.65
2020-05-30 15:25:00,461.12,29.6,24.64,15.8,37.0,1,0.48,1.3,8.47,8.82,61.65
2020-05-30 15:30:00,489.02,30.0,24.64,15.78,37.0,1,0.47,6.3,13.47,0.87,66.65
2020-05-30 15:35:00,515.78,30.0,24.64,15.73,31.0,1,3.47,11.3,18.47,1.68,2.27
2020-05-30 15:40:00,515.78,30.0,24.64,15.8,27.0,1,0.47,16.3,23.47,6.68,7.27
2020-05-30 15:45:00,494.98,30.0,24.64,15.68,27.0,1,2.47,21.3,28.47,4.42,12.27
2020-05-30 15:50:00,488.96,30.0,24.52,15.59,27.0,1,7.47,26.3,4.45,3.25,17.27
2020-05-30 15:55:00,488.96,30.0,24.52,15.55,27.0,1,12.47,31.3,9.45,0.83,22.27
2020-05-30 16:00:00,497.66,30.0,24.42,15.41,27.0,1,3.62,36.3,4.12,1.32,27.27
2020-05-30 16:05:00,496.83,30.0,24.36,15.38,27.0,1,0.62,41.3,2.1,2.88,32.27
2020-05-30 16:10:00,484.8,30.0,24.32,15.34,27.0,1,5.62,46.3,7.1,7.88,37.27
2020-05-30 16:15:00,484.8,30.0,24.32,15.34,27.0,1,10.62,51.3,12.1,12.88,42.27
2020-05-30 16:20:00,484.8,30.0,24.32,15.27,27.0,0,15.62,56.3,17.1,2.57,47.27
2020-05-30 16:25:00,484.8,30.8,24.28,15.06,27.0,0,20.62,3.27,1.43,1.4,52.27
2020-05-30 16:30:00,476.1,31.0,24.22,14.94,27.0,0,3.6,8.27,6.43,1.47,57.27
2020-05-30 16:35:00,473.92,31.0,24.22,14.82,27.0,0,8.6,13.27,11.43,1.43,62.27
2020-05-30 16:40:00,464.19,31.0,24.22,14.77,27.0,0,3.6,18.27,16.43,3.77,67.27
2020-05-30 16:45:00,469.06,31.0,24.22,14.68,27.0,0,2.6,23.27,21.43,2.5,72.27
2020-05-30 16:50:00,473.92,31.0,24.22,14.63,27.0,0,7.6,28.27,26.43,7.5,77.27
2020-05-30 16:55:00,461.76,31.0,24.22,14.56,27.0,0,4.58,33.27,31.43,2.02,82.27
2020-05-30 17:00:00,461.76,30.8,24.2,14.42,27.0,0,9.58,0.23,0.4,3.55,87.27
2020-05-30 17:05:00,461.76,30.0,24.1,14.3,27.0,0,14.58,5.23,5.4,3.83,92.27
2020-05-30 17:10:00,461.76,30.0,24.1,14.19,27.0,0,19.58,10.23,10.4,0.03,97.27
2020-05-30 17:15:00,461.76,30.0,24.1,14.05,25.0,0,24.58,15.23,15.4,5.03,0.87
2020-05-30 17:20:00,461.76,30.0,24.1,13.93,17.0,0,29.58,20.23,20.4,4.52,5.87
2020-05-30 17:25:00,461.76,30.0,24.1,13.86,17.0,0,34.58,25.23,25.4,2.42,10.87
2020-05-30 17:30:00,461.76,30.0,24.02,13.81,17.0,0,39.58,30.23,3.22,7.42,15.87
2020-05-30 17:35:00,461.76,30.0,24.0,13.72,17.0,0,44.58,35.23,8.22,3.07,20.87
2020-05-30 17:40:00,461.76,30.0,24.0,13.68,17.0,0,49.58,40.23,13.22,0.97,25.87
2020-05-30 17:45:00,461.76,30.0,24.0,13.56,17.0,0,54.58,45.23,18.22,0.1,30.87
2020-05-30 17:50:00,461.76,30.0,24.0,13.44,17.0,0,59.58,50.23,23.22,0.62,35.87
2020-05-30 17:55:00,461.76,30.0,23.96,13.34,17.0,0,64.58,55.23,1.2,5.62,40.87
2020-05-30 18:00:00,461.76,30.0,23.9,13.23,17.0,0,69.58,60.23,6.2,4.88,45.87
2020-05-30 18:05:00,461.76,30.0,23.9,13.09,0.0,0,74.58,65.23,11.2,0.82,4.85
2020-05-30 18:10:00,461.76,30.0,23.9,12.97,0.0,1,79.58,70.23,16.2,0.57,9.85
2020-05-30 18:15:00,467.39,31.6,23.9,12.85,0.0,1,0.53,0.03,21.2,0.55,14.85
2020-05-30 18:20:00,513.98,32.6,23.98,12.75,0.0,1,3.53,0.18,3.85,5.55,19.85
2020-05-30 18:25:00,509.12,33.2,24.0,12.7,0.0,1,2.53,0.52,8.85,1.35,24.85
2020-05-30 18:30:00,520.77,32.2,24.0,12.61,0.0,1,2.53,1.68,13.85,0.85,29.85
2020-05-30 18:35:00,528.0,31.0,24.0,12.45,0.0,1,7.53,6.68,18.85,2.93,34.85
2020-05-30 18:40:00,521.86,30.8,24.0,12.35,0.0,1,2.52,0.68,23.85,1.5,39.85
2020-05-30 18:45:00,503.3,30.0,24.0,12.26,0.0,1,0.52,5.68,28.85,0.2,44.85
2020-05-30 18:50:00,492.8,30.0,24.0,12.11,0.0,1,5.52,10.68,33.85,1.75,49.85
2020-05-30 18:55:00,492.8,30.0,24.0,11.97,0.0,1,10.52,15.68,38.85,2.98,54.85
2020-05-30 19:00:00,492.8,30.0,24.0,11.92,0.0,1,15.52,20.68,43.85,7.98,59.85
2020-05-30 19:05:00,492.8,30.0,24.0,11.8,0.0,1,20.52,25.68,48.85,4.5,64.85
2020-05-30 19:10:00,492.8,30.0,23.94,11.7,0.0,1,25.52,30.68,2.82,3.02,69.85
2020-05-30 19:15:00,492.8,30.0,23.9,11.61,0.0,1,30.52,35.68,7.82,2.32,74.85
2020-05-30 19:20:00,492.8,30.0,23.9,11.49,0.0,1,35.52,40.68,12.82,2.87,79.85
2020-05-30 19:25:00,492.8,30.0,23.9,11.39,0.0,1,40.52,45.68,17.82,1.97,84.85
2020-05-30 19:30:00,492.8,30.0,23.82,11.27,0.0,1,45.52,50.68,3.82,1.88,89.85
2020-05-30 19:35:00,492.8,30.0,23.8,11.2,0.0,1,50.52,55.68,8.82,6.88,94.85
2020-05-30 19:40:00,492.8,29.8,23.8,11.08,0.0,1,55.52,3.47,13.82,4.37,99.85
2020-05-30 19:45:00,502.53,30.0,23.8,11.08,0.0,1,3.48,8.47,18.82,9.37,104.85
2020-05-30 19:50:00,513.22,30.0,23.8,11.01,0.0,1,2.48,13.47,23.82,2.0,109.85
2020-05-30 19:55:00,531.52,30.0,23.8,10.94,0.0,1,3.48,18.47,28.82,0.27,114.85
2020-05-30 20:00:00,542.91,30.0,23.8,10.79,0.0,1,3.47,23.47,33.82,1.48,119.85
2020-05-30 20:05:00,544.96,30.0,23.8,10.72,0.0,1,8.47,28.47,38.82,6.48,124.85
2020-05-30 20:10:00,544.96,29.8,23.8,10.6,0.0,1,13.47,0.45,43.82,4.03,129.85
2020-05-30 20:15:00,544.96,29.6,23.8,10.55,0.0,1,18.47,0.45,48.82,1.68,134.85
2020-05-30 20:20:00,545.6,29.6,23.8,10.38,0.0,1,0.45,2.45,53.82,3.28,139.85
2020-05-30 20:25:00,591.17,30.0,23.8,10.34,0.0,1,0.95,7.45,58.82,0.72,144.85
2020-05-30 20:30:00,636.42,30.0,23.87,10.24,0.0,1,0.95,12.45,2.93,5.72,149.85
2020-05-30 20:35:00,664.96,30.0,23.92,10.12,0.0,1,5.95,17.45,7.93,4.5,154.85
2020-05-30 20:40:00,660.86,30.0,23.92,9.95,0.0,1,1.12,22.45,12.93,1.45,159.85
2020-05-30 20:45:00,648.83,30.0,23.98,9.81,0.0,1,1.1,27.45,2.93,2.43,164.85
2020-05-30 20:50:00,640.0,30.0,24.02,9.83,0.0,1,6.1,32.45,7.93,2.37,169.85
2020-05-30 20:55:00,644.74,30.0,24.02,9.76,0.0,1,1.1,37.45,12.93,4.53,174.85
2020-05-30 21:00:00,651.84,30.0,24.02,9.83,0.0,1,6.1,42.45,17.93,2.95,179.85
2020-05-30 21:05:00,630.27,30.0,24.02,9.76,0.0,1,0.1,47.45,22.93,4.88,184.85
2020-05-30 21:10:00,584.0,30.0,24.02,9.58,0.0,1,0.1,52.45,27.93,2.63,189.85
2020-05-30 21:15:00,604.74,30.0,24.02,9.64,0.0,1,1.08,57.45,32.93,4.07,194.85
2020-05-30 21:20:00,596.35,30.0,24.02,9.52,0.0,1,1.08,62.45,37.93,0.62,199.85
2020-05-30 21:25:00,571.01,30.2,24.02,9.52,0.0,1,0.08,0.9,42.93,3.3,204.85
2020-05-30 21:30:00,597.89,30.2,23.98,9.42,0.0,1,1.08,3.9,1.57,4.52,209.85
2020-05-30 21:35:00,617.09,30.0,23.92,9.32,0.0,1,1.08,8.9,6.57,3.35,214.85
2020-05-30 21:40:00,620.48,30.0,23.92,9.35,0.0,1,1.08,13.9,11.57,1.7,219.85
2020-05-30 21:45:00,599.55,30.0,23.82,9.42,0.0,1,0.07,18.9,4.4,6.7,224.85
2020-05-30 21:50:00,592.19,30.0,23.82,9.32,0.0,1,1.07,23.9,9.4,3.52,229.85
2020-05-30 21:55:00,598.72,30.0,23.82,9.3,0.0,0,6.07,28.9,14.4,8.52,234.85
2020-05-30 22:00:00,593.22,30.0,23.82,9.18,0.0,0,1.07,33.9,19.4,4.6,239.85
2020-05-30 22:05:00,584.96,30.0,23.82,9.18,0.0,0,6.07,38.9,24.4,9.6,244.85
2020-05-30 22:10:00,584.96,30.0,23.74,9.11,0.0,0,11.07,43.9,3.38,2.83,249.85
2020-05-30 22:15:00,575.23,30.0,23.72,9.02,0.0,0,3.05,48.9,8.38,1.6,254.85
2020-05-30 22:20:00,572.8,30.0,23.72,8.94,0.0,1,8.05,53.9,13.38,0.57,259.85
2020-05-30 22:25:00,572.8,30.0,23.72,8.84,0.0,1,13.05,58.9,18.38,5.57,264.85
2020-05-30 22:30:00,572.8,30.2,23.72,8.84,0.0,1,18.05,2.03,23.38,10.57,269.85
2020-05-30 22:35:00,572.8,30.2,23.72,8.77,0.0,1,23.05,0.03,28.38,2.08,274.85
2020-05-30 22:40:00,568.45,31.0,23.72,8.72,0.0,1,1.03,5.03,33.38,7.08,279.85
2020-05-30 22:45:00,571.52,31.0,23.72,8.65,0.0,0,2.03,10.03,38.38,2.8,284.85
2020-05-30 22:50:00,577.92,31.0,23.72,8.7,0.0,0,7.03,15.03,43.38,3.75,289.85
2020-05-30 22:55:00,577.92,31.0,23.72,8.72,0.0,1,12.03,20.03,48.38,8.75,294.85
2020-05-30 23:00:00,577.92,31.0,23.72,8.72,0.0,1,17.03,25.03,53.38,13.75,299.85
2020-05-30 23:05:00,577.92,31.0,23.72,8.72,0.0,1,22.03,30.03,58.38,18.75,304.85
2020-05-30 23:10:00,577.92,31.0,23.72,8.65,0.0,1,27.03,35.03,63.38,2.97,309.85
2020-05-30 23:15:00,577.92,31.0,23.72,8.7,0.0,1,32.03,40.03,68.38,3.27,314.85
2020-05-30 23:20:00,577.92,31.0,23.72,8.65,0.0,1,37.03,45.03,73.38,2.47,319.85
2020-05-30 23:25:00,577.92,31.0,23.72,8.67,0.0,1,42.03,50.03,78.38,2.82,324.85
2020-05-30 23:30:00,577.92,31.0,23.72,8.54,0.0,1,47.03,55.03,83.38,2.9,329.85
2020-05-30 23:35:00,577.92,31.0,23.72,8.5,0.0,1,52.03,60.03,88.38,7.9,334.85
2020-05-30 23:40:00,575.68,31.0,23.72,8.5,0.0,1,0.0,65.03,93.38,12.9,339.85
2020-05-30 23:45:00,566.72,31.0,23.72,8.38,0.0,1,5.0,70.03,98.38,4.67,344.85
2020-05-30 23:50:00,577.98,31.0,23.72,8.38,0.0,1,3.0,75.03,103.38,9.67,349.85
2020-05-30 23:55:00,578.62,31.0,23.72,8.38,0.0,1,0.0,80.03,108.38,14.67,354.85
2020-05-31 00:00:00,569.92,31.0,23.72,8.38,0.0,1,5.0,85.03,113.38,19.67,359.85
2020-05-31 00:05:00,569.92,31.0,23.72,8.38,0.0,1,10.0,90.03,118.38,24.67,364.85
2020-05-31 00:10:00,569.92,31.0,23.72,8.26,0.0,0,15.0,95.03,123.38,4.42,369.85
2020-05-31 00:15:00,569.92,31.0,23.72,8.23,0.0,0,20.0,100.03,128.38,0.42,374.85
2020-05-31 00:20:00,569.92,31.0,23.72,8.13,0.0,0,25.0,105.03,133.38,5.42,379.85
2020-05-31 00:25:00,569.92,31.0,23.72,8.13,0.0,1,30.0,110.03,138.38,10.42,384.85
2020-05-31 00:30:00,569.92,31.0,23.72,8.13,0.0,1,35.0,115.03,143.38,15.42,389.85
2020-05-31 00:35:00,569.92,31.0,23.72,8.13,0.0,1,40.0,120.03,148.38,20.42,394.85
2020-05-31 00:40:00,569.92,31.0,23.72,8.08,0.0,1,45.0,125.03,153.38,1.1,399.85
2020-05-31 00:45:00,574.66,31.0,23.72,8.01,0.0,1,1.97,130.03,158.38,6.1,404.85
2020-05-31 00:50:00,581.76,31.0,23.72,8.01,0.0,1,6.97,135.03,163.38,11.1,409.85
2020-05-31 00:55:00,581.76,31.0,23.72,8.01,0.0,1,11.97,140.03,168.38,16.1,414.85
2020-05-31 01:00:00,579.01,31.0,23.72,8.01,0.0,1,0.95,145.03,173.38,21.1,419.85
2020-05-31 01:05:00,568.0,31.0,23.72,7.94,0.0,1,5.95,150.03,178.38,2.82,424.85
2020-05-31 01:10:00,568.0,31.0,23.72,7.89,0.0,1,10.95,155.03,183.38,7.82,429.85
2020-05-31 01:15:00,568.0,31.0,23.72,7.89,0.0,1,15.95,160.03,188.38,12.82,434.85
2020-05-31 01:20:00,568.0,31.0,23.72,7.89,0.0,0,20.95,165.03,193.38,17.82,439.85
2020-05-31 01:25:00,568.0,31.0,23.72,7.89,0.0,0,25.95,170.03,198.38,22.82,444.85
2020-05-31 01:30:00,568.0,31.0,23.72,7.89,0.0,0,30.95,175.03,203.38,27.82,449.85
2020-05-31 01:35:00,568.0,31.0,23.72,7.89,0.0,0,35.95,180.03,208.38,32.82,454.85
2020-05-31 01:40:00,568.0,31.0,23.72,7.89,0.0,0,40.95,185.03,213.38,37.82,459.85
2020-05-31 01:45:00,568.0,31.0,23.72,7.89,0.0,0,45.95,190.03,218.38,42.82,464.85
2020-05-31 01:50:00,565.76,31.0,23.72,7.89,0.0,0,0.08,195.03,223.38,47.82,469.85
2020-05-31 01:55:00,556.8,31.0,23.72,8.01,0.0,1,5.08,200.03,228.38,4.98,474.85
2020-05-31 02:00:00,559.42,31.4,23.72,8.03,0.0,1,0.08,0.73,233.38,0.03,479.85
2020-05-31 02:05:00,569.92,33.0,23.72,8.13,0.0,1,5.08,4.4,238.38,5.03,484.85
2020-05-31 02:10:00,574.27,33.0,23.72,8.13,0.0,1,1.07,9.4,243.38,10.03,489.85
2020-05-31 02:15:00,572.48,33.0,23.72,8.13,0.0,1,1.07,0.23,248.38,15.03,494.85
2020-05-31 02:20:00,556.86,33.0,23.72,8.21,0.0,1,0.07,0.22,253.38,2.5,499.85
2020-05-31 02:25:00,570.43,33.0,23.72,8.26,0.0,1,1.07,4.72,258.38,7.5,504.85
2020-05-31 02:30:00,575.1,33.0,23.72,8.33,0.0,1,0.07,0.38,263.38,2.58,509.85
2020-05-31 02:35:00,560.0,32.2,23.72,8.47,0.0,1,5.07,0.22,268.38,0.52,514.85
2020-05-31 02:40:00,560.0,32.6,23.72,8.6,0.0,1,10.07,0.22,273.38,5.52,519.85
2020-05-31 02:45:00,560.0,32.6,23.72,8.7,0.0,1,15.07,0.7,278.38,3.92,524.85
2020-05-31 02:50:00,560.0,33.0,23.72,8.82,0.0,1,20.07,5.7,283.38,3.87,529.85
2020-05-31 02:55:00,562.56,33.0,23.72,8.89,0.0,1,0.05,10.7,288.38,1.88,534.85
2020-05-31 03:00:00,572.8,33.0,23.72,9.06,0.0,1,5.05,15.7,293.38,4.43,539.85
2020-05-31 03:05:00,564.35,33.0,23.72,9.16,0.0,1,2.05,20.7,298.38,3.02,544.85
2020-05-31 03:10:00,570.18,33.0,23.72,9.3,0.0,0,0.03,25.7,303.38,0.82,549.85
2020-05-31 03:15:00,587.84,33.0,23.72,9.44,0.0,1,5.03,30.7,308.38,0.82,554.85
2020-05-31 03:20:00,582.59,33.0,23.72,9.56,0.0,1,1.03,35.7,313.38,1.9,559.85
2020-05-31 03:25:00,568.19,33.0,23.72,9.71,0.0,1,2.03,40.7,318.38,2.65,564.85
2020-05-31 03:30:00,563.84,33.0,23.72,9.83,0.0,1,7.03,45.7,323.38,2.68,569.85
2020-05-31 03:35:00,563.84,33.0,23.62,10.02,0.0,1,12.03,50.7,3.18,0.42,574.85
2020-05-31 03:40:00,563.84,33.0,23.6,10.24,0.0,1,17.03,55.7,8.18,0.83,579.85
2020-05-31 03:45:00,554.37,33.0,23.6,10.36,0.0,1,3.02,60.7,13.18,5.83,584.85
2020-05-31 03:50:00,552.0,33.0,23.6,10.41,0.0,1,8.02,65.7,18.18,1.83,589.85
2020-05-31 03:55:00,552.0,33.0,23.6,10.65,0.0,1,13.02,70.7,23.18,1.18,594.85
2020-05-31 04:00:00,552.0,33.0,23.5,10.7,0.0,1,18.02,75.7,4.33,0.83,599.85
2020-05-31 04:05:00,564.8,33.0,23.5,10.98,0.0,1,3.0,80.7,9.33,1.95,604.85
2020-05-31 04:10:00,568.0,33.0,23.5,11.22,0.0,1,8.0,85.7,14.33,0.05,609.85
2020-05-31 04:15:00,568.0,33.0,23.48,11.58,0.0,1,13.0,90.7,0.32,1.77,614.85
2020-05-31 04:20:00,562.37,33.2,23.4,11.7,0.0,1,1.0,0.65,5.32,0.63,619.85
2020-05-31 04:25:00,553.92,34.0,23.4,11.94,0.0,1,6.0,5.65,10.32,1.08,624.85
2020-05-31 04:30:00,556.1,34.0,23.4,11.94,8.0,1,0.98,10.65,15.32,0.08,3.95
2020-05-31 04:35:00,564.8,34.0,23.4,12.21,10.0,1,5.98,15.65,20.32,0.3,8.95
2020-05-31 04:40:00,564.8,34.0,23.4,12.26,10.0,1,10.98,20.65,25.32,1.33,13.95
2020-05-31 04:45:00,558.78,34.0,23.4,12.33,2.0,1,1.98,25.65,30.32,2.12,3.93
2020-05-31 04:50:00,549.76,34.0,23.4,12.56,0.0,1,6.98,30.65,35.32,1.93,8.93
2020-05-31 04:55:00,556.61,34.0,23.4,12.63,0.0,1,0.97,35.65,40.32,6.93,13.93
2020-05-31 05:00:00,549.06,34.0,23.46,12.75,0.0,0,1.97,40.65,2.28,4.43,18.93
2020-05-31 05:05:00,545.86,34.0,23.5,12.85,0.0,0,1.97,45.65,7.28,0.63,23.93
2020-05-31 05:10:00,564.8,34.0,23.5,13.11,0.0,0,4.97,50.65,12.28,1.7,28.93
2020-05-31 05:15:00,571.97,34.0,23.5,13.32,0.0,0,1.97,55.65,17.28,3.17,33.93
2020-05-31 05:20:00,582.72,34.4,23.58,13.48,0.0,1,6.97,1.12,3.28,1.97,38.93
2020-05-31 05:25:00,582.72,35.0,23.64,13.58,0.0,1,11.97,6.12,1.1,6.97,43.93
2020-05-31 05:30:00,582.72,34.6,23.7,13.74,0.0,1,16.97,1.1,6.1,0.48,48.93
2020-05-31 05:35:00,582.72,34.0,23.77,13.81,0.0,1,21.97,6.1,2.1,4.68,53.93
2020-05-31 05:40:00,582.72,34.2,23.84,13.93,0.0,1,26.97,0.27,0.43,0.92,58.93
2020-05-31 05:45:00,582.72,34.0,23.94,14.31,0.0,1,31.97,4.27,0.42,1.73,63.93
2020-05-31 05:50:00,555.46,34.0,24.06,14.45,0.0,1,1.93,9.27,0.42,1.65,68.93
2020-05-31 05:55:00,556.8,34.0,24.2,14.66,0.0,1,1.93,14.27,1.42,0.67,73.93
2020-05-31 06:00:00,567.3,34.0,24.32,15.06,0.0,1,0.93,19.27,2.42,0.68,78.93
2020-05-31 06:05:00,556.8,34.0,24.43,15.17,0.0,1,5.93,24.27,2.42,0.8,83.93
2020-05-31 06:10:00,565.76,33.2,24.55,15.12,0.0,1,3.92,3.42,2.9,0.47,88.93
2020-05-31 06:15:00,563.52,33.8,24.68,15.36,0.0,1,1.92,3.42,3.4,2.18,93.93
2020-05-31 06:20:00,556.8,33.0,24.77,15.47,0.0,1,6.92,4.4,2.4,0.95,98.93
2020-05-31 06:25:00,556.8,33.0,24.9,15.64,6.0,1,11.92,9.4,3.9,2.37,2.03
2020-05-31 06:30:00,556.8,36.4,24.96,15.68,8.8,1,16.92,0.23,1.9,3.02,3.53
2020-05-31 06:35:00,593.54,47.6,25.12,15.94,11.0,1,0.07,0.73,4.07,0.1,8.53
2020-05-31 06:40:00,626.88,44.6,25.26,16.08,6.2,1,5.07,0.88,4.05,1.98,1.53
2020-05-31 06:45:00,617.15,41.4,25.4,16.13,0.0,1,3.07,2.88,0.38,2.28,4.03
2020-05-31 06:50:00,614.72,40.8,25.52,16.36,4.0,1,8.07,0.72,0.38,3.18,0.02
2020-05-31 06:55:00,621.57,41.0,25.66,16.61,208.0,1,0.05,4.72,2.05,0.95,1.52
2020-05-31 07:00:00,653.82,37.6,25.85,16.45,202.98,1,0.05,1.22,1.03,0.1,2.02
2020-05-31 07:05:00,576.9,32.6,25.94,16.68,196.96,1,0.05,0.87,6.03,2.22,7.02
2020-05-31 07:10:00,493.95,32.2,26.04,17.08,177.76,1,1.05,0.37,4.03,0.83,2.52
2020-05-31 07:15:00,474.05,31.0,26.04,17.03,165.81,1,2.05,5.37,9.03,1.25,2.5
2020-05-31 07:20:00,468.8,31.0,26.04,17.33,158.62,1,7.05,3.2,14.03,1.47,0.5
2020-05-31 07:25:00,468.8,31.0,26.04,17.44,151.62,1,12.05,8.2,19.03,0.65,1.5
2020-05-31 07:30:00,468.8,30.8,26.04,17.56,153.82,1,17.05,2.2,24.03,0.07,0.0
2020-05-31 07:35:00,468.8,30.4,26.04,17.61,150.0,1,22.05,2.18,29.03,0.22,5.0
2020-05-31 07:40:00,464.06,30.6,25.98,17.97,156.8,1,1.03,1.18,2.02,1.07,0.98
2020-05-31 07:45:00,456.96,30.0,26.0,18.23,146.42,1,6.03,0.35,2.02,4.15,1.48
2020-05-31 07:50:00,456.96,30.2,26.06,18.36,143.84,1,11.03,3.68,0.35,0.88,1.98
2020-05-31 07:55:00,456.96,29.2,26.16,18.28,136.42,1,16.03,2.68,5.35,3.22,2.15
2020-05-31 08:00:00,456.96,29.0,26.16,18.37,150.22,1,21.03,0.67,10.35,1.48,2.15
2020-05-31 08:05:00,456.96,28.8,26.04,18.43,149.04,1,26.03,0.67,4.33,0.67,4.15
2020-05-31 08:10:00,456.96,29.2,26.11,18.36,146.43,1,31.03,3.67,2.33,3.32,0.13
2020-05-31 08:15:00,456.96,29.0,26.16,18.41,147.2,1,36.03,8.67,7.33,0.5,0.63
2020-05-31 08:20:00,456.96,28.6,26.26,18.76,143.01,1,41.03,0.5,4.32,2.12,0.13
2020-05-31 08:25:00,456.96,27.8,26.26,18.73,136.82,1,46.03,0.15,9.32,2.22,1.63
2020-05-31 08:30:00,456.96,28.2,26.34,18.8,139.04,1,51.03,1.48,3.65,0.52,6.63
2020-05-31 08:35:00,450.24,27.8,26.36,18.99,139.04,1,2.0,0.65,8.65,0.13,11.63
2020-05-31 08:40:00,445.76,28.6,26.38,19.03,139.04,1,7.0,0.65,0.65,1.0,16.63
2020-05-31 08:45:00,445.76,28.2,26.48,19.08,139.04,1,12.0,1.48,5.65,0.02,21.63
2020-05-31 08:50:00,445.76,29.0,26.56,19.12,130.21,1,17.0,6.48,3.3,1.52,3.62
2020-05-31 08:55:00,445.76,29.0,26.58,19.24,126.0,1,22.0,11.48,8.3,0.17,0.6
2020-05-31 09:00:00,445.76,28.4,26.58,18.89,118.0,1,27.0,2.47,13.3,1.47,5.6
2020-05-31 09:05:00,456.0,28.6,26.58,18.74,117.81,1,4.98,1.47,18.3,0.07,0.1
2020-05-31 09:10:00,456.0,28.0,26.58,19.26,126.0,1,9.98,4.47,23.3,0.68,4.6
2020-05-31 09:15:00,456.0,28.2,26.58,19.03,118.0,1,14.98,3.45,28.3,0.3,3.6
2020-05-31 09:20:00,456.0,28.0,26.58,18.96,116.0,1,19.98,8.45,33.3,2.22,8.6
2020-05-31 09:25:00,456.0,28.0,26.58,19.33,116.0,1,24.98,13.45,38.3,0.67,13.6
2020-05-31 09:30:00,456.0,28.0,26.58,19.43,109.42,1,29.98,18.45,43.3,1.07,2.08
2020-05-31 09:35:00,456.0,28.0,26.64,19.4,105.04,1,34.98,23.45,2.27,0.07,7.08
2020-05-31 09:40:00,451.9,27.8,26.68,19.38,105.04,1,1.95,0.43,7.27,5.07,12.08
2020-05-31 09:45:00,445.76,28.0,26.68,19.68,105.04,1,6.95,5.43,12.27,0.0,17.08
2020-05-31 09:50:00,445.76,27.4,26.66,19.24,105.04,1,11.95,2.43,0.27,1.2,22.08
2020-05-31 09:55:00,448.19,27.0,26.58,19.54,100.62,1,0.93,7.43,5.27,0.33,1.73
2020-05-31 10:00:00,452.67,27.4,26.58,19.68,94.0,1,1.93,2.43,10.27,0.03,6.73
2020-05-31 10:05:00,444.8,27.4,26.58,19.49,94.0,1,6.93,1.43,15.27,5.03,11.73
2020-05-31 10:10:00,444.8,27.0,26.58,19.65,94.0,1,11.93,6.43,20.27,1.63,16.73
2020-05-31 10:15:00,444.8,27.0,26.52,19.47,94.0,1,16.93,11.43,2.25,1.2,21.73
2020-05-31 10:20:00,444.8,27.0,26.48,19.61,94.0,1,21.93,16.43,7.25,0.18,26.73
2020-05-31 10:25:00,444.8,26.6,26.48,19.74,90.0,1,26.93,2.92,12.25,0.43,1.22
2020-05-31 10:30:00,444.8,27.0,26.48,19.84,84.0,1,31.93,7.92,17.25,1.18,6.22
2020-05-31 10:35:00,447.04,26.6,26.48,19.77,84.0,1,0.92,0.4,22.25,0.78,11.22
2020-05-31 10:40:00,456.0,27.0,26.48,19.61,84.0,1,5.92,1.23,27.25,5.78,16.22
2020-05-31 10:45:00,456.0,26.6,26.48,19.77,84.0,1,10.92,0.9,32.25,0.08,21.22
2020-05-31 10:50:00,456.0,25.4,26.36,19.7,78.0,1,15.92,0.4,4.4,0.4,2.7
2020-05-31 10:55:00,456.0,26.2,26.36,20.04,74.0,1,20.92,2.4,9.4,0.2,7.7
2020-05-31 11:00:00,456.0,25.4,26.36,20.16,74.0,1,25.92,2.22,14.4,2.18,12.7
2020-05-31 11:05:00,456.0,25.0,26.36,20.18,74.0,1,30.92,7.22,19.4,2.03,17.7
2020-05-31 11:10:00,456.0,25.0,26.36,20.11,74.0,1,35.92,12.22,24.4,1.1,22.7
2020-05-31 11:15:00,456.0,25.0,26.36,20.11,70.0,1,40.92,17.22,29.4,0.37,1.68
2020-05-31 11:20:00,456.0,25.0,26.36,20.16,64.0,1,45.92,22.22,34.4,0.67,6.68
2020-05-31 11:25:00,456.0,25.0,26.3,20.39,64.0,1,50.92,27.22,2.37,1.77,11.68
2020-05-31 11:30:00,456.0,24.6,26.26,20.48,64.0,1,55.92,1.2,7.37,0.33,16.68
2020-05-31 11:35:00,461.12,24.4,26.1,20.96,64.0,1,1.03,0.37,0.03,1.33,21.68
2020-05-31 11:40:00,468.8,26.6,26.02,20.85,53.0,1,6.03,0.2,5.03,0.7,4.67
2020-05-31 11:45:00,468.8,25.0,26.02,20.71,53.0,1,11.03,2.2,10.03,1.07,9.67
2020-05-31 11:50:00,468.8,25.0,26.02,20.46,53.0,1,16.03,7.2,15.03,1.28,14.67
2020-05-31 11:55:00,468.8,25.0,26.02,20.44,53.0,1,21.03,12.2,20.03,0.58,19.67
2020-05-31 12:00:00,468.8,25.0,26.02,20.53,43.0,1,26.03,17.2,25.03,4.75,4.32
2020-05-31 12:05:00,462.27,24.6,25.96,20.55,43.0,1,2.02,0.18,2.02,0.47,9.32
2020-05-31 12:10:00,460.1,24.6,25.92,20.6,43.0,1,0.02,2.18,7.02,0.08,14.32
2020-05-31 12:15:00,468.8,24.8,25.92,20.64,43.0,1,5.02,0.17,12.02,1.38,19.32
2020-05-31 12:20:00,468.8,24.8,25.84,20.62,43.0,1,10.02,0.17,3.5,3.92,24.32
2020-05-31 12:25:00,468.8,25.0,25.82,20.6,43.0,0,15.02,4.17,8.5,0.02,29.32
2020-05-31 12:30:00,468.8,25.0,25.82,20.96,43.0,0,20.02,9.17,13.5,0.07,34.32
2020-05-31 12:35:00,468.8,24.8,25.82,20.71,35.0,0,25.02,3.17,18.5,0.93,3.8
2020-05-31 12:40:00,468.8,24.6,25.82,21.01,33.0,0,30.02,0.15,23.5,2.33,8.8
2020-05-31 12:45:00,464.06,25.0,25.82,20.78,33.0,0,1.0,4.15,28.5,0.03,13.8
2020-05-31 12:50:00,456.96,24.8,25.82,21.37,33.0,1,6.0,2.15,33.5,3.23,18.8
2020-05-31 12:55:00,456.96,25.0,25.82,21.21,33.0,1,11.0,7.15,38.5,0.22,23.8
2020-05-31 13:00:00,467.14,24.8,25.82,21.42,33.0,1,2.98,3.15,43.5,0.6,28.8
2020-05-31 13:05:00,473.92,25.0,25.82,21.35,33.0,1,7.98,8.15,48.5,0.33,33.8
2020-05-31 13:10:00,460.8,24.6,25.82,21.3,33.0,1,4.98,0.13,53.5,0.23,38.8
2020-05-31 13:15:00,460.8,24.6,25.74,20.99,33.0,1,9.98,2.13,3.63,2.0,43.8
2020-05-31 13:20:00,449.92,25.0,25.72,21.26,33.0,0,4.98,7.13,8.63,0.55,48.8
2020-05-31 13:25:00,449.92,24.6,25.72,20.92,33.0,0,9.98,0.12,13.63,0.12,53.8
2020-05-31 13:30:00,449.92,24.6,25.6,20.71,33.0,0,14.98,0.12,4.12,1.95,58.8
2020-05-31 13:35:00,449.92,25.0,25.6,21.01,33.0,0,19.98,4.12,9.12,0.03,63.8
2020-05-31 13:40:00,449.92,25.4,25.6,21.3,25.0,0,24.98,2.95,14.12,0.88,3.42
2020-05-31 13:45:00,449.92,25.0,25.54,21.17,23.0,0,29.98,7.95,2.12,1.23,8.42
2020-05-31 13:50:00,449.92,25.0,25.5,20.71,23.0,0,34.98,12.95,7.12,2.02,13.42
2020-05-31 13:55:00,449.92,25.0,25.5,21.03,23.0,0,39.98,17.95,12.12,0.65,18.42
2020-05-31 14:00:00,449.92,25.0,25.5,21.08,23.0,0,44.98,22.95,17.12,1.5,23.42
2020-05-31 14:05:00,449.92,25.0,25.5,20.98,23.0,0,49.98,27.95,22.12,0.1,28.42
2020-05-31 14:10:00,449.92,25.0,25.42,20.6,23.0,0,54.98,32.95,3.6,0.18,33.42
2020-05-31 14:15:00,449.92,25.0,25.4,20.83,23.0,0,59.98,37.95,8.6,2.98,38.42
2020-05-31 14:20:00,449.92,24.8,25.4,20.57,23.0,0,64.98,0.93,13.6,2.67,43.42
2020-05-31 14:25:00,449.92,25.0,25.4,20.39,23.0,0,69.98,5.93,18.6,0.33,48.42
2020-05-31 14:30:00,449.92,24.6,25.3,19.97,23.0,0,74.98,1.92,4.58,3.62,53.42
2020-05-31 14:35:00,449.92,24.8,25.3,19.91,23.0,0,79.98,3.92,9.58,1.5,58.42
2020-05-31 14:40:00,449.92,24.8,25.3,20.04,23.0,1,84.98,1.92,14.58,1.07,63.42
2020-05-31 14:45:00,449.92,24.8,25.3,20.02,23.0,1,89.98,0.92,19.58,2.53,68.42
2020-05-31 14:50:00,449.92,24.6,25.3,19.93,23.0,1,94.98,0.9,24.58,0.82,73.42
2020-05-31 14:55:00,449.92,24.8,25.3,19.88,23.0,1,99.98,0.9,29.58,1.13,78.42
2020-05-31 15:00:00,449.92,24.8,25.3,19.88,23.0,1,104.98,0.9,34.58,2.4,83.42
2020-05-31 15:05:00,449.92,24.4,25.3,19.74,23.0,1,109.98,0.9,39.58,3.55,88.42
2020-05-31 15:10:00,449.92,24.2,25.3,19.59,23.0,1,114.98,0.9,44.58,0.45,93.42
2020-05-31 15:15:00,449.92,24.2,25.3,19.56,27.2,1,119.98,2.88,49.58,2.12,0.87
2020-05-31 15:20:00,467.71,24.4,25.3,19.59,44.0,1,0.9,0.88,54.58,0.07,5.87
2020-05-31 15:25:00,478.72,24.4,25.3,19.35,44.0,1,5.9,1.88,59.58,1.17,10.87
2020-05-31 15:30:00,478.72,24.4,25.3,19.24,44.0,1,10.9,1.88,64.58,3.08,15.87
2020-05-31 15:35:00,475.97,24.2,25.19,19.19,44.0,1,0.88,0.88,3.53,2.02,20.87
2020-05-31 15:40:00,462.91,24.0,25.16,19.15,44.0,1,0.88,5.88,8.53,7.02,25.87
2020-05-31 15:45:00,454.72,24.8,25.16,19.08,44.0,1,5.88,3.87,13.53,2.17,30.87
2020-05-31 15:50:00,454.72,25.0,25.18,19.03,44.0,1,10.88,8.87,0.53,7.17,35.87
2020-05-31 15:55:00,458.82,25.0,25.26,18.92,44.0,1,1.87,13.87,5.53,4.7,40.87
2020-05-31 16:00:00,464.96,25.0,25.26,18.92,44.0,1,6.87,18.87,10.53,9.7,45.87
2020-05-31 16:05:00,464.96,25.0,25.26,18.92,44.0,1,11.87,23.87,15.53,14.7,50.87
2020-05-31 16:10:00,464.96,25.0,25.26,18.92,44.0,1,16.87,28.87,20.53,19.7,55.87
2020-05-31 16:15:00,453.76,25.0,25.26,18.8,44.0,1,4.87,33.87,25.53,1.38,60.87
2020-05-31 16:20:00,453.76,25.0,25.26,18.69,44.0,1,9.87,38.87,30.53,6.38,65.87
2020-05-31 16:25:00,453.76,25.0,25.26,18.67,44.0,1,14.87,43.87,35.53,0.07,70.87
2020-05-31 16:30:00,453.76,25.0,25.26,18.53,36.0,1,19.87,48.87,40.53,1.4,3.98
2020-05-31 16:35:00,453.76,25.0,25.26,18.39,34.0,1,24.87,53.87,45.53,2.72,8.98
2020-05-31 16:40:00,457.86,25.0,25.26,18.27,34.0,1,1.02,58.87,50.53,2.62,13.98
2020-05-31 16:45:00,464.0,25.0,25.26,18.21,34.0,1,6.02,63.87,55.53,0.83,18.98
2020-05-31 16:50:00,464.0,25.0,25.26,18.11,34.0,1,11.02,68.87,60.53,5.83,23.98
2020-05-31 16:55:00,464.0,25.0,25.26,18.04,34.0,1,16.02,73.87,65.53,2.95,28.98
2020-05-31 17:00:00,464.0,25.0,25.16,18.0,34.0,1,21.02,78.87,4.48,7.95,33.98
2020-05-31 17:05:00,456.13,25.0,25.16,17.86,34.0,1,2.0,83.87,9.48,0.12,38.98
2020-05-31 17:10:00,450.88,25.0,25.16,17.75,26.0,1,7.0,88.87,14.48,0.92,3.95
2020-05-31 17:15:00,461.76,25.0,25.16,17.56,24.0,1,4.0,93.87,19.48,3.38,8.95
2020-05-31 17:20:00,461.76,25.0,25.16,17.44,24.0,1,9.0,98.87,24.48,3.9,13.95
2020-05-31 17:25:00,461.76,25.4,25.16,17.28,24.0,1,14.0,0.82,29.48,1.37,18.95
2020-05-31 17:30:00,461.76,25.0,25.16,17.19,24.0,1,19.0,5.82,34.48,6.37,23.95
2020-05-31 17:35:00,461.76,25.0,25.16,17.15,24.0,1,24.0,10.82,39.48,1.23,28.95
2020-05-31 17:40:00,461.76,25.0,25.16,17.03,24.0,1,29.0,15.82,44.48,1.88,33.95
2020-05-31 17:45:00,450.88,25.0,25.16,16.86,24.0,1,4.98,20.82,49.48,3.77,38.95
2020-05-31 17:50:00,458.75,25.0,25.16,16.77,20.0,1,2.98,25.82,54.48,2.85,1.1
2020-05-31 17:55:00,459.9,25.0,25.16,16.61,14.0,1,1.97,30.82,59.48,4.55,6.1
2020-05-31 18:00:00,453.76,25.0,25.16,16.52,14.0,1,6.97,35.82,64.48,3.05,11.1
2020-05-31 18:05:00,464.0,25.0,25.14,16.4,14.0,1,4.97,40.82,0.62,3.5,16.1
2020-05-31 18:10:00,464.0,25.0,25.06,16.25,12.0,1,9.97,45.82,5.62,0.2,4.08
2020-05-31 18:15:00,464.0,25.0,25.06,16.1,12.0,1,14.97,50.82,10.62,1.4,9.08
2020-05-31 18:20:00,457.86,25.0,25.06,15.94,12.0,1,2.95,55.82,15.62,3.38,14.08
2020-05-31 18:25:00,453.76,25.0,25.06,15.82,8.8,1,7.95,60.82,20.62,3.47,1.57
2020-05-31 18:30:00,453.76,25.0,25.06,15.7,2.0,1,12.95,65.82,25.62,3.4,3.07
2020-05-31 18:35:00,453.76,25.0,24.96,15.64,0.0,1,17.95,70.82,4.6,1.03,8.07
2020-05-31 18:40:00,453.76,25.0,24.96,15.5,0.0,1,22.95,75.82,9.6,2.17,13.07
2020-05-31 18:45:00,453.76,25.0,24.96,15.36,0.0,1,27.95,80.82,14.6,3.47,18.07
2020-05-31 18:50:00,453.76,25.0,24.96,15.27,0.0,1,32.95,85.82,19.6,2.52,23.07
2020-05-31 18:55:00,453.76,25.0,24.96,15.17,0.0,1,37.95,90.82,24.6,1.25,28.07
2020-05-31 19:00:00,453.76,25.0,24.89,15.03,0.0,1,42.95,95.82,2.58,2.37,33.07
2020-05-31 19:05:00,453.76,25.0,24.84,14.89,0.0,1,47.95,100.82,7.58,3.1,38.07
2020-05-31 19:10:00,453.76,25.0,24.84,14.75,0.0,1,52.95,105.82,12.58,4.2,43.07
2020-05-31 19:15:00,453.76,25.0,24.84,14.68,0.0,1,57.95,110.82,17.58,2.92,48.07
2020-05-31 19:20:00,453.76,25.0,24.76,14.63,0.0,1,62.95,115.82,3.57,7.92,53.07
2020-05-31 19:25:00,453.76,25.0,24.74,14.52,0.0,1,67.95,120.82,8.57,4.47,58.07
2020-05-31 19:30:00,453.76,25.0,24.66,14.47,0.0,1,72.95,125.82,3.07,1.52,63.07
2020-05-31 19:35:00,453.76,25.0,24.64,14.33,0.0,1,77.95,130.82,8.07,2.32,68.07
2020-05-31 19:40:00,449.41,25.0,24.64,14.24,0.0,1,1.92,135.82,13.07,1.28,73.07
2020-05-31 19:45:00,445.25,25.0,24.64,14.15,0.0,1,0.9,140.82,18.07,0.9,78.07
2020-05-31 19:50:00,454.72,25.0,24.64,14.05,0.0,1,5.9,145.82,23.07,5.9,83.07
2020-05-31 19:55:00,454.72,25.0,24.62,13.93,0.0,1,10.9,150.82,0.05,4.27,88.07
2020-05-31 20:00:00,454.72,25.0,24.52,13.86,0.0,1,15.9,155.82,5.05,2.43,93.07
2020-05-31 20:05:00,454.72,25.0,24.52,13.7,0.0,1,20.9,160.82,10.05,4.13,98.07
2020-05-31 20:10:00,454.72,25.0,24.52,13.7,0.0,1,25.9,165.82,15.05,9.13,103.07
2020-05-31 20:15:00,454.72,25.0,24.52,13.7,0.0,1,30.9,170.82,20.05,14.13,108.07
2020-05-31 20:20:00,454.72,25.0,24.42,13.65,0.0,1,35.9,175.82,4.05,1.02,113.07
2020-05-31 20:25:00,454.72,25.0,24.42,13.51,0.0,1,40.9,180.82,9.05,2.73,118.07
2020-05-31 20:30:00,458.82,25.0,24.42,13.46,0.0,1,1.88,185.82,14.05,7.73,123.07
2020-05-31 20:35:00,464.96,25.0,24.42,13.34,0.0,1,6.88,190.82,19.05,4.6,128.07
2020-05-31 20:40:00,464.96,25.0,24.42,13.34,0.0,1,11.88,195.82,24.05,9.6,133.07
2020-05-31 20:45:00,464.96,25.0,24.34,13.3,0.0,1,16.88,200.82,3.03,1.1,138.07
2020-05-31 20:50:00,464.96,25.0,24.32,13.23,0.0,1,21.88,205.82,8.03,6.1,143.07
2020-05-31 20:55:00,471.49,25.0,24.32,13.13,0.0,1,2.87,210.82,13.03,3.48,148.07
2020-05-31 21:00:00,470.21,25.0,24.3,12.99,0.0,1,1.87,215.82,0.35,4.93,153.07
2020-05-31 21:05:00,461.76,25.0,24.22,12.87,0.0,1,6.87,220.82,5.35,4.52,158.07
2020-05-31 21:10:00,461.76,25.4,24.22,12.87,0.0,1,11.87,0.83,10.35,9.52,163.07
2020-05-31 21:15:00,461.76,25.0,24.22,12.99,0.0,1,16.87,5.83,15.35,4.47,168.07
2020-05-31 21:20:00,461.76,25.4,24.22,12.94,0.0,1,21.87,1.83,20.35,1.28,173.07
2020-05-31 21:25:00,472.0,25.0,24.22,12.87,0.0,1,4.85,6.83,25.35,6.28,178.07
2020-05-31 21:30:00,472.0,25.0,24.22,12.73,0.0,1,9.85,11.83,30.35,0.43,183.07
2020-05-31 21:35:00,474.18,26.2,24.2,12.63,0.0,1,0.0,1.65,0.82,5.43,188.07
2020-05-31 21:40:00,506.05,27.4,24.03,12.52,0.0,1,1.0,3.15,0.82,4.2,193.07
2020-05-31 21:45:00,500.99,27.0,24.1,12.52,0.0,1,0.0,8.15,5.82,9.2,198.07
2020-05-31 21:50:00,481.92,27.0,24.1,12.52,0.0,1,5.0,13.15,10.82,14.2,203.07
2020-05-31 21:55:00,498.88,28.6,24.05,12.4,0.0,1,0.98,0.82,1.8,4.12,208.07
2020-05-31 22:00:00,545.98,29.0,23.92,12.4,4.2,1,2.98,5.82,2.8,9.12,2.28
2020-05-31 22:05:00,576.45,30.6,23.83,12.28,20.0,1,0.48,0.8,1.8,0.52,1.78
2020-05-31 22:10:00,604.1,30.2,23.76,12.16,26.0,1,2.48,0.8,6.8,5.52,6.78
2020-05-31 22:15:00,617.22,30.2,23.76,12.16,0.0,1,2.47,3.63,11.8,10.52,4.77
2020-05-31 22:20:00,595.78,29.2,23.76,12.04,0.0,1,0.47,3.13,16.8,4.97,9.77
2020-05-31 22:25:00,561.28,29.2,23.72,11.97,0.0,1,2.47,3.12,1.28,2.58,14.77
2020-05-31 22:30:00,543.94,29.0,23.66,11.9,0.0,1,2.47,8.12,6.28,0.08,19.77
2020-05-31 22:35:00,524.8,29.4,23.66,11.8,0.0,1,4.47,2.12,11.28,5.08,24.77
2020-05-31 22:40:00,511.68,29.4,23.58,11.73,0.0,0,0.45,2.12,3.28,2.83,29.77
2020-05-31 22:45:00,494.72,28.6,23.56,11.68,0.0,0,5.45,0.12,8.28,7.83,34.77
2020-05-31 22:50:00,494.72,28.2,23.56,11.63,0.0,0,10.45,3.1,13.28,1.88,39.77
2020-05-31 22:55:00,490.37,28.6,23.52,11.56,0.0,0,1.45,1.1,1.77,6.88,44.77
2020-05-31 23:00:00,483.84,28.0,23.46,11.54,0.0,0,6.45,4.1,6.77,0.37,49.77
2020-05-31 23:05:00,475.97,28.2,23.46,11.44,0.0,0,2.1,0.1,11.77,5.37,54.77
2020-05-31 23:10:00,470.72,29.0,23.46,11.44,0.0,0,7.1,4.1,16.77,10.37,59.77
2020-05-31 23:15:00,470.72,29.2,23.46,11.44,0.0,0,12.1,1.08,21.77,15.37,64.77
2020-05-31 23:20:00,470.72,27.8,23.48,11.46,0.0,0,17.1,1.42,0.75,0.7,69.77
2020-05-31 23:25:00,470.72,27.0,23.56,11.56,0.0,0,22.1,6.42,5.75,5.7,74.77
2020-05-31 23:30:00,461.25,26.2,23.56,11.66,0.0,0,3.1,0.42,10.75,3.35,79.77
2020-05-31 23:35:00,458.88,25.0,23.56,11.68,0.0,0,8.1,4.42,15.75,8.35,84.77
2020-05-31 23:40:00,458.88,25.0,23.56,11.68,0.0,0,13.1,9.42,20.75,13.35,89.77
2020-05-31 23:45:00,458.88,25.0,23.56,11.61,0.0,0,18.1,14.42,25.75,0.17,94.77
2020-05-31 23:50:00,458.88,25.0,23.56,11.68,0.0,0,23.1,19.42,30.75,5.17,99.77
2020-05-31 23:55:00,458.88,25.0,23.56,11.68,0.0,0,28.1,24.42,35.75,10.17,104.77
